[{"id":1008.0,"time":1,"bus_id":22,"name":"SIERRA_GORDA_EO","CenPgen":29.544,"value":29.544,"CenCVar":0,"CenQgen":0},{"id":1008.0,"time":2,"bus_id":22,"name":"SIERRA_GORDA_EO","CenPgen":40.403,"value":40.403,"CenCVar":0,"CenQgen":0},{"id":1008.0,"time":3,"bus_id":22,"name":"SIERRA_GORDA_EO","CenPgen":50.236,"value":50.236,"CenCVar":0,"CenQgen":0},{"id":1008.0,"time":4,"bus_id":22,"name":"SIERRA_GORDA_EO","CenPgen":58.416,"value":58.416,"CenCVar":0,"CenQgen":0},{"id":1008.0,"time":5,"bus_id":22,"name":"SIERRA_GORDA_EO","CenPgen":63.448,"value":63.448,"CenCVar":0,"CenQgen":0},{"id":1008.0,"time":6,"bus_id":22,"name":"SIERRA_GORDA_EO","CenPgen":60.4161,"value":60.4161,"CenCVar":0,"CenQgen":0},{"id":1008.0,"time":7,"bus_id":22,"name":"SIERRA_GORDA_EO","CenPgen":55.1448,"value":55.1448,"CenCVar":0,"CenQgen":0},{"id":1008.0,"time":8,"bus_id":22,"name":"SIERRA_GORDA_EO","CenPgen":56.4888,"value":56.4888,"CenCVar":0,"CenQgen":0},{"id":1008.0,"time":9,"bus_id":22,"name":"SIERRA_GORDA_EO","CenPgen":52.0888,"value":52.0888,"CenCVar":0,"CenQgen":0},{"id":1008.0,"time":10,"bus_id":22,"name":"SIERRA_GORDA_EO","CenPgen":35.80725,"value":35.80725,"CenCVar":0,"CenQgen":0},{"id":1008.0,"time":11,"bus_id":22,"name":"SIERRA_GORDA_EO","CenPgen":19.809,"value":19.809,"CenCVar":0,"CenQgen":0},{"id":1008.0,"time":12,"bus_id":22,"name":"SIERRA_GORDA_EO","CenPgen":14.3712,"value":14.3712,"CenCVar":0,"CenQgen":0},{"id":1008.0,"time":13,"bus_id":22,"name":"SIERRA_GORDA_EO","CenPgen":19.9227,"value":19.9227,"CenCVar":0,"CenQgen":0},{"id":1008.0,"time":14,"bus_id":22,"name":"SIERRA_GORDA_EO","CenPgen":31.549,"value":31.549,"CenCVar":0,"CenQgen":0},{"id":1008.0,"time":15,"bus_id":22,"name":"SIERRA_GORDA_EO","CenPgen":38.9872,"value":38.9872,"CenCVar":0,"CenQgen":0},{"id":1008.0,"time":16,"bus_id":22,"name":"SIERRA_GORDA_EO","CenPgen":48.54,"value":48.54,"CenCVar":0,"CenQgen":0},{"id":1008.0,"time":17,"bus_id":22,"name":"SIERRA_GORDA_EO","CenPgen":46.7624,"value":46.7624,"CenCVar":0,"CenQgen":0},{"id":1008.0,"time":18,"bus_id":22,"name":"SIERRA_GORDA_EO","CenPgen":41.5837,"value":41.5837,"CenCVar":0,"CenQgen":0},{"id":1008.0,"time":19,"bus_id":22,"name":"SIERRA_GORDA_EO","CenPgen":25.9709,"value":25.9709,"CenCVar":0,"CenQgen":0},{"id":1008.0,"time":20,"bus_id":22,"name":"SIERRA_GORDA_EO","CenPgen":11.5672,"value":11.5672,"CenCVar":0,"CenQgen":0},{"id":1008.0,"time":21,"bus_id":22,"name":"SIERRA_GORDA_EO","CenPgen":5.30575,"value":5.30575,"CenCVar":0,"CenQgen":0},{"id":1008.0,"time":22,"bus_id":22,"name":"SIERRA_GORDA_EO","CenPgen":8.4056,"value":8.4056,"CenCVar":0,"CenQgen":0},{"id":1008.0,"time":23,"bus_id":22,"name":"SIERRA_GORDA_EO","CenPgen":16.8473,"value":16.8473,"CenCVar":0,"CenQgen":0},{"id":1008.0,"time":24,"bus_id":22,"name":"SIERRA_GORDA_EO","CenPgen":25.7792,"value":25.7792,"CenCVar":0,"CenQgen":0},{"id":1008.0,"time":25,"bus_id":22,"name":"SIERRA_GORDA_EO","CenPgen":35.807,"value":35.807,"CenCVar":0,"CenQgen":0},{"id":1008.0,"time":26,"bus_id":22,"name":"SIERRA_GORDA_EO","CenPgen":44.796,"value":44.796,"CenCVar":0,"CenQgen":0},{"id":1008.0,"time":27,"bus_id":22,"name":"SIERRA_GORDA_EO","CenPgen":52.643,"value":52.643,"CenCVar":0,"CenQgen":0},{"id":1008.0,"time":28,"bus_id":22,"name":"SIERRA_GORDA_EO","CenPgen":58.6498666667,"value":58.6498666667,"CenCVar":0,"CenQgen":0},{"id":1008.0,"time":29,"bus_id":22,"name":"SIERRA_GORDA_EO","CenPgen":58.6498666667,"value":58.6498666667,"CenCVar":0,"CenQgen":0},{"id":1008.0,"time":30,"bus_id":22,"name":"SIERRA_GORDA_EO","CenPgen":58.6498666667,"value":58.6498666667,"CenCVar":0,"CenQgen":0},{"id":1008.0,"time":31,"bus_id":22,"name":"SIERRA_GORDA_EO","CenPgen":49.3624,"value":49.3624,"CenCVar":0,"CenQgen":0},{"id":1008.0,"time":32,"bus_id":22,"name":"SIERRA_GORDA_EO","CenPgen":49.144,"value":49.144,"CenCVar":0,"CenQgen":0},{"id":1008.0,"time":33,"bus_id":22,"name":"SIERRA_GORDA_EO","CenPgen":43.06,"value":43.06,"CenCVar":0,"CenQgen":0},{"id":1008.0,"time":34,"bus_id":22,"name":"SIERRA_GORDA_EO","CenPgen":27.7335,"value":27.7335,"CenCVar":0,"CenQgen":0},{"id":1008.0,"time":35,"bus_id":22,"name":"SIERRA_GORDA_EO","CenPgen":15.543,"value":15.543,"CenCVar":0,"CenQgen":0},{"id":1008.0,"time":36,"bus_id":22,"name":"SIERRA_GORDA_EO","CenPgen":26.5754333333,"value":26.5754333333,"CenCVar":0,"CenQgen":0},{"id":1008.0,"time":37,"bus_id":22,"name":"SIERRA_GORDA_EO","CenPgen":26.5754333333,"value":26.5754333333,"CenCVar":0,"CenQgen":0},{"id":1008.0,"time":38,"bus_id":22,"name":"SIERRA_GORDA_EO","CenPgen":26.5754333333,"value":26.5754333333,"CenCVar":0,"CenQgen":0},{"id":1008.0,"time":39,"bus_id":22,"name":"SIERRA_GORDA_EO","CenPgen":43.0444,"value":43.0444,"CenCVar":0,"CenQgen":0},{"id":1008.0,"time":40,"bus_id":22,"name":"SIERRA_GORDA_EO","CenPgen":49.3056,"value":49.3056,"CenCVar":0,"CenQgen":0},{"id":1008.0,"time":41,"bus_id":22,"name":"SIERRA_GORDA_EO","CenPgen":44.3816,"value":44.3816,"CenCVar":0,"CenQgen":0},{"id":1008.0,"time":42,"bus_id":22,"name":"SIERRA_GORDA_EO","CenPgen":36.9716,"value":36.9716,"CenCVar":0,"CenQgen":0},{"id":1008.0,"time":43,"bus_id":22,"name":"SIERRA_GORDA_EO","CenPgen":22.8701,"value":22.8701,"CenCVar":0,"CenQgen":0},{"id":1008.0,"time":44,"bus_id":22,"name":"SIERRA_GORDA_EO","CenPgen":10.3189,"value":10.3189,"CenCVar":0,"CenQgen":0},{"id":1008.0,"time":45,"bus_id":22,"name":"SIERRA_GORDA_EO","CenPgen":7.69975,"value":7.69975,"CenCVar":0,"CenQgen":0},{"id":1008.0,"time":46,"bus_id":22,"name":"SIERRA_GORDA_EO","CenPgen":15.5534,"value":15.5534,"CenCVar":0,"CenQgen":0},{"id":1008.0,"time":47,"bus_id":22,"name":"SIERRA_GORDA_EO","CenPgen":26.94675,"value":26.94675,"CenCVar":0,"CenQgen":0},{"id":1008.0,"time":48,"bus_id":22,"name":"SIERRA_GORDA_EO","CenPgen":37.6846,"value":37.6846,"CenCVar":0,"CenQgen":0},{"id":1008.0,"time":49,"bus_id":22,"name":"SIERRA_GORDA_EO","CenPgen":50.012,"value":50.012,"CenCVar":0,"CenQgen":0},{"id":1008.0,"time":50,"bus_id":22,"name":"SIERRA_GORDA_EO","CenPgen":58.911,"value":58.911,"CenCVar":0,"CenQgen":0},{"id":1008.0,"time":51,"bus_id":22,"name":"SIERRA_GORDA_EO","CenPgen":61.284,"value":61.284,"CenCVar":0,"CenQgen":0},{"id":1008.0,"time":52,"bus_id":22,"name":"SIERRA_GORDA_EO","CenPgen":64.956,"value":64.956,"CenCVar":0,"CenQgen":0},{"id":1008.0,"time":53,"bus_id":22,"name":"SIERRA_GORDA_EO","CenPgen":64.956,"value":64.956,"CenCVar":0,"CenQgen":0},{"id":1008.0,"time":54,"bus_id":22,"name":"SIERRA_GORDA_EO","CenPgen":59.4306,"value":59.4306,"CenCVar":0,"CenQgen":0},{"id":1008.0,"time":55,"bus_id":22,"name":"SIERRA_GORDA_EO","CenPgen":54.652,"value":54.652,"CenCVar":0,"CenQgen":0},{"id":1008.0,"time":56,"bus_id":22,"name":"SIERRA_GORDA_EO","CenPgen":59.88,"value":59.88,"CenCVar":0,"CenQgen":0},{"id":1008.0,"time":57,"bus_id":22,"name":"SIERRA_GORDA_EO","CenPgen":57.68,"value":57.68,"CenCVar":0,"CenQgen":0},{"id":1008.0,"time":58,"bus_id":22,"name":"SIERRA_GORDA_EO","CenPgen":43.80975,"value":43.80975,"CenCVar":0,"CenQgen":0},{"id":1008.0,"time":59,"bus_id":22,"name":"SIERRA_GORDA_EO","CenPgen":17.825375,"value":17.825375,"CenCVar":0,"CenQgen":0},{"id":1008.0,"time":60,"bus_id":22,"name":"SIERRA_GORDA_EO","CenPgen":17.825375,"value":17.825375,"CenCVar":0,"CenQgen":0},{"id":1008.0,"time":61,"bus_id":22,"name":"SIERRA_GORDA_EO","CenPgen":17.825375,"value":17.825375,"CenCVar":0,"CenQgen":0},{"id":1008.0,"time":62,"bus_id":22,"name":"SIERRA_GORDA_EO","CenPgen":17.825375,"value":17.825375,"CenCVar":0,"CenQgen":0},{"id":1008.0,"time":63,"bus_id":22,"name":"SIERRA_GORDA_EO","CenPgen":18.3505,"value":18.3505,"CenCVar":0,"CenQgen":0},{"id":1008.0,"time":64,"bus_id":22,"name":"SIERRA_GORDA_EO","CenPgen":30.5896,"value":30.5896,"CenCVar":0,"CenQgen":0},{"id":1008.0,"time":65,"bus_id":22,"name":"SIERRA_GORDA_EO","CenPgen":38.1896,"value":38.1896,"CenCVar":0,"CenQgen":0},{"id":1008.0,"time":66,"bus_id":22,"name":"SIERRA_GORDA_EO","CenPgen":38.97675,"value":38.97675,"CenCVar":0,"CenQgen":0},{"id":1008.0,"time":67,"bus_id":22,"name":"SIERRA_GORDA_EO","CenPgen":28.2421,"value":28.2421,"CenCVar":0,"CenQgen":0},{"id":1008.0,"time":68,"bus_id":22,"name":"SIERRA_GORDA_EO","CenPgen":14.15025,"value":14.15025,"CenCVar":0,"CenQgen":0},{"id":1008.0,"time":69,"bus_id":22,"name":"SIERRA_GORDA_EO","CenPgen":6.6842,"value":6.6842,"CenCVar":0,"CenQgen":0},{"id":1008.0,"time":70,"bus_id":22,"name":"SIERRA_GORDA_EO","CenPgen":13.3247,"value":13.3247,"CenCVar":0,"CenQgen":0},{"id":1008.0,"time":71,"bus_id":22,"name":"SIERRA_GORDA_EO","CenPgen":25.8115,"value":25.8115,"CenCVar":0,"CenQgen":0},{"id":1008.0,"time":72,"bus_id":22,"name":"SIERRA_GORDA_EO","CenPgen":37.19915,"value":37.19915,"CenCVar":0,"CenQgen":0},{"id":1008.0,"time":73,"bus_id":22,"name":"SIERRA_GORDA_EO","CenPgen":47.045,"value":47.045,"CenCVar":0,"CenQgen":0},{"id":1008.0,"time":74,"bus_id":22,"name":"SIERRA_GORDA_EO","CenPgen":52.483,"value":52.483,"CenCVar":0,"CenQgen":0},{"id":1008.0,"time":75,"bus_id":22,"name":"SIERRA_GORDA_EO","CenPgen":53.504,"value":53.504,"CenCVar":0,"CenQgen":0},{"id":1008.0,"time":76,"bus_id":22,"name":"SIERRA_GORDA_EO","CenPgen":52.7741,"value":52.7741,"CenCVar":0,"CenQgen":0},{"id":1008.0,"time":77,"bus_id":22,"name":"SIERRA_GORDA_EO","CenPgen":52.7741,"value":52.7741,"CenCVar":0,"CenQgen":0},{"id":1008.0,"time":78,"bus_id":22,"name":"SIERRA_GORDA_EO","CenPgen":52.7741,"value":52.7741,"CenCVar":0,"CenQgen":0},{"id":1008.0,"time":79,"bus_id":22,"name":"SIERRA_GORDA_EO","CenPgen":52.7741,"value":52.7741,"CenCVar":0,"CenQgen":0},{"id":1008.0,"time":80,"bus_id":22,"name":"SIERRA_GORDA_EO","CenPgen":55.272,"value":55.272,"CenCVar":0,"CenQgen":0},{"id":1008.0,"time":81,"bus_id":22,"name":"SIERRA_GORDA_EO","CenPgen":51.4336,"value":51.4336,"CenCVar":0,"CenQgen":0},{"id":1008.0,"time":82,"bus_id":22,"name":"SIERRA_GORDA_EO","CenPgen":38.68575,"value":38.68575,"CenCVar":0,"CenQgen":0},{"id":1008.0,"time":83,"bus_id":22,"name":"SIERRA_GORDA_EO","CenPgen":19.682975,"value":19.682975,"CenCVar":0,"CenQgen":0},{"id":1008.0,"time":84,"bus_id":22,"name":"SIERRA_GORDA_EO","CenPgen":19.682975,"value":19.682975,"CenCVar":0,"CenQgen":0},{"id":1008.0,"time":85,"bus_id":22,"name":"SIERRA_GORDA_EO","CenPgen":19.625025,"value":19.625025,"CenCVar":0,"CenQgen":0},{"id":1008.0,"time":86,"bus_id":22,"name":"SIERRA_GORDA_EO","CenPgen":19.625025,"value":19.625025,"CenCVar":0,"CenQgen":0},{"id":1008.0,"time":87,"bus_id":22,"name":"SIERRA_GORDA_EO","CenPgen":19.625025,"value":19.625025,"CenCVar":0,"CenQgen":0},{"id":1008.0,"time":88,"bus_id":22,"name":"SIERRA_GORDA_EO","CenPgen":19.625025,"value":19.625025,"CenCVar":0,"CenQgen":0},{"id":1008.0,"time":89,"bus_id":22,"name":"SIERRA_GORDA_EO","CenPgen":35.656875,"value":35.656875,"CenCVar":0,"CenQgen":0},{"id":1008.0,"time":90,"bus_id":22,"name":"SIERRA_GORDA_EO","CenPgen":35.656875,"value":35.656875,"CenCVar":0,"CenQgen":0},{"id":1008.0,"time":91,"bus_id":22,"name":"SIERRA_GORDA_EO","CenPgen":24.15615,"value":24.15615,"CenCVar":0,"CenQgen":0},{"id":1008.0,"time":92,"bus_id":22,"name":"SIERRA_GORDA_EO","CenPgen":12.5457,"value":12.5457,"CenCVar":0,"CenQgen":0},{"id":1008.0,"time":93,"bus_id":22,"name":"SIERRA_GORDA_EO","CenPgen":10.3192166667,"value":10.3192166667,"CenCVar":0,"CenQgen":0},{"id":1008.0,"time":94,"bus_id":22,"name":"SIERRA_GORDA_EO","CenPgen":10.3192166667,"value":10.3192166667,"CenCVar":0,"CenQgen":0},{"id":1008.0,"time":95,"bus_id":22,"name":"SIERRA_GORDA_EO","CenPgen":10.3192166667,"value":10.3192166667,"CenCVar":0,"CenQgen":0},{"id":1008.0,"time":96,"bus_id":22,"name":"SIERRA_GORDA_EO","CenPgen":25.17025,"value":25.17025,"CenCVar":0,"CenQgen":0},{"id":1008.0,"time":97,"bus_id":22,"name":"SIERRA_GORDA_EO","CenPgen":35.336,"value":35.336,"CenCVar":0,"CenQgen":0},{"id":1008.0,"time":98,"bus_id":22,"name":"SIERRA_GORDA_EO","CenPgen":45.387,"value":45.387,"CenCVar":0,"CenQgen":0},{"id":1008.0,"time":99,"bus_id":22,"name":"SIERRA_GORDA_EO","CenPgen":54.3565,"value":54.3565,"CenCVar":0,"CenQgen":0},{"id":1008.0,"time":100,"bus_id":22,"name":"SIERRA_GORDA_EO","CenPgen":54.3565,"value":54.3565,"CenCVar":0,"CenQgen":0},{"id":1008.0,"time":101,"bus_id":22,"name":"SIERRA_GORDA_EO","CenPgen":54.3585,"value":54.3585,"CenCVar":0,"CenQgen":0},{"id":1008.0,"time":102,"bus_id":22,"name":"SIERRA_GORDA_EO","CenPgen":54.3585,"value":54.3585,"CenCVar":0,"CenQgen":0},{"id":1008.0,"time":103,"bus_id":22,"name":"SIERRA_GORDA_EO","CenPgen":54.3585,"value":54.3585,"CenCVar":0,"CenQgen":0},{"id":1008.0,"time":104,"bus_id":22,"name":"SIERRA_GORDA_EO","CenPgen":54.3585,"value":54.3585,"CenCVar":0,"CenQgen":0},{"id":1008.0,"time":105,"bus_id":22,"name":"SIERRA_GORDA_EO","CenPgen":54.3585,"value":54.3585,"CenCVar":0,"CenQgen":0},{"id":1008.0,"time":106,"bus_id":22,"name":"SIERRA_GORDA_EO","CenPgen":29.75775,"value":29.75775,"CenCVar":0,"CenQgen":0},{"id":1008.0,"time":107,"bus_id":22,"name":"SIERRA_GORDA_EO","CenPgen":13.203825,"value":13.203825,"CenCVar":0,"CenQgen":0},{"id":1008.0,"time":108,"bus_id":22,"name":"SIERRA_GORDA_EO","CenPgen":13.203825,"value":13.203825,"CenCVar":0,"CenQgen":0},{"id":1008.0,"time":109,"bus_id":22,"name":"SIERRA_GORDA_EO","CenPgen":25.85705,"value":25.85705,"CenCVar":0,"CenQgen":0},{"id":1008.0,"time":110,"bus_id":22,"name":"SIERRA_GORDA_EO","CenPgen":25.85705,"value":25.85705,"CenCVar":0,"CenQgen":0},{"id":1008.0,"time":111,"bus_id":22,"name":"SIERRA_GORDA_EO","CenPgen":25.85705,"value":25.85705,"CenCVar":0,"CenQgen":0},{"id":1008.0,"time":112,"bus_id":22,"name":"SIERRA_GORDA_EO","CenPgen":25.85705,"value":25.85705,"CenCVar":0,"CenQgen":0},{"id":1008.0,"time":113,"bus_id":22,"name":"SIERRA_GORDA_EO","CenPgen":25.85705,"value":25.85705,"CenCVar":0,"CenQgen":0},{"id":1008.0,"time":114,"bus_id":22,"name":"SIERRA_GORDA_EO","CenPgen":25.85705,"value":25.85705,"CenCVar":0,"CenQgen":0},{"id":1008.0,"time":115,"bus_id":22,"name":"SIERRA_GORDA_EO","CenPgen":21.947,"value":21.947,"CenCVar":0,"CenQgen":0},{"id":1008.0,"time":116,"bus_id":22,"name":"SIERRA_GORDA_EO","CenPgen":10.602,"value":10.602,"CenCVar":0,"CenQgen":0},{"id":1008.0,"time":117,"bus_id":22,"name":"SIERRA_GORDA_EO","CenPgen":6.52555,"value":6.52555,"CenCVar":0,"CenQgen":0},{"id":1008.0,"time":118,"bus_id":22,"name":"SIERRA_GORDA_EO","CenPgen":11.770975,"value":11.770975,"CenCVar":0,"CenQgen":0},{"id":1008.0,"time":119,"bus_id":22,"name":"SIERRA_GORDA_EO","CenPgen":11.770975,"value":11.770975,"CenCVar":0,"CenQgen":0},{"id":1008.0,"time":120,"bus_id":22,"name":"SIERRA_GORDA_EO","CenPgen":21.18215,"value":21.18215,"CenCVar":0,"CenQgen":0},{"id":1008.0,"time":121,"bus_id":22,"name":"SIERRA_GORDA_EO","CenPgen":29.238,"value":29.238,"CenCVar":0,"CenQgen":0},{"id":1008.0,"time":122,"bus_id":22,"name":"SIERRA_GORDA_EO","CenPgen":36.927,"value":36.927,"CenCVar":0,"CenQgen":0},{"id":1008.0,"time":123,"bus_id":22,"name":"SIERRA_GORDA_EO","CenPgen":43.939,"value":43.939,"CenCVar":0,"CenQgen":0},{"id":1008.0,"time":124,"bus_id":22,"name":"SIERRA_GORDA_EO","CenPgen":51.4293333333,"value":51.4293333333,"CenCVar":0,"CenQgen":0},{"id":1008.0,"time":125,"bus_id":22,"name":"SIERRA_GORDA_EO","CenPgen":51.4293333333,"value":51.4293333333,"CenCVar":0,"CenQgen":0},{"id":1008.0,"time":126,"bus_id":22,"name":"SIERRA_GORDA_EO","CenPgen":51.4293333333,"value":51.4293333333,"CenCVar":0,"CenQgen":0},{"id":1008.0,"time":127,"bus_id":22,"name":"SIERRA_GORDA_EO","CenPgen":44.5712,"value":44.5712,"CenCVar":0,"CenQgen":0},{"id":1008.0,"time":128,"bus_id":22,"name":"SIERRA_GORDA_EO","CenPgen":44.1992,"value":44.1992,"CenCVar":0,"CenQgen":0},{"id":1008.0,"time":129,"bus_id":22,"name":"SIERRA_GORDA_EO","CenPgen":36.6912,"value":36.6912,"CenCVar":0,"CenQgen":0},{"id":1008.0,"time":130,"bus_id":22,"name":"SIERRA_GORDA_EO","CenPgen":24.43425,"value":24.43425,"CenCVar":0,"CenQgen":0},{"id":1008.0,"time":131,"bus_id":22,"name":"SIERRA_GORDA_EO","CenPgen":18.16655,"value":18.16655,"CenCVar":0,"CenQgen":0},{"id":1008.0,"time":132,"bus_id":22,"name":"SIERRA_GORDA_EO","CenPgen":18.16655,"value":18.16655,"CenCVar":0,"CenQgen":0},{"id":1008.0,"time":133,"bus_id":22,"name":"SIERRA_GORDA_EO","CenPgen":18.16655,"value":18.16655,"CenCVar":0,"CenQgen":0},{"id":1008.0,"time":134,"bus_id":22,"name":"SIERRA_GORDA_EO","CenPgen":18.16655,"value":18.16655,"CenCVar":0,"CenQgen":0},{"id":1008.0,"time":135,"bus_id":22,"name":"SIERRA_GORDA_EO","CenPgen":18.16655,"value":18.16655,"CenCVar":0,"CenQgen":0},{"id":1008.0,"time":136,"bus_id":22,"name":"SIERRA_GORDA_EO","CenPgen":30.7032,"value":30.7032,"CenCVar":0,"CenQgen":0},{"id":1008.0,"time":137,"bus_id":22,"name":"SIERRA_GORDA_EO","CenPgen":26.30295,"value":26.30295,"CenCVar":0,"CenQgen":0},{"id":1008.0,"time":138,"bus_id":22,"name":"SIERRA_GORDA_EO","CenPgen":26.30295,"value":26.30295,"CenCVar":0,"CenQgen":0},{"id":1008.0,"time":139,"bus_id":22,"name":"SIERRA_GORDA_EO","CenPgen":17.8959,"value":17.8959,"CenCVar":0,"CenQgen":0},{"id":1008.0,"time":140,"bus_id":22,"name":"SIERRA_GORDA_EO","CenPgen":10.0586,"value":10.0586,"CenCVar":0,"CenQgen":0},{"id":1008.0,"time":141,"bus_id":22,"name":"SIERRA_GORDA_EO","CenPgen":9.4360333333,"value":9.4360333333,"CenCVar":0,"CenQgen":0},{"id":1008.0,"time":142,"bus_id":22,"name":"SIERRA_GORDA_EO","CenPgen":9.4360333333,"value":9.4360333333,"CenCVar":0,"CenQgen":0},{"id":1008.0,"time":143,"bus_id":22,"name":"SIERRA_GORDA_EO","CenPgen":9.4360333333,"value":9.4360333333,"CenCVar":0,"CenQgen":0},{"id":1008.0,"time":144,"bus_id":22,"name":"SIERRA_GORDA_EO","CenPgen":20.273,"value":20.273,"CenCVar":0,"CenQgen":0},{"id":1008.0,"time":145,"bus_id":22,"name":"SIERRA_GORDA_EO","CenPgen":29.14,"value":29.14,"CenCVar":0,"CenQgen":0},{"id":1008.0,"time":146,"bus_id":22,"name":"SIERRA_GORDA_EO","CenPgen":37.849,"value":37.849,"CenCVar":0,"CenQgen":0},{"id":1008.0,"time":147,"bus_id":22,"name":"SIERRA_GORDA_EO","CenPgen":48.910975,"value":48.910975,"CenCVar":0,"CenQgen":0},{"id":1008.0,"time":148,"bus_id":22,"name":"SIERRA_GORDA_EO","CenPgen":48.910975,"value":48.910975,"CenCVar":0,"CenQgen":0},{"id":1008.0,"time":149,"bus_id":22,"name":"SIERRA_GORDA_EO","CenPgen":48.910975,"value":48.910975,"CenCVar":0,"CenQgen":0},{"id":1008.0,"time":150,"bus_id":22,"name":"SIERRA_GORDA_EO","CenPgen":48.910975,"value":48.910975,"CenCVar":0,"CenQgen":0},{"id":1008.0,"time":151,"bus_id":22,"name":"SIERRA_GORDA_EO","CenPgen":44.3472,"value":44.3472,"CenCVar":0,"CenQgen":0},{"id":1008.0,"time":152,"bus_id":22,"name":"SIERRA_GORDA_EO","CenPgen":44.6296,"value":44.6296,"CenCVar":0,"CenQgen":0},{"id":1008.0,"time":153,"bus_id":22,"name":"SIERRA_GORDA_EO","CenPgen":37.34,"value":37.34,"CenCVar":0,"CenQgen":0},{"id":1008.0,"time":154,"bus_id":22,"name":"SIERRA_GORDA_EO","CenPgen":17.2907166667,"value":17.2907166667,"CenCVar":0,"CenQgen":0},{"id":1008.0,"time":155,"bus_id":22,"name":"SIERRA_GORDA_EO","CenPgen":17.2907166667,"value":17.2907166667,"CenCVar":0,"CenQgen":0},{"id":1008.0,"time":156,"bus_id":22,"name":"SIERRA_GORDA_EO","CenPgen":17.2907166667,"value":17.2907166667,"CenCVar":0,"CenQgen":0},{"id":1008.0,"time":157,"bus_id":22,"name":"SIERRA_GORDA_EO","CenPgen":15.7808,"value":15.7808,"CenCVar":0,"CenQgen":0},{"id":1008.0,"time":158,"bus_id":22,"name":"SIERRA_GORDA_EO","CenPgen":27.6246333333,"value":27.6246333333,"CenCVar":0,"CenQgen":0},{"id":1008.0,"time":159,"bus_id":22,"name":"SIERRA_GORDA_EO","CenPgen":27.6246333333,"value":27.6246333333,"CenCVar":0,"CenQgen":0},{"id":1008.0,"time":160,"bus_id":22,"name":"SIERRA_GORDA_EO","CenPgen":27.6246333333,"value":27.6246333333,"CenCVar":0,"CenQgen":0},{"id":1008.0,"time":161,"bus_id":22,"name":"SIERRA_GORDA_EO","CenPgen":24.4258833333,"value":24.4258833333,"CenCVar":0,"CenQgen":0},{"id":1008.0,"time":162,"bus_id":22,"name":"SIERRA_GORDA_EO","CenPgen":24.4258833333,"value":24.4258833333,"CenCVar":0,"CenQgen":0},{"id":1008.0,"time":163,"bus_id":22,"name":"SIERRA_GORDA_EO","CenPgen":24.4258833333,"value":24.4258833333,"CenCVar":0,"CenQgen":0},{"id":1008.0,"time":164,"bus_id":22,"name":"SIERRA_GORDA_EO","CenPgen":10.72075,"value":10.72075,"CenCVar":0,"CenQgen":0},{"id":1008.0,"time":165,"bus_id":22,"name":"SIERRA_GORDA_EO","CenPgen":10.7885166667,"value":10.7885166667,"CenCVar":0,"CenQgen":0},{"id":1008.0,"time":166,"bus_id":22,"name":"SIERRA_GORDA_EO","CenPgen":10.7885166667,"value":10.7885166667,"CenCVar":0,"CenQgen":0},{"id":1008.0,"time":167,"bus_id":22,"name":"SIERRA_GORDA_EO","CenPgen":10.7885166667,"value":10.7885166667,"CenCVar":0,"CenQgen":0},{"id":1008.0,"time":168,"bus_id":22,"name":"SIERRA_GORDA_EO","CenPgen":21.15555,"value":21.15555,"CenCVar":0,"CenQgen":0}]