[{"id":1239.0,"time":1,"bus_id":162,"name":"LA_COLONIA_FV","CenPgen":0.0,"value":0.0,"CenCVar":0,"CenQgen":0},{"id":1239.0,"time":2,"bus_id":162,"name":"LA_COLONIA_FV","CenPgen":0.0,"value":0.0,"CenCVar":0,"CenQgen":0},{"id":1239.0,"time":3,"bus_id":162,"name":"LA_COLONIA_FV","CenPgen":0.0,"value":0.0,"CenCVar":0,"CenQgen":0},{"id":1239.0,"time":4,"bus_id":162,"name":"LA_COLONIA_FV","CenPgen":0.0,"value":0.0,"CenCVar":0,"CenQgen":0},{"id":1239.0,"time":5,"bus_id":162,"name":"LA_COLONIA_FV","CenPgen":0.0,"value":0.0,"CenCVar":0,"CenQgen":0},{"id":1239.0,"time":6,"bus_id":162,"name":"LA_COLONIA_FV","CenPgen":0.0,"value":0.0,"CenCVar":0,"CenQgen":0},{"id":1239.0,"time":7,"bus_id":162,"name":"LA_COLONIA_FV","CenPgen":0.0,"value":0.0,"CenCVar":0,"CenQgen":0},{"id":1239.0,"time":8,"bus_id":162,"name":"LA_COLONIA_FV","CenPgen":0.00380991,"value":0.00380991,"CenCVar":0,"CenQgen":0},{"id":1239.0,"time":9,"bus_id":162,"name":"LA_COLONIA_FV","CenPgen":1.39854899,"value":1.39854899,"CenCVar":0,"CenQgen":0},{"id":1239.0,"time":10,"bus_id":162,"name":"LA_COLONIA_FV","CenPgen":5.8256903077,"value":5.8256903077,"CenCVar":0,"CenQgen":0},{"id":1239.0,"time":11,"bus_id":162,"name":"LA_COLONIA_FV","CenPgen":5.88578503,"value":5.88578503,"CenCVar":0,"CenQgen":0},{"id":1239.0,"time":12,"bus_id":162,"name":"LA_COLONIA_FV","CenPgen":5.5775888672,"value":5.5775888672,"CenCVar":0,"CenQgen":0},{"id":1239.0,"time":13,"bus_id":162,"name":"LA_COLONIA_FV","CenPgen":5.5126123,"value":5.5126123,"CenCVar":0,"CenQgen":0},{"id":1239.0,"time":14,"bus_id":162,"name":"LA_COLONIA_FV","CenPgen":6.0528171387,"value":6.0528171387,"CenCVar":0,"CenQgen":0},{"id":1239.0,"time":15,"bus_id":162,"name":"LA_COLONIA_FV","CenPgen":6.2960028076,"value":6.2960028076,"CenCVar":0,"CenQgen":0},{"id":1239.0,"time":16,"bus_id":162,"name":"LA_COLONIA_FV","CenPgen":6.33859558,"value":6.33859558,"CenCVar":0,"CenQgen":0},{"id":1239.0,"time":17,"bus_id":162,"name":"LA_COLONIA_FV","CenPgen":4.9787479858,"value":4.9787479858,"CenCVar":0,"CenQgen":0},{"id":1239.0,"time":18,"bus_id":162,"name":"LA_COLONIA_FV","CenPgen":0.8963523273,"value":0.8963523273,"CenCVar":0,"CenQgen":0},{"id":1239.0,"time":19,"bus_id":162,"name":"LA_COLONIA_FV","CenPgen":0.00314171,"value":0.00314171,"CenCVar":0,"CenQgen":0},{"id":1239.0,"time":20,"bus_id":162,"name":"LA_COLONIA_FV","CenPgen":0.0,"value":0.0,"CenCVar":0,"CenQgen":0},{"id":1239.0,"time":21,"bus_id":162,"name":"LA_COLONIA_FV","CenPgen":0.0,"value":0.0,"CenCVar":0,"CenQgen":0},{"id":1239.0,"time":22,"bus_id":162,"name":"LA_COLONIA_FV","CenPgen":0.0,"value":0.0,"CenCVar":0,"CenQgen":0},{"id":1239.0,"time":23,"bus_id":162,"name":"LA_COLONIA_FV","CenPgen":0.0,"value":0.0,"CenCVar":0,"CenQgen":0},{"id":1239.0,"time":24,"bus_id":162,"name":"LA_COLONIA_FV","CenPgen":0.0,"value":0.0,"CenCVar":0,"CenQgen":0},{"id":1239.0,"time":25,"bus_id":162,"name":"LA_COLONIA_FV","CenPgen":0.0,"value":0.0,"CenCVar":0,"CenQgen":0},{"id":1239.0,"time":26,"bus_id":162,"name":"LA_COLONIA_FV","CenPgen":0.0,"value":0.0,"CenCVar":0,"CenQgen":0},{"id":1239.0,"time":27,"bus_id":162,"name":"LA_COLONIA_FV","CenPgen":0.0,"value":0.0,"CenCVar":0,"CenQgen":0},{"id":1239.0,"time":28,"bus_id":162,"name":"LA_COLONIA_FV","CenPgen":0.0,"value":0.0,"CenCVar":0,"CenQgen":0},{"id":1239.0,"time":29,"bus_id":162,"name":"LA_COLONIA_FV","CenPgen":0.0,"value":0.0,"CenCVar":0,"CenQgen":0},{"id":1239.0,"time":30,"bus_id":162,"name":"LA_COLONIA_FV","CenPgen":0.0,"value":0.0,"CenCVar":0,"CenQgen":0},{"id":1239.0,"time":31,"bus_id":162,"name":"LA_COLONIA_FV","CenPgen":0.0,"value":0.0,"CenCVar":0,"CenQgen":0},{"id":1239.0,"time":32,"bus_id":162,"name":"LA_COLONIA_FV","CenPgen":0.0163927064,"value":0.0163927064,"CenCVar":0,"CenQgen":0},{"id":1239.0,"time":33,"bus_id":162,"name":"LA_COLONIA_FV","CenPgen":0.59413797,"value":0.59413797,"CenCVar":0,"CenQgen":0},{"id":1239.0,"time":34,"bus_id":162,"name":"LA_COLONIA_FV","CenPgen":0.92240773,"value":0.92240773,"CenCVar":0,"CenQgen":0},{"id":1239.0,"time":35,"bus_id":162,"name":"LA_COLONIA_FV","CenPgen":1.1716804198,"value":1.1716804198,"CenCVar":0,"CenQgen":0},{"id":1239.0,"time":36,"bus_id":162,"name":"LA_COLONIA_FV","CenPgen":1.2382406565,"value":1.2382406565,"CenCVar":0,"CenQgen":0},{"id":1239.0,"time":37,"bus_id":162,"name":"LA_COLONIA_FV","CenPgen":1.2382406565,"value":1.2382406565,"CenCVar":0,"CenQgen":0},{"id":1239.0,"time":38,"bus_id":162,"name":"LA_COLONIA_FV","CenPgen":1.2382406565,"value":1.2382406565,"CenCVar":0,"CenQgen":0},{"id":1239.0,"time":39,"bus_id":162,"name":"LA_COLONIA_FV","CenPgen":0.8244158479,"value":0.8244158479,"CenCVar":0,"CenQgen":0},{"id":1239.0,"time":40,"bus_id":162,"name":"LA_COLONIA_FV","CenPgen":0.6022384185,"value":0.6022384185,"CenCVar":0,"CenQgen":0},{"id":1239.0,"time":41,"bus_id":162,"name":"LA_COLONIA_FV","CenPgen":0.34539214,"value":0.34539214,"CenCVar":0,"CenQgen":0},{"id":1239.0,"time":42,"bus_id":162,"name":"LA_COLONIA_FV","CenPgen":0.13577266,"value":0.13577266,"CenCVar":0,"CenQgen":0},{"id":1239.0,"time":43,"bus_id":162,"name":"LA_COLONIA_FV","CenPgen":0.0060655169,"value":0.0060655169,"CenCVar":0,"CenQgen":0},{"id":1239.0,"time":44,"bus_id":162,"name":"LA_COLONIA_FV","CenPgen":0.0,"value":0.0,"CenCVar":0,"CenQgen":0},{"id":1239.0,"time":45,"bus_id":162,"name":"LA_COLONIA_FV","CenPgen":0.0,"value":0.0,"CenCVar":0,"CenQgen":0},{"id":1239.0,"time":46,"bus_id":162,"name":"LA_COLONIA_FV","CenPgen":0.0,"value":0.0,"CenCVar":0,"CenQgen":0},{"id":1239.0,"time":47,"bus_id":162,"name":"LA_COLONIA_FV","CenPgen":0.0,"value":0.0,"CenCVar":0,"CenQgen":0},{"id":1239.0,"time":48,"bus_id":162,"name":"LA_COLONIA_FV","CenPgen":0.0,"value":0.0,"CenCVar":0,"CenQgen":0},{"id":1239.0,"time":49,"bus_id":162,"name":"LA_COLONIA_FV","CenPgen":0.0,"value":0.0,"CenCVar":0,"CenQgen":0},{"id":1239.0,"time":50,"bus_id":162,"name":"LA_COLONIA_FV","CenPgen":0.0,"value":0.0,"CenCVar":0,"CenQgen":0},{"id":1239.0,"time":51,"bus_id":162,"name":"LA_COLONIA_FV","CenPgen":0.0,"value":0.0,"CenCVar":0,"CenQgen":0},{"id":1239.0,"time":52,"bus_id":162,"name":"LA_COLONIA_FV","CenPgen":0.0,"value":0.0,"CenCVar":0,"CenQgen":0},{"id":1239.0,"time":53,"bus_id":162,"name":"LA_COLONIA_FV","CenPgen":0.0,"value":0.0,"CenCVar":0,"CenQgen":0},{"id":1239.0,"time":54,"bus_id":162,"name":"LA_COLONIA_FV","CenPgen":0.0,"value":0.0,"CenCVar":0,"CenQgen":0},{"id":1239.0,"time":55,"bus_id":162,"name":"LA_COLONIA_FV","CenPgen":0.0,"value":0.0,"CenCVar":0,"CenQgen":0},{"id":1239.0,"time":56,"bus_id":162,"name":"LA_COLONIA_FV","CenPgen":0.00045557,"value":0.00045557,"CenCVar":0,"CenQgen":0},{"id":1239.0,"time":57,"bus_id":162,"name":"LA_COLONIA_FV","CenPgen":0.1303813983,"value":0.1303813983,"CenCVar":0,"CenQgen":0},{"id":1239.0,"time":58,"bus_id":162,"name":"LA_COLONIA_FV","CenPgen":0.341866928,"value":0.341866928,"CenCVar":0,"CenQgen":0},{"id":1239.0,"time":59,"bus_id":162,"name":"LA_COLONIA_FV","CenPgen":1.0113718662,"value":1.0113718662,"CenCVar":0,"CenQgen":0},{"id":1239.0,"time":60,"bus_id":162,"name":"LA_COLONIA_FV","CenPgen":1.0113718662,"value":1.0113718662,"CenCVar":0,"CenQgen":0},{"id":1239.0,"time":61,"bus_id":162,"name":"LA_COLONIA_FV","CenPgen":1.0113718662,"value":1.0113718662,"CenCVar":0,"CenQgen":0},{"id":1239.0,"time":62,"bus_id":162,"name":"LA_COLONIA_FV","CenPgen":1.0113718662,"value":1.0113718662,"CenCVar":0,"CenQgen":0},{"id":1239.0,"time":63,"bus_id":162,"name":"LA_COLONIA_FV","CenPgen":1.12820523,"value":1.12820523,"CenCVar":0,"CenQgen":0},{"id":1239.0,"time":64,"bus_id":162,"name":"LA_COLONIA_FV","CenPgen":0.7247001954,"value":0.7247001954,"CenCVar":0,"CenQgen":0},{"id":1239.0,"time":65,"bus_id":162,"name":"LA_COLONIA_FV","CenPgen":0.42804641,"value":0.42804641,"CenCVar":0,"CenQgen":0},{"id":1239.0,"time":66,"bus_id":162,"name":"LA_COLONIA_FV","CenPgen":0.07613141,"value":0.07613141,"CenCVar":0,"CenQgen":0},{"id":1239.0,"time":67,"bus_id":162,"name":"LA_COLONIA_FV","CenPgen":0.0,"value":0.0,"CenCVar":0,"CenQgen":0},{"id":1239.0,"time":68,"bus_id":162,"name":"LA_COLONIA_FV","CenPgen":0.0,"value":0.0,"CenCVar":0,"CenQgen":0},{"id":1239.0,"time":69,"bus_id":162,"name":"LA_COLONIA_FV","CenPgen":0.0,"value":0.0,"CenCVar":0,"CenQgen":0},{"id":1239.0,"time":70,"bus_id":162,"name":"LA_COLONIA_FV","CenPgen":0.0,"value":0.0,"CenCVar":0,"CenQgen":0},{"id":1239.0,"time":71,"bus_id":162,"name":"LA_COLONIA_FV","CenPgen":0.0,"value":0.0,"CenCVar":0,"CenQgen":0},{"id":1239.0,"time":72,"bus_id":162,"name":"LA_COLONIA_FV","CenPgen":0.0,"value":0.0,"CenCVar":0,"CenQgen":0},{"id":1239.0,"time":73,"bus_id":162,"name":"LA_COLONIA_FV","CenPgen":0.0,"value":0.0,"CenCVar":0,"CenQgen":0},{"id":1239.0,"time":74,"bus_id":162,"name":"LA_COLONIA_FV","CenPgen":0.0,"value":0.0,"CenCVar":0,"CenQgen":0},{"id":1239.0,"time":75,"bus_id":162,"name":"LA_COLONIA_FV","CenPgen":0.0,"value":0.0,"CenCVar":0,"CenQgen":0},{"id":1239.0,"time":76,"bus_id":162,"name":"LA_COLONIA_FV","CenPgen":0.0,"value":0.0,"CenCVar":0,"CenQgen":0},{"id":1239.0,"time":77,"bus_id":162,"name":"LA_COLONIA_FV","CenPgen":0.0,"value":0.0,"CenCVar":0,"CenQgen":0},{"id":1239.0,"time":78,"bus_id":162,"name":"LA_COLONIA_FV","CenPgen":0.0,"value":0.0,"CenCVar":0,"CenQgen":0},{"id":1239.0,"time":79,"bus_id":162,"name":"LA_COLONIA_FV","CenPgen":0.0,"value":0.0,"CenCVar":0,"CenQgen":0},{"id":1239.0,"time":80,"bus_id":162,"name":"LA_COLONIA_FV","CenPgen":0.0057312598,"value":0.0057312598,"CenCVar":0,"CenQgen":0},{"id":1239.0,"time":81,"bus_id":162,"name":"LA_COLONIA_FV","CenPgen":0.2806750584,"value":0.2806750584,"CenCVar":0,"CenQgen":0},{"id":1239.0,"time":82,"bus_id":162,"name":"LA_COLONIA_FV","CenPgen":0.6849577178,"value":0.6849577178,"CenCVar":0,"CenQgen":0},{"id":1239.0,"time":83,"bus_id":162,"name":"LA_COLONIA_FV","CenPgen":1.10538548,"value":1.10538548,"CenCVar":0,"CenQgen":0},{"id":1239.0,"time":84,"bus_id":162,"name":"LA_COLONIA_FV","CenPgen":1.10538548,"value":1.10538548,"CenCVar":0,"CenQgen":0},{"id":1239.0,"time":85,"bus_id":162,"name":"LA_COLONIA_FV","CenPgen":0.7449298352,"value":0.7449298352,"CenCVar":0,"CenQgen":0},{"id":1239.0,"time":86,"bus_id":162,"name":"LA_COLONIA_FV","CenPgen":0.7449298352,"value":0.7449298352,"CenCVar":0,"CenQgen":0},{"id":1239.0,"time":87,"bus_id":162,"name":"LA_COLONIA_FV","CenPgen":0.7449298352,"value":0.7449298352,"CenCVar":0,"CenQgen":0},{"id":1239.0,"time":88,"bus_id":162,"name":"LA_COLONIA_FV","CenPgen":0.7449298352,"value":0.7449298352,"CenCVar":0,"CenQgen":0},{"id":1239.0,"time":89,"bus_id":162,"name":"LA_COLONIA_FV","CenPgen":0.0668038778,"value":0.0668038778,"CenCVar":0,"CenQgen":0},{"id":1239.0,"time":90,"bus_id":162,"name":"LA_COLONIA_FV","CenPgen":0.0668038778,"value":0.0668038778,"CenCVar":0,"CenQgen":0},{"id":1239.0,"time":91,"bus_id":162,"name":"LA_COLONIA_FV","CenPgen":0.0000238396,"value":0.0000238396,"CenCVar":0,"CenQgen":0},{"id":1239.0,"time":92,"bus_id":162,"name":"LA_COLONIA_FV","CenPgen":0.0,"value":0.0,"CenCVar":0,"CenQgen":0},{"id":1239.0,"time":93,"bus_id":162,"name":"LA_COLONIA_FV","CenPgen":0.0,"value":0.0,"CenCVar":0,"CenQgen":0},{"id":1239.0,"time":94,"bus_id":162,"name":"LA_COLONIA_FV","CenPgen":0.0,"value":0.0,"CenCVar":0,"CenQgen":0},{"id":1239.0,"time":95,"bus_id":162,"name":"LA_COLONIA_FV","CenPgen":0.0,"value":0.0,"CenCVar":0,"CenQgen":0},{"id":1239.0,"time":96,"bus_id":162,"name":"LA_COLONIA_FV","CenPgen":0.0,"value":0.0,"CenCVar":0,"CenQgen":0},{"id":1239.0,"time":97,"bus_id":162,"name":"LA_COLONIA_FV","CenPgen":0.0,"value":0.0,"CenCVar":0,"CenQgen":0},{"id":1239.0,"time":98,"bus_id":162,"name":"LA_COLONIA_FV","CenPgen":0.0,"value":0.0,"CenCVar":0,"CenQgen":0},{"id":1239.0,"time":99,"bus_id":162,"name":"LA_COLONIA_FV","CenPgen":0.0,"value":0.0,"CenCVar":0,"CenQgen":0},{"id":1239.0,"time":100,"bus_id":162,"name":"LA_COLONIA_FV","CenPgen":0.0,"value":0.0,"CenCVar":0,"CenQgen":0},{"id":1239.0,"time":101,"bus_id":162,"name":"LA_COLONIA_FV","CenPgen":0.0,"value":0.0,"CenCVar":0,"CenQgen":0},{"id":1239.0,"time":102,"bus_id":162,"name":"LA_COLONIA_FV","CenPgen":0.0,"value":0.0,"CenCVar":0,"CenQgen":0},{"id":1239.0,"time":103,"bus_id":162,"name":"LA_COLONIA_FV","CenPgen":0.0,"value":0.0,"CenCVar":0,"CenQgen":0},{"id":1239.0,"time":104,"bus_id":162,"name":"LA_COLONIA_FV","CenPgen":0.0,"value":0.0,"CenCVar":0,"CenQgen":0},{"id":1239.0,"time":105,"bus_id":162,"name":"LA_COLONIA_FV","CenPgen":0.0,"value":0.0,"CenCVar":0,"CenQgen":0},{"id":1239.0,"time":106,"bus_id":162,"name":"LA_COLONIA_FV","CenPgen":0.0,"value":0.0,"CenCVar":0,"CenQgen":0},{"id":1239.0,"time":107,"bus_id":162,"name":"LA_COLONIA_FV","CenPgen":1.18458006,"value":1.18458006,"CenCVar":0,"CenQgen":0},{"id":1239.0,"time":108,"bus_id":162,"name":"LA_COLONIA_FV","CenPgen":1.18458006,"value":1.18458006,"CenCVar":0,"CenQgen":0},{"id":1239.0,"time":109,"bus_id":162,"name":"LA_COLONIA_FV","CenPgen":2.28862862,"value":2.28862862,"CenCVar":0,"CenQgen":0},{"id":1239.0,"time":110,"bus_id":162,"name":"LA_COLONIA_FV","CenPgen":2.28862862,"value":2.28862862,"CenCVar":0,"CenQgen":0},{"id":1239.0,"time":111,"bus_id":162,"name":"LA_COLONIA_FV","CenPgen":2.28862862,"value":2.28862862,"CenCVar":0,"CenQgen":0},{"id":1239.0,"time":112,"bus_id":162,"name":"LA_COLONIA_FV","CenPgen":2.28862862,"value":2.28862862,"CenCVar":0,"CenQgen":0},{"id":1239.0,"time":113,"bus_id":162,"name":"LA_COLONIA_FV","CenPgen":2.28862862,"value":2.28862862,"CenCVar":0,"CenQgen":0},{"id":1239.0,"time":114,"bus_id":162,"name":"LA_COLONIA_FV","CenPgen":2.28862862,"value":2.28862862,"CenCVar":0,"CenQgen":0},{"id":1239.0,"time":115,"bus_id":162,"name":"LA_COLONIA_FV","CenPgen":0.00114662,"value":0.00114662,"CenCVar":0,"CenQgen":0},{"id":1239.0,"time":116,"bus_id":162,"name":"LA_COLONIA_FV","CenPgen":0.0,"value":0.0,"CenCVar":0,"CenQgen":0},{"id":1239.0,"time":117,"bus_id":162,"name":"LA_COLONIA_FV","CenPgen":0.0,"value":0.0,"CenCVar":0,"CenQgen":0},{"id":1239.0,"time":118,"bus_id":162,"name":"LA_COLONIA_FV","CenPgen":0.0,"value":0.0,"CenCVar":0,"CenQgen":0},{"id":1239.0,"time":119,"bus_id":162,"name":"LA_COLONIA_FV","CenPgen":0.0,"value":0.0,"CenCVar":0,"CenQgen":0},{"id":1239.0,"time":120,"bus_id":162,"name":"LA_COLONIA_FV","CenPgen":0.0,"value":0.0,"CenCVar":0,"CenQgen":0},{"id":1239.0,"time":121,"bus_id":162,"name":"LA_COLONIA_FV","CenPgen":0.0,"value":0.0,"CenCVar":0,"CenQgen":0},{"id":1239.0,"time":122,"bus_id":162,"name":"LA_COLONIA_FV","CenPgen":0.0,"value":0.0,"CenCVar":0,"CenQgen":0},{"id":1239.0,"time":123,"bus_id":162,"name":"LA_COLONIA_FV","CenPgen":0.0,"value":0.0,"CenCVar":0,"CenQgen":0},{"id":1239.0,"time":124,"bus_id":162,"name":"LA_COLONIA_FV","CenPgen":0.0,"value":0.0,"CenCVar":0,"CenQgen":0},{"id":1239.0,"time":125,"bus_id":162,"name":"LA_COLONIA_FV","CenPgen":0.0,"value":0.0,"CenCVar":0,"CenQgen":0},{"id":1239.0,"time":126,"bus_id":162,"name":"LA_COLONIA_FV","CenPgen":0.0,"value":0.0,"CenCVar":0,"CenQgen":0},{"id":1239.0,"time":127,"bus_id":162,"name":"LA_COLONIA_FV","CenPgen":0.0,"value":0.0,"CenCVar":0,"CenQgen":0},{"id":1239.0,"time":128,"bus_id":162,"name":"LA_COLONIA_FV","CenPgen":0.0,"value":0.0,"CenCVar":0,"CenQgen":0},{"id":1239.0,"time":129,"bus_id":162,"name":"LA_COLONIA_FV","CenPgen":0.1991457186,"value":0.1991457186,"CenCVar":0,"CenQgen":0},{"id":1239.0,"time":130,"bus_id":162,"name":"LA_COLONIA_FV","CenPgen":0.7328892059,"value":0.7328892059,"CenCVar":0,"CenQgen":0},{"id":1239.0,"time":131,"bus_id":162,"name":"LA_COLONIA_FV","CenPgen":2.2659311463,"value":2.2659311463,"CenCVar":0,"CenQgen":0},{"id":1239.0,"time":132,"bus_id":162,"name":"LA_COLONIA_FV","CenPgen":2.2659311463,"value":2.2659311463,"CenCVar":0,"CenQgen":0},{"id":1239.0,"time":133,"bus_id":162,"name":"LA_COLONIA_FV","CenPgen":2.2659311463,"value":2.2659311463,"CenCVar":0,"CenQgen":0},{"id":1239.0,"time":134,"bus_id":162,"name":"LA_COLONIA_FV","CenPgen":2.2659311463,"value":2.2659311463,"CenCVar":0,"CenQgen":0},{"id":1239.0,"time":135,"bus_id":162,"name":"LA_COLONIA_FV","CenPgen":2.2659311463,"value":2.2659311463,"CenCVar":0,"CenQgen":0},{"id":1239.0,"time":136,"bus_id":162,"name":"LA_COLONIA_FV","CenPgen":1.91500659,"value":1.91500659,"CenCVar":0,"CenQgen":0},{"id":1239.0,"time":137,"bus_id":162,"name":"LA_COLONIA_FV","CenPgen":0.50553208,"value":0.50553208,"CenCVar":0,"CenQgen":0},{"id":1239.0,"time":138,"bus_id":162,"name":"LA_COLONIA_FV","CenPgen":0.50553208,"value":0.50553208,"CenCVar":0,"CenQgen":0},{"id":1239.0,"time":139,"bus_id":162,"name":"LA_COLONIA_FV","CenPgen":0.0,"value":0.0,"CenCVar":0,"CenQgen":0},{"id":1239.0,"time":140,"bus_id":162,"name":"LA_COLONIA_FV","CenPgen":0.0,"value":0.0,"CenCVar":0,"CenQgen":0},{"id":1239.0,"time":141,"bus_id":162,"name":"LA_COLONIA_FV","CenPgen":0.0,"value":0.0,"CenCVar":0,"CenQgen":0},{"id":1239.0,"time":142,"bus_id":162,"name":"LA_COLONIA_FV","CenPgen":0.0,"value":0.0,"CenCVar":0,"CenQgen":0},{"id":1239.0,"time":143,"bus_id":162,"name":"LA_COLONIA_FV","CenPgen":0.0,"value":0.0,"CenCVar":0,"CenQgen":0},{"id":1239.0,"time":144,"bus_id":162,"name":"LA_COLONIA_FV","CenPgen":0.0,"value":0.0,"CenCVar":0,"CenQgen":0},{"id":1239.0,"time":145,"bus_id":162,"name":"LA_COLONIA_FV","CenPgen":0.0,"value":0.0,"CenCVar":0,"CenQgen":0},{"id":1239.0,"time":146,"bus_id":162,"name":"LA_COLONIA_FV","CenPgen":0.0,"value":0.0,"CenCVar":0,"CenQgen":0},{"id":1239.0,"time":147,"bus_id":162,"name":"LA_COLONIA_FV","CenPgen":0.0,"value":0.0,"CenCVar":0,"CenQgen":0},{"id":1239.0,"time":148,"bus_id":162,"name":"LA_COLONIA_FV","CenPgen":0.0,"value":0.0,"CenCVar":0,"CenQgen":0},{"id":1239.0,"time":149,"bus_id":162,"name":"LA_COLONIA_FV","CenPgen":0.0,"value":0.0,"CenCVar":0,"CenQgen":0},{"id":1239.0,"time":150,"bus_id":162,"name":"LA_COLONIA_FV","CenPgen":0.0,"value":0.0,"CenCVar":0,"CenQgen":0},{"id":1239.0,"time":151,"bus_id":162,"name":"LA_COLONIA_FV","CenPgen":0.0,"value":0.0,"CenCVar":0,"CenQgen":0},{"id":1239.0,"time":152,"bus_id":162,"name":"LA_COLONIA_FV","CenPgen":0.0,"value":0.0,"CenCVar":0,"CenQgen":0},{"id":1239.0,"time":153,"bus_id":162,"name":"LA_COLONIA_FV","CenPgen":0.232300189,"value":0.232300189,"CenCVar":0,"CenQgen":0},{"id":1239.0,"time":154,"bus_id":162,"name":"LA_COLONIA_FV","CenPgen":1.1782423884,"value":1.1782423884,"CenCVar":0,"CenQgen":0},{"id":1239.0,"time":155,"bus_id":162,"name":"LA_COLONIA_FV","CenPgen":1.1782423884,"value":1.1782423884,"CenCVar":0,"CenQgen":0},{"id":1239.0,"time":156,"bus_id":162,"name":"LA_COLONIA_FV","CenPgen":1.1782423884,"value":1.1782423884,"CenCVar":0,"CenQgen":0},{"id":1239.0,"time":157,"bus_id":162,"name":"LA_COLONIA_FV","CenPgen":2.2061557,"value":2.2061557,"CenCVar":0,"CenQgen":0},{"id":1239.0,"time":158,"bus_id":162,"name":"LA_COLONIA_FV","CenPgen":1.24844122,"value":1.24844122,"CenCVar":0,"CenQgen":0},{"id":1239.0,"time":159,"bus_id":162,"name":"LA_COLONIA_FV","CenPgen":1.24844122,"value":1.24844122,"CenCVar":0,"CenQgen":0},{"id":1239.0,"time":160,"bus_id":162,"name":"LA_COLONIA_FV","CenPgen":1.24844122,"value":1.24844122,"CenCVar":0,"CenQgen":0},{"id":1239.0,"time":161,"bus_id":162,"name":"LA_COLONIA_FV","CenPgen":0.1311673123,"value":0.1311673123,"CenCVar":0,"CenQgen":0},{"id":1239.0,"time":162,"bus_id":162,"name":"LA_COLONIA_FV","CenPgen":0.1311673123,"value":0.1311673123,"CenCVar":0,"CenQgen":0},{"id":1239.0,"time":163,"bus_id":162,"name":"LA_COLONIA_FV","CenPgen":0.1311673123,"value":0.1311673123,"CenCVar":0,"CenQgen":0},{"id":1239.0,"time":164,"bus_id":162,"name":"LA_COLONIA_FV","CenPgen":0.0,"value":0.0,"CenCVar":0,"CenQgen":0},{"id":1239.0,"time":165,"bus_id":162,"name":"LA_COLONIA_FV","CenPgen":0.0,"value":0.0,"CenCVar":0,"CenQgen":0},{"id":1239.0,"time":166,"bus_id":162,"name":"LA_COLONIA_FV","CenPgen":0.0,"value":0.0,"CenCVar":0,"CenQgen":0},{"id":1239.0,"time":167,"bus_id":162,"name":"LA_COLONIA_FV","CenPgen":0.0,"value":0.0,"CenCVar":0,"CenQgen":0},{"id":1239.0,"time":168,"bus_id":162,"name":"LA_COLONIA_FV","CenPgen":0.0,"value":0.0,"CenCVar":0,"CenQgen":0}]