[{"id":1154.0,"time":1,"bus_id":151,"name":"HELIOS_FV","CenPgen":0.0,"value":0.0,"CenCVar":0,"CenQgen":0},{"id":1154.0,"time":2,"bus_id":151,"name":"HELIOS_FV","CenPgen":0.0,"value":0.0,"CenCVar":0,"CenQgen":0},{"id":1154.0,"time":3,"bus_id":151,"name":"HELIOS_FV","CenPgen":0.0,"value":0.0,"CenCVar":0,"CenQgen":0},{"id":1154.0,"time":4,"bus_id":151,"name":"HELIOS_FV","CenPgen":0.0,"value":0.0,"CenCVar":0,"CenQgen":0},{"id":1154.0,"time":5,"bus_id":151,"name":"HELIOS_FV","CenPgen":0.0,"value":0.0,"CenCVar":0,"CenQgen":0},{"id":1154.0,"time":6,"bus_id":151,"name":"HELIOS_FV","CenPgen":0.0,"value":0.0,"CenCVar":0,"CenQgen":0},{"id":1154.0,"time":7,"bus_id":151,"name":"HELIOS_FV","CenPgen":0.0,"value":0.0,"CenCVar":0,"CenQgen":0},{"id":1154.0,"time":8,"bus_id":151,"name":"HELIOS_FV","CenPgen":0.00277159,"value":0.00277159,"CenCVar":0,"CenQgen":0},{"id":1154.0,"time":9,"bus_id":151,"name":"HELIOS_FV","CenPgen":0.44626188,"value":0.44626188,"CenCVar":0,"CenQgen":0},{"id":1154.0,"time":10,"bus_id":151,"name":"HELIOS_FV","CenPgen":1.3103952,"value":1.3103952,"CenCVar":0,"CenQgen":0},{"id":1154.0,"time":11,"bus_id":151,"name":"HELIOS_FV","CenPgen":1.45045651,"value":1.45045651,"CenCVar":0,"CenQgen":0},{"id":1154.0,"time":12,"bus_id":151,"name":"HELIOS_FV","CenPgen":1.4111477051,"value":1.4111477051,"CenCVar":0,"CenQgen":0},{"id":1154.0,"time":13,"bus_id":151,"name":"HELIOS_FV","CenPgen":1.4463110351,"value":1.4463110351,"CenCVar":0,"CenQgen":0},{"id":1154.0,"time":14,"bus_id":151,"name":"HELIOS_FV","CenPgen":1.5260858155,"value":1.5260858155,"CenCVar":0,"CenQgen":0},{"id":1154.0,"time":15,"bus_id":151,"name":"HELIOS_FV","CenPgen":1.625625,"value":1.625625,"CenCVar":0,"CenQgen":0},{"id":1154.0,"time":16,"bus_id":151,"name":"HELIOS_FV","CenPgen":1.67310452,"value":1.67310452,"CenCVar":0,"CenQgen":0},{"id":1154.0,"time":17,"bus_id":151,"name":"HELIOS_FV","CenPgen":1.24166371,"value":1.24166371,"CenCVar":0,"CenQgen":0},{"id":1154.0,"time":18,"bus_id":151,"name":"HELIOS_FV","CenPgen":0.2510614491,"value":0.2510614491,"CenCVar":0,"CenQgen":0},{"id":1154.0,"time":19,"bus_id":151,"name":"HELIOS_FV","CenPgen":0.0003358653,"value":0.0003358653,"CenCVar":0,"CenQgen":0},{"id":1154.0,"time":20,"bus_id":151,"name":"HELIOS_FV","CenPgen":0.0,"value":0.0,"CenCVar":0,"CenQgen":0},{"id":1154.0,"time":21,"bus_id":151,"name":"HELIOS_FV","CenPgen":0.0,"value":0.0,"CenCVar":0,"CenQgen":0},{"id":1154.0,"time":22,"bus_id":151,"name":"HELIOS_FV","CenPgen":0.0,"value":0.0,"CenCVar":0,"CenQgen":0},{"id":1154.0,"time":23,"bus_id":151,"name":"HELIOS_FV","CenPgen":0.0,"value":0.0,"CenCVar":0,"CenQgen":0},{"id":1154.0,"time":24,"bus_id":151,"name":"HELIOS_FV","CenPgen":0.0,"value":0.0,"CenCVar":0,"CenQgen":0},{"id":1154.0,"time":25,"bus_id":151,"name":"HELIOS_FV","CenPgen":0.0,"value":0.0,"CenCVar":0,"CenQgen":0},{"id":1154.0,"time":26,"bus_id":151,"name":"HELIOS_FV","CenPgen":0.0,"value":0.0,"CenCVar":0,"CenQgen":0},{"id":1154.0,"time":27,"bus_id":151,"name":"HELIOS_FV","CenPgen":0.0,"value":0.0,"CenCVar":0,"CenQgen":0},{"id":1154.0,"time":28,"bus_id":151,"name":"HELIOS_FV","CenPgen":0.0,"value":0.0,"CenCVar":0,"CenQgen":0},{"id":1154.0,"time":29,"bus_id":151,"name":"HELIOS_FV","CenPgen":0.0,"value":0.0,"CenCVar":0,"CenQgen":0},{"id":1154.0,"time":30,"bus_id":151,"name":"HELIOS_FV","CenPgen":0.0,"value":0.0,"CenCVar":0,"CenQgen":0},{"id":1154.0,"time":31,"bus_id":151,"name":"HELIOS_FV","CenPgen":0.0,"value":0.0,"CenCVar":0,"CenQgen":0},{"id":1154.0,"time":32,"bus_id":151,"name":"HELIOS_FV","CenPgen":0.00687679,"value":0.00687679,"CenCVar":0,"CenQgen":0},{"id":1154.0,"time":33,"bus_id":151,"name":"HELIOS_FV","CenPgen":0.18003597,"value":0.18003597,"CenCVar":0,"CenQgen":0},{"id":1154.0,"time":34,"bus_id":151,"name":"HELIOS_FV","CenPgen":0.3437459298,"value":0.3437459298,"CenCVar":0,"CenQgen":0},{"id":1154.0,"time":35,"bus_id":151,"name":"HELIOS_FV","CenPgen":0.50793089,"value":0.50793089,"CenCVar":0,"CenQgen":0},{"id":1154.0,"time":36,"bus_id":151,"name":"HELIOS_FV","CenPgen":0.64170848,"value":0.64170848,"CenCVar":0,"CenQgen":0},{"id":1154.0,"time":37,"bus_id":151,"name":"HELIOS_FV","CenPgen":0.64170848,"value":0.64170848,"CenCVar":0,"CenQgen":0},{"id":1154.0,"time":38,"bus_id":151,"name":"HELIOS_FV","CenPgen":0.64170848,"value":0.64170848,"CenCVar":0,"CenQgen":0},{"id":1154.0,"time":39,"bus_id":151,"name":"HELIOS_FV","CenPgen":0.3235967484,"value":0.3235967484,"CenCVar":0,"CenQgen":0},{"id":1154.0,"time":40,"bus_id":151,"name":"HELIOS_FV","CenPgen":1.2075418167,"value":1.2075418167,"CenCVar":0,"CenQgen":0},{"id":1154.0,"time":41,"bus_id":151,"name":"HELIOS_FV","CenPgen":0.4086403351,"value":0.4086403351,"CenCVar":0,"CenQgen":0},{"id":1154.0,"time":42,"bus_id":151,"name":"HELIOS_FV","CenPgen":0.0487599595,"value":0.0487599595,"CenCVar":0,"CenQgen":0},{"id":1154.0,"time":43,"bus_id":151,"name":"HELIOS_FV","CenPgen":0.00001489,"value":0.00001489,"CenCVar":0,"CenQgen":0},{"id":1154.0,"time":44,"bus_id":151,"name":"HELIOS_FV","CenPgen":0.0,"value":0.0,"CenCVar":0,"CenQgen":0},{"id":1154.0,"time":45,"bus_id":151,"name":"HELIOS_FV","CenPgen":0.0,"value":0.0,"CenCVar":0,"CenQgen":0},{"id":1154.0,"time":46,"bus_id":151,"name":"HELIOS_FV","CenPgen":0.0,"value":0.0,"CenCVar":0,"CenQgen":0},{"id":1154.0,"time":47,"bus_id":151,"name":"HELIOS_FV","CenPgen":0.0,"value":0.0,"CenCVar":0,"CenQgen":0},{"id":1154.0,"time":48,"bus_id":151,"name":"HELIOS_FV","CenPgen":0.0,"value":0.0,"CenCVar":0,"CenQgen":0},{"id":1154.0,"time":49,"bus_id":151,"name":"HELIOS_FV","CenPgen":0.0,"value":0.0,"CenCVar":0,"CenQgen":0},{"id":1154.0,"time":50,"bus_id":151,"name":"HELIOS_FV","CenPgen":0.0,"value":0.0,"CenCVar":0,"CenQgen":0},{"id":1154.0,"time":51,"bus_id":151,"name":"HELIOS_FV","CenPgen":0.0,"value":0.0,"CenCVar":0,"CenQgen":0},{"id":1154.0,"time":52,"bus_id":151,"name":"HELIOS_FV","CenPgen":0.0,"value":0.0,"CenCVar":0,"CenQgen":0},{"id":1154.0,"time":53,"bus_id":151,"name":"HELIOS_FV","CenPgen":0.0,"value":0.0,"CenCVar":0,"CenQgen":0},{"id":1154.0,"time":54,"bus_id":151,"name":"HELIOS_FV","CenPgen":0.0,"value":0.0,"CenCVar":0,"CenQgen":0},{"id":1154.0,"time":55,"bus_id":151,"name":"HELIOS_FV","CenPgen":0.0,"value":0.0,"CenCVar":0,"CenQgen":0},{"id":1154.0,"time":56,"bus_id":151,"name":"HELIOS_FV","CenPgen":0.0000520382,"value":0.0000520382,"CenCVar":0,"CenQgen":0},{"id":1154.0,"time":57,"bus_id":151,"name":"HELIOS_FV","CenPgen":0.0406958869,"value":0.0406958869,"CenCVar":0,"CenQgen":0},{"id":1154.0,"time":58,"bus_id":151,"name":"HELIOS_FV","CenPgen":0.17251918,"value":0.17251918,"CenCVar":0,"CenQgen":0},{"id":1154.0,"time":59,"bus_id":151,"name":"HELIOS_FV","CenPgen":0.45848812,"value":0.45848812,"CenCVar":0,"CenQgen":0},{"id":1154.0,"time":60,"bus_id":151,"name":"HELIOS_FV","CenPgen":0.45848812,"value":0.45848812,"CenCVar":0,"CenQgen":0},{"id":1154.0,"time":61,"bus_id":151,"name":"HELIOS_FV","CenPgen":0.45848812,"value":0.45848812,"CenCVar":0,"CenQgen":0},{"id":1154.0,"time":62,"bus_id":151,"name":"HELIOS_FV","CenPgen":0.45848812,"value":0.45848812,"CenCVar":0,"CenQgen":0},{"id":1154.0,"time":63,"bus_id":151,"name":"HELIOS_FV","CenPgen":0.41864652,"value":0.41864652,"CenCVar":0,"CenQgen":0},{"id":1154.0,"time":64,"bus_id":151,"name":"HELIOS_FV","CenPgen":0.3296497651,"value":0.3296497651,"CenCVar":0,"CenQgen":0},{"id":1154.0,"time":65,"bus_id":151,"name":"HELIOS_FV","CenPgen":0.19361812,"value":0.19361812,"CenCVar":0,"CenQgen":0},{"id":1154.0,"time":66,"bus_id":151,"name":"HELIOS_FV","CenPgen":0.0643697491,"value":0.0643697491,"CenCVar":0,"CenQgen":0},{"id":1154.0,"time":67,"bus_id":151,"name":"HELIOS_FV","CenPgen":0.00011709,"value":0.00011709,"CenCVar":0,"CenQgen":0},{"id":1154.0,"time":68,"bus_id":151,"name":"HELIOS_FV","CenPgen":0.0,"value":0.0,"CenCVar":0,"CenQgen":0},{"id":1154.0,"time":69,"bus_id":151,"name":"HELIOS_FV","CenPgen":0.0,"value":0.0,"CenCVar":0,"CenQgen":0},{"id":1154.0,"time":70,"bus_id":151,"name":"HELIOS_FV","CenPgen":0.0,"value":0.0,"CenCVar":0,"CenQgen":0},{"id":1154.0,"time":71,"bus_id":151,"name":"HELIOS_FV","CenPgen":0.0,"value":0.0,"CenCVar":0,"CenQgen":0},{"id":1154.0,"time":72,"bus_id":151,"name":"HELIOS_FV","CenPgen":0.0,"value":0.0,"CenCVar":0,"CenQgen":0},{"id":1154.0,"time":73,"bus_id":151,"name":"HELIOS_FV","CenPgen":0.0,"value":0.0,"CenCVar":0,"CenQgen":0},{"id":1154.0,"time":74,"bus_id":151,"name":"HELIOS_FV","CenPgen":0.0,"value":0.0,"CenCVar":0,"CenQgen":0},{"id":1154.0,"time":75,"bus_id":151,"name":"HELIOS_FV","CenPgen":0.0,"value":0.0,"CenCVar":0,"CenQgen":0},{"id":1154.0,"time":76,"bus_id":151,"name":"HELIOS_FV","CenPgen":0.0,"value":0.0,"CenCVar":0,"CenQgen":0},{"id":1154.0,"time":77,"bus_id":151,"name":"HELIOS_FV","CenPgen":0.0,"value":0.0,"CenCVar":0,"CenQgen":0},{"id":1154.0,"time":78,"bus_id":151,"name":"HELIOS_FV","CenPgen":0.0,"value":0.0,"CenCVar":0,"CenQgen":0},{"id":1154.0,"time":79,"bus_id":151,"name":"HELIOS_FV","CenPgen":0.0,"value":0.0,"CenCVar":0,"CenQgen":0},{"id":1154.0,"time":80,"bus_id":151,"name":"HELIOS_FV","CenPgen":0.0000179764,"value":0.0000179764,"CenCVar":0,"CenQgen":0},{"id":1154.0,"time":81,"bus_id":151,"name":"HELIOS_FV","CenPgen":0.04498999,"value":0.04498999,"CenCVar":0,"CenQgen":0},{"id":1154.0,"time":82,"bus_id":151,"name":"HELIOS_FV","CenPgen":0.13868576,"value":0.13868576,"CenCVar":0,"CenQgen":0},{"id":1154.0,"time":83,"bus_id":151,"name":"HELIOS_FV","CenPgen":0.3625617256,"value":0.3625617256,"CenCVar":0,"CenQgen":0},{"id":1154.0,"time":84,"bus_id":151,"name":"HELIOS_FV","CenPgen":0.3625617256,"value":0.3625617256,"CenCVar":0,"CenQgen":0},{"id":1154.0,"time":85,"bus_id":151,"name":"HELIOS_FV","CenPgen":0.27265772,"value":0.27265772,"CenCVar":0,"CenQgen":0},{"id":1154.0,"time":86,"bus_id":151,"name":"HELIOS_FV","CenPgen":0.27265772,"value":0.27265772,"CenCVar":0,"CenQgen":0},{"id":1154.0,"time":87,"bus_id":151,"name":"HELIOS_FV","CenPgen":0.27265772,"value":0.27265772,"CenCVar":0,"CenQgen":0},{"id":1154.0,"time":88,"bus_id":151,"name":"HELIOS_FV","CenPgen":0.27265772,"value":0.27265772,"CenCVar":0,"CenQgen":0},{"id":1154.0,"time":89,"bus_id":151,"name":"HELIOS_FV","CenPgen":0.0458396194,"value":0.0458396194,"CenCVar":0,"CenQgen":0},{"id":1154.0,"time":90,"bus_id":151,"name":"HELIOS_FV","CenPgen":0.0458396194,"value":0.0458396194,"CenCVar":0,"CenQgen":0},{"id":1154.0,"time":91,"bus_id":151,"name":"HELIOS_FV","CenPgen":0.0000758383,"value":0.0000758383,"CenCVar":0,"CenQgen":0},{"id":1154.0,"time":92,"bus_id":151,"name":"HELIOS_FV","CenPgen":0.0,"value":0.0,"CenCVar":0,"CenQgen":0},{"id":1154.0,"time":93,"bus_id":151,"name":"HELIOS_FV","CenPgen":0.0,"value":0.0,"CenCVar":0,"CenQgen":0},{"id":1154.0,"time":94,"bus_id":151,"name":"HELIOS_FV","CenPgen":0.0,"value":0.0,"CenCVar":0,"CenQgen":0},{"id":1154.0,"time":95,"bus_id":151,"name":"HELIOS_FV","CenPgen":0.0,"value":0.0,"CenCVar":0,"CenQgen":0},{"id":1154.0,"time":96,"bus_id":151,"name":"HELIOS_FV","CenPgen":0.0,"value":0.0,"CenCVar":0,"CenQgen":0},{"id":1154.0,"time":97,"bus_id":151,"name":"HELIOS_FV","CenPgen":0.0,"value":0.0,"CenCVar":0,"CenQgen":0},{"id":1154.0,"time":98,"bus_id":151,"name":"HELIOS_FV","CenPgen":0.0,"value":0.0,"CenCVar":0,"CenQgen":0},{"id":1154.0,"time":99,"bus_id":151,"name":"HELIOS_FV","CenPgen":0.0,"value":0.0,"CenCVar":0,"CenQgen":0},{"id":1154.0,"time":100,"bus_id":151,"name":"HELIOS_FV","CenPgen":0.0,"value":0.0,"CenCVar":0,"CenQgen":0},{"id":1154.0,"time":101,"bus_id":151,"name":"HELIOS_FV","CenPgen":0.0132357564,"value":0.0132357564,"CenCVar":0,"CenQgen":0},{"id":1154.0,"time":102,"bus_id":151,"name":"HELIOS_FV","CenPgen":0.0132357564,"value":0.0132357564,"CenCVar":0,"CenQgen":0},{"id":1154.0,"time":103,"bus_id":151,"name":"HELIOS_FV","CenPgen":0.0132357564,"value":0.0132357564,"CenCVar":0,"CenQgen":0},{"id":1154.0,"time":104,"bus_id":151,"name":"HELIOS_FV","CenPgen":0.0132357564,"value":0.0132357564,"CenCVar":0,"CenQgen":0},{"id":1154.0,"time":105,"bus_id":151,"name":"HELIOS_FV","CenPgen":0.0132357564,"value":0.0132357564,"CenCVar":0,"CenQgen":0},{"id":1154.0,"time":106,"bus_id":151,"name":"HELIOS_FV","CenPgen":0.36247913,"value":0.36247913,"CenCVar":0,"CenQgen":0},{"id":1154.0,"time":107,"bus_id":151,"name":"HELIOS_FV","CenPgen":0.7364215,"value":0.7364215,"CenCVar":0,"CenQgen":0},{"id":1154.0,"time":108,"bus_id":151,"name":"HELIOS_FV","CenPgen":0.7364215,"value":0.7364215,"CenCVar":0,"CenQgen":0},{"id":1154.0,"time":109,"bus_id":151,"name":"HELIOS_FV","CenPgen":0.67892808,"value":0.67892808,"CenCVar":0,"CenQgen":0},{"id":1154.0,"time":110,"bus_id":151,"name":"HELIOS_FV","CenPgen":0.67892808,"value":0.67892808,"CenCVar":0,"CenQgen":0},{"id":1154.0,"time":111,"bus_id":151,"name":"HELIOS_FV","CenPgen":0.67892808,"value":0.67892808,"CenCVar":0,"CenQgen":0},{"id":1154.0,"time":112,"bus_id":151,"name":"HELIOS_FV","CenPgen":0.67892808,"value":0.67892808,"CenCVar":0,"CenQgen":0},{"id":1154.0,"time":113,"bus_id":151,"name":"HELIOS_FV","CenPgen":0.67892808,"value":0.67892808,"CenCVar":0,"CenQgen":0},{"id":1154.0,"time":114,"bus_id":151,"name":"HELIOS_FV","CenPgen":0.67892808,"value":0.67892808,"CenCVar":0,"CenQgen":0},{"id":1154.0,"time":115,"bus_id":151,"name":"HELIOS_FV","CenPgen":0.0,"value":0.0,"CenCVar":0,"CenQgen":0},{"id":1154.0,"time":116,"bus_id":151,"name":"HELIOS_FV","CenPgen":0.0,"value":0.0,"CenCVar":0,"CenQgen":0},{"id":1154.0,"time":117,"bus_id":151,"name":"HELIOS_FV","CenPgen":0.0,"value":0.0,"CenCVar":0,"CenQgen":0},{"id":1154.0,"time":118,"bus_id":151,"name":"HELIOS_FV","CenPgen":0.0,"value":0.0,"CenCVar":0,"CenQgen":0},{"id":1154.0,"time":119,"bus_id":151,"name":"HELIOS_FV","CenPgen":0.0,"value":0.0,"CenCVar":0,"CenQgen":0},{"id":1154.0,"time":120,"bus_id":151,"name":"HELIOS_FV","CenPgen":0.0,"value":0.0,"CenCVar":0,"CenQgen":0},{"id":1154.0,"time":121,"bus_id":151,"name":"HELIOS_FV","CenPgen":0.0,"value":0.0,"CenCVar":0,"CenQgen":0},{"id":1154.0,"time":122,"bus_id":151,"name":"HELIOS_FV","CenPgen":0.0,"value":0.0,"CenCVar":0,"CenQgen":0},{"id":1154.0,"time":123,"bus_id":151,"name":"HELIOS_FV","CenPgen":0.0,"value":0.0,"CenCVar":0,"CenQgen":0},{"id":1154.0,"time":124,"bus_id":151,"name":"HELIOS_FV","CenPgen":0.0,"value":0.0,"CenCVar":0,"CenQgen":0},{"id":1154.0,"time":125,"bus_id":151,"name":"HELIOS_FV","CenPgen":0.0,"value":0.0,"CenCVar":0,"CenQgen":0},{"id":1154.0,"time":126,"bus_id":151,"name":"HELIOS_FV","CenPgen":0.0,"value":0.0,"CenCVar":0,"CenQgen":0},{"id":1154.0,"time":127,"bus_id":151,"name":"HELIOS_FV","CenPgen":0.0,"value":0.0,"CenCVar":0,"CenQgen":0},{"id":1154.0,"time":128,"bus_id":151,"name":"HELIOS_FV","CenPgen":0.00016809,"value":0.00016809,"CenCVar":0,"CenQgen":0},{"id":1154.0,"time":129,"bus_id":151,"name":"HELIOS_FV","CenPgen":0.0762507897,"value":0.0762507897,"CenCVar":0,"CenQgen":0},{"id":1154.0,"time":130,"bus_id":151,"name":"HELIOS_FV","CenPgen":0.23070098,"value":0.23070098,"CenCVar":0,"CenQgen":0},{"id":1154.0,"time":131,"bus_id":151,"name":"HELIOS_FV","CenPgen":0.768175766,"value":0.768175766,"CenCVar":0,"CenQgen":0},{"id":1154.0,"time":132,"bus_id":151,"name":"HELIOS_FV","CenPgen":0.768175766,"value":0.768175766,"CenCVar":0,"CenQgen":0},{"id":1154.0,"time":133,"bus_id":151,"name":"HELIOS_FV","CenPgen":0.768175766,"value":0.768175766,"CenCVar":0,"CenQgen":0},{"id":1154.0,"time":134,"bus_id":151,"name":"HELIOS_FV","CenPgen":0.768175766,"value":0.768175766,"CenCVar":0,"CenQgen":0},{"id":1154.0,"time":135,"bus_id":151,"name":"HELIOS_FV","CenPgen":0.768175766,"value":0.768175766,"CenCVar":0,"CenQgen":0},{"id":1154.0,"time":136,"bus_id":151,"name":"HELIOS_FV","CenPgen":0.5835308457,"value":0.5835308457,"CenCVar":0,"CenQgen":0},{"id":1154.0,"time":137,"bus_id":151,"name":"HELIOS_FV","CenPgen":0.30657628,"value":0.30657628,"CenCVar":0,"CenQgen":0},{"id":1154.0,"time":138,"bus_id":151,"name":"HELIOS_FV","CenPgen":0.30657628,"value":0.30657628,"CenCVar":0,"CenQgen":0},{"id":1154.0,"time":139,"bus_id":151,"name":"HELIOS_FV","CenPgen":0.0,"value":0.0,"CenCVar":0,"CenQgen":0},{"id":1154.0,"time":140,"bus_id":151,"name":"HELIOS_FV","CenPgen":0.0,"value":0.0,"CenCVar":0,"CenQgen":0},{"id":1154.0,"time":141,"bus_id":151,"name":"HELIOS_FV","CenPgen":0.0,"value":0.0,"CenCVar":0,"CenQgen":0},{"id":1154.0,"time":142,"bus_id":151,"name":"HELIOS_FV","CenPgen":0.0,"value":0.0,"CenCVar":0,"CenQgen":0},{"id":1154.0,"time":143,"bus_id":151,"name":"HELIOS_FV","CenPgen":0.0,"value":0.0,"CenCVar":0,"CenQgen":0},{"id":1154.0,"time":144,"bus_id":151,"name":"HELIOS_FV","CenPgen":0.0,"value":0.0,"CenCVar":0,"CenQgen":0},{"id":1154.0,"time":145,"bus_id":151,"name":"HELIOS_FV","CenPgen":0.0,"value":0.0,"CenCVar":0,"CenQgen":0},{"id":1154.0,"time":146,"bus_id":151,"name":"HELIOS_FV","CenPgen":0.0,"value":0.0,"CenCVar":0,"CenQgen":0},{"id":1154.0,"time":147,"bus_id":151,"name":"HELIOS_FV","CenPgen":0.0,"value":0.0,"CenCVar":0,"CenQgen":0},{"id":1154.0,"time":148,"bus_id":151,"name":"HELIOS_FV","CenPgen":0.0,"value":0.0,"CenCVar":0,"CenQgen":0},{"id":1154.0,"time":149,"bus_id":151,"name":"HELIOS_FV","CenPgen":0.0,"value":0.0,"CenCVar":0,"CenQgen":0},{"id":1154.0,"time":150,"bus_id":151,"name":"HELIOS_FV","CenPgen":0.0,"value":0.0,"CenCVar":0,"CenQgen":0},{"id":1154.0,"time":151,"bus_id":151,"name":"HELIOS_FV","CenPgen":0.0,"value":0.0,"CenCVar":0,"CenQgen":0},{"id":1154.0,"time":152,"bus_id":151,"name":"HELIOS_FV","CenPgen":0.0003324973,"value":0.0003324973,"CenCVar":0,"CenQgen":0},{"id":1154.0,"time":153,"bus_id":151,"name":"HELIOS_FV","CenPgen":0.0771263991,"value":0.0771263991,"CenCVar":0,"CenQgen":0},{"id":1154.0,"time":154,"bus_id":151,"name":"HELIOS_FV","CenPgen":0.6954104881,"value":0.6954104881,"CenCVar":0,"CenQgen":0},{"id":1154.0,"time":155,"bus_id":151,"name":"HELIOS_FV","CenPgen":0.6954104881,"value":0.6954104881,"CenCVar":0,"CenQgen":0},{"id":1154.0,"time":156,"bus_id":151,"name":"HELIOS_FV","CenPgen":0.6954104881,"value":0.6954104881,"CenCVar":0,"CenQgen":0},{"id":1154.0,"time":157,"bus_id":151,"name":"HELIOS_FV","CenPgen":1.6143117676,"value":1.6143117676,"CenCVar":0,"CenQgen":0},{"id":1154.0,"time":158,"bus_id":151,"name":"HELIOS_FV","CenPgen":0.57120495,"value":0.57120495,"CenCVar":0,"CenQgen":0},{"id":1154.0,"time":159,"bus_id":151,"name":"HELIOS_FV","CenPgen":0.57120495,"value":0.57120495,"CenCVar":0,"CenQgen":0},{"id":1154.0,"time":160,"bus_id":151,"name":"HELIOS_FV","CenPgen":0.57120495,"value":0.57120495,"CenCVar":0,"CenQgen":0},{"id":1154.0,"time":161,"bus_id":151,"name":"HELIOS_FV","CenPgen":0.0316167698,"value":0.0316167698,"CenCVar":0,"CenQgen":0},{"id":1154.0,"time":162,"bus_id":151,"name":"HELIOS_FV","CenPgen":0.0316167698,"value":0.0316167698,"CenCVar":0,"CenQgen":0},{"id":1154.0,"time":163,"bus_id":151,"name":"HELIOS_FV","CenPgen":0.0316167698,"value":0.0316167698,"CenCVar":0,"CenQgen":0},{"id":1154.0,"time":164,"bus_id":151,"name":"HELIOS_FV","CenPgen":0.0,"value":0.0,"CenCVar":0,"CenQgen":0},{"id":1154.0,"time":165,"bus_id":151,"name":"HELIOS_FV","CenPgen":0.0,"value":0.0,"CenCVar":0,"CenQgen":0},{"id":1154.0,"time":166,"bus_id":151,"name":"HELIOS_FV","CenPgen":0.0,"value":0.0,"CenCVar":0,"CenQgen":0},{"id":1154.0,"time":167,"bus_id":151,"name":"HELIOS_FV","CenPgen":0.0,"value":0.0,"CenCVar":0,"CenQgen":0},{"id":1154.0,"time":168,"bus_id":151,"name":"HELIOS_FV","CenPgen":0.0,"value":0.0,"CenCVar":0,"CenQgen":0}]