[{"id":1184.0,"time":1,"bus_id":147,"name":"LAS_CATITAS_FV","CenPgen":0.0,"value":0.0,"CenCVar":0,"CenQgen":0},{"id":1184.0,"time":2,"bus_id":147,"name":"LAS_CATITAS_FV","CenPgen":0.0,"value":0.0,"CenCVar":0,"CenQgen":0},{"id":1184.0,"time":3,"bus_id":147,"name":"LAS_CATITAS_FV","CenPgen":0.0,"value":0.0,"CenCVar":0,"CenQgen":0},{"id":1184.0,"time":4,"bus_id":147,"name":"LAS_CATITAS_FV","CenPgen":0.0,"value":0.0,"CenCVar":0,"CenQgen":0},{"id":1184.0,"time":5,"bus_id":147,"name":"LAS_CATITAS_FV","CenPgen":0.0,"value":0.0,"CenCVar":0,"CenQgen":0},{"id":1184.0,"time":6,"bus_id":147,"name":"LAS_CATITAS_FV","CenPgen":0.0,"value":0.0,"CenCVar":0,"CenQgen":0},{"id":1184.0,"time":7,"bus_id":147,"name":"LAS_CATITAS_FV","CenPgen":0.0,"value":0.0,"CenCVar":0,"CenQgen":0},{"id":1184.0,"time":8,"bus_id":147,"name":"LAS_CATITAS_FV","CenPgen":0.00061461,"value":0.00061461,"CenCVar":0,"CenQgen":0},{"id":1184.0,"time":9,"bus_id":147,"name":"LAS_CATITAS_FV","CenPgen":0.37180176,"value":0.37180176,"CenCVar":0,"CenQgen":0},{"id":1184.0,"time":10,"bus_id":147,"name":"LAS_CATITAS_FV","CenPgen":1.16742807,"value":1.16742807,"CenCVar":0,"CenQgen":0},{"id":1184.0,"time":11,"bus_id":147,"name":"LAS_CATITAS_FV","CenPgen":1.28098471,"value":1.28098471,"CenCVar":0,"CenQgen":0},{"id":1184.0,"time":12,"bus_id":147,"name":"LAS_CATITAS_FV","CenPgen":1.6450217286,"value":1.6450217286,"CenCVar":0,"CenQgen":0},{"id":1184.0,"time":13,"bus_id":147,"name":"LAS_CATITAS_FV","CenPgen":2.19612512,"value":2.19612512,"CenCVar":0,"CenQgen":0},{"id":1184.0,"time":14,"bus_id":147,"name":"LAS_CATITAS_FV","CenPgen":3.26790948,"value":3.26790948,"CenCVar":0,"CenQgen":0},{"id":1184.0,"time":15,"bus_id":147,"name":"LAS_CATITAS_FV","CenPgen":5.6646549684,"value":5.6646549684,"CenCVar":0,"CenQgen":0},{"id":1184.0,"time":16,"bus_id":147,"name":"LAS_CATITAS_FV","CenPgen":4.07541394,"value":4.07541394,"CenCVar":0,"CenQgen":0},{"id":1184.0,"time":17,"bus_id":147,"name":"LAS_CATITAS_FV","CenPgen":1.3807581177,"value":1.3807581177,"CenCVar":0,"CenQgen":0},{"id":1184.0,"time":18,"bus_id":147,"name":"LAS_CATITAS_FV","CenPgen":0.16722394,"value":0.16722394,"CenCVar":0,"CenQgen":0},{"id":1184.0,"time":19,"bus_id":147,"name":"LAS_CATITAS_FV","CenPgen":0.0,"value":0.0,"CenCVar":0,"CenQgen":0},{"id":1184.0,"time":20,"bus_id":147,"name":"LAS_CATITAS_FV","CenPgen":0.0,"value":0.0,"CenCVar":0,"CenQgen":0},{"id":1184.0,"time":21,"bus_id":147,"name":"LAS_CATITAS_FV","CenPgen":0.0,"value":0.0,"CenCVar":0,"CenQgen":0},{"id":1184.0,"time":22,"bus_id":147,"name":"LAS_CATITAS_FV","CenPgen":0.0,"value":0.0,"CenCVar":0,"CenQgen":0},{"id":1184.0,"time":23,"bus_id":147,"name":"LAS_CATITAS_FV","CenPgen":0.0,"value":0.0,"CenCVar":0,"CenQgen":0},{"id":1184.0,"time":24,"bus_id":147,"name":"LAS_CATITAS_FV","CenPgen":0.0,"value":0.0,"CenCVar":0,"CenQgen":0},{"id":1184.0,"time":25,"bus_id":147,"name":"LAS_CATITAS_FV","CenPgen":0.0,"value":0.0,"CenCVar":0,"CenQgen":0},{"id":1184.0,"time":26,"bus_id":147,"name":"LAS_CATITAS_FV","CenPgen":0.0,"value":0.0,"CenCVar":0,"CenQgen":0},{"id":1184.0,"time":27,"bus_id":147,"name":"LAS_CATITAS_FV","CenPgen":0.0,"value":0.0,"CenCVar":0,"CenQgen":0},{"id":1184.0,"time":28,"bus_id":147,"name":"LAS_CATITAS_FV","CenPgen":0.0,"value":0.0,"CenCVar":0,"CenQgen":0},{"id":1184.0,"time":29,"bus_id":147,"name":"LAS_CATITAS_FV","CenPgen":0.0,"value":0.0,"CenCVar":0,"CenQgen":0},{"id":1184.0,"time":30,"bus_id":147,"name":"LAS_CATITAS_FV","CenPgen":0.0,"value":0.0,"CenCVar":0,"CenQgen":0},{"id":1184.0,"time":31,"bus_id":147,"name":"LAS_CATITAS_FV","CenPgen":0.0,"value":0.0,"CenCVar":0,"CenQgen":0},{"id":1184.0,"time":32,"bus_id":147,"name":"LAS_CATITAS_FV","CenPgen":0.0,"value":0.0,"CenCVar":0,"CenQgen":0},{"id":1184.0,"time":33,"bus_id":147,"name":"LAS_CATITAS_FV","CenPgen":0.1297638666,"value":0.1297638666,"CenCVar":0,"CenQgen":0},{"id":1184.0,"time":34,"bus_id":147,"name":"LAS_CATITAS_FV","CenPgen":0.52544979,"value":0.52544979,"CenCVar":0,"CenQgen":0},{"id":1184.0,"time":35,"bus_id":147,"name":"LAS_CATITAS_FV","CenPgen":1.11194342,"value":1.11194342,"CenCVar":0,"CenQgen":0},{"id":1184.0,"time":36,"bus_id":147,"name":"LAS_CATITAS_FV","CenPgen":1.18453817,"value":1.18453817,"CenCVar":0,"CenQgen":0},{"id":1184.0,"time":37,"bus_id":147,"name":"LAS_CATITAS_FV","CenPgen":1.18453817,"value":1.18453817,"CenCVar":0,"CenQgen":0},{"id":1184.0,"time":38,"bus_id":147,"name":"LAS_CATITAS_FV","CenPgen":1.18453817,"value":1.18453817,"CenCVar":0,"CenQgen":0},{"id":1184.0,"time":39,"bus_id":147,"name":"LAS_CATITAS_FV","CenPgen":1.95718298,"value":1.95718298,"CenCVar":0,"CenQgen":0},{"id":1184.0,"time":40,"bus_id":147,"name":"LAS_CATITAS_FV","CenPgen":0.88575354,"value":0.88575354,"CenCVar":0,"CenQgen":0},{"id":1184.0,"time":41,"bus_id":147,"name":"LAS_CATITAS_FV","CenPgen":0.3840597762,"value":0.3840597762,"CenCVar":0,"CenQgen":0},{"id":1184.0,"time":42,"bus_id":147,"name":"LAS_CATITAS_FV","CenPgen":0.06253339,"value":0.06253339,"CenCVar":0,"CenQgen":0},{"id":1184.0,"time":43,"bus_id":147,"name":"LAS_CATITAS_FV","CenPgen":0.0,"value":0.0,"CenCVar":0,"CenQgen":0},{"id":1184.0,"time":44,"bus_id":147,"name":"LAS_CATITAS_FV","CenPgen":0.0,"value":0.0,"CenCVar":0,"CenQgen":0},{"id":1184.0,"time":45,"bus_id":147,"name":"LAS_CATITAS_FV","CenPgen":0.0,"value":0.0,"CenCVar":0,"CenQgen":0},{"id":1184.0,"time":46,"bus_id":147,"name":"LAS_CATITAS_FV","CenPgen":0.0,"value":0.0,"CenCVar":0,"CenQgen":0},{"id":1184.0,"time":47,"bus_id":147,"name":"LAS_CATITAS_FV","CenPgen":0.0,"value":0.0,"CenCVar":0,"CenQgen":0},{"id":1184.0,"time":48,"bus_id":147,"name":"LAS_CATITAS_FV","CenPgen":0.0,"value":0.0,"CenCVar":0,"CenQgen":0},{"id":1184.0,"time":49,"bus_id":147,"name":"LAS_CATITAS_FV","CenPgen":0.0,"value":0.0,"CenCVar":0,"CenQgen":0},{"id":1184.0,"time":50,"bus_id":147,"name":"LAS_CATITAS_FV","CenPgen":0.0,"value":0.0,"CenCVar":0,"CenQgen":0},{"id":1184.0,"time":51,"bus_id":147,"name":"LAS_CATITAS_FV","CenPgen":0.0,"value":0.0,"CenCVar":0,"CenQgen":0},{"id":1184.0,"time":52,"bus_id":147,"name":"LAS_CATITAS_FV","CenPgen":0.0,"value":0.0,"CenCVar":0,"CenQgen":0},{"id":1184.0,"time":53,"bus_id":147,"name":"LAS_CATITAS_FV","CenPgen":0.0,"value":0.0,"CenCVar":0,"CenQgen":0},{"id":1184.0,"time":54,"bus_id":147,"name":"LAS_CATITAS_FV","CenPgen":0.0,"value":0.0,"CenCVar":0,"CenQgen":0},{"id":1184.0,"time":55,"bus_id":147,"name":"LAS_CATITAS_FV","CenPgen":0.0,"value":0.0,"CenCVar":0,"CenQgen":0},{"id":1184.0,"time":56,"bus_id":147,"name":"LAS_CATITAS_FV","CenPgen":0.003412818,"value":0.003412818,"CenCVar":0,"CenQgen":0},{"id":1184.0,"time":57,"bus_id":147,"name":"LAS_CATITAS_FV","CenPgen":0.329866,"value":0.329866,"CenCVar":0,"CenQgen":0},{"id":1184.0,"time":58,"bus_id":147,"name":"LAS_CATITAS_FV","CenPgen":1.147873,"value":1.147873,"CenCVar":0,"CenQgen":0},{"id":1184.0,"time":59,"bus_id":147,"name":"LAS_CATITAS_FV","CenPgen":4.03220537,"value":4.03220537,"CenCVar":0,"CenQgen":0},{"id":1184.0,"time":60,"bus_id":147,"name":"LAS_CATITAS_FV","CenPgen":4.03220537,"value":4.03220537,"CenCVar":0,"CenQgen":0},{"id":1184.0,"time":61,"bus_id":147,"name":"LAS_CATITAS_FV","CenPgen":4.03220537,"value":4.03220537,"CenCVar":0,"CenQgen":0},{"id":1184.0,"time":62,"bus_id":147,"name":"LAS_CATITAS_FV","CenPgen":4.03220537,"value":4.03220537,"CenCVar":0,"CenQgen":0},{"id":1184.0,"time":63,"bus_id":147,"name":"LAS_CATITAS_FV","CenPgen":3.3731394653,"value":3.3731394653,"CenCVar":0,"CenQgen":0},{"id":1184.0,"time":64,"bus_id":147,"name":"LAS_CATITAS_FV","CenPgen":3.88177423,"value":3.88177423,"CenCVar":0,"CenQgen":0},{"id":1184.0,"time":65,"bus_id":147,"name":"LAS_CATITAS_FV","CenPgen":3.2126170653,"value":3.2126170653,"CenCVar":0,"CenQgen":0},{"id":1184.0,"time":66,"bus_id":147,"name":"LAS_CATITAS_FV","CenPgen":0.755082489,"value":0.755082489,"CenCVar":0,"CenQgen":0},{"id":1184.0,"time":67,"bus_id":147,"name":"LAS_CATITAS_FV","CenPgen":0.000193046,"value":0.000193046,"CenCVar":0,"CenQgen":0},{"id":1184.0,"time":68,"bus_id":147,"name":"LAS_CATITAS_FV","CenPgen":0.0,"value":0.0,"CenCVar":0,"CenQgen":0},{"id":1184.0,"time":69,"bus_id":147,"name":"LAS_CATITAS_FV","CenPgen":0.0,"value":0.0,"CenCVar":0,"CenQgen":0},{"id":1184.0,"time":70,"bus_id":147,"name":"LAS_CATITAS_FV","CenPgen":0.0,"value":0.0,"CenCVar":0,"CenQgen":0},{"id":1184.0,"time":71,"bus_id":147,"name":"LAS_CATITAS_FV","CenPgen":0.0,"value":0.0,"CenCVar":0,"CenQgen":0},{"id":1184.0,"time":72,"bus_id":147,"name":"LAS_CATITAS_FV","CenPgen":0.0,"value":0.0,"CenCVar":0,"CenQgen":0},{"id":1184.0,"time":73,"bus_id":147,"name":"LAS_CATITAS_FV","CenPgen":0.0,"value":0.0,"CenCVar":0,"CenQgen":0},{"id":1184.0,"time":74,"bus_id":147,"name":"LAS_CATITAS_FV","CenPgen":0.0,"value":0.0,"CenCVar":0,"CenQgen":0},{"id":1184.0,"time":75,"bus_id":147,"name":"LAS_CATITAS_FV","CenPgen":0.0,"value":0.0,"CenCVar":0,"CenQgen":0},{"id":1184.0,"time":76,"bus_id":147,"name":"LAS_CATITAS_FV","CenPgen":0.0,"value":0.0,"CenCVar":0,"CenQgen":0},{"id":1184.0,"time":77,"bus_id":147,"name":"LAS_CATITAS_FV","CenPgen":0.0,"value":0.0,"CenCVar":0,"CenQgen":0},{"id":1184.0,"time":78,"bus_id":147,"name":"LAS_CATITAS_FV","CenPgen":0.0,"value":0.0,"CenCVar":0,"CenQgen":0},{"id":1184.0,"time":79,"bus_id":147,"name":"LAS_CATITAS_FV","CenPgen":0.0,"value":0.0,"CenCVar":0,"CenQgen":0},{"id":1184.0,"time":80,"bus_id":147,"name":"LAS_CATITAS_FV","CenPgen":0.0,"value":0.0,"CenCVar":0,"CenQgen":0},{"id":1184.0,"time":81,"bus_id":147,"name":"LAS_CATITAS_FV","CenPgen":0.03561582,"value":0.03561582,"CenCVar":0,"CenQgen":0},{"id":1184.0,"time":82,"bus_id":147,"name":"LAS_CATITAS_FV","CenPgen":0.33010075,"value":0.33010075,"CenCVar":0,"CenQgen":0},{"id":1184.0,"time":83,"bus_id":147,"name":"LAS_CATITAS_FV","CenPgen":1.16978195,"value":1.16978195,"CenCVar":0,"CenQgen":0},{"id":1184.0,"time":84,"bus_id":147,"name":"LAS_CATITAS_FV","CenPgen":1.16978195,"value":1.16978195,"CenCVar":0,"CenQgen":0},{"id":1184.0,"time":85,"bus_id":147,"name":"LAS_CATITAS_FV","CenPgen":2.4759661255,"value":2.4759661255,"CenCVar":0,"CenQgen":0},{"id":1184.0,"time":86,"bus_id":147,"name":"LAS_CATITAS_FV","CenPgen":2.4759661255,"value":2.4759661255,"CenCVar":0,"CenQgen":0},{"id":1184.0,"time":87,"bus_id":147,"name":"LAS_CATITAS_FV","CenPgen":2.4759661255,"value":2.4759661255,"CenCVar":0,"CenQgen":0},{"id":1184.0,"time":88,"bus_id":147,"name":"LAS_CATITAS_FV","CenPgen":2.4759661255,"value":2.4759661255,"CenCVar":0,"CenQgen":0},{"id":1184.0,"time":89,"bus_id":147,"name":"LAS_CATITAS_FV","CenPgen":0.7233776851,"value":0.7233776851,"CenCVar":0,"CenQgen":0},{"id":1184.0,"time":90,"bus_id":147,"name":"LAS_CATITAS_FV","CenPgen":0.7233776851,"value":0.7233776851,"CenCVar":0,"CenQgen":0},{"id":1184.0,"time":91,"bus_id":147,"name":"LAS_CATITAS_FV","CenPgen":0.0,"value":0.0,"CenCVar":0,"CenQgen":0},{"id":1184.0,"time":92,"bus_id":147,"name":"LAS_CATITAS_FV","CenPgen":0.0,"value":0.0,"CenCVar":0,"CenQgen":0},{"id":1184.0,"time":93,"bus_id":147,"name":"LAS_CATITAS_FV","CenPgen":0.0,"value":0.0,"CenCVar":0,"CenQgen":0},{"id":1184.0,"time":94,"bus_id":147,"name":"LAS_CATITAS_FV","CenPgen":0.0,"value":0.0,"CenCVar":0,"CenQgen":0},{"id":1184.0,"time":95,"bus_id":147,"name":"LAS_CATITAS_FV","CenPgen":0.0,"value":0.0,"CenCVar":0,"CenQgen":0},{"id":1184.0,"time":96,"bus_id":147,"name":"LAS_CATITAS_FV","CenPgen":0.0,"value":0.0,"CenCVar":0,"CenQgen":0},{"id":1184.0,"time":97,"bus_id":147,"name":"LAS_CATITAS_FV","CenPgen":0.0,"value":0.0,"CenCVar":0,"CenQgen":0},{"id":1184.0,"time":98,"bus_id":147,"name":"LAS_CATITAS_FV","CenPgen":0.0,"value":0.0,"CenCVar":0,"CenQgen":0},{"id":1184.0,"time":99,"bus_id":147,"name":"LAS_CATITAS_FV","CenPgen":0.0,"value":0.0,"CenCVar":0,"CenQgen":0},{"id":1184.0,"time":100,"bus_id":147,"name":"LAS_CATITAS_FV","CenPgen":0.0,"value":0.0,"CenCVar":0,"CenQgen":0},{"id":1184.0,"time":101,"bus_id":147,"name":"LAS_CATITAS_FV","CenPgen":0.0150360538,"value":0.0150360538,"CenCVar":0,"CenQgen":0},{"id":1184.0,"time":102,"bus_id":147,"name":"LAS_CATITAS_FV","CenPgen":0.0150360538,"value":0.0150360538,"CenCVar":0,"CenQgen":0},{"id":1184.0,"time":103,"bus_id":147,"name":"LAS_CATITAS_FV","CenPgen":0.0150360538,"value":0.0150360538,"CenCVar":0,"CenQgen":0},{"id":1184.0,"time":104,"bus_id":147,"name":"LAS_CATITAS_FV","CenPgen":0.0150360538,"value":0.0150360538,"CenCVar":0,"CenQgen":0},{"id":1184.0,"time":105,"bus_id":147,"name":"LAS_CATITAS_FV","CenPgen":0.0150360538,"value":0.0150360538,"CenCVar":0,"CenQgen":0},{"id":1184.0,"time":106,"bus_id":147,"name":"LAS_CATITAS_FV","CenPgen":0.42474747,"value":0.42474747,"CenCVar":0,"CenQgen":0},{"id":1184.0,"time":107,"bus_id":147,"name":"LAS_CATITAS_FV","CenPgen":2.15085163,"value":2.15085163,"CenCVar":0,"CenQgen":0},{"id":1184.0,"time":108,"bus_id":147,"name":"LAS_CATITAS_FV","CenPgen":2.15085163,"value":2.15085163,"CenCVar":0,"CenQgen":0},{"id":1184.0,"time":109,"bus_id":147,"name":"LAS_CATITAS_FV","CenPgen":1.83082403,"value":1.83082403,"CenCVar":0,"CenQgen":0},{"id":1184.0,"time":110,"bus_id":147,"name":"LAS_CATITAS_FV","CenPgen":1.83082403,"value":1.83082403,"CenCVar":0,"CenQgen":0},{"id":1184.0,"time":111,"bus_id":147,"name":"LAS_CATITAS_FV","CenPgen":1.83082403,"value":1.83082403,"CenCVar":0,"CenQgen":0},{"id":1184.0,"time":112,"bus_id":147,"name":"LAS_CATITAS_FV","CenPgen":1.83082403,"value":1.83082403,"CenCVar":0,"CenQgen":0},{"id":1184.0,"time":113,"bus_id":147,"name":"LAS_CATITAS_FV","CenPgen":1.83082403,"value":1.83082403,"CenCVar":0,"CenQgen":0},{"id":1184.0,"time":114,"bus_id":147,"name":"LAS_CATITAS_FV","CenPgen":1.83082403,"value":1.83082403,"CenCVar":0,"CenQgen":0},{"id":1184.0,"time":115,"bus_id":147,"name":"LAS_CATITAS_FV","CenPgen":0.0,"value":0.0,"CenCVar":0,"CenQgen":0},{"id":1184.0,"time":116,"bus_id":147,"name":"LAS_CATITAS_FV","CenPgen":0.0,"value":0.0,"CenCVar":0,"CenQgen":0},{"id":1184.0,"time":117,"bus_id":147,"name":"LAS_CATITAS_FV","CenPgen":0.0,"value":0.0,"CenCVar":0,"CenQgen":0},{"id":1184.0,"time":118,"bus_id":147,"name":"LAS_CATITAS_FV","CenPgen":0.0,"value":0.0,"CenCVar":0,"CenQgen":0},{"id":1184.0,"time":119,"bus_id":147,"name":"LAS_CATITAS_FV","CenPgen":0.0,"value":0.0,"CenCVar":0,"CenQgen":0},{"id":1184.0,"time":120,"bus_id":147,"name":"LAS_CATITAS_FV","CenPgen":0.0,"value":0.0,"CenCVar":0,"CenQgen":0},{"id":1184.0,"time":121,"bus_id":147,"name":"LAS_CATITAS_FV","CenPgen":0.0,"value":0.0,"CenCVar":0,"CenQgen":0},{"id":1184.0,"time":122,"bus_id":147,"name":"LAS_CATITAS_FV","CenPgen":0.0,"value":0.0,"CenCVar":0,"CenQgen":0},{"id":1184.0,"time":123,"bus_id":147,"name":"LAS_CATITAS_FV","CenPgen":0.0,"value":0.0,"CenCVar":0,"CenQgen":0},{"id":1184.0,"time":124,"bus_id":147,"name":"LAS_CATITAS_FV","CenPgen":0.0,"value":0.0,"CenCVar":0,"CenQgen":0},{"id":1184.0,"time":125,"bus_id":147,"name":"LAS_CATITAS_FV","CenPgen":0.0,"value":0.0,"CenCVar":0,"CenQgen":0},{"id":1184.0,"time":126,"bus_id":147,"name":"LAS_CATITAS_FV","CenPgen":0.0,"value":0.0,"CenCVar":0,"CenQgen":0},{"id":1184.0,"time":127,"bus_id":147,"name":"LAS_CATITAS_FV","CenPgen":0.0,"value":0.0,"CenCVar":0,"CenQgen":0},{"id":1184.0,"time":128,"bus_id":147,"name":"LAS_CATITAS_FV","CenPgen":0.00030071,"value":0.00030071,"CenCVar":0,"CenQgen":0},{"id":1184.0,"time":129,"bus_id":147,"name":"LAS_CATITAS_FV","CenPgen":0.33175971,"value":0.33175971,"CenCVar":0,"CenQgen":0},{"id":1184.0,"time":130,"bus_id":147,"name":"LAS_CATITAS_FV","CenPgen":1.4175582581,"value":1.4175582581,"CenCVar":0,"CenQgen":0},{"id":1184.0,"time":131,"bus_id":147,"name":"LAS_CATITAS_FV","CenPgen":2.9739393494,"value":2.9739393494,"CenCVar":0,"CenQgen":0},{"id":1184.0,"time":132,"bus_id":147,"name":"LAS_CATITAS_FV","CenPgen":2.9739393494,"value":2.9739393494,"CenCVar":0,"CenQgen":0},{"id":1184.0,"time":133,"bus_id":147,"name":"LAS_CATITAS_FV","CenPgen":2.9739393494,"value":2.9739393494,"CenCVar":0,"CenQgen":0},{"id":1184.0,"time":134,"bus_id":147,"name":"LAS_CATITAS_FV","CenPgen":2.9739393494,"value":2.9739393494,"CenCVar":0,"CenQgen":0},{"id":1184.0,"time":135,"bus_id":147,"name":"LAS_CATITAS_FV","CenPgen":2.9739393494,"value":2.9739393494,"CenCVar":0,"CenQgen":0},{"id":1184.0,"time":136,"bus_id":147,"name":"LAS_CATITAS_FV","CenPgen":2.23416177,"value":2.23416177,"CenCVar":0,"CenQgen":0},{"id":1184.0,"time":137,"bus_id":147,"name":"LAS_CATITAS_FV","CenPgen":0.55979094,"value":0.55979094,"CenCVar":0,"CenQgen":0},{"id":1184.0,"time":138,"bus_id":147,"name":"LAS_CATITAS_FV","CenPgen":0.55979094,"value":0.55979094,"CenCVar":0,"CenQgen":0},{"id":1184.0,"time":139,"bus_id":147,"name":"LAS_CATITAS_FV","CenPgen":0.0,"value":0.0,"CenCVar":0,"CenQgen":0},{"id":1184.0,"time":140,"bus_id":147,"name":"LAS_CATITAS_FV","CenPgen":0.0,"value":0.0,"CenCVar":0,"CenQgen":0},{"id":1184.0,"time":141,"bus_id":147,"name":"LAS_CATITAS_FV","CenPgen":0.0,"value":0.0,"CenCVar":0,"CenQgen":0},{"id":1184.0,"time":142,"bus_id":147,"name":"LAS_CATITAS_FV","CenPgen":0.0,"value":0.0,"CenCVar":0,"CenQgen":0},{"id":1184.0,"time":143,"bus_id":147,"name":"LAS_CATITAS_FV","CenPgen":0.0,"value":0.0,"CenCVar":0,"CenQgen":0},{"id":1184.0,"time":144,"bus_id":147,"name":"LAS_CATITAS_FV","CenPgen":0.0,"value":0.0,"CenCVar":0,"CenQgen":0},{"id":1184.0,"time":145,"bus_id":147,"name":"LAS_CATITAS_FV","CenPgen":0.0,"value":0.0,"CenCVar":0,"CenQgen":0},{"id":1184.0,"time":146,"bus_id":147,"name":"LAS_CATITAS_FV","CenPgen":0.0,"value":0.0,"CenCVar":0,"CenQgen":0},{"id":1184.0,"time":147,"bus_id":147,"name":"LAS_CATITAS_FV","CenPgen":0.0,"value":0.0,"CenCVar":0,"CenQgen":0},{"id":1184.0,"time":148,"bus_id":147,"name":"LAS_CATITAS_FV","CenPgen":0.0,"value":0.0,"CenCVar":0,"CenQgen":0},{"id":1184.0,"time":149,"bus_id":147,"name":"LAS_CATITAS_FV","CenPgen":0.0,"value":0.0,"CenCVar":0,"CenQgen":0},{"id":1184.0,"time":150,"bus_id":147,"name":"LAS_CATITAS_FV","CenPgen":0.0,"value":0.0,"CenCVar":0,"CenQgen":0},{"id":1184.0,"time":151,"bus_id":147,"name":"LAS_CATITAS_FV","CenPgen":0.0,"value":0.0,"CenCVar":0,"CenQgen":0},{"id":1184.0,"time":152,"bus_id":147,"name":"LAS_CATITAS_FV","CenPgen":0.0,"value":0.0,"CenCVar":0,"CenQgen":0},{"id":1184.0,"time":153,"bus_id":147,"name":"LAS_CATITAS_FV","CenPgen":0.17206784,"value":0.17206784,"CenCVar":0,"CenQgen":0},{"id":1184.0,"time":154,"bus_id":147,"name":"LAS_CATITAS_FV","CenPgen":1.0025785269,"value":1.0025785269,"CenCVar":0,"CenQgen":0},{"id":1184.0,"time":155,"bus_id":147,"name":"LAS_CATITAS_FV","CenPgen":1.0025785269,"value":1.0025785269,"CenCVar":0,"CenQgen":0},{"id":1184.0,"time":156,"bus_id":147,"name":"LAS_CATITAS_FV","CenPgen":1.0025785269,"value":1.0025785269,"CenCVar":0,"CenQgen":0},{"id":1184.0,"time":157,"bus_id":147,"name":"LAS_CATITAS_FV","CenPgen":1.5008517762,"value":1.5008517762,"CenCVar":0,"CenQgen":0},{"id":1184.0,"time":158,"bus_id":147,"name":"LAS_CATITAS_FV","CenPgen":1.6872015178,"value":1.6872015178,"CenCVar":0,"CenQgen":0},{"id":1184.0,"time":159,"bus_id":147,"name":"LAS_CATITAS_FV","CenPgen":1.6872015178,"value":1.6872015178,"CenCVar":0,"CenQgen":0},{"id":1184.0,"time":160,"bus_id":147,"name":"LAS_CATITAS_FV","CenPgen":1.6872015178,"value":1.6872015178,"CenCVar":0,"CenQgen":0},{"id":1184.0,"time":161,"bus_id":147,"name":"LAS_CATITAS_FV","CenPgen":0.1064498758,"value":0.1064498758,"CenCVar":0,"CenQgen":0},{"id":1184.0,"time":162,"bus_id":147,"name":"LAS_CATITAS_FV","CenPgen":0.1064498758,"value":0.1064498758,"CenCVar":0,"CenQgen":0},{"id":1184.0,"time":163,"bus_id":147,"name":"LAS_CATITAS_FV","CenPgen":0.1064498758,"value":0.1064498758,"CenCVar":0,"CenQgen":0},{"id":1184.0,"time":164,"bus_id":147,"name":"LAS_CATITAS_FV","CenPgen":0.0,"value":0.0,"CenCVar":0,"CenQgen":0},{"id":1184.0,"time":165,"bus_id":147,"name":"LAS_CATITAS_FV","CenPgen":0.0,"value":0.0,"CenCVar":0,"CenQgen":0},{"id":1184.0,"time":166,"bus_id":147,"name":"LAS_CATITAS_FV","CenPgen":0.0,"value":0.0,"CenCVar":0,"CenQgen":0},{"id":1184.0,"time":167,"bus_id":147,"name":"LAS_CATITAS_FV","CenPgen":0.0,"value":0.0,"CenCVar":0,"CenQgen":0},{"id":1184.0,"time":168,"bus_id":147,"name":"LAS_CATITAS_FV","CenPgen":0.0,"value":0.0,"CenCVar":0,"CenQgen":0}]