[{"id":1198.0,"time":1,"bus_id":154,"name":"FOSTER_FV","CenPgen":0.0,"value":0.0,"CenCVar":0,"CenQgen":0},{"id":1198.0,"time":2,"bus_id":154,"name":"FOSTER_FV","CenPgen":0.0,"value":0.0,"CenCVar":0,"CenQgen":0},{"id":1198.0,"time":3,"bus_id":154,"name":"FOSTER_FV","CenPgen":0.0,"value":0.0,"CenCVar":0,"CenQgen":0},{"id":1198.0,"time":4,"bus_id":154,"name":"FOSTER_FV","CenPgen":0.0,"value":0.0,"CenCVar":0,"CenQgen":0},{"id":1198.0,"time":5,"bus_id":154,"name":"FOSTER_FV","CenPgen":0.0,"value":0.0,"CenCVar":0,"CenQgen":0},{"id":1198.0,"time":6,"bus_id":154,"name":"FOSTER_FV","CenPgen":0.0,"value":0.0,"CenCVar":0,"CenQgen":0},{"id":1198.0,"time":7,"bus_id":154,"name":"FOSTER_FV","CenPgen":0.0,"value":0.0,"CenCVar":0,"CenQgen":0},{"id":1198.0,"time":8,"bus_id":154,"name":"FOSTER_FV","CenPgen":0.0032357579,"value":0.0032357579,"CenCVar":0,"CenQgen":0},{"id":1198.0,"time":9,"bus_id":154,"name":"FOSTER_FV","CenPgen":0.3806973476,"value":0.3806973476,"CenCVar":0,"CenQgen":0},{"id":1198.0,"time":10,"bus_id":154,"name":"FOSTER_FV","CenPgen":1.4889380493,"value":1.4889380493,"CenCVar":0,"CenQgen":0},{"id":1198.0,"time":11,"bus_id":154,"name":"FOSTER_FV","CenPgen":1.70304684,"value":1.70304684,"CenCVar":0,"CenQgen":0},{"id":1198.0,"time":12,"bus_id":154,"name":"FOSTER_FV","CenPgen":1.610214569,"value":1.610214569,"CenCVar":0,"CenQgen":0},{"id":1198.0,"time":13,"bus_id":154,"name":"FOSTER_FV","CenPgen":1.5370040893,"value":1.5370040893,"CenCVar":0,"CenQgen":0},{"id":1198.0,"time":14,"bus_id":154,"name":"FOSTER_FV","CenPgen":1.54809143,"value":1.54809143,"CenCVar":0,"CenQgen":0},{"id":1198.0,"time":15,"bus_id":154,"name":"FOSTER_FV","CenPgen":1.63481561,"value":1.63481561,"CenCVar":0,"CenQgen":0},{"id":1198.0,"time":16,"bus_id":154,"name":"FOSTER_FV","CenPgen":1.7130181885,"value":1.7130181885,"CenCVar":0,"CenQgen":0},{"id":1198.0,"time":17,"bus_id":154,"name":"FOSTER_FV","CenPgen":1.4177505951,"value":1.4177505951,"CenCVar":0,"CenQgen":0},{"id":1198.0,"time":18,"bus_id":154,"name":"FOSTER_FV","CenPgen":0.1914268,"value":0.1914268,"CenCVar":0,"CenQgen":0},{"id":1198.0,"time":19,"bus_id":154,"name":"FOSTER_FV","CenPgen":0.0009421688,"value":0.0009421688,"CenCVar":0,"CenQgen":0},{"id":1198.0,"time":20,"bus_id":154,"name":"FOSTER_FV","CenPgen":0.0,"value":0.0,"CenCVar":0,"CenQgen":0},{"id":1198.0,"time":21,"bus_id":154,"name":"FOSTER_FV","CenPgen":0.0,"value":0.0,"CenCVar":0,"CenQgen":0},{"id":1198.0,"time":22,"bus_id":154,"name":"FOSTER_FV","CenPgen":0.0,"value":0.0,"CenCVar":0,"CenQgen":0},{"id":1198.0,"time":23,"bus_id":154,"name":"FOSTER_FV","CenPgen":0.0,"value":0.0,"CenCVar":0,"CenQgen":0},{"id":1198.0,"time":24,"bus_id":154,"name":"FOSTER_FV","CenPgen":0.0,"value":0.0,"CenCVar":0,"CenQgen":0},{"id":1198.0,"time":25,"bus_id":154,"name":"FOSTER_FV","CenPgen":0.0,"value":0.0,"CenCVar":0,"CenQgen":0},{"id":1198.0,"time":26,"bus_id":154,"name":"FOSTER_FV","CenPgen":0.0,"value":0.0,"CenCVar":0,"CenQgen":0},{"id":1198.0,"time":27,"bus_id":154,"name":"FOSTER_FV","CenPgen":0.0,"value":0.0,"CenCVar":0,"CenQgen":0},{"id":1198.0,"time":28,"bus_id":154,"name":"FOSTER_FV","CenPgen":0.0,"value":0.0,"CenCVar":0,"CenQgen":0},{"id":1198.0,"time":29,"bus_id":154,"name":"FOSTER_FV","CenPgen":0.0,"value":0.0,"CenCVar":0,"CenQgen":0},{"id":1198.0,"time":30,"bus_id":154,"name":"FOSTER_FV","CenPgen":0.0,"value":0.0,"CenCVar":0,"CenQgen":0},{"id":1198.0,"time":31,"bus_id":154,"name":"FOSTER_FV","CenPgen":0.0,"value":0.0,"CenCVar":0,"CenQgen":0},{"id":1198.0,"time":32,"bus_id":154,"name":"FOSTER_FV","CenPgen":0.0034985693,"value":0.0034985693,"CenCVar":0,"CenQgen":0},{"id":1198.0,"time":33,"bus_id":154,"name":"FOSTER_FV","CenPgen":0.3846729679,"value":0.3846729679,"CenCVar":0,"CenQgen":0},{"id":1198.0,"time":34,"bus_id":154,"name":"FOSTER_FV","CenPgen":1.286920349,"value":1.286920349,"CenCVar":0,"CenQgen":0},{"id":1198.0,"time":35,"bus_id":154,"name":"FOSTER_FV","CenPgen":1.02825085,"value":1.02825085,"CenCVar":0,"CenQgen":0},{"id":1198.0,"time":36,"bus_id":154,"name":"FOSTER_FV","CenPgen":0.8560149,"value":0.8560149,"CenCVar":0,"CenQgen":0},{"id":1198.0,"time":37,"bus_id":154,"name":"FOSTER_FV","CenPgen":0.8560149,"value":0.8560149,"CenCVar":0,"CenQgen":0},{"id":1198.0,"time":38,"bus_id":154,"name":"FOSTER_FV","CenPgen":0.8560149,"value":0.8560149,"CenCVar":0,"CenQgen":0},{"id":1198.0,"time":39,"bus_id":154,"name":"FOSTER_FV","CenPgen":0.50823396,"value":0.50823396,"CenCVar":0,"CenQgen":0},{"id":1198.0,"time":40,"bus_id":154,"name":"FOSTER_FV","CenPgen":1.60389944,"value":1.60389944,"CenCVar":0,"CenQgen":0},{"id":1198.0,"time":41,"bus_id":154,"name":"FOSTER_FV","CenPgen":0.5313714562,"value":0.5313714562,"CenCVar":0,"CenQgen":0},{"id":1198.0,"time":42,"bus_id":154,"name":"FOSTER_FV","CenPgen":0.0607763381,"value":0.0607763381,"CenCVar":0,"CenQgen":0},{"id":1198.0,"time":43,"bus_id":154,"name":"FOSTER_FV","CenPgen":0.0009615265,"value":0.0009615265,"CenCVar":0,"CenQgen":0},{"id":1198.0,"time":44,"bus_id":154,"name":"FOSTER_FV","CenPgen":0.0,"value":0.0,"CenCVar":0,"CenQgen":0},{"id":1198.0,"time":45,"bus_id":154,"name":"FOSTER_FV","CenPgen":0.0,"value":0.0,"CenCVar":0,"CenQgen":0},{"id":1198.0,"time":46,"bus_id":154,"name":"FOSTER_FV","CenPgen":0.0,"value":0.0,"CenCVar":0,"CenQgen":0},{"id":1198.0,"time":47,"bus_id":154,"name":"FOSTER_FV","CenPgen":0.0,"value":0.0,"CenCVar":0,"CenQgen":0},{"id":1198.0,"time":48,"bus_id":154,"name":"FOSTER_FV","CenPgen":0.0,"value":0.0,"CenCVar":0,"CenQgen":0},{"id":1198.0,"time":49,"bus_id":154,"name":"FOSTER_FV","CenPgen":0.0,"value":0.0,"CenCVar":0,"CenQgen":0},{"id":1198.0,"time":50,"bus_id":154,"name":"FOSTER_FV","CenPgen":0.0,"value":0.0,"CenCVar":0,"CenQgen":0},{"id":1198.0,"time":51,"bus_id":154,"name":"FOSTER_FV","CenPgen":0.0,"value":0.0,"CenCVar":0,"CenQgen":0},{"id":1198.0,"time":52,"bus_id":154,"name":"FOSTER_FV","CenPgen":0.0,"value":0.0,"CenCVar":0,"CenQgen":0},{"id":1198.0,"time":53,"bus_id":154,"name":"FOSTER_FV","CenPgen":0.0,"value":0.0,"CenCVar":0,"CenQgen":0},{"id":1198.0,"time":54,"bus_id":154,"name":"FOSTER_FV","CenPgen":0.0,"value":0.0,"CenCVar":0,"CenQgen":0},{"id":1198.0,"time":55,"bus_id":154,"name":"FOSTER_FV","CenPgen":0.0,"value":0.0,"CenCVar":0,"CenQgen":0},{"id":1198.0,"time":56,"bus_id":154,"name":"FOSTER_FV","CenPgen":0.0012448956,"value":0.0012448956,"CenCVar":0,"CenQgen":0},{"id":1198.0,"time":57,"bus_id":154,"name":"FOSTER_FV","CenPgen":0.0666206764,"value":0.0666206764,"CenCVar":0,"CenQgen":0},{"id":1198.0,"time":58,"bus_id":154,"name":"FOSTER_FV","CenPgen":0.14006685,"value":0.14006685,"CenCVar":0,"CenQgen":0},{"id":1198.0,"time":59,"bus_id":154,"name":"FOSTER_FV","CenPgen":0.4323965573,"value":0.4323965573,"CenCVar":0,"CenQgen":0},{"id":1198.0,"time":60,"bus_id":154,"name":"FOSTER_FV","CenPgen":0.4323965573,"value":0.4323965573,"CenCVar":0,"CenQgen":0},{"id":1198.0,"time":61,"bus_id":154,"name":"FOSTER_FV","CenPgen":0.4323965573,"value":0.4323965573,"CenCVar":0,"CenQgen":0},{"id":1198.0,"time":62,"bus_id":154,"name":"FOSTER_FV","CenPgen":0.4323965573,"value":0.4323965573,"CenCVar":0,"CenQgen":0},{"id":1198.0,"time":63,"bus_id":154,"name":"FOSTER_FV","CenPgen":0.6244345855,"value":0.6244345855,"CenCVar":0,"CenQgen":0},{"id":1198.0,"time":64,"bus_id":154,"name":"FOSTER_FV","CenPgen":0.53014762,"value":0.53014762,"CenCVar":0,"CenQgen":0},{"id":1198.0,"time":65,"bus_id":154,"name":"FOSTER_FV","CenPgen":0.4716202469,"value":0.4716202469,"CenCVar":0,"CenQgen":0},{"id":1198.0,"time":66,"bus_id":154,"name":"FOSTER_FV","CenPgen":0.15333675,"value":0.15333675,"CenCVar":0,"CenQgen":0},{"id":1198.0,"time":67,"bus_id":154,"name":"FOSTER_FV","CenPgen":0.00117374,"value":0.00117374,"CenCVar":0,"CenQgen":0},{"id":1198.0,"time":68,"bus_id":154,"name":"FOSTER_FV","CenPgen":0.0,"value":0.0,"CenCVar":0,"CenQgen":0},{"id":1198.0,"time":69,"bus_id":154,"name":"FOSTER_FV","CenPgen":0.0,"value":0.0,"CenCVar":0,"CenQgen":0},{"id":1198.0,"time":70,"bus_id":154,"name":"FOSTER_FV","CenPgen":0.0,"value":0.0,"CenCVar":0,"CenQgen":0},{"id":1198.0,"time":71,"bus_id":154,"name":"FOSTER_FV","CenPgen":0.0,"value":0.0,"CenCVar":0,"CenQgen":0},{"id":1198.0,"time":72,"bus_id":154,"name":"FOSTER_FV","CenPgen":0.0,"value":0.0,"CenCVar":0,"CenQgen":0},{"id":1198.0,"time":73,"bus_id":154,"name":"FOSTER_FV","CenPgen":0.0,"value":0.0,"CenCVar":0,"CenQgen":0},{"id":1198.0,"time":74,"bus_id":154,"name":"FOSTER_FV","CenPgen":0.0,"value":0.0,"CenCVar":0,"CenQgen":0},{"id":1198.0,"time":75,"bus_id":154,"name":"FOSTER_FV","CenPgen":0.0,"value":0.0,"CenCVar":0,"CenQgen":0},{"id":1198.0,"time":76,"bus_id":154,"name":"FOSTER_FV","CenPgen":0.0,"value":0.0,"CenCVar":0,"CenQgen":0},{"id":1198.0,"time":77,"bus_id":154,"name":"FOSTER_FV","CenPgen":0.0,"value":0.0,"CenCVar":0,"CenQgen":0},{"id":1198.0,"time":78,"bus_id":154,"name":"FOSTER_FV","CenPgen":0.0,"value":0.0,"CenCVar":0,"CenQgen":0},{"id":1198.0,"time":79,"bus_id":154,"name":"FOSTER_FV","CenPgen":0.0,"value":0.0,"CenCVar":0,"CenQgen":0},{"id":1198.0,"time":80,"bus_id":154,"name":"FOSTER_FV","CenPgen":0.0000434361,"value":0.0000434361,"CenCVar":0,"CenQgen":0},{"id":1198.0,"time":81,"bus_id":154,"name":"FOSTER_FV","CenPgen":0.02627044,"value":0.02627044,"CenCVar":0,"CenQgen":0},{"id":1198.0,"time":82,"bus_id":154,"name":"FOSTER_FV","CenPgen":0.1334820099,"value":0.1334820099,"CenCVar":0,"CenQgen":0},{"id":1198.0,"time":83,"bus_id":154,"name":"FOSTER_FV","CenPgen":0.36198041,"value":0.36198041,"CenCVar":0,"CenQgen":0},{"id":1198.0,"time":84,"bus_id":154,"name":"FOSTER_FV","CenPgen":0.36198041,"value":0.36198041,"CenCVar":0,"CenQgen":0},{"id":1198.0,"time":85,"bus_id":154,"name":"FOSTER_FV","CenPgen":0.4205062585,"value":0.4205062585,"CenCVar":0,"CenQgen":0},{"id":1198.0,"time":86,"bus_id":154,"name":"FOSTER_FV","CenPgen":0.4205062585,"value":0.4205062585,"CenCVar":0,"CenQgen":0},{"id":1198.0,"time":87,"bus_id":154,"name":"FOSTER_FV","CenPgen":0.4205062585,"value":0.4205062585,"CenCVar":0,"CenQgen":0},{"id":1198.0,"time":88,"bus_id":154,"name":"FOSTER_FV","CenPgen":0.4205062585,"value":0.4205062585,"CenCVar":0,"CenQgen":0},{"id":1198.0,"time":89,"bus_id":154,"name":"FOSTER_FV","CenPgen":0.04507786,"value":0.04507786,"CenCVar":0,"CenQgen":0},{"id":1198.0,"time":90,"bus_id":154,"name":"FOSTER_FV","CenPgen":0.04507786,"value":0.04507786,"CenCVar":0,"CenQgen":0},{"id":1198.0,"time":91,"bus_id":154,"name":"FOSTER_FV","CenPgen":0.0,"value":0.0,"CenCVar":0,"CenQgen":0},{"id":1198.0,"time":92,"bus_id":154,"name":"FOSTER_FV","CenPgen":0.0,"value":0.0,"CenCVar":0,"CenQgen":0},{"id":1198.0,"time":93,"bus_id":154,"name":"FOSTER_FV","CenPgen":0.0,"value":0.0,"CenCVar":0,"CenQgen":0},{"id":1198.0,"time":94,"bus_id":154,"name":"FOSTER_FV","CenPgen":0.0,"value":0.0,"CenCVar":0,"CenQgen":0},{"id":1198.0,"time":95,"bus_id":154,"name":"FOSTER_FV","CenPgen":0.0,"value":0.0,"CenCVar":0,"CenQgen":0},{"id":1198.0,"time":96,"bus_id":154,"name":"FOSTER_FV","CenPgen":0.0,"value":0.0,"CenCVar":0,"CenQgen":0},{"id":1198.0,"time":97,"bus_id":154,"name":"FOSTER_FV","CenPgen":0.0,"value":0.0,"CenCVar":0,"CenQgen":0},{"id":1198.0,"time":98,"bus_id":154,"name":"FOSTER_FV","CenPgen":0.0,"value":0.0,"CenCVar":0,"CenQgen":0},{"id":1198.0,"time":99,"bus_id":154,"name":"FOSTER_FV","CenPgen":0.0,"value":0.0,"CenCVar":0,"CenQgen":0},{"id":1198.0,"time":100,"bus_id":154,"name":"FOSTER_FV","CenPgen":0.0,"value":0.0,"CenCVar":0,"CenQgen":0},{"id":1198.0,"time":101,"bus_id":154,"name":"FOSTER_FV","CenPgen":0.0085643209,"value":0.0085643209,"CenCVar":0,"CenQgen":0},{"id":1198.0,"time":102,"bus_id":154,"name":"FOSTER_FV","CenPgen":0.0085643209,"value":0.0085643209,"CenCVar":0,"CenQgen":0},{"id":1198.0,"time":103,"bus_id":154,"name":"FOSTER_FV","CenPgen":0.0085643209,"value":0.0085643209,"CenCVar":0,"CenQgen":0},{"id":1198.0,"time":104,"bus_id":154,"name":"FOSTER_FV","CenPgen":0.0085643209,"value":0.0085643209,"CenCVar":0,"CenQgen":0},{"id":1198.0,"time":105,"bus_id":154,"name":"FOSTER_FV","CenPgen":0.0085643209,"value":0.0085643209,"CenCVar":0,"CenQgen":0},{"id":1198.0,"time":106,"bus_id":154,"name":"FOSTER_FV","CenPgen":0.43051399,"value":0.43051399,"CenCVar":0,"CenQgen":0},{"id":1198.0,"time":107,"bus_id":154,"name":"FOSTER_FV","CenPgen":0.6182684594,"value":0.6182684594,"CenCVar":0,"CenQgen":0},{"id":1198.0,"time":108,"bus_id":154,"name":"FOSTER_FV","CenPgen":0.6182684594,"value":0.6182684594,"CenCVar":0,"CenQgen":0},{"id":1198.0,"time":109,"bus_id":154,"name":"FOSTER_FV","CenPgen":0.76375806,"value":0.76375806,"CenCVar":0,"CenQgen":0},{"id":1198.0,"time":110,"bus_id":154,"name":"FOSTER_FV","CenPgen":0.76375806,"value":0.76375806,"CenCVar":0,"CenQgen":0},{"id":1198.0,"time":111,"bus_id":154,"name":"FOSTER_FV","CenPgen":0.76375806,"value":0.76375806,"CenCVar":0,"CenQgen":0},{"id":1198.0,"time":112,"bus_id":154,"name":"FOSTER_FV","CenPgen":0.76375806,"value":0.76375806,"CenCVar":0,"CenQgen":0},{"id":1198.0,"time":113,"bus_id":154,"name":"FOSTER_FV","CenPgen":0.76375806,"value":0.76375806,"CenCVar":0,"CenQgen":0},{"id":1198.0,"time":114,"bus_id":154,"name":"FOSTER_FV","CenPgen":0.76375806,"value":0.76375806,"CenCVar":0,"CenQgen":0},{"id":1198.0,"time":115,"bus_id":154,"name":"FOSTER_FV","CenPgen":0.0002486662,"value":0.0002486662,"CenCVar":0,"CenQgen":0},{"id":1198.0,"time":116,"bus_id":154,"name":"FOSTER_FV","CenPgen":0.0,"value":0.0,"CenCVar":0,"CenQgen":0},{"id":1198.0,"time":117,"bus_id":154,"name":"FOSTER_FV","CenPgen":0.0,"value":0.0,"CenCVar":0,"CenQgen":0},{"id":1198.0,"time":118,"bus_id":154,"name":"FOSTER_FV","CenPgen":0.0,"value":0.0,"CenCVar":0,"CenQgen":0},{"id":1198.0,"time":119,"bus_id":154,"name":"FOSTER_FV","CenPgen":0.0,"value":0.0,"CenCVar":0,"CenQgen":0},{"id":1198.0,"time":120,"bus_id":154,"name":"FOSTER_FV","CenPgen":0.0,"value":0.0,"CenCVar":0,"CenQgen":0},{"id":1198.0,"time":121,"bus_id":154,"name":"FOSTER_FV","CenPgen":0.0,"value":0.0,"CenCVar":0,"CenQgen":0},{"id":1198.0,"time":122,"bus_id":154,"name":"FOSTER_FV","CenPgen":0.0,"value":0.0,"CenCVar":0,"CenQgen":0},{"id":1198.0,"time":123,"bus_id":154,"name":"FOSTER_FV","CenPgen":0.0,"value":0.0,"CenCVar":0,"CenQgen":0},{"id":1198.0,"time":124,"bus_id":154,"name":"FOSTER_FV","CenPgen":0.0,"value":0.0,"CenCVar":0,"CenQgen":0},{"id":1198.0,"time":125,"bus_id":154,"name":"FOSTER_FV","CenPgen":0.0,"value":0.0,"CenCVar":0,"CenQgen":0},{"id":1198.0,"time":126,"bus_id":154,"name":"FOSTER_FV","CenPgen":0.0,"value":0.0,"CenCVar":0,"CenQgen":0},{"id":1198.0,"time":127,"bus_id":154,"name":"FOSTER_FV","CenPgen":0.0,"value":0.0,"CenCVar":0,"CenQgen":0},{"id":1198.0,"time":128,"bus_id":154,"name":"FOSTER_FV","CenPgen":0.0007656686,"value":0.0007656686,"CenCVar":0,"CenQgen":0},{"id":1198.0,"time":129,"bus_id":154,"name":"FOSTER_FV","CenPgen":0.08363052,"value":0.08363052,"CenCVar":0,"CenQgen":0},{"id":1198.0,"time":130,"bus_id":154,"name":"FOSTER_FV","CenPgen":0.23227716,"value":0.23227716,"CenCVar":0,"CenQgen":0},{"id":1198.0,"time":131,"bus_id":154,"name":"FOSTER_FV","CenPgen":0.8867558884,"value":0.8867558884,"CenCVar":0,"CenQgen":0},{"id":1198.0,"time":132,"bus_id":154,"name":"FOSTER_FV","CenPgen":0.8867558884,"value":0.8867558884,"CenCVar":0,"CenQgen":0},{"id":1198.0,"time":133,"bus_id":154,"name":"FOSTER_FV","CenPgen":0.8867558884,"value":0.8867558884,"CenCVar":0,"CenQgen":0},{"id":1198.0,"time":134,"bus_id":154,"name":"FOSTER_FV","CenPgen":0.8867558884,"value":0.8867558884,"CenCVar":0,"CenQgen":0},{"id":1198.0,"time":135,"bus_id":154,"name":"FOSTER_FV","CenPgen":0.8867558884,"value":0.8867558884,"CenCVar":0,"CenQgen":0},{"id":1198.0,"time":136,"bus_id":154,"name":"FOSTER_FV","CenPgen":0.53984252,"value":0.53984252,"CenCVar":0,"CenQgen":0},{"id":1198.0,"time":137,"bus_id":154,"name":"FOSTER_FV","CenPgen":0.53971029,"value":0.53971029,"CenCVar":0,"CenQgen":0},{"id":1198.0,"time":138,"bus_id":154,"name":"FOSTER_FV","CenPgen":0.53971029,"value":0.53971029,"CenCVar":0,"CenQgen":0},{"id":1198.0,"time":139,"bus_id":154,"name":"FOSTER_FV","CenPgen":0.000026089,"value":0.000026089,"CenCVar":0,"CenQgen":0},{"id":1198.0,"time":140,"bus_id":154,"name":"FOSTER_FV","CenPgen":0.0,"value":0.0,"CenCVar":0,"CenQgen":0},{"id":1198.0,"time":141,"bus_id":154,"name":"FOSTER_FV","CenPgen":0.0,"value":0.0,"CenCVar":0,"CenQgen":0},{"id":1198.0,"time":142,"bus_id":154,"name":"FOSTER_FV","CenPgen":0.0,"value":0.0,"CenCVar":0,"CenQgen":0},{"id":1198.0,"time":143,"bus_id":154,"name":"FOSTER_FV","CenPgen":0.0,"value":0.0,"CenCVar":0,"CenQgen":0},{"id":1198.0,"time":144,"bus_id":154,"name":"FOSTER_FV","CenPgen":0.0,"value":0.0,"CenCVar":0,"CenQgen":0},{"id":1198.0,"time":145,"bus_id":154,"name":"FOSTER_FV","CenPgen":0.0,"value":0.0,"CenCVar":0,"CenQgen":0},{"id":1198.0,"time":146,"bus_id":154,"name":"FOSTER_FV","CenPgen":0.0,"value":0.0,"CenCVar":0,"CenQgen":0},{"id":1198.0,"time":147,"bus_id":154,"name":"FOSTER_FV","CenPgen":0.0,"value":0.0,"CenCVar":0,"CenQgen":0},{"id":1198.0,"time":148,"bus_id":154,"name":"FOSTER_FV","CenPgen":0.0,"value":0.0,"CenCVar":0,"CenQgen":0},{"id":1198.0,"time":149,"bus_id":154,"name":"FOSTER_FV","CenPgen":0.0,"value":0.0,"CenCVar":0,"CenQgen":0},{"id":1198.0,"time":150,"bus_id":154,"name":"FOSTER_FV","CenPgen":0.0,"value":0.0,"CenCVar":0,"CenQgen":0},{"id":1198.0,"time":151,"bus_id":154,"name":"FOSTER_FV","CenPgen":0.0,"value":0.0,"CenCVar":0,"CenQgen":0},{"id":1198.0,"time":152,"bus_id":154,"name":"FOSTER_FV","CenPgen":0.00231574,"value":0.00231574,"CenCVar":0,"CenQgen":0},{"id":1198.0,"time":153,"bus_id":154,"name":"FOSTER_FV","CenPgen":0.08556265,"value":0.08556265,"CenCVar":0,"CenQgen":0},{"id":1198.0,"time":154,"bus_id":154,"name":"FOSTER_FV","CenPgen":0.96483116,"value":0.96483116,"CenCVar":0,"CenQgen":0},{"id":1198.0,"time":155,"bus_id":154,"name":"FOSTER_FV","CenPgen":0.96483116,"value":0.96483116,"CenCVar":0,"CenQgen":0},{"id":1198.0,"time":156,"bus_id":154,"name":"FOSTER_FV","CenPgen":0.96483116,"value":0.96483116,"CenCVar":0,"CenQgen":0},{"id":1198.0,"time":157,"bus_id":154,"name":"FOSTER_FV","CenPgen":1.30440463,"value":1.30440463,"CenCVar":0,"CenQgen":0},{"id":1198.0,"time":158,"bus_id":154,"name":"FOSTER_FV","CenPgen":0.57082964,"value":0.57082964,"CenCVar":0,"CenQgen":0},{"id":1198.0,"time":159,"bus_id":154,"name":"FOSTER_FV","CenPgen":0.57082964,"value":0.57082964,"CenCVar":0,"CenQgen":0},{"id":1198.0,"time":160,"bus_id":154,"name":"FOSTER_FV","CenPgen":0.57082964,"value":0.57082964,"CenCVar":0,"CenQgen":0},{"id":1198.0,"time":161,"bus_id":154,"name":"FOSTER_FV","CenPgen":0.0451858354,"value":0.0451858354,"CenCVar":0,"CenQgen":0},{"id":1198.0,"time":162,"bus_id":154,"name":"FOSTER_FV","CenPgen":0.0451858354,"value":0.0451858354,"CenCVar":0,"CenQgen":0},{"id":1198.0,"time":163,"bus_id":154,"name":"FOSTER_FV","CenPgen":0.0451858354,"value":0.0451858354,"CenCVar":0,"CenQgen":0},{"id":1198.0,"time":164,"bus_id":154,"name":"FOSTER_FV","CenPgen":0.0,"value":0.0,"CenCVar":0,"CenQgen":0},{"id":1198.0,"time":165,"bus_id":154,"name":"FOSTER_FV","CenPgen":0.0,"value":0.0,"CenCVar":0,"CenQgen":0},{"id":1198.0,"time":166,"bus_id":154,"name":"FOSTER_FV","CenPgen":0.0,"value":0.0,"CenCVar":0,"CenQgen":0},{"id":1198.0,"time":167,"bus_id":154,"name":"FOSTER_FV","CenPgen":0.0,"value":0.0,"CenCVar":0,"CenQgen":0},{"id":1198.0,"time":168,"bus_id":154,"name":"FOSTER_FV","CenPgen":0.0,"value":0.0,"CenCVar":0,"CenQgen":0}]