[{"id":1251.0,"time":1,"bus_id":165,"name":"RATULEMUS_FV","CenPgen":0.0,"value":0.0,"CenCVar":0,"CenQgen":0},{"id":1251.0,"time":2,"bus_id":165,"name":"RATULEMUS_FV","CenPgen":0.0,"value":0.0,"CenCVar":0,"CenQgen":0},{"id":1251.0,"time":3,"bus_id":165,"name":"RATULEMUS_FV","CenPgen":0.0,"value":0.0,"CenCVar":0,"CenQgen":0},{"id":1251.0,"time":4,"bus_id":165,"name":"RATULEMUS_FV","CenPgen":0.0,"value":0.0,"CenCVar":0,"CenQgen":0},{"id":1251.0,"time":5,"bus_id":165,"name":"RATULEMUS_FV","CenPgen":0.0,"value":0.0,"CenCVar":0,"CenQgen":0},{"id":1251.0,"time":6,"bus_id":165,"name":"RATULEMUS_FV","CenPgen":0.0,"value":0.0,"CenCVar":0,"CenQgen":0},{"id":1251.0,"time":7,"bus_id":165,"name":"RATULEMUS_FV","CenPgen":0.0,"value":0.0,"CenCVar":0,"CenQgen":0},{"id":1251.0,"time":8,"bus_id":165,"name":"RATULEMUS_FV","CenPgen":0.0,"value":0.0,"CenCVar":0,"CenQgen":0},{"id":1251.0,"time":9,"bus_id":165,"name":"RATULEMUS_FV","CenPgen":0.086634119,"value":0.086634119,"CenCVar":0,"CenQgen":0},{"id":1251.0,"time":10,"bus_id":165,"name":"RATULEMUS_FV","CenPgen":0.3506877975,"value":0.3506877975,"CenCVar":0,"CenQgen":0},{"id":1251.0,"time":11,"bus_id":165,"name":"RATULEMUS_FV","CenPgen":0.4653323898,"value":0.4653323898,"CenCVar":0,"CenQgen":0},{"id":1251.0,"time":12,"bus_id":165,"name":"RATULEMUS_FV","CenPgen":0.6947127075,"value":0.6947127075,"CenCVar":0,"CenQgen":0},{"id":1251.0,"time":13,"bus_id":165,"name":"RATULEMUS_FV","CenPgen":1.1014047241,"value":1.1014047241,"CenCVar":0,"CenQgen":0},{"id":1251.0,"time":14,"bus_id":165,"name":"RATULEMUS_FV","CenPgen":1.5629162598,"value":1.5629162598,"CenCVar":0,"CenQgen":0},{"id":1251.0,"time":15,"bus_id":165,"name":"RATULEMUS_FV","CenPgen":1.0693950348,"value":1.0693950348,"CenCVar":0,"CenQgen":0},{"id":1251.0,"time":16,"bus_id":165,"name":"RATULEMUS_FV","CenPgen":1.0384696961,"value":1.0384696961,"CenCVar":0,"CenQgen":0},{"id":1251.0,"time":17,"bus_id":165,"name":"RATULEMUS_FV","CenPgen":0.2202382431,"value":0.2202382431,"CenCVar":0,"CenQgen":0},{"id":1251.0,"time":18,"bus_id":165,"name":"RATULEMUS_FV","CenPgen":0.0442376009,"value":0.0442376009,"CenCVar":0,"CenQgen":0},{"id":1251.0,"time":19,"bus_id":165,"name":"RATULEMUS_FV","CenPgen":0.0,"value":0.0,"CenCVar":0,"CenQgen":0},{"id":1251.0,"time":20,"bus_id":165,"name":"RATULEMUS_FV","CenPgen":0.0,"value":0.0,"CenCVar":0,"CenQgen":0},{"id":1251.0,"time":21,"bus_id":165,"name":"RATULEMUS_FV","CenPgen":0.0,"value":0.0,"CenCVar":0,"CenQgen":0},{"id":1251.0,"time":22,"bus_id":165,"name":"RATULEMUS_FV","CenPgen":0.0,"value":0.0,"CenCVar":0,"CenQgen":0},{"id":1251.0,"time":23,"bus_id":165,"name":"RATULEMUS_FV","CenPgen":0.0,"value":0.0,"CenCVar":0,"CenQgen":0},{"id":1251.0,"time":24,"bus_id":165,"name":"RATULEMUS_FV","CenPgen":0.0,"value":0.0,"CenCVar":0,"CenQgen":0},{"id":1251.0,"time":25,"bus_id":165,"name":"RATULEMUS_FV","CenPgen":0.0,"value":0.0,"CenCVar":0,"CenQgen":0},{"id":1251.0,"time":26,"bus_id":165,"name":"RATULEMUS_FV","CenPgen":0.0,"value":0.0,"CenCVar":0,"CenQgen":0},{"id":1251.0,"time":27,"bus_id":165,"name":"RATULEMUS_FV","CenPgen":0.0,"value":0.0,"CenCVar":0,"CenQgen":0},{"id":1251.0,"time":28,"bus_id":165,"name":"RATULEMUS_FV","CenPgen":0.0,"value":0.0,"CenCVar":0,"CenQgen":0},{"id":1251.0,"time":29,"bus_id":165,"name":"RATULEMUS_FV","CenPgen":0.0,"value":0.0,"CenCVar":0,"CenQgen":0},{"id":1251.0,"time":30,"bus_id":165,"name":"RATULEMUS_FV","CenPgen":0.0,"value":0.0,"CenCVar":0,"CenQgen":0},{"id":1251.0,"time":31,"bus_id":165,"name":"RATULEMUS_FV","CenPgen":0.0,"value":0.0,"CenCVar":0,"CenQgen":0},{"id":1251.0,"time":32,"bus_id":165,"name":"RATULEMUS_FV","CenPgen":0.0,"value":0.0,"CenCVar":0,"CenQgen":0},{"id":1251.0,"time":33,"bus_id":165,"name":"RATULEMUS_FV","CenPgen":0.0293687387,"value":0.0293687387,"CenCVar":0,"CenQgen":0},{"id":1251.0,"time":34,"bus_id":165,"name":"RATULEMUS_FV","CenPgen":0.1496085873,"value":0.1496085873,"CenCVar":0,"CenQgen":0},{"id":1251.0,"time":35,"bus_id":165,"name":"RATULEMUS_FV","CenPgen":0.1664156342,"value":0.1664156342,"CenCVar":0,"CenQgen":0},{"id":1251.0,"time":36,"bus_id":165,"name":"RATULEMUS_FV","CenPgen":0.3954451344,"value":0.3954451344,"CenCVar":0,"CenQgen":0},{"id":1251.0,"time":37,"bus_id":165,"name":"RATULEMUS_FV","CenPgen":0.3954451344,"value":0.3954451344,"CenCVar":0,"CenQgen":0},{"id":1251.0,"time":38,"bus_id":165,"name":"RATULEMUS_FV","CenPgen":0.3954451344,"value":0.3954451344,"CenCVar":0,"CenQgen":0},{"id":1251.0,"time":39,"bus_id":165,"name":"RATULEMUS_FV","CenPgen":0.4401994476,"value":0.4401994476,"CenCVar":0,"CenQgen":0},{"id":1251.0,"time":40,"bus_id":165,"name":"RATULEMUS_FV","CenPgen":0.2069827385,"value":0.2069827385,"CenCVar":0,"CenQgen":0},{"id":1251.0,"time":41,"bus_id":165,"name":"RATULEMUS_FV","CenPgen":0.1649195328,"value":0.1649195328,"CenCVar":0,"CenQgen":0},{"id":1251.0,"time":42,"bus_id":165,"name":"RATULEMUS_FV","CenPgen":0.0466327335,"value":0.0466327335,"CenCVar":0,"CenQgen":0},{"id":1251.0,"time":43,"bus_id":165,"name":"RATULEMUS_FV","CenPgen":0.0000480398,"value":0.0000480398,"CenCVar":0,"CenQgen":0},{"id":1251.0,"time":44,"bus_id":165,"name":"RATULEMUS_FV","CenPgen":0.0,"value":0.0,"CenCVar":0,"CenQgen":0},{"id":1251.0,"time":45,"bus_id":165,"name":"RATULEMUS_FV","CenPgen":0.0,"value":0.0,"CenCVar":0,"CenQgen":0},{"id":1251.0,"time":46,"bus_id":165,"name":"RATULEMUS_FV","CenPgen":0.0,"value":0.0,"CenCVar":0,"CenQgen":0},{"id":1251.0,"time":47,"bus_id":165,"name":"RATULEMUS_FV","CenPgen":0.0,"value":0.0,"CenCVar":0,"CenQgen":0},{"id":1251.0,"time":48,"bus_id":165,"name":"RATULEMUS_FV","CenPgen":0.0,"value":0.0,"CenCVar":0,"CenQgen":0},{"id":1251.0,"time":49,"bus_id":165,"name":"RATULEMUS_FV","CenPgen":0.0,"value":0.0,"CenCVar":0,"CenQgen":0},{"id":1251.0,"time":50,"bus_id":165,"name":"RATULEMUS_FV","CenPgen":0.0,"value":0.0,"CenCVar":0,"CenQgen":0},{"id":1251.0,"time":51,"bus_id":165,"name":"RATULEMUS_FV","CenPgen":0.0,"value":0.0,"CenCVar":0,"CenQgen":0},{"id":1251.0,"time":52,"bus_id":165,"name":"RATULEMUS_FV","CenPgen":0.0,"value":0.0,"CenCVar":0,"CenQgen":0},{"id":1251.0,"time":53,"bus_id":165,"name":"RATULEMUS_FV","CenPgen":0.0,"value":0.0,"CenCVar":0,"CenQgen":0},{"id":1251.0,"time":54,"bus_id":165,"name":"RATULEMUS_FV","CenPgen":0.0,"value":0.0,"CenCVar":0,"CenQgen":0},{"id":1251.0,"time":55,"bus_id":165,"name":"RATULEMUS_FV","CenPgen":0.0,"value":0.0,"CenCVar":0,"CenQgen":0},{"id":1251.0,"time":56,"bus_id":165,"name":"RATULEMUS_FV","CenPgen":0.0,"value":0.0,"CenCVar":0,"CenQgen":0},{"id":1251.0,"time":57,"bus_id":165,"name":"RATULEMUS_FV","CenPgen":0.2343192534,"value":0.2343192534,"CenCVar":0,"CenQgen":0},{"id":1251.0,"time":58,"bus_id":165,"name":"RATULEMUS_FV","CenPgen":0.0651042458,"value":0.0651042458,"CenCVar":0,"CenQgen":0},{"id":1251.0,"time":59,"bus_id":165,"name":"RATULEMUS_FV","CenPgen":1.2414359643,"value":1.2414359643,"CenCVar":0,"CenQgen":0},{"id":1251.0,"time":60,"bus_id":165,"name":"RATULEMUS_FV","CenPgen":1.2414359643,"value":1.2414359643,"CenCVar":0,"CenQgen":0},{"id":1251.0,"time":61,"bus_id":165,"name":"RATULEMUS_FV","CenPgen":1.2414359643,"value":1.2414359643,"CenCVar":0,"CenQgen":0},{"id":1251.0,"time":62,"bus_id":165,"name":"RATULEMUS_FV","CenPgen":1.2414359643,"value":1.2414359643,"CenCVar":0,"CenQgen":0},{"id":1251.0,"time":63,"bus_id":165,"name":"RATULEMUS_FV","CenPgen":1.0923548584,"value":1.0923548584,"CenCVar":0,"CenQgen":0},{"id":1251.0,"time":64,"bus_id":165,"name":"RATULEMUS_FV","CenPgen":1.395979187,"value":1.395979187,"CenCVar":0,"CenQgen":0},{"id":1251.0,"time":65,"bus_id":165,"name":"RATULEMUS_FV","CenPgen":0.9645767366,"value":0.9645767366,"CenCVar":0,"CenQgen":0},{"id":1251.0,"time":66,"bus_id":165,"name":"RATULEMUS_FV","CenPgen":0.1397773974,"value":0.1397773974,"CenCVar":0,"CenQgen":0},{"id":1251.0,"time":67,"bus_id":165,"name":"RATULEMUS_FV","CenPgen":0.0000174462,"value":0.0000174462,"CenCVar":0,"CenQgen":0},{"id":1251.0,"time":68,"bus_id":165,"name":"RATULEMUS_FV","CenPgen":0.0,"value":0.0,"CenCVar":0,"CenQgen":0},{"id":1251.0,"time":69,"bus_id":165,"name":"RATULEMUS_FV","CenPgen":0.0,"value":0.0,"CenCVar":0,"CenQgen":0},{"id":1251.0,"time":70,"bus_id":165,"name":"RATULEMUS_FV","CenPgen":0.0,"value":0.0,"CenCVar":0,"CenQgen":0},{"id":1251.0,"time":71,"bus_id":165,"name":"RATULEMUS_FV","CenPgen":0.0,"value":0.0,"CenCVar":0,"CenQgen":0},{"id":1251.0,"time":72,"bus_id":165,"name":"RATULEMUS_FV","CenPgen":0.0,"value":0.0,"CenCVar":0,"CenQgen":0},{"id":1251.0,"time":73,"bus_id":165,"name":"RATULEMUS_FV","CenPgen":0.0,"value":0.0,"CenCVar":0,"CenQgen":0},{"id":1251.0,"time":74,"bus_id":165,"name":"RATULEMUS_FV","CenPgen":0.0,"value":0.0,"CenCVar":0,"CenQgen":0},{"id":1251.0,"time":75,"bus_id":165,"name":"RATULEMUS_FV","CenPgen":0.0,"value":0.0,"CenCVar":0,"CenQgen":0},{"id":1251.0,"time":76,"bus_id":165,"name":"RATULEMUS_FV","CenPgen":0.0,"value":0.0,"CenCVar":0,"CenQgen":0},{"id":1251.0,"time":77,"bus_id":165,"name":"RATULEMUS_FV","CenPgen":0.0,"value":0.0,"CenCVar":0,"CenQgen":0},{"id":1251.0,"time":78,"bus_id":165,"name":"RATULEMUS_FV","CenPgen":0.0,"value":0.0,"CenCVar":0,"CenQgen":0},{"id":1251.0,"time":79,"bus_id":165,"name":"RATULEMUS_FV","CenPgen":0.0,"value":0.0,"CenCVar":0,"CenQgen":0},{"id":1251.0,"time":80,"bus_id":165,"name":"RATULEMUS_FV","CenPgen":0.0,"value":0.0,"CenCVar":0,"CenQgen":0},{"id":1251.0,"time":81,"bus_id":165,"name":"RATULEMUS_FV","CenPgen":0.0815659235,"value":0.0815659235,"CenCVar":0,"CenQgen":0},{"id":1251.0,"time":82,"bus_id":165,"name":"RATULEMUS_FV","CenPgen":0.3441424903,"value":0.3441424903,"CenCVar":0,"CenQgen":0},{"id":1251.0,"time":83,"bus_id":165,"name":"RATULEMUS_FV","CenPgen":1.3366232452,"value":1.3366232452,"CenCVar":0,"CenQgen":0},{"id":1251.0,"time":84,"bus_id":165,"name":"RATULEMUS_FV","CenPgen":1.3366232452,"value":1.3366232452,"CenCVar":0,"CenQgen":0},{"id":1251.0,"time":85,"bus_id":165,"name":"RATULEMUS_FV","CenPgen":1.4353953095,"value":1.4353953095,"CenCVar":0,"CenQgen":0},{"id":1251.0,"time":86,"bus_id":165,"name":"RATULEMUS_FV","CenPgen":1.4353953095,"value":1.4353953095,"CenCVar":0,"CenQgen":0},{"id":1251.0,"time":87,"bus_id":165,"name":"RATULEMUS_FV","CenPgen":1.4353953095,"value":1.4353953095,"CenCVar":0,"CenQgen":0},{"id":1251.0,"time":88,"bus_id":165,"name":"RATULEMUS_FV","CenPgen":1.4353953095,"value":1.4353953095,"CenCVar":0,"CenQgen":0},{"id":1251.0,"time":89,"bus_id":165,"name":"RATULEMUS_FV","CenPgen":0.2226148606,"value":0.2226148606,"CenCVar":0,"CenQgen":0},{"id":1251.0,"time":90,"bus_id":165,"name":"RATULEMUS_FV","CenPgen":0.2226148606,"value":0.2226148606,"CenCVar":0,"CenQgen":0},{"id":1251.0,"time":91,"bus_id":165,"name":"RATULEMUS_FV","CenPgen":0.0,"value":0.0,"CenCVar":0,"CenQgen":0},{"id":1251.0,"time":92,"bus_id":165,"name":"RATULEMUS_FV","CenPgen":0.0,"value":0.0,"CenCVar":0,"CenQgen":0},{"id":1251.0,"time":93,"bus_id":165,"name":"RATULEMUS_FV","CenPgen":0.0,"value":0.0,"CenCVar":0,"CenQgen":0},{"id":1251.0,"time":94,"bus_id":165,"name":"RATULEMUS_FV","CenPgen":0.0,"value":0.0,"CenCVar":0,"CenQgen":0},{"id":1251.0,"time":95,"bus_id":165,"name":"RATULEMUS_FV","CenPgen":0.0,"value":0.0,"CenCVar":0,"CenQgen":0},{"id":1251.0,"time":96,"bus_id":165,"name":"RATULEMUS_FV","CenPgen":0.0,"value":0.0,"CenCVar":0,"CenQgen":0},{"id":1251.0,"time":97,"bus_id":165,"name":"RATULEMUS_FV","CenPgen":0.0,"value":0.0,"CenCVar":0,"CenQgen":0},{"id":1251.0,"time":98,"bus_id":165,"name":"RATULEMUS_FV","CenPgen":0.0,"value":0.0,"CenCVar":0,"CenQgen":0},{"id":1251.0,"time":99,"bus_id":165,"name":"RATULEMUS_FV","CenPgen":0.0,"value":0.0,"CenCVar":0,"CenQgen":0},{"id":1251.0,"time":100,"bus_id":165,"name":"RATULEMUS_FV","CenPgen":0.0,"value":0.0,"CenCVar":0,"CenQgen":0},{"id":1251.0,"time":101,"bus_id":165,"name":"RATULEMUS_FV","CenPgen":0.002592382,"value":0.002592382,"CenCVar":0,"CenQgen":0},{"id":1251.0,"time":102,"bus_id":165,"name":"RATULEMUS_FV","CenPgen":0.002592382,"value":0.002592382,"CenCVar":0,"CenQgen":0},{"id":1251.0,"time":103,"bus_id":165,"name":"RATULEMUS_FV","CenPgen":0.002592382,"value":0.002592382,"CenCVar":0,"CenQgen":0},{"id":1251.0,"time":104,"bus_id":165,"name":"RATULEMUS_FV","CenPgen":0.002592382,"value":0.002592382,"CenCVar":0,"CenQgen":0},{"id":1251.0,"time":105,"bus_id":165,"name":"RATULEMUS_FV","CenPgen":0.002592382,"value":0.002592382,"CenCVar":0,"CenQgen":0},{"id":1251.0,"time":106,"bus_id":165,"name":"RATULEMUS_FV","CenPgen":0.2380053596,"value":0.2380053596,"CenCVar":0,"CenQgen":0},{"id":1251.0,"time":107,"bus_id":165,"name":"RATULEMUS_FV","CenPgen":0.4597471638,"value":0.4597471638,"CenCVar":0,"CenQgen":0},{"id":1251.0,"time":108,"bus_id":165,"name":"RATULEMUS_FV","CenPgen":0.4597471638,"value":0.4597471638,"CenCVar":0,"CenQgen":0},{"id":1251.0,"time":109,"bus_id":165,"name":"RATULEMUS_FV","CenPgen":0.3128173095,"value":0.3128173095,"CenCVar":0,"CenQgen":0},{"id":1251.0,"time":110,"bus_id":165,"name":"RATULEMUS_FV","CenPgen":0.3128173095,"value":0.3128173095,"CenCVar":0,"CenQgen":0},{"id":1251.0,"time":111,"bus_id":165,"name":"RATULEMUS_FV","CenPgen":0.3128173095,"value":0.3128173095,"CenCVar":0,"CenQgen":0},{"id":1251.0,"time":112,"bus_id":165,"name":"RATULEMUS_FV","CenPgen":0.3128173095,"value":0.3128173095,"CenCVar":0,"CenQgen":0},{"id":1251.0,"time":113,"bus_id":165,"name":"RATULEMUS_FV","CenPgen":0.3128173095,"value":0.3128173095,"CenCVar":0,"CenQgen":0},{"id":1251.0,"time":114,"bus_id":165,"name":"RATULEMUS_FV","CenPgen":0.3128173095,"value":0.3128173095,"CenCVar":0,"CenQgen":0},{"id":1251.0,"time":115,"bus_id":165,"name":"RATULEMUS_FV","CenPgen":0.0,"value":0.0,"CenCVar":0,"CenQgen":0},{"id":1251.0,"time":116,"bus_id":165,"name":"RATULEMUS_FV","CenPgen":0.0,"value":0.0,"CenCVar":0,"CenQgen":0},{"id":1251.0,"time":117,"bus_id":165,"name":"RATULEMUS_FV","CenPgen":0.0,"value":0.0,"CenCVar":0,"CenQgen":0},{"id":1251.0,"time":118,"bus_id":165,"name":"RATULEMUS_FV","CenPgen":0.0,"value":0.0,"CenCVar":0,"CenQgen":0},{"id":1251.0,"time":119,"bus_id":165,"name":"RATULEMUS_FV","CenPgen":0.0,"value":0.0,"CenCVar":0,"CenQgen":0},{"id":1251.0,"time":120,"bus_id":165,"name":"RATULEMUS_FV","CenPgen":0.0,"value":0.0,"CenCVar":0,"CenQgen":0},{"id":1251.0,"time":121,"bus_id":165,"name":"RATULEMUS_FV","CenPgen":0.0,"value":0.0,"CenCVar":0,"CenQgen":0},{"id":1251.0,"time":122,"bus_id":165,"name":"RATULEMUS_FV","CenPgen":0.0,"value":0.0,"CenCVar":0,"CenQgen":0},{"id":1251.0,"time":123,"bus_id":165,"name":"RATULEMUS_FV","CenPgen":0.0,"value":0.0,"CenCVar":0,"CenQgen":0},{"id":1251.0,"time":124,"bus_id":165,"name":"RATULEMUS_FV","CenPgen":0.0,"value":0.0,"CenCVar":0,"CenQgen":0},{"id":1251.0,"time":125,"bus_id":165,"name":"RATULEMUS_FV","CenPgen":0.0,"value":0.0,"CenCVar":0,"CenQgen":0},{"id":1251.0,"time":126,"bus_id":165,"name":"RATULEMUS_FV","CenPgen":0.0,"value":0.0,"CenCVar":0,"CenQgen":0},{"id":1251.0,"time":127,"bus_id":165,"name":"RATULEMUS_FV","CenPgen":0.0,"value":0.0,"CenCVar":0,"CenQgen":0},{"id":1251.0,"time":128,"bus_id":165,"name":"RATULEMUS_FV","CenPgen":0.0,"value":0.0,"CenCVar":0,"CenQgen":0},{"id":1251.0,"time":129,"bus_id":165,"name":"RATULEMUS_FV","CenPgen":0.0503664484,"value":0.0503664484,"CenCVar":0,"CenQgen":0},{"id":1251.0,"time":130,"bus_id":165,"name":"RATULEMUS_FV","CenPgen":0.4954618149,"value":0.4954618149,"CenCVar":0,"CenQgen":0},{"id":1251.0,"time":131,"bus_id":165,"name":"RATULEMUS_FV","CenPgen":0.9581530472,"value":0.9581530472,"CenCVar":0,"CenQgen":0},{"id":1251.0,"time":132,"bus_id":165,"name":"RATULEMUS_FV","CenPgen":0.9581530472,"value":0.9581530472,"CenCVar":0,"CenQgen":0},{"id":1251.0,"time":133,"bus_id":165,"name":"RATULEMUS_FV","CenPgen":0.9581530472,"value":0.9581530472,"CenCVar":0,"CenQgen":0},{"id":1251.0,"time":134,"bus_id":165,"name":"RATULEMUS_FV","CenPgen":0.9581530472,"value":0.9581530472,"CenCVar":0,"CenQgen":0},{"id":1251.0,"time":135,"bus_id":165,"name":"RATULEMUS_FV","CenPgen":0.9581530472,"value":0.9581530472,"CenCVar":0,"CenQgen":0},{"id":1251.0,"time":136,"bus_id":165,"name":"RATULEMUS_FV","CenPgen":1.2583604127,"value":1.2583604127,"CenCVar":0,"CenQgen":0},{"id":1251.0,"time":137,"bus_id":165,"name":"RATULEMUS_FV","CenPgen":0.3590346062,"value":0.3590346062,"CenCVar":0,"CenQgen":0},{"id":1251.0,"time":138,"bus_id":165,"name":"RATULEMUS_FV","CenPgen":0.3590346062,"value":0.3590346062,"CenCVar":0,"CenQgen":0},{"id":1251.0,"time":139,"bus_id":165,"name":"RATULEMUS_FV","CenPgen":0.0,"value":0.0,"CenCVar":0,"CenQgen":0},{"id":1251.0,"time":140,"bus_id":165,"name":"RATULEMUS_FV","CenPgen":0.0,"value":0.0,"CenCVar":0,"CenQgen":0},{"id":1251.0,"time":141,"bus_id":165,"name":"RATULEMUS_FV","CenPgen":0.0,"value":0.0,"CenCVar":0,"CenQgen":0},{"id":1251.0,"time":142,"bus_id":165,"name":"RATULEMUS_FV","CenPgen":0.0,"value":0.0,"CenCVar":0,"CenQgen":0},{"id":1251.0,"time":143,"bus_id":165,"name":"RATULEMUS_FV","CenPgen":0.0,"value":0.0,"CenCVar":0,"CenQgen":0},{"id":1251.0,"time":144,"bus_id":165,"name":"RATULEMUS_FV","CenPgen":0.0,"value":0.0,"CenCVar":0,"CenQgen":0},{"id":1251.0,"time":145,"bus_id":165,"name":"RATULEMUS_FV","CenPgen":0.0,"value":0.0,"CenCVar":0,"CenQgen":0},{"id":1251.0,"time":146,"bus_id":165,"name":"RATULEMUS_FV","CenPgen":0.0,"value":0.0,"CenCVar":0,"CenQgen":0},{"id":1251.0,"time":147,"bus_id":165,"name":"RATULEMUS_FV","CenPgen":0.0,"value":0.0,"CenCVar":0,"CenQgen":0},{"id":1251.0,"time":148,"bus_id":165,"name":"RATULEMUS_FV","CenPgen":0.0,"value":0.0,"CenCVar":0,"CenQgen":0},{"id":1251.0,"time":149,"bus_id":165,"name":"RATULEMUS_FV","CenPgen":0.0,"value":0.0,"CenCVar":0,"CenQgen":0},{"id":1251.0,"time":150,"bus_id":165,"name":"RATULEMUS_FV","CenPgen":0.0,"value":0.0,"CenCVar":0,"CenQgen":0},{"id":1251.0,"time":151,"bus_id":165,"name":"RATULEMUS_FV","CenPgen":0.0,"value":0.0,"CenCVar":0,"CenQgen":0},{"id":1251.0,"time":152,"bus_id":165,"name":"RATULEMUS_FV","CenPgen":0.0,"value":0.0,"CenCVar":0,"CenQgen":0},{"id":1251.0,"time":153,"bus_id":165,"name":"RATULEMUS_FV","CenPgen":0.0717893992,"value":0.0717893992,"CenCVar":0,"CenQgen":0},{"id":1251.0,"time":154,"bus_id":165,"name":"RATULEMUS_FV","CenPgen":0.3866607965,"value":0.3866607965,"CenCVar":0,"CenQgen":0},{"id":1251.0,"time":155,"bus_id":165,"name":"RATULEMUS_FV","CenPgen":0.3866607965,"value":0.3866607965,"CenCVar":0,"CenQgen":0},{"id":1251.0,"time":156,"bus_id":165,"name":"RATULEMUS_FV","CenPgen":0.3866607965,"value":0.3866607965,"CenCVar":0,"CenQgen":0},{"id":1251.0,"time":157,"bus_id":165,"name":"RATULEMUS_FV","CenPgen":0.7817858429,"value":0.7817858429,"CenCVar":0,"CenQgen":0},{"id":1251.0,"time":158,"bus_id":165,"name":"RATULEMUS_FV","CenPgen":0.4682197189,"value":0.4682197189,"CenCVar":0,"CenQgen":0},{"id":1251.0,"time":159,"bus_id":165,"name":"RATULEMUS_FV","CenPgen":0.4682197189,"value":0.4682197189,"CenCVar":0,"CenQgen":0},{"id":1251.0,"time":160,"bus_id":165,"name":"RATULEMUS_FV","CenPgen":0.4682197189,"value":0.4682197189,"CenCVar":0,"CenQgen":0},{"id":1251.0,"time":161,"bus_id":165,"name":"RATULEMUS_FV","CenPgen":0.0272154014,"value":0.0272154014,"CenCVar":0,"CenQgen":0},{"id":1251.0,"time":162,"bus_id":165,"name":"RATULEMUS_FV","CenPgen":0.0272154014,"value":0.0272154014,"CenCVar":0,"CenQgen":0},{"id":1251.0,"time":163,"bus_id":165,"name":"RATULEMUS_FV","CenPgen":0.0272154014,"value":0.0272154014,"CenCVar":0,"CenQgen":0},{"id":1251.0,"time":164,"bus_id":165,"name":"RATULEMUS_FV","CenPgen":0.0,"value":0.0,"CenCVar":0,"CenQgen":0},{"id":1251.0,"time":165,"bus_id":165,"name":"RATULEMUS_FV","CenPgen":0.0,"value":0.0,"CenCVar":0,"CenQgen":0},{"id":1251.0,"time":166,"bus_id":165,"name":"RATULEMUS_FV","CenPgen":0.0,"value":0.0,"CenCVar":0,"CenQgen":0},{"id":1251.0,"time":167,"bus_id":165,"name":"RATULEMUS_FV","CenPgen":0.0,"value":0.0,"CenCVar":0,"CenQgen":0},{"id":1251.0,"time":168,"bus_id":165,"name":"RATULEMUS_FV","CenPgen":0.0,"value":0.0,"CenCVar":0,"CenQgen":0}]