[{"id":1226.0,"time":1,"bus_id":184,"name":"CONDOR_CHEPICA_FV","CenPgen":0.0,"value":0.0,"CenCVar":0,"CenQgen":0},{"id":1226.0,"time":2,"bus_id":184,"name":"CONDOR_CHEPICA_FV","CenPgen":0.0,"value":0.0,"CenCVar":0,"CenQgen":0},{"id":1226.0,"time":3,"bus_id":184,"name":"CONDOR_CHEPICA_FV","CenPgen":0.0,"value":0.0,"CenCVar":0,"CenQgen":0},{"id":1226.0,"time":4,"bus_id":184,"name":"CONDOR_CHEPICA_FV","CenPgen":0.0,"value":0.0,"CenCVar":0,"CenQgen":0},{"id":1226.0,"time":5,"bus_id":184,"name":"CONDOR_CHEPICA_FV","CenPgen":0.0,"value":0.0,"CenCVar":0,"CenQgen":0},{"id":1226.0,"time":6,"bus_id":184,"name":"CONDOR_CHEPICA_FV","CenPgen":0.0,"value":0.0,"CenCVar":0,"CenQgen":0},{"id":1226.0,"time":7,"bus_id":184,"name":"CONDOR_CHEPICA_FV","CenPgen":0.0,"value":0.0,"CenCVar":0,"CenQgen":0},{"id":1226.0,"time":8,"bus_id":184,"name":"CONDOR_CHEPICA_FV","CenPgen":0.0051735871,"value":0.0051735871,"CenCVar":0,"CenQgen":0},{"id":1226.0,"time":9,"bus_id":184,"name":"CONDOR_CHEPICA_FV","CenPgen":0.22951588,"value":0.22951588,"CenCVar":0,"CenQgen":0},{"id":1226.0,"time":10,"bus_id":184,"name":"CONDOR_CHEPICA_FV","CenPgen":0.5565308076,"value":0.5565308076,"CenCVar":0,"CenQgen":0},{"id":1226.0,"time":11,"bus_id":184,"name":"CONDOR_CHEPICA_FV","CenPgen":0.7283850097,"value":0.7283850097,"CenCVar":0,"CenQgen":0},{"id":1226.0,"time":12,"bus_id":184,"name":"CONDOR_CHEPICA_FV","CenPgen":0.73059152,"value":0.73059152,"CenCVar":0,"CenQgen":0},{"id":1226.0,"time":13,"bus_id":184,"name":"CONDOR_CHEPICA_FV","CenPgen":0.72825897,"value":0.72825897,"CenCVar":0,"CenQgen":0},{"id":1226.0,"time":14,"bus_id":184,"name":"CONDOR_CHEPICA_FV","CenPgen":0.73519821,"value":0.73519821,"CenCVar":0,"CenQgen":0},{"id":1226.0,"time":15,"bus_id":184,"name":"CONDOR_CHEPICA_FV","CenPgen":0.724405365,"value":0.724405365,"CenCVar":0,"CenQgen":0},{"id":1226.0,"time":16,"bus_id":184,"name":"CONDOR_CHEPICA_FV","CenPgen":0.72863272,"value":0.72863272,"CenCVar":0,"CenQgen":0},{"id":1226.0,"time":17,"bus_id":184,"name":"CONDOR_CHEPICA_FV","CenPgen":0.60251228,"value":0.60251228,"CenCVar":0,"CenQgen":0},{"id":1226.0,"time":18,"bus_id":184,"name":"CONDOR_CHEPICA_FV","CenPgen":0.10819361,"value":0.10819361,"CenCVar":0,"CenQgen":0},{"id":1226.0,"time":19,"bus_id":184,"name":"CONDOR_CHEPICA_FV","CenPgen":0.0001494782,"value":0.0001494782,"CenCVar":0,"CenQgen":0},{"id":1226.0,"time":20,"bus_id":184,"name":"CONDOR_CHEPICA_FV","CenPgen":0.0,"value":0.0,"CenCVar":0,"CenQgen":0},{"id":1226.0,"time":21,"bus_id":184,"name":"CONDOR_CHEPICA_FV","CenPgen":0.0,"value":0.0,"CenCVar":0,"CenQgen":0},{"id":1226.0,"time":22,"bus_id":184,"name":"CONDOR_CHEPICA_FV","CenPgen":0.0,"value":0.0,"CenCVar":0,"CenQgen":0},{"id":1226.0,"time":23,"bus_id":184,"name":"CONDOR_CHEPICA_FV","CenPgen":0.0,"value":0.0,"CenCVar":0,"CenQgen":0},{"id":1226.0,"time":24,"bus_id":184,"name":"CONDOR_CHEPICA_FV","CenPgen":0.0,"value":0.0,"CenCVar":0,"CenQgen":0},{"id":1226.0,"time":25,"bus_id":184,"name":"CONDOR_CHEPICA_FV","CenPgen":0.0,"value":0.0,"CenCVar":0,"CenQgen":0},{"id":1226.0,"time":26,"bus_id":184,"name":"CONDOR_CHEPICA_FV","CenPgen":0.0,"value":0.0,"CenCVar":0,"CenQgen":0},{"id":1226.0,"time":27,"bus_id":184,"name":"CONDOR_CHEPICA_FV","CenPgen":0.0,"value":0.0,"CenCVar":0,"CenQgen":0},{"id":1226.0,"time":28,"bus_id":184,"name":"CONDOR_CHEPICA_FV","CenPgen":0.0,"value":0.0,"CenCVar":0,"CenQgen":0},{"id":1226.0,"time":29,"bus_id":184,"name":"CONDOR_CHEPICA_FV","CenPgen":0.0,"value":0.0,"CenCVar":0,"CenQgen":0},{"id":1226.0,"time":30,"bus_id":184,"name":"CONDOR_CHEPICA_FV","CenPgen":0.0,"value":0.0,"CenCVar":0,"CenQgen":0},{"id":1226.0,"time":31,"bus_id":184,"name":"CONDOR_CHEPICA_FV","CenPgen":0.0,"value":0.0,"CenCVar":0,"CenQgen":0},{"id":1226.0,"time":32,"bus_id":184,"name":"CONDOR_CHEPICA_FV","CenPgen":0.0016916964,"value":0.0016916964,"CenCVar":0,"CenQgen":0},{"id":1226.0,"time":33,"bus_id":184,"name":"CONDOR_CHEPICA_FV","CenPgen":0.1251263085,"value":0.1251263085,"CenCVar":0,"CenQgen":0},{"id":1226.0,"time":34,"bus_id":184,"name":"CONDOR_CHEPICA_FV","CenPgen":0.28619355,"value":0.28619355,"CenCVar":0,"CenQgen":0},{"id":1226.0,"time":35,"bus_id":184,"name":"CONDOR_CHEPICA_FV","CenPgen":0.29295725,"value":0.29295725,"CenCVar":0,"CenQgen":0},{"id":1226.0,"time":36,"bus_id":184,"name":"CONDOR_CHEPICA_FV","CenPgen":0.57176453,"value":0.57176453,"CenCVar":0,"CenQgen":0},{"id":1226.0,"time":37,"bus_id":184,"name":"CONDOR_CHEPICA_FV","CenPgen":0.57176453,"value":0.57176453,"CenCVar":0,"CenQgen":0},{"id":1226.0,"time":38,"bus_id":184,"name":"CONDOR_CHEPICA_FV","CenPgen":0.57176453,"value":0.57176453,"CenCVar":0,"CenQgen":0},{"id":1226.0,"time":39,"bus_id":184,"name":"CONDOR_CHEPICA_FV","CenPgen":0.69166275,"value":0.69166275,"CenCVar":0,"CenQgen":0},{"id":1226.0,"time":40,"bus_id":184,"name":"CONDOR_CHEPICA_FV","CenPgen":0.38611264,"value":0.38611264,"CenCVar":0,"CenQgen":0},{"id":1226.0,"time":41,"bus_id":184,"name":"CONDOR_CHEPICA_FV","CenPgen":0.21469235,"value":0.21469235,"CenCVar":0,"CenQgen":0},{"id":1226.0,"time":42,"bus_id":184,"name":"CONDOR_CHEPICA_FV","CenPgen":0.04319649,"value":0.04319649,"CenCVar":0,"CenQgen":0},{"id":1226.0,"time":43,"bus_id":184,"name":"CONDOR_CHEPICA_FV","CenPgen":0.0,"value":0.0,"CenCVar":0,"CenQgen":0},{"id":1226.0,"time":44,"bus_id":184,"name":"CONDOR_CHEPICA_FV","CenPgen":0.0,"value":0.0,"CenCVar":0,"CenQgen":0},{"id":1226.0,"time":45,"bus_id":184,"name":"CONDOR_CHEPICA_FV","CenPgen":0.0,"value":0.0,"CenCVar":0,"CenQgen":0},{"id":1226.0,"time":46,"bus_id":184,"name":"CONDOR_CHEPICA_FV","CenPgen":0.0,"value":0.0,"CenCVar":0,"CenQgen":0},{"id":1226.0,"time":47,"bus_id":184,"name":"CONDOR_CHEPICA_FV","CenPgen":0.0,"value":0.0,"CenCVar":0,"CenQgen":0},{"id":1226.0,"time":48,"bus_id":184,"name":"CONDOR_CHEPICA_FV","CenPgen":0.0,"value":0.0,"CenCVar":0,"CenQgen":0},{"id":1226.0,"time":49,"bus_id":184,"name":"CONDOR_CHEPICA_FV","CenPgen":0.0,"value":0.0,"CenCVar":0,"CenQgen":0},{"id":1226.0,"time":50,"bus_id":184,"name":"CONDOR_CHEPICA_FV","CenPgen":0.0,"value":0.0,"CenCVar":0,"CenQgen":0},{"id":1226.0,"time":51,"bus_id":184,"name":"CONDOR_CHEPICA_FV","CenPgen":0.0,"value":0.0,"CenCVar":0,"CenQgen":0},{"id":1226.0,"time":52,"bus_id":184,"name":"CONDOR_CHEPICA_FV","CenPgen":0.0,"value":0.0,"CenCVar":0,"CenQgen":0},{"id":1226.0,"time":53,"bus_id":184,"name":"CONDOR_CHEPICA_FV","CenPgen":0.0,"value":0.0,"CenCVar":0,"CenQgen":0},{"id":1226.0,"time":54,"bus_id":184,"name":"CONDOR_CHEPICA_FV","CenPgen":0.0,"value":0.0,"CenCVar":0,"CenQgen":0},{"id":1226.0,"time":55,"bus_id":184,"name":"CONDOR_CHEPICA_FV","CenPgen":0.0,"value":0.0,"CenCVar":0,"CenQgen":0},{"id":1226.0,"time":56,"bus_id":184,"name":"CONDOR_CHEPICA_FV","CenPgen":0.0,"value":0.0,"CenCVar":0,"CenQgen":0},{"id":1226.0,"time":57,"bus_id":184,"name":"CONDOR_CHEPICA_FV","CenPgen":0.03931109,"value":0.03931109,"CenCVar":0,"CenQgen":0},{"id":1226.0,"time":58,"bus_id":184,"name":"CONDOR_CHEPICA_FV","CenPgen":0.1001972284,"value":0.1001972284,"CenCVar":0,"CenQgen":0},{"id":1226.0,"time":59,"bus_id":184,"name":"CONDOR_CHEPICA_FV","CenPgen":0.45514304,"value":0.45514304,"CenCVar":0,"CenQgen":0},{"id":1226.0,"time":60,"bus_id":184,"name":"CONDOR_CHEPICA_FV","CenPgen":0.45514304,"value":0.45514304,"CenCVar":0,"CenQgen":0},{"id":1226.0,"time":61,"bus_id":184,"name":"CONDOR_CHEPICA_FV","CenPgen":0.45514304,"value":0.45514304,"CenCVar":0,"CenQgen":0},{"id":1226.0,"time":62,"bus_id":184,"name":"CONDOR_CHEPICA_FV","CenPgen":0.45514304,"value":0.45514304,"CenCVar":0,"CenQgen":0},{"id":1226.0,"time":63,"bus_id":184,"name":"CONDOR_CHEPICA_FV","CenPgen":0.71497694,"value":0.71497694,"CenCVar":0,"CenQgen":0},{"id":1226.0,"time":64,"bus_id":184,"name":"CONDOR_CHEPICA_FV","CenPgen":0.66024474,"value":0.66024474,"CenCVar":0,"CenQgen":0},{"id":1226.0,"time":65,"bus_id":184,"name":"CONDOR_CHEPICA_FV","CenPgen":0.4217182694,"value":0.4217182694,"CenCVar":0,"CenQgen":0},{"id":1226.0,"time":66,"bus_id":184,"name":"CONDOR_CHEPICA_FV","CenPgen":0.05825962,"value":0.05825962,"CenCVar":0,"CenQgen":0},{"id":1226.0,"time":67,"bus_id":184,"name":"CONDOR_CHEPICA_FV","CenPgen":0.0,"value":0.0,"CenCVar":0,"CenQgen":0},{"id":1226.0,"time":68,"bus_id":184,"name":"CONDOR_CHEPICA_FV","CenPgen":0.0,"value":0.0,"CenCVar":0,"CenQgen":0},{"id":1226.0,"time":69,"bus_id":184,"name":"CONDOR_CHEPICA_FV","CenPgen":0.0,"value":0.0,"CenCVar":0,"CenQgen":0},{"id":1226.0,"time":70,"bus_id":184,"name":"CONDOR_CHEPICA_FV","CenPgen":0.0,"value":0.0,"CenCVar":0,"CenQgen":0},{"id":1226.0,"time":71,"bus_id":184,"name":"CONDOR_CHEPICA_FV","CenPgen":0.0,"value":0.0,"CenCVar":0,"CenQgen":0},{"id":1226.0,"time":72,"bus_id":184,"name":"CONDOR_CHEPICA_FV","CenPgen":0.0,"value":0.0,"CenCVar":0,"CenQgen":0},{"id":1226.0,"time":73,"bus_id":184,"name":"CONDOR_CHEPICA_FV","CenPgen":0.0,"value":0.0,"CenCVar":0,"CenQgen":0},{"id":1226.0,"time":74,"bus_id":184,"name":"CONDOR_CHEPICA_FV","CenPgen":0.0,"value":0.0,"CenCVar":0,"CenQgen":0},{"id":1226.0,"time":75,"bus_id":184,"name":"CONDOR_CHEPICA_FV","CenPgen":0.0,"value":0.0,"CenCVar":0,"CenQgen":0},{"id":1226.0,"time":76,"bus_id":184,"name":"CONDOR_CHEPICA_FV","CenPgen":0.0,"value":0.0,"CenCVar":0,"CenQgen":0},{"id":1226.0,"time":77,"bus_id":184,"name":"CONDOR_CHEPICA_FV","CenPgen":0.0,"value":0.0,"CenCVar":0,"CenQgen":0},{"id":1226.0,"time":78,"bus_id":184,"name":"CONDOR_CHEPICA_FV","CenPgen":0.0,"value":0.0,"CenCVar":0,"CenQgen":0},{"id":1226.0,"time":79,"bus_id":184,"name":"CONDOR_CHEPICA_FV","CenPgen":0.0,"value":0.0,"CenCVar":0,"CenQgen":0},{"id":1226.0,"time":80,"bus_id":184,"name":"CONDOR_CHEPICA_FV","CenPgen":0.0,"value":0.0,"CenCVar":0,"CenQgen":0},{"id":1226.0,"time":81,"bus_id":184,"name":"CONDOR_CHEPICA_FV","CenPgen":0.03400606,"value":0.03400606,"CenCVar":0,"CenQgen":0},{"id":1226.0,"time":82,"bus_id":184,"name":"CONDOR_CHEPICA_FV","CenPgen":0.0685072956,"value":0.0685072956,"CenCVar":0,"CenQgen":0},{"id":1226.0,"time":83,"bus_id":184,"name":"CONDOR_CHEPICA_FV","CenPgen":0.0586731854,"value":0.0586731854,"CenCVar":0,"CenQgen":0},{"id":1226.0,"time":84,"bus_id":184,"name":"CONDOR_CHEPICA_FV","CenPgen":0.0586731854,"value":0.0586731854,"CenCVar":0,"CenQgen":0},{"id":1226.0,"time":85,"bus_id":184,"name":"CONDOR_CHEPICA_FV","CenPgen":0.10446051,"value":0.10446051,"CenCVar":0,"CenQgen":0},{"id":1226.0,"time":86,"bus_id":184,"name":"CONDOR_CHEPICA_FV","CenPgen":0.10446051,"value":0.10446051,"CenCVar":0,"CenQgen":0},{"id":1226.0,"time":87,"bus_id":184,"name":"CONDOR_CHEPICA_FV","CenPgen":0.10446051,"value":0.10446051,"CenCVar":0,"CenQgen":0},{"id":1226.0,"time":88,"bus_id":184,"name":"CONDOR_CHEPICA_FV","CenPgen":0.10446051,"value":0.10446051,"CenCVar":0,"CenQgen":0},{"id":1226.0,"time":89,"bus_id":184,"name":"CONDOR_CHEPICA_FV","CenPgen":0.0252476,"value":0.0252476,"CenCVar":0,"CenQgen":0},{"id":1226.0,"time":90,"bus_id":184,"name":"CONDOR_CHEPICA_FV","CenPgen":0.0252476,"value":0.0252476,"CenCVar":0,"CenQgen":0},{"id":1226.0,"time":91,"bus_id":184,"name":"CONDOR_CHEPICA_FV","CenPgen":0.0,"value":0.0,"CenCVar":0,"CenQgen":0},{"id":1226.0,"time":92,"bus_id":184,"name":"CONDOR_CHEPICA_FV","CenPgen":0.0,"value":0.0,"CenCVar":0,"CenQgen":0},{"id":1226.0,"time":93,"bus_id":184,"name":"CONDOR_CHEPICA_FV","CenPgen":0.0,"value":0.0,"CenCVar":0,"CenQgen":0},{"id":1226.0,"time":94,"bus_id":184,"name":"CONDOR_CHEPICA_FV","CenPgen":0.0,"value":0.0,"CenCVar":0,"CenQgen":0},{"id":1226.0,"time":95,"bus_id":184,"name":"CONDOR_CHEPICA_FV","CenPgen":0.0,"value":0.0,"CenCVar":0,"CenQgen":0},{"id":1226.0,"time":96,"bus_id":184,"name":"CONDOR_CHEPICA_FV","CenPgen":0.0,"value":0.0,"CenCVar":0,"CenQgen":0},{"id":1226.0,"time":97,"bus_id":184,"name":"CONDOR_CHEPICA_FV","CenPgen":0.0,"value":0.0,"CenCVar":0,"CenQgen":0},{"id":1226.0,"time":98,"bus_id":184,"name":"CONDOR_CHEPICA_FV","CenPgen":0.0,"value":0.0,"CenCVar":0,"CenQgen":0},{"id":1226.0,"time":99,"bus_id":184,"name":"CONDOR_CHEPICA_FV","CenPgen":0.0,"value":0.0,"CenCVar":0,"CenQgen":0},{"id":1226.0,"time":100,"bus_id":184,"name":"CONDOR_CHEPICA_FV","CenPgen":0.0,"value":0.0,"CenCVar":0,"CenQgen":0},{"id":1226.0,"time":101,"bus_id":184,"name":"CONDOR_CHEPICA_FV","CenPgen":0.009862941,"value":0.009862941,"CenCVar":0,"CenQgen":0},{"id":1226.0,"time":102,"bus_id":184,"name":"CONDOR_CHEPICA_FV","CenPgen":0.009862941,"value":0.009862941,"CenCVar":0,"CenQgen":0},{"id":1226.0,"time":103,"bus_id":184,"name":"CONDOR_CHEPICA_FV","CenPgen":0.009862941,"value":0.009862941,"CenCVar":0,"CenQgen":0},{"id":1226.0,"time":104,"bus_id":184,"name":"CONDOR_CHEPICA_FV","CenPgen":0.009862941,"value":0.009862941,"CenCVar":0,"CenQgen":0},{"id":1226.0,"time":105,"bus_id":184,"name":"CONDOR_CHEPICA_FV","CenPgen":0.009862941,"value":0.009862941,"CenCVar":0,"CenQgen":0},{"id":1226.0,"time":106,"bus_id":184,"name":"CONDOR_CHEPICA_FV","CenPgen":0.45926926,"value":0.45926926,"CenCVar":0,"CenQgen":0},{"id":1226.0,"time":107,"bus_id":184,"name":"CONDOR_CHEPICA_FV","CenPgen":0.6591537399,"value":0.6591537399,"CenCVar":0,"CenQgen":0},{"id":1226.0,"time":108,"bus_id":184,"name":"CONDOR_CHEPICA_FV","CenPgen":0.6591537399,"value":0.6591537399,"CenCVar":0,"CenQgen":0},{"id":1226.0,"time":109,"bus_id":184,"name":"CONDOR_CHEPICA_FV","CenPgen":0.59215505,"value":0.59215505,"CenCVar":0,"CenQgen":0},{"id":1226.0,"time":110,"bus_id":184,"name":"CONDOR_CHEPICA_FV","CenPgen":0.59215505,"value":0.59215505,"CenCVar":0,"CenQgen":0},{"id":1226.0,"time":111,"bus_id":184,"name":"CONDOR_CHEPICA_FV","CenPgen":0.59215505,"value":0.59215505,"CenCVar":0,"CenQgen":0},{"id":1226.0,"time":112,"bus_id":184,"name":"CONDOR_CHEPICA_FV","CenPgen":0.59215505,"value":0.59215505,"CenCVar":0,"CenQgen":0},{"id":1226.0,"time":113,"bus_id":184,"name":"CONDOR_CHEPICA_FV","CenPgen":0.59215505,"value":0.59215505,"CenCVar":0,"CenQgen":0},{"id":1226.0,"time":114,"bus_id":184,"name":"CONDOR_CHEPICA_FV","CenPgen":0.59215505,"value":0.59215505,"CenCVar":0,"CenQgen":0},{"id":1226.0,"time":115,"bus_id":184,"name":"CONDOR_CHEPICA_FV","CenPgen":0.0,"value":0.0,"CenCVar":0,"CenQgen":0},{"id":1226.0,"time":116,"bus_id":184,"name":"CONDOR_CHEPICA_FV","CenPgen":0.0,"value":0.0,"CenCVar":0,"CenQgen":0},{"id":1226.0,"time":117,"bus_id":184,"name":"CONDOR_CHEPICA_FV","CenPgen":0.0,"value":0.0,"CenCVar":0,"CenQgen":0},{"id":1226.0,"time":118,"bus_id":184,"name":"CONDOR_CHEPICA_FV","CenPgen":0.0,"value":0.0,"CenCVar":0,"CenQgen":0},{"id":1226.0,"time":119,"bus_id":184,"name":"CONDOR_CHEPICA_FV","CenPgen":0.0,"value":0.0,"CenCVar":0,"CenQgen":0},{"id":1226.0,"time":120,"bus_id":184,"name":"CONDOR_CHEPICA_FV","CenPgen":0.0,"value":0.0,"CenCVar":0,"CenQgen":0},{"id":1226.0,"time":121,"bus_id":184,"name":"CONDOR_CHEPICA_FV","CenPgen":0.0,"value":0.0,"CenCVar":0,"CenQgen":0},{"id":1226.0,"time":122,"bus_id":184,"name":"CONDOR_CHEPICA_FV","CenPgen":0.0,"value":0.0,"CenCVar":0,"CenQgen":0},{"id":1226.0,"time":123,"bus_id":184,"name":"CONDOR_CHEPICA_FV","CenPgen":0.0,"value":0.0,"CenCVar":0,"CenQgen":0},{"id":1226.0,"time":124,"bus_id":184,"name":"CONDOR_CHEPICA_FV","CenPgen":0.0,"value":0.0,"CenCVar":0,"CenQgen":0},{"id":1226.0,"time":125,"bus_id":184,"name":"CONDOR_CHEPICA_FV","CenPgen":0.0,"value":0.0,"CenCVar":0,"CenQgen":0},{"id":1226.0,"time":126,"bus_id":184,"name":"CONDOR_CHEPICA_FV","CenPgen":0.0,"value":0.0,"CenCVar":0,"CenQgen":0},{"id":1226.0,"time":127,"bus_id":184,"name":"CONDOR_CHEPICA_FV","CenPgen":0.0,"value":0.0,"CenCVar":0,"CenQgen":0},{"id":1226.0,"time":128,"bus_id":184,"name":"CONDOR_CHEPICA_FV","CenPgen":0.0003424185,"value":0.0003424185,"CenCVar":0,"CenQgen":0},{"id":1226.0,"time":129,"bus_id":184,"name":"CONDOR_CHEPICA_FV","CenPgen":0.09630723,"value":0.09630723,"CenCVar":0,"CenQgen":0},{"id":1226.0,"time":130,"bus_id":184,"name":"CONDOR_CHEPICA_FV","CenPgen":0.43621709,"value":0.43621709,"CenCVar":0,"CenQgen":0},{"id":1226.0,"time":131,"bus_id":184,"name":"CONDOR_CHEPICA_FV","CenPgen":0.7078771575,"value":0.7078771575,"CenCVar":0,"CenQgen":0},{"id":1226.0,"time":132,"bus_id":184,"name":"CONDOR_CHEPICA_FV","CenPgen":0.7078771575,"value":0.7078771575,"CenCVar":0,"CenQgen":0},{"id":1226.0,"time":133,"bus_id":184,"name":"CONDOR_CHEPICA_FV","CenPgen":0.7078771575,"value":0.7078771575,"CenCVar":0,"CenQgen":0},{"id":1226.0,"time":134,"bus_id":184,"name":"CONDOR_CHEPICA_FV","CenPgen":0.7078771575,"value":0.7078771575,"CenCVar":0,"CenQgen":0},{"id":1226.0,"time":135,"bus_id":184,"name":"CONDOR_CHEPICA_FV","CenPgen":0.7078771575,"value":0.7078771575,"CenCVar":0,"CenQgen":0},{"id":1226.0,"time":136,"bus_id":184,"name":"CONDOR_CHEPICA_FV","CenPgen":0.7302055663,"value":0.7302055663,"CenCVar":0,"CenQgen":0},{"id":1226.0,"time":137,"bus_id":184,"name":"CONDOR_CHEPICA_FV","CenPgen":0.2685811,"value":0.2685811,"CenCVar":0,"CenQgen":0},{"id":1226.0,"time":138,"bus_id":184,"name":"CONDOR_CHEPICA_FV","CenPgen":0.2685811,"value":0.2685811,"CenCVar":0,"CenQgen":0},{"id":1226.0,"time":139,"bus_id":184,"name":"CONDOR_CHEPICA_FV","CenPgen":0.0,"value":0.0,"CenCVar":0,"CenQgen":0},{"id":1226.0,"time":140,"bus_id":184,"name":"CONDOR_CHEPICA_FV","CenPgen":0.0,"value":0.0,"CenCVar":0,"CenQgen":0},{"id":1226.0,"time":141,"bus_id":184,"name":"CONDOR_CHEPICA_FV","CenPgen":0.0,"value":0.0,"CenCVar":0,"CenQgen":0},{"id":1226.0,"time":142,"bus_id":184,"name":"CONDOR_CHEPICA_FV","CenPgen":0.0,"value":0.0,"CenCVar":0,"CenQgen":0},{"id":1226.0,"time":143,"bus_id":184,"name":"CONDOR_CHEPICA_FV","CenPgen":0.0,"value":0.0,"CenCVar":0,"CenQgen":0},{"id":1226.0,"time":144,"bus_id":184,"name":"CONDOR_CHEPICA_FV","CenPgen":0.0,"value":0.0,"CenCVar":0,"CenQgen":0},{"id":1226.0,"time":145,"bus_id":184,"name":"CONDOR_CHEPICA_FV","CenPgen":0.0,"value":0.0,"CenCVar":0,"CenQgen":0},{"id":1226.0,"time":146,"bus_id":184,"name":"CONDOR_CHEPICA_FV","CenPgen":0.0,"value":0.0,"CenCVar":0,"CenQgen":0},{"id":1226.0,"time":147,"bus_id":184,"name":"CONDOR_CHEPICA_FV","CenPgen":0.0,"value":0.0,"CenCVar":0,"CenQgen":0},{"id":1226.0,"time":148,"bus_id":184,"name":"CONDOR_CHEPICA_FV","CenPgen":0.0,"value":0.0,"CenCVar":0,"CenQgen":0},{"id":1226.0,"time":149,"bus_id":184,"name":"CONDOR_CHEPICA_FV","CenPgen":0.0,"value":0.0,"CenCVar":0,"CenQgen":0},{"id":1226.0,"time":150,"bus_id":184,"name":"CONDOR_CHEPICA_FV","CenPgen":0.0,"value":0.0,"CenCVar":0,"CenQgen":0},{"id":1226.0,"time":151,"bus_id":184,"name":"CONDOR_CHEPICA_FV","CenPgen":0.0,"value":0.0,"CenCVar":0,"CenQgen":0},{"id":1226.0,"time":152,"bus_id":184,"name":"CONDOR_CHEPICA_FV","CenPgen":0.0029293172,"value":0.0029293172,"CenCVar":0,"CenQgen":0},{"id":1226.0,"time":153,"bus_id":184,"name":"CONDOR_CHEPICA_FV","CenPgen":0.134716668,"value":0.134716668,"CenCVar":0,"CenQgen":0},{"id":1226.0,"time":154,"bus_id":184,"name":"CONDOR_CHEPICA_FV","CenPgen":0.3886469484,"value":0.3886469484,"CenCVar":0,"CenQgen":0},{"id":1226.0,"time":155,"bus_id":184,"name":"CONDOR_CHEPICA_FV","CenPgen":0.3886469484,"value":0.3886469484,"CenCVar":0,"CenQgen":0},{"id":1226.0,"time":156,"bus_id":184,"name":"CONDOR_CHEPICA_FV","CenPgen":0.3886469484,"value":0.3886469484,"CenCVar":0,"CenQgen":0},{"id":1226.0,"time":157,"bus_id":184,"name":"CONDOR_CHEPICA_FV","CenPgen":0.62222067,"value":0.62222067,"CenCVar":0,"CenQgen":0},{"id":1226.0,"time":158,"bus_id":184,"name":"CONDOR_CHEPICA_FV","CenPgen":0.41075213,"value":0.41075213,"CenCVar":0,"CenQgen":0},{"id":1226.0,"time":159,"bus_id":184,"name":"CONDOR_CHEPICA_FV","CenPgen":0.41075213,"value":0.41075213,"CenCVar":0,"CenQgen":0},{"id":1226.0,"time":160,"bus_id":184,"name":"CONDOR_CHEPICA_FV","CenPgen":0.41075213,"value":0.41075213,"CenCVar":0,"CenQgen":0},{"id":1226.0,"time":161,"bus_id":184,"name":"CONDOR_CHEPICA_FV","CenPgen":0.0197268538,"value":0.0197268538,"CenCVar":0,"CenQgen":0},{"id":1226.0,"time":162,"bus_id":184,"name":"CONDOR_CHEPICA_FV","CenPgen":0.0197268538,"value":0.0197268538,"CenCVar":0,"CenQgen":0},{"id":1226.0,"time":163,"bus_id":184,"name":"CONDOR_CHEPICA_FV","CenPgen":0.0197268538,"value":0.0197268538,"CenCVar":0,"CenQgen":0},{"id":1226.0,"time":164,"bus_id":184,"name":"CONDOR_CHEPICA_FV","CenPgen":0.0,"value":0.0,"CenCVar":0,"CenQgen":0},{"id":1226.0,"time":165,"bus_id":184,"name":"CONDOR_CHEPICA_FV","CenPgen":0.0,"value":0.0,"CenCVar":0,"CenQgen":0},{"id":1226.0,"time":166,"bus_id":184,"name":"CONDOR_CHEPICA_FV","CenPgen":0.0,"value":0.0,"CenCVar":0,"CenQgen":0},{"id":1226.0,"time":167,"bus_id":184,"name":"CONDOR_CHEPICA_FV","CenPgen":0.0,"value":0.0,"CenCVar":0,"CenQgen":0},{"id":1226.0,"time":168,"bus_id":184,"name":"CONDOR_CHEPICA_FV","CenPgen":0.0,"value":0.0,"CenCVar":0,"CenQgen":0}]