[{"id":1093.0,"time":1,"bus_id":184,"name":"UCUQUER_2_EO","CenPgen":4.8104081633,"value":4.8104081633,"CenCVar":0,"CenQgen":0},{"id":1093.0,"time":2,"bus_id":184,"name":"UCUQUER_2_EO","CenPgen":4.8104081633,"value":4.8104081633,"CenCVar":0,"CenQgen":0},{"id":1093.0,"time":3,"bus_id":184,"name":"UCUQUER_2_EO","CenPgen":4.8697959184,"value":4.8697959184,"CenCVar":0,"CenQgen":0},{"id":1093.0,"time":4,"bus_id":184,"name":"UCUQUER_2_EO","CenPgen":4.9885714286,"value":4.9885714286,"CenCVar":0,"CenQgen":0},{"id":1093.0,"time":5,"bus_id":184,"name":"UCUQUER_2_EO","CenPgen":5.2855102041,"value":5.2855102041,"CenCVar":0,"CenQgen":0},{"id":1093.0,"time":6,"bus_id":184,"name":"UCUQUER_2_EO","CenPgen":4.7569591837,"value":4.7569591837,"CenCVar":0,"CenQgen":0},{"id":1093.0,"time":7,"bus_id":184,"name":"UCUQUER_2_EO","CenPgen":4.085877551,"value":4.085877551,"CenCVar":0,"CenQgen":0},{"id":1093.0,"time":8,"bus_id":184,"name":"UCUQUER_2_EO","CenPgen":3.8958367347,"value":3.8958367347,"CenCVar":0,"CenQgen":0},{"id":1093.0,"time":9,"bus_id":184,"name":"UCUQUER_2_EO","CenPgen":3.3732244898,"value":3.3732244898,"CenCVar":0,"CenQgen":0},{"id":1093.0,"time":10,"bus_id":184,"name":"UCUQUER_2_EO","CenPgen":2.8951530612,"value":2.8951530612,"CenCVar":0,"CenQgen":0},{"id":1093.0,"time":11,"bus_id":184,"name":"UCUQUER_2_EO","CenPgen":2.2715816327,"value":2.2715816327,"CenCVar":0,"CenQgen":0},{"id":1093.0,"time":12,"bus_id":184,"name":"UCUQUER_2_EO","CenPgen":1.9954285714,"value":1.9954285714,"CenCVar":0,"CenQgen":0},{"id":1093.0,"time":13,"bus_id":184,"name":"UCUQUER_2_EO","CenPgen":1.3718571429,"value":1.3718571429,"CenCVar":0,"CenQgen":0},{"id":1093.0,"time":14,"bus_id":184,"name":"UCUQUER_2_EO","CenPgen":1.2471428571,"value":1.2471428571,"CenCVar":0,"CenQgen":0},{"id":1093.0,"time":15,"bus_id":184,"name":"UCUQUER_2_EO","CenPgen":1.3302857143,"value":1.3302857143,"CenCVar":0,"CenQgen":0},{"id":1093.0,"time":16,"bus_id":184,"name":"UCUQUER_2_EO","CenPgen":1.9004081633,"value":1.9004081633,"CenCVar":0,"CenQgen":0},{"id":1093.0,"time":17,"bus_id":184,"name":"UCUQUER_2_EO","CenPgen":1.9954285714,"value":1.9954285714,"CenCVar":0,"CenQgen":0},{"id":1093.0,"time":18,"bus_id":184,"name":"UCUQUER_2_EO","CenPgen":2.3725408163,"value":2.3725408163,"CenCVar":0,"CenQgen":0},{"id":1093.0,"time":19,"bus_id":184,"name":"UCUQUER_2_EO","CenPgen":2.5239795918,"value":2.5239795918,"CenCVar":0,"CenQgen":0},{"id":1093.0,"time":20,"bus_id":184,"name":"UCUQUER_2_EO","CenPgen":2.9901734694,"value":2.9901734694,"CenCVar":0,"CenQgen":0},{"id":1093.0,"time":21,"bus_id":184,"name":"UCUQUER_2_EO","CenPgen":2.933755102,"value":2.933755102,"CenCVar":0,"CenQgen":0},{"id":1093.0,"time":22,"bus_id":184,"name":"UCUQUER_2_EO","CenPgen":2.9901734694,"value":2.9901734694,"CenCVar":0,"CenQgen":0},{"id":1093.0,"time":23,"bus_id":184,"name":"UCUQUER_2_EO","CenPgen":2.9901734694,"value":2.9901734694,"CenCVar":0,"CenQgen":0},{"id":1093.0,"time":24,"bus_id":184,"name":"UCUQUER_2_EO","CenPgen":2.8773367347,"value":2.8773367347,"CenCVar":0,"CenQgen":0},{"id":1093.0,"time":25,"bus_id":184,"name":"UCUQUER_2_EO","CenPgen":2.7912244898,"value":2.7912244898,"CenCVar":0,"CenQgen":0},{"id":1093.0,"time":26,"bus_id":184,"name":"UCUQUER_2_EO","CenPgen":2.6724489796,"value":2.6724489796,"CenCVar":0,"CenQgen":0},{"id":1093.0,"time":27,"bus_id":184,"name":"UCUQUER_2_EO","CenPgen":3.0287755102,"value":3.0287755102,"CenCVar":0,"CenQgen":0},{"id":1093.0,"time":28,"bus_id":184,"name":"UCUQUER_2_EO","CenPgen":2.7932040816,"value":2.7932040816,"CenCVar":0,"CenQgen":0},{"id":1093.0,"time":29,"bus_id":184,"name":"UCUQUER_2_EO","CenPgen":2.7932040816,"value":2.7932040816,"CenCVar":0,"CenQgen":0},{"id":1093.0,"time":30,"bus_id":184,"name":"UCUQUER_2_EO","CenPgen":2.7932040816,"value":2.7932040816,"CenCVar":0,"CenQgen":0},{"id":1093.0,"time":31,"bus_id":184,"name":"UCUQUER_2_EO","CenPgen":2.4230204082,"value":2.4230204082,"CenCVar":0,"CenQgen":0},{"id":1093.0,"time":32,"bus_id":184,"name":"UCUQUER_2_EO","CenPgen":2.8506122449,"value":2.8506122449,"CenCVar":0,"CenQgen":0},{"id":1093.0,"time":33,"bus_id":184,"name":"UCUQUER_2_EO","CenPgen":2.7555918367,"value":2.7555918367,"CenCVar":0,"CenQgen":0},{"id":1093.0,"time":34,"bus_id":184,"name":"UCUQUER_2_EO","CenPgen":2.3606632653,"value":2.3606632653,"CenCVar":0,"CenQgen":0},{"id":1093.0,"time":35,"bus_id":184,"name":"UCUQUER_2_EO","CenPgen":2.316122449,"value":2.316122449,"CenCVar":0,"CenQgen":0},{"id":1093.0,"time":36,"bus_id":184,"name":"UCUQUER_2_EO","CenPgen":2.0647142857,"value":2.0647142857,"CenCVar":0,"CenQgen":0},{"id":1093.0,"time":37,"bus_id":184,"name":"UCUQUER_2_EO","CenPgen":2.0647142857,"value":2.0647142857,"CenCVar":0,"CenQgen":0},{"id":1093.0,"time":38,"bus_id":184,"name":"UCUQUER_2_EO","CenPgen":2.0647142857,"value":2.0647142857,"CenCVar":0,"CenQgen":0},{"id":1093.0,"time":39,"bus_id":184,"name":"UCUQUER_2_EO","CenPgen":1.9954285714,"value":1.9954285714,"CenCVar":0,"CenQgen":0},{"id":1093.0,"time":40,"bus_id":184,"name":"UCUQUER_2_EO","CenPgen":2.328,"value":2.328,"CenCVar":0,"CenQgen":0},{"id":1093.0,"time":41,"bus_id":184,"name":"UCUQUER_2_EO","CenPgen":2.5180408163,"value":2.5180408163,"CenCVar":0,"CenQgen":0},{"id":1093.0,"time":42,"bus_id":184,"name":"UCUQUER_2_EO","CenPgen":3.1297346939,"value":3.1297346939,"CenCVar":0,"CenQgen":0},{"id":1093.0,"time":43,"bus_id":184,"name":"UCUQUER_2_EO","CenPgen":3.6850102041,"value":3.6850102041,"CenCVar":0,"CenQgen":0},{"id":1093.0,"time":44,"bus_id":184,"name":"UCUQUER_2_EO","CenPgen":4.8519795918,"value":4.8519795918,"CenCVar":0,"CenQgen":0},{"id":1093.0,"time":45,"bus_id":184,"name":"UCUQUER_2_EO","CenPgen":4.7391428571,"value":4.7391428571,"CenCVar":0,"CenQgen":0},{"id":1093.0,"time":46,"bus_id":184,"name":"UCUQUER_2_EO","CenPgen":4.5134693878,"value":4.5134693878,"CenCVar":0,"CenQgen":0},{"id":1093.0,"time":47,"bus_id":184,"name":"UCUQUER_2_EO","CenPgen":4.4006326531,"value":4.4006326531,"CenCVar":0,"CenQgen":0},{"id":1093.0,"time":48,"bus_id":184,"name":"UCUQUER_2_EO","CenPgen":4.1185408163,"value":4.1185408163,"CenCVar":0,"CenQgen":0},{"id":1093.0,"time":49,"bus_id":184,"name":"UCUQUER_2_EO","CenPgen":4.2759183673,"value":4.2759183673,"CenCVar":0,"CenQgen":0},{"id":1093.0,"time":50,"bus_id":184,"name":"UCUQUER_2_EO","CenPgen":4.0383673469,"value":4.0383673469,"CenCVar":0,"CenQgen":0},{"id":1093.0,"time":51,"bus_id":184,"name":"UCUQUER_2_EO","CenPgen":3.8602040816,"value":3.8602040816,"CenCVar":0,"CenQgen":0},{"id":1093.0,"time":52,"bus_id":184,"name":"UCUQUER_2_EO","CenPgen":3.5632653061,"value":3.5632653061,"CenCVar":0,"CenQgen":0},{"id":1093.0,"time":53,"bus_id":184,"name":"UCUQUER_2_EO","CenPgen":3.5632653061,"value":3.5632653061,"CenCVar":0,"CenQgen":0},{"id":1093.0,"time":54,"bus_id":184,"name":"UCUQUER_2_EO","CenPgen":3.4207346939,"value":3.4207346939,"CenCVar":0,"CenQgen":0},{"id":1093.0,"time":55,"bus_id":184,"name":"UCUQUER_2_EO","CenPgen":2.9931428571,"value":2.9931428571,"CenCVar":0,"CenQgen":0},{"id":1093.0,"time":56,"bus_id":184,"name":"UCUQUER_2_EO","CenPgen":2.8506122449,"value":2.8506122449,"CenCVar":0,"CenQgen":0},{"id":1093.0,"time":57,"bus_id":184,"name":"UCUQUER_2_EO","CenPgen":2.4230204082,"value":2.4230204082,"CenCVar":0,"CenQgen":0},{"id":1093.0,"time":58,"bus_id":184,"name":"UCUQUER_2_EO","CenPgen":1.8261734694,"value":1.8261734694,"CenCVar":0,"CenQgen":0},{"id":1093.0,"time":59,"bus_id":184,"name":"UCUQUER_2_EO","CenPgen":1.09125,"value":1.09125,"CenCVar":0,"CenQgen":0},{"id":1093.0,"time":60,"bus_id":184,"name":"UCUQUER_2_EO","CenPgen":1.09125,"value":1.09125,"CenCVar":0,"CenQgen":0},{"id":1093.0,"time":61,"bus_id":184,"name":"UCUQUER_2_EO","CenPgen":1.09125,"value":1.09125,"CenCVar":0,"CenQgen":0},{"id":1093.0,"time":62,"bus_id":184,"name":"UCUQUER_2_EO","CenPgen":1.09125,"value":1.09125,"CenCVar":0,"CenQgen":0},{"id":1093.0,"time":63,"bus_id":184,"name":"UCUQUER_2_EO","CenPgen":0.873,"value":0.873,"CenCVar":0,"CenQgen":0},{"id":1093.0,"time":64,"bus_id":184,"name":"UCUQUER_2_EO","CenPgen":1.0927346939,"value":1.0927346939,"CenCVar":0,"CenQgen":0},{"id":1093.0,"time":65,"bus_id":184,"name":"UCUQUER_2_EO","CenPgen":1.2352653061,"value":1.2352653061,"CenCVar":0,"CenQgen":0},{"id":1093.0,"time":66,"bus_id":184,"name":"UCUQUER_2_EO","CenPgen":1.4134285714,"value":1.4134285714,"CenCVar":0,"CenQgen":0},{"id":1093.0,"time":67,"bus_id":184,"name":"UCUQUER_2_EO","CenPgen":1.4639081633,"value":1.4639081633,"CenCVar":0,"CenQgen":0},{"id":1093.0,"time":68,"bus_id":184,"name":"UCUQUER_2_EO","CenPgen":1.7489693878,"value":1.7489693878,"CenCVar":0,"CenQgen":0},{"id":1093.0,"time":69,"bus_id":184,"name":"UCUQUER_2_EO","CenPgen":2.0874795918,"value":2.0874795918,"CenCVar":0,"CenQgen":0},{"id":1093.0,"time":70,"bus_id":184,"name":"UCUQUER_2_EO","CenPgen":2.3695714286,"value":2.3695714286,"CenCVar":0,"CenQgen":0},{"id":1093.0,"time":71,"bus_id":184,"name":"UCUQUER_2_EO","CenPgen":2.6516632653,"value":2.6516632653,"CenCVar":0,"CenQgen":0},{"id":1093.0,"time":72,"bus_id":184,"name":"UCUQUER_2_EO","CenPgen":2.595244898,"value":2.595244898,"CenCVar":0,"CenQgen":0},{"id":1093.0,"time":73,"bus_id":184,"name":"UCUQUER_2_EO","CenPgen":2.5536734694,"value":2.5536734694,"CenCVar":0,"CenQgen":0},{"id":1093.0,"time":74,"bus_id":184,"name":"UCUQUER_2_EO","CenPgen":2.6130612245,"value":2.6130612245,"CenCVar":0,"CenQgen":0},{"id":1093.0,"time":75,"bus_id":184,"name":"UCUQUER_2_EO","CenPgen":2.6724489796,"value":2.6724489796,"CenCVar":0,"CenQgen":0},{"id":1093.0,"time":76,"bus_id":184,"name":"UCUQUER_2_EO","CenPgen":2.6056377551,"value":2.6056377551,"CenCVar":0,"CenQgen":0},{"id":1093.0,"time":77,"bus_id":184,"name":"UCUQUER_2_EO","CenPgen":2.6056377551,"value":2.6056377551,"CenCVar":0,"CenQgen":0},{"id":1093.0,"time":78,"bus_id":184,"name":"UCUQUER_2_EO","CenPgen":2.6056377551,"value":2.6056377551,"CenCVar":0,"CenQgen":0},{"id":1093.0,"time":79,"bus_id":184,"name":"UCUQUER_2_EO","CenPgen":2.6056377551,"value":2.6056377551,"CenCVar":0,"CenQgen":0},{"id":1093.0,"time":80,"bus_id":184,"name":"UCUQUER_2_EO","CenPgen":2.2329795918,"value":2.2329795918,"CenCVar":0,"CenQgen":0},{"id":1093.0,"time":81,"bus_id":184,"name":"UCUQUER_2_EO","CenPgen":2.0429387755,"value":2.0429387755,"CenCVar":0,"CenQgen":0},{"id":1093.0,"time":82,"bus_id":184,"name":"UCUQUER_2_EO","CenPgen":1.7816326531,"value":1.7816326531,"CenCVar":0,"CenQgen":0},{"id":1093.0,"time":83,"bus_id":184,"name":"UCUQUER_2_EO","CenPgen":1.4713316327,"value":1.4713316327,"CenCVar":0,"CenQgen":0},{"id":1093.0,"time":84,"bus_id":184,"name":"UCUQUER_2_EO","CenPgen":1.4713316327,"value":1.4713316327,"CenCVar":0,"CenQgen":0},{"id":1093.0,"time":85,"bus_id":184,"name":"UCUQUER_2_EO","CenPgen":1.2233877551,"value":1.2233877551,"CenCVar":0,"CenQgen":0},{"id":1093.0,"time":86,"bus_id":184,"name":"UCUQUER_2_EO","CenPgen":1.2233877551,"value":1.2233877551,"CenCVar":0,"CenQgen":0},{"id":1093.0,"time":87,"bus_id":184,"name":"UCUQUER_2_EO","CenPgen":1.2233877551,"value":1.2233877551,"CenCVar":0,"CenQgen":0},{"id":1093.0,"time":88,"bus_id":184,"name":"UCUQUER_2_EO","CenPgen":1.2233877551,"value":1.2233877551,"CenCVar":0,"CenQgen":0},{"id":1093.0,"time":89,"bus_id":184,"name":"UCUQUER_2_EO","CenPgen":1.8647755102,"value":1.8647755102,"CenCVar":0,"CenQgen":0},{"id":1093.0,"time":90,"bus_id":184,"name":"UCUQUER_2_EO","CenPgen":1.8647755102,"value":1.8647755102,"CenCVar":0,"CenQgen":0},{"id":1093.0,"time":91,"bus_id":184,"name":"UCUQUER_2_EO","CenPgen":2.4735,"value":2.4735,"CenCVar":0,"CenQgen":0},{"id":1093.0,"time":92,"bus_id":184,"name":"UCUQUER_2_EO","CenPgen":3.1594285714,"value":3.1594285714,"CenCVar":0,"CenQgen":0},{"id":1093.0,"time":93,"bus_id":184,"name":"UCUQUER_2_EO","CenPgen":3.3474897959,"value":3.3474897959,"CenCVar":0,"CenQgen":0},{"id":1093.0,"time":94,"bus_id":184,"name":"UCUQUER_2_EO","CenPgen":3.3474897959,"value":3.3474897959,"CenCVar":0,"CenQgen":0},{"id":1093.0,"time":95,"bus_id":184,"name":"UCUQUER_2_EO","CenPgen":3.3474897959,"value":3.3474897959,"CenCVar":0,"CenQgen":0},{"id":1093.0,"time":96,"bus_id":184,"name":"UCUQUER_2_EO","CenPgen":3.3286836735,"value":3.3286836735,"CenCVar":0,"CenQgen":0},{"id":1093.0,"time":97,"bus_id":184,"name":"UCUQUER_2_EO","CenPgen":3.503877551,"value":3.503877551,"CenCVar":0,"CenQgen":0},{"id":1093.0,"time":98,"bus_id":184,"name":"UCUQUER_2_EO","CenPgen":3.503877551,"value":3.503877551,"CenCVar":0,"CenQgen":0},{"id":1093.0,"time":99,"bus_id":184,"name":"UCUQUER_2_EO","CenPgen":3.3257142857,"value":3.3257142857,"CenCVar":0,"CenQgen":0},{"id":1093.0,"time":100,"bus_id":184,"name":"UCUQUER_2_EO","CenPgen":3.3257142857,"value":3.3257142857,"CenCVar":0,"CenQgen":0},{"id":1093.0,"time":101,"bus_id":184,"name":"UCUQUER_2_EO","CenPgen":2.5833673469,"value":2.5833673469,"CenCVar":0,"CenQgen":0},{"id":1093.0,"time":102,"bus_id":184,"name":"UCUQUER_2_EO","CenPgen":2.5833673469,"value":2.5833673469,"CenCVar":0,"CenQgen":0},{"id":1093.0,"time":103,"bus_id":184,"name":"UCUQUER_2_EO","CenPgen":2.5833673469,"value":2.5833673469,"CenCVar":0,"CenQgen":0},{"id":1093.0,"time":104,"bus_id":184,"name":"UCUQUER_2_EO","CenPgen":2.5833673469,"value":2.5833673469,"CenCVar":0,"CenQgen":0},{"id":1093.0,"time":105,"bus_id":184,"name":"UCUQUER_2_EO","CenPgen":2.5833673469,"value":2.5833673469,"CenCVar":0,"CenQgen":0},{"id":1093.0,"time":106,"bus_id":184,"name":"UCUQUER_2_EO","CenPgen":1.6480102041,"value":1.6480102041,"CenCVar":0,"CenQgen":0},{"id":1093.0,"time":107,"bus_id":184,"name":"UCUQUER_2_EO","CenPgen":1.1209438776,"value":1.1209438776,"CenCVar":0,"CenQgen":0},{"id":1093.0,"time":108,"bus_id":184,"name":"UCUQUER_2_EO","CenPgen":1.1209438776,"value":1.1209438776,"CenCVar":0,"CenQgen":0},{"id":1093.0,"time":109,"bus_id":184,"name":"UCUQUER_2_EO","CenPgen":0.3365306122,"value":0.3365306122,"CenCVar":0,"CenQgen":0},{"id":1093.0,"time":110,"bus_id":184,"name":"UCUQUER_2_EO","CenPgen":0.3365306122,"value":0.3365306122,"CenCVar":0,"CenQgen":0},{"id":1093.0,"time":111,"bus_id":184,"name":"UCUQUER_2_EO","CenPgen":0.3365306122,"value":0.3365306122,"CenCVar":0,"CenQgen":0},{"id":1093.0,"time":112,"bus_id":184,"name":"UCUQUER_2_EO","CenPgen":0.3365306122,"value":0.3365306122,"CenCVar":0,"CenQgen":0},{"id":1093.0,"time":113,"bus_id":184,"name":"UCUQUER_2_EO","CenPgen":0.3365306122,"value":0.3365306122,"CenCVar":0,"CenQgen":0},{"id":1093.0,"time":114,"bus_id":184,"name":"UCUQUER_2_EO","CenPgen":0.3365306122,"value":0.3365306122,"CenCVar":0,"CenQgen":0},{"id":1093.0,"time":115,"bus_id":184,"name":"UCUQUER_2_EO","CenPgen":0.5552755102,"value":0.5552755102,"CenCVar":0,"CenQgen":0},{"id":1093.0,"time":116,"bus_id":184,"name":"UCUQUER_2_EO","CenPgen":0.7898571429,"value":0.7898571429,"CenCVar":0,"CenQgen":0},{"id":1093.0,"time":117,"bus_id":184,"name":"UCUQUER_2_EO","CenPgen":0.6770204082,"value":0.6770204082,"CenCVar":0,"CenQgen":0},{"id":1093.0,"time":118,"bus_id":184,"name":"UCUQUER_2_EO","CenPgen":0.6770204082,"value":0.6770204082,"CenCVar":0,"CenQgen":0},{"id":1093.0,"time":119,"bus_id":184,"name":"UCUQUER_2_EO","CenPgen":0.6770204082,"value":0.6770204082,"CenCVar":0,"CenQgen":0},{"id":1093.0,"time":120,"bus_id":184,"name":"UCUQUER_2_EO","CenPgen":0.6770204082,"value":0.6770204082,"CenCVar":0,"CenQgen":0},{"id":1093.0,"time":121,"bus_id":184,"name":"UCUQUER_2_EO","CenPgen":0.6532653061,"value":0.6532653061,"CenCVar":0,"CenQgen":0},{"id":1093.0,"time":122,"bus_id":184,"name":"UCUQUER_2_EO","CenPgen":0.5344897959,"value":0.5344897959,"CenCVar":0,"CenQgen":0},{"id":1093.0,"time":123,"bus_id":184,"name":"UCUQUER_2_EO","CenPgen":0.4751020408,"value":0.4751020408,"CenCVar":0,"CenQgen":0},{"id":1093.0,"time":124,"bus_id":184,"name":"UCUQUER_2_EO","CenPgen":0.5344897959,"value":0.5344897959,"CenCVar":0,"CenQgen":0},{"id":1093.0,"time":125,"bus_id":184,"name":"UCUQUER_2_EO","CenPgen":0.5344897959,"value":0.5344897959,"CenCVar":0,"CenQgen":0},{"id":1093.0,"time":126,"bus_id":184,"name":"UCUQUER_2_EO","CenPgen":0.5344897959,"value":0.5344897959,"CenCVar":0,"CenQgen":0},{"id":1093.0,"time":127,"bus_id":184,"name":"UCUQUER_2_EO","CenPgen":0.4751020408,"value":0.4751020408,"CenCVar":0,"CenQgen":0},{"id":1093.0,"time":128,"bus_id":184,"name":"UCUQUER_2_EO","CenPgen":0.5226122449,"value":0.5226122449,"CenCVar":0,"CenQgen":0},{"id":1093.0,"time":129,"bus_id":184,"name":"UCUQUER_2_EO","CenPgen":0.4751020408,"value":0.4751020408,"CenCVar":0,"CenQgen":0},{"id":1093.0,"time":130,"bus_id":184,"name":"UCUQUER_2_EO","CenPgen":0.4008673469,"value":0.4008673469,"CenCVar":0,"CenQgen":0},{"id":1093.0,"time":131,"bus_id":184,"name":"UCUQUER_2_EO","CenPgen":0.2690265306,"value":0.2690265306,"CenCVar":0,"CenQgen":0},{"id":1093.0,"time":132,"bus_id":184,"name":"UCUQUER_2_EO","CenPgen":0.2690265306,"value":0.2690265306,"CenCVar":0,"CenQgen":0},{"id":1093.0,"time":133,"bus_id":184,"name":"UCUQUER_2_EO","CenPgen":0.2690265306,"value":0.2690265306,"CenCVar":0,"CenQgen":0},{"id":1093.0,"time":134,"bus_id":184,"name":"UCUQUER_2_EO","CenPgen":0.2690265306,"value":0.2690265306,"CenCVar":0,"CenQgen":0},{"id":1093.0,"time":135,"bus_id":184,"name":"UCUQUER_2_EO","CenPgen":0.2690265306,"value":0.2690265306,"CenCVar":0,"CenQgen":0},{"id":1093.0,"time":136,"bus_id":184,"name":"UCUQUER_2_EO","CenPgen":0.570122449,"value":0.570122449,"CenCVar":0,"CenQgen":0},{"id":1093.0,"time":137,"bus_id":184,"name":"UCUQUER_2_EO","CenPgen":1.0348316327,"value":1.0348316327,"CenCVar":0,"CenQgen":0},{"id":1093.0,"time":138,"bus_id":184,"name":"UCUQUER_2_EO","CenPgen":1.0348316327,"value":1.0348316327,"CenCVar":0,"CenQgen":0},{"id":1093.0,"time":139,"bus_id":184,"name":"UCUQUER_2_EO","CenPgen":1.867744898,"value":1.867744898,"CenCVar":0,"CenQgen":0},{"id":1093.0,"time":140,"bus_id":184,"name":"UCUQUER_2_EO","CenPgen":2.7080816327,"value":2.7080816327,"CenCVar":0,"CenQgen":0},{"id":1093.0,"time":141,"bus_id":184,"name":"UCUQUER_2_EO","CenPgen":3.2534591837,"value":3.2534591837,"CenCVar":0,"CenQgen":0},{"id":1093.0,"time":142,"bus_id":184,"name":"UCUQUER_2_EO","CenPgen":3.2534591837,"value":3.2534591837,"CenCVar":0,"CenQgen":0},{"id":1093.0,"time":143,"bus_id":184,"name":"UCUQUER_2_EO","CenPgen":3.2534591837,"value":3.2534591837,"CenCVar":0,"CenQgen":0},{"id":1093.0,"time":144,"bus_id":184,"name":"UCUQUER_2_EO","CenPgen":3.6671938776,"value":3.6671938776,"CenCVar":0,"CenQgen":0},{"id":1093.0,"time":145,"bus_id":184,"name":"UCUQUER_2_EO","CenPgen":4.097755102,"value":4.097755102,"CenCVar":0,"CenQgen":0},{"id":1093.0,"time":146,"bus_id":184,"name":"UCUQUER_2_EO","CenPgen":4.2165306122,"value":4.2165306122,"CenCVar":0,"CenQgen":0},{"id":1093.0,"time":147,"bus_id":184,"name":"UCUQUER_2_EO","CenPgen":4.2506785714,"value":4.2506785714,"CenCVar":0,"CenQgen":0},{"id":1093.0,"time":148,"bus_id":184,"name":"UCUQUER_2_EO","CenPgen":4.2506785714,"value":4.2506785714,"CenCVar":0,"CenQgen":0},{"id":1093.0,"time":149,"bus_id":184,"name":"UCUQUER_2_EO","CenPgen":4.2506785714,"value":4.2506785714,"CenCVar":0,"CenQgen":0},{"id":1093.0,"time":150,"bus_id":184,"name":"UCUQUER_2_EO","CenPgen":4.2506785714,"value":4.2506785714,"CenCVar":0,"CenQgen":0},{"id":1093.0,"time":151,"bus_id":184,"name":"UCUQUER_2_EO","CenPgen":3.7533061224,"value":3.7533061224,"CenCVar":0,"CenQgen":0},{"id":1093.0,"time":152,"bus_id":184,"name":"UCUQUER_2_EO","CenPgen":3.7057959184,"value":3.7057959184,"CenCVar":0,"CenQgen":0},{"id":1093.0,"time":153,"bus_id":184,"name":"UCUQUER_2_EO","CenPgen":3.468244898,"value":3.468244898,"CenCVar":0,"CenQgen":0},{"id":1093.0,"time":154,"bus_id":184,"name":"UCUQUER_2_EO","CenPgen":3.1861530612,"value":3.1861530612,"CenCVar":0,"CenQgen":0},{"id":1093.0,"time":155,"bus_id":184,"name":"UCUQUER_2_EO","CenPgen":3.1861530612,"value":3.1861530612,"CenCVar":0,"CenQgen":0},{"id":1093.0,"time":156,"bus_id":184,"name":"UCUQUER_2_EO","CenPgen":3.1861530612,"value":3.1861530612,"CenCVar":0,"CenQgen":0},{"id":1093.0,"time":157,"bus_id":184,"name":"UCUQUER_2_EO","CenPgen":2.8268571429,"value":2.8268571429,"CenCVar":0,"CenQgen":0},{"id":1093.0,"time":158,"bus_id":184,"name":"UCUQUER_2_EO","CenPgen":3.0663877551,"value":3.0663877551,"CenCVar":0,"CenQgen":0},{"id":1093.0,"time":159,"bus_id":184,"name":"UCUQUER_2_EO","CenPgen":3.0663877551,"value":3.0663877551,"CenCVar":0,"CenQgen":0},{"id":1093.0,"time":160,"bus_id":184,"name":"UCUQUER_2_EO","CenPgen":3.0663877551,"value":3.0663877551,"CenCVar":0,"CenQgen":0},{"id":1093.0,"time":161,"bus_id":184,"name":"UCUQUER_2_EO","CenPgen":4.0165918367,"value":4.0165918367,"CenCVar":0,"CenQgen":0},{"id":1093.0,"time":162,"bus_id":184,"name":"UCUQUER_2_EO","CenPgen":4.0165918367,"value":4.0165918367,"CenCVar":0,"CenQgen":0},{"id":1093.0,"time":163,"bus_id":184,"name":"UCUQUER_2_EO","CenPgen":4.0165918367,"value":4.0165918367,"CenCVar":0,"CenQgen":0},{"id":1093.0,"time":164,"bus_id":184,"name":"UCUQUER_2_EO","CenPgen":5.529,"value":5.529,"CenCVar":0,"CenQgen":0},{"id":1093.0,"time":165,"bus_id":184,"name":"UCUQUER_2_EO","CenPgen":5.3033265306,"value":5.3033265306,"CenCVar":0,"CenQgen":0},{"id":1093.0,"time":166,"bus_id":184,"name":"UCUQUER_2_EO","CenPgen":5.3033265306,"value":5.3033265306,"CenCVar":0,"CenQgen":0},{"id":1093.0,"time":167,"bus_id":184,"name":"UCUQUER_2_EO","CenPgen":5.3033265306,"value":5.3033265306,"CenCVar":0,"CenQgen":0},{"id":1093.0,"time":168,"bus_id":184,"name":"UCUQUER_2_EO","CenPgen":5.1340714286,"value":5.1340714286,"CenCVar":0,"CenQgen":0}]