[{"id":1237.0,"time":1,"bus_id":204,"name":"BERGAMO_FV","CenPgen":0.0,"value":0.0,"CenCVar":0,"CenQgen":0},{"id":1237.0,"time":2,"bus_id":204,"name":"BERGAMO_FV","CenPgen":0.0,"value":0.0,"CenCVar":0,"CenQgen":0},{"id":1237.0,"time":3,"bus_id":204,"name":"BERGAMO_FV","CenPgen":0.0,"value":0.0,"CenCVar":0,"CenQgen":0},{"id":1237.0,"time":4,"bus_id":204,"name":"BERGAMO_FV","CenPgen":0.0,"value":0.0,"CenCVar":0,"CenQgen":0},{"id":1237.0,"time":5,"bus_id":204,"name":"BERGAMO_FV","CenPgen":0.0,"value":0.0,"CenCVar":0,"CenQgen":0},{"id":1237.0,"time":6,"bus_id":204,"name":"BERGAMO_FV","CenPgen":0.0,"value":0.0,"CenCVar":0,"CenQgen":0},{"id":1237.0,"time":7,"bus_id":204,"name":"BERGAMO_FV","CenPgen":0.0,"value":0.0,"CenCVar":0,"CenQgen":0},{"id":1237.0,"time":8,"bus_id":204,"name":"BERGAMO_FV","CenPgen":0.0005488,"value":0.0005488,"CenCVar":0,"CenQgen":0},{"id":1237.0,"time":9,"bus_id":204,"name":"BERGAMO_FV","CenPgen":0.1681906996,"value":0.1681906996,"CenCVar":0,"CenQgen":0},{"id":1237.0,"time":10,"bus_id":204,"name":"BERGAMO_FV","CenPgen":0.3205359994,"value":0.3205359994,"CenCVar":0,"CenQgen":0},{"id":1237.0,"time":11,"bus_id":204,"name":"BERGAMO_FV","CenPgen":0.6391007157,"value":0.6391007157,"CenCVar":0,"CenQgen":0},{"id":1237.0,"time":12,"bus_id":204,"name":"BERGAMO_FV","CenPgen":1.0935566559,"value":1.0935566559,"CenCVar":0,"CenQgen":0},{"id":1237.0,"time":13,"bus_id":204,"name":"BERGAMO_FV","CenPgen":1.73674969,"value":1.73674969,"CenCVar":0,"CenQgen":0},{"id":1237.0,"time":14,"bus_id":204,"name":"BERGAMO_FV","CenPgen":1.8411902771,"value":1.8411902771,"CenCVar":0,"CenQgen":0},{"id":1237.0,"time":15,"bus_id":204,"name":"BERGAMO_FV","CenPgen":1.9384797974,"value":1.9384797974,"CenCVar":0,"CenQgen":0},{"id":1237.0,"time":16,"bus_id":204,"name":"BERGAMO_FV","CenPgen":1.98191061,"value":1.98191061,"CenCVar":0,"CenQgen":0},{"id":1237.0,"time":17,"bus_id":204,"name":"BERGAMO_FV","CenPgen":1.2241818999,"value":1.2241818999,"CenCVar":0,"CenQgen":0},{"id":1237.0,"time":18,"bus_id":204,"name":"BERGAMO_FV","CenPgen":0.2737489762,"value":0.2737489762,"CenCVar":0,"CenQgen":0},{"id":1237.0,"time":19,"bus_id":204,"name":"BERGAMO_FV","CenPgen":0.0001310565,"value":0.0001310565,"CenCVar":0,"CenQgen":0},{"id":1237.0,"time":20,"bus_id":204,"name":"BERGAMO_FV","CenPgen":0.0,"value":0.0,"CenCVar":0,"CenQgen":0},{"id":1237.0,"time":21,"bus_id":204,"name":"BERGAMO_FV","CenPgen":0.0,"value":0.0,"CenCVar":0,"CenQgen":0},{"id":1237.0,"time":22,"bus_id":204,"name":"BERGAMO_FV","CenPgen":0.0,"value":0.0,"CenCVar":0,"CenQgen":0},{"id":1237.0,"time":23,"bus_id":204,"name":"BERGAMO_FV","CenPgen":0.0,"value":0.0,"CenCVar":0,"CenQgen":0},{"id":1237.0,"time":24,"bus_id":204,"name":"BERGAMO_FV","CenPgen":0.0,"value":0.0,"CenCVar":0,"CenQgen":0},{"id":1237.0,"time":25,"bus_id":204,"name":"BERGAMO_FV","CenPgen":0.0,"value":0.0,"CenCVar":0,"CenQgen":0},{"id":1237.0,"time":26,"bus_id":204,"name":"BERGAMO_FV","CenPgen":0.0,"value":0.0,"CenCVar":0,"CenQgen":0},{"id":1237.0,"time":27,"bus_id":204,"name":"BERGAMO_FV","CenPgen":0.0,"value":0.0,"CenCVar":0,"CenQgen":0},{"id":1237.0,"time":28,"bus_id":204,"name":"BERGAMO_FV","CenPgen":0.0,"value":0.0,"CenCVar":0,"CenQgen":0},{"id":1237.0,"time":29,"bus_id":204,"name":"BERGAMO_FV","CenPgen":0.0,"value":0.0,"CenCVar":0,"CenQgen":0},{"id":1237.0,"time":30,"bus_id":204,"name":"BERGAMO_FV","CenPgen":0.0,"value":0.0,"CenCVar":0,"CenQgen":0},{"id":1237.0,"time":31,"bus_id":204,"name":"BERGAMO_FV","CenPgen":0.0,"value":0.0,"CenCVar":0,"CenQgen":0},{"id":1237.0,"time":32,"bus_id":204,"name":"BERGAMO_FV","CenPgen":0.00023012,"value":0.00023012,"CenCVar":0,"CenQgen":0},{"id":1237.0,"time":33,"bus_id":204,"name":"BERGAMO_FV","CenPgen":0.0859143,"value":0.0859143,"CenCVar":0,"CenQgen":0},{"id":1237.0,"time":34,"bus_id":204,"name":"BERGAMO_FV","CenPgen":0.20898937,"value":0.20898937,"CenCVar":0,"CenQgen":0},{"id":1237.0,"time":35,"bus_id":204,"name":"BERGAMO_FV","CenPgen":0.26955249,"value":0.26955249,"CenCVar":0,"CenQgen":0},{"id":1237.0,"time":36,"bus_id":204,"name":"BERGAMO_FV","CenPgen":0.4168556,"value":0.4168556,"CenCVar":0,"CenQgen":0},{"id":1237.0,"time":37,"bus_id":204,"name":"BERGAMO_FV","CenPgen":0.4168556,"value":0.4168556,"CenCVar":0,"CenQgen":0},{"id":1237.0,"time":38,"bus_id":204,"name":"BERGAMO_FV","CenPgen":0.4168556,"value":0.4168556,"CenCVar":0,"CenQgen":0},{"id":1237.0,"time":39,"bus_id":204,"name":"BERGAMO_FV","CenPgen":0.4372180863,"value":0.4372180863,"CenCVar":0,"CenQgen":0},{"id":1237.0,"time":40,"bus_id":204,"name":"BERGAMO_FV","CenPgen":0.2102180786,"value":0.2102180786,"CenCVar":0,"CenQgen":0},{"id":1237.0,"time":41,"bus_id":204,"name":"BERGAMO_FV","CenPgen":0.12092782,"value":0.12092782,"CenCVar":0,"CenQgen":0},{"id":1237.0,"time":42,"bus_id":204,"name":"BERGAMO_FV","CenPgen":0.0174230682,"value":0.0174230682,"CenCVar":0,"CenQgen":0},{"id":1237.0,"time":43,"bus_id":204,"name":"BERGAMO_FV","CenPgen":0.0,"value":0.0,"CenCVar":0,"CenQgen":0},{"id":1237.0,"time":44,"bus_id":204,"name":"BERGAMO_FV","CenPgen":0.0,"value":0.0,"CenCVar":0,"CenQgen":0},{"id":1237.0,"time":45,"bus_id":204,"name":"BERGAMO_FV","CenPgen":0.0,"value":0.0,"CenCVar":0,"CenQgen":0},{"id":1237.0,"time":46,"bus_id":204,"name":"BERGAMO_FV","CenPgen":0.0,"value":0.0,"CenCVar":0,"CenQgen":0},{"id":1237.0,"time":47,"bus_id":204,"name":"BERGAMO_FV","CenPgen":0.0,"value":0.0,"CenCVar":0,"CenQgen":0},{"id":1237.0,"time":48,"bus_id":204,"name":"BERGAMO_FV","CenPgen":0.0,"value":0.0,"CenCVar":0,"CenQgen":0},{"id":1237.0,"time":49,"bus_id":204,"name":"BERGAMO_FV","CenPgen":0.0,"value":0.0,"CenCVar":0,"CenQgen":0},{"id":1237.0,"time":50,"bus_id":204,"name":"BERGAMO_FV","CenPgen":0.0,"value":0.0,"CenCVar":0,"CenQgen":0},{"id":1237.0,"time":51,"bus_id":204,"name":"BERGAMO_FV","CenPgen":0.0,"value":0.0,"CenCVar":0,"CenQgen":0},{"id":1237.0,"time":52,"bus_id":204,"name":"BERGAMO_FV","CenPgen":0.0,"value":0.0,"CenCVar":0,"CenQgen":0},{"id":1237.0,"time":53,"bus_id":204,"name":"BERGAMO_FV","CenPgen":0.0,"value":0.0,"CenCVar":0,"CenQgen":0},{"id":1237.0,"time":54,"bus_id":204,"name":"BERGAMO_FV","CenPgen":0.0,"value":0.0,"CenCVar":0,"CenQgen":0},{"id":1237.0,"time":55,"bus_id":204,"name":"BERGAMO_FV","CenPgen":0.0,"value":0.0,"CenCVar":0,"CenQgen":0},{"id":1237.0,"time":56,"bus_id":204,"name":"BERGAMO_FV","CenPgen":0.0,"value":0.0,"CenCVar":0,"CenQgen":0},{"id":1237.0,"time":57,"bus_id":204,"name":"BERGAMO_FV","CenPgen":0.017152837,"value":0.017152837,"CenCVar":0,"CenQgen":0},{"id":1237.0,"time":58,"bus_id":204,"name":"BERGAMO_FV","CenPgen":0.05166102,"value":0.05166102,"CenCVar":0,"CenQgen":0},{"id":1237.0,"time":59,"bus_id":204,"name":"BERGAMO_FV","CenPgen":0.6617021957,"value":0.6617021957,"CenCVar":0,"CenQgen":0},{"id":1237.0,"time":60,"bus_id":204,"name":"BERGAMO_FV","CenPgen":0.6617021957,"value":0.6617021957,"CenCVar":0,"CenQgen":0},{"id":1237.0,"time":61,"bus_id":204,"name":"BERGAMO_FV","CenPgen":0.6617021957,"value":0.6617021957,"CenCVar":0,"CenQgen":0},{"id":1237.0,"time":62,"bus_id":204,"name":"BERGAMO_FV","CenPgen":0.6617021957,"value":0.6617021957,"CenCVar":0,"CenQgen":0},{"id":1237.0,"time":63,"bus_id":204,"name":"BERGAMO_FV","CenPgen":0.98288899,"value":0.98288899,"CenCVar":0,"CenQgen":0},{"id":1237.0,"time":64,"bus_id":204,"name":"BERGAMO_FV","CenPgen":1.77869696,"value":1.77869696,"CenCVar":0,"CenQgen":0},{"id":1237.0,"time":65,"bus_id":204,"name":"BERGAMO_FV","CenPgen":1.1660630494,"value":1.1660630494,"CenCVar":0,"CenQgen":0},{"id":1237.0,"time":66,"bus_id":204,"name":"BERGAMO_FV","CenPgen":0.20072812,"value":0.20072812,"CenCVar":0,"CenQgen":0},{"id":1237.0,"time":67,"bus_id":204,"name":"BERGAMO_FV","CenPgen":0.00002511,"value":0.00002511,"CenCVar":0,"CenQgen":0},{"id":1237.0,"time":68,"bus_id":204,"name":"BERGAMO_FV","CenPgen":0.0,"value":0.0,"CenCVar":0,"CenQgen":0},{"id":1237.0,"time":69,"bus_id":204,"name":"BERGAMO_FV","CenPgen":0.0,"value":0.0,"CenCVar":0,"CenQgen":0},{"id":1237.0,"time":70,"bus_id":204,"name":"BERGAMO_FV","CenPgen":0.0,"value":0.0,"CenCVar":0,"CenQgen":0},{"id":1237.0,"time":71,"bus_id":204,"name":"BERGAMO_FV","CenPgen":0.0,"value":0.0,"CenCVar":0,"CenQgen":0},{"id":1237.0,"time":72,"bus_id":204,"name":"BERGAMO_FV","CenPgen":0.0,"value":0.0,"CenCVar":0,"CenQgen":0},{"id":1237.0,"time":73,"bus_id":204,"name":"BERGAMO_FV","CenPgen":0.0,"value":0.0,"CenCVar":0,"CenQgen":0},{"id":1237.0,"time":74,"bus_id":204,"name":"BERGAMO_FV","CenPgen":0.0,"value":0.0,"CenCVar":0,"CenQgen":0},{"id":1237.0,"time":75,"bus_id":204,"name":"BERGAMO_FV","CenPgen":0.0,"value":0.0,"CenCVar":0,"CenQgen":0},{"id":1237.0,"time":76,"bus_id":204,"name":"BERGAMO_FV","CenPgen":0.0,"value":0.0,"CenCVar":0,"CenQgen":0},{"id":1237.0,"time":77,"bus_id":204,"name":"BERGAMO_FV","CenPgen":0.0,"value":0.0,"CenCVar":0,"CenQgen":0},{"id":1237.0,"time":78,"bus_id":204,"name":"BERGAMO_FV","CenPgen":0.0,"value":0.0,"CenCVar":0,"CenQgen":0},{"id":1237.0,"time":79,"bus_id":204,"name":"BERGAMO_FV","CenPgen":0.0,"value":0.0,"CenCVar":0,"CenQgen":0},{"id":1237.0,"time":80,"bus_id":204,"name":"BERGAMO_FV","CenPgen":0.0,"value":0.0,"CenCVar":0,"CenQgen":0},{"id":1237.0,"time":81,"bus_id":204,"name":"BERGAMO_FV","CenPgen":0.0119372597,"value":0.0119372597,"CenCVar":0,"CenQgen":0},{"id":1237.0,"time":82,"bus_id":204,"name":"BERGAMO_FV","CenPgen":0.0576684284,"value":0.0576684284,"CenCVar":0,"CenQgen":0},{"id":1237.0,"time":83,"bus_id":204,"name":"BERGAMO_FV","CenPgen":0.1039030395,"value":0.1039030395,"CenCVar":0,"CenQgen":0},{"id":1237.0,"time":84,"bus_id":204,"name":"BERGAMO_FV","CenPgen":0.1039030395,"value":0.1039030395,"CenCVar":0,"CenQgen":0},{"id":1237.0,"time":85,"bus_id":204,"name":"BERGAMO_FV","CenPgen":0.17487234,"value":0.17487234,"CenCVar":0,"CenQgen":0},{"id":1237.0,"time":86,"bus_id":204,"name":"BERGAMO_FV","CenPgen":0.17487234,"value":0.17487234,"CenCVar":0,"CenQgen":0},{"id":1237.0,"time":87,"bus_id":204,"name":"BERGAMO_FV","CenPgen":0.17487234,"value":0.17487234,"CenCVar":0,"CenQgen":0},{"id":1237.0,"time":88,"bus_id":204,"name":"BERGAMO_FV","CenPgen":0.17487234,"value":0.17487234,"CenCVar":0,"CenQgen":0},{"id":1237.0,"time":89,"bus_id":204,"name":"BERGAMO_FV","CenPgen":0.03912376,"value":0.03912376,"CenCVar":0,"CenQgen":0},{"id":1237.0,"time":90,"bus_id":204,"name":"BERGAMO_FV","CenPgen":0.03912376,"value":0.03912376,"CenCVar":0,"CenQgen":0},{"id":1237.0,"time":91,"bus_id":204,"name":"BERGAMO_FV","CenPgen":0.0,"value":0.0,"CenCVar":0,"CenQgen":0},{"id":1237.0,"time":92,"bus_id":204,"name":"BERGAMO_FV","CenPgen":0.0,"value":0.0,"CenCVar":0,"CenQgen":0},{"id":1237.0,"time":93,"bus_id":204,"name":"BERGAMO_FV","CenPgen":0.0,"value":0.0,"CenCVar":0,"CenQgen":0},{"id":1237.0,"time":94,"bus_id":204,"name":"BERGAMO_FV","CenPgen":0.0,"value":0.0,"CenCVar":0,"CenQgen":0},{"id":1237.0,"time":95,"bus_id":204,"name":"BERGAMO_FV","CenPgen":0.0,"value":0.0,"CenCVar":0,"CenQgen":0},{"id":1237.0,"time":96,"bus_id":204,"name":"BERGAMO_FV","CenPgen":0.0,"value":0.0,"CenCVar":0,"CenQgen":0},{"id":1237.0,"time":97,"bus_id":204,"name":"BERGAMO_FV","CenPgen":0.0,"value":0.0,"CenCVar":0,"CenQgen":0},{"id":1237.0,"time":98,"bus_id":204,"name":"BERGAMO_FV","CenPgen":0.0,"value":0.0,"CenCVar":0,"CenQgen":0},{"id":1237.0,"time":99,"bus_id":204,"name":"BERGAMO_FV","CenPgen":0.0,"value":0.0,"CenCVar":0,"CenQgen":0},{"id":1237.0,"time":100,"bus_id":204,"name":"BERGAMO_FV","CenPgen":0.0,"value":0.0,"CenCVar":0,"CenQgen":0},{"id":1237.0,"time":101,"bus_id":204,"name":"BERGAMO_FV","CenPgen":0.0079799507,"value":0.0079799507,"CenCVar":0,"CenQgen":0},{"id":1237.0,"time":102,"bus_id":204,"name":"BERGAMO_FV","CenPgen":0.0079799507,"value":0.0079799507,"CenCVar":0,"CenQgen":0},{"id":1237.0,"time":103,"bus_id":204,"name":"BERGAMO_FV","CenPgen":0.0079799507,"value":0.0079799507,"CenCVar":0,"CenQgen":0},{"id":1237.0,"time":104,"bus_id":204,"name":"BERGAMO_FV","CenPgen":0.0079799507,"value":0.0079799507,"CenCVar":0,"CenQgen":0},{"id":1237.0,"time":105,"bus_id":204,"name":"BERGAMO_FV","CenPgen":0.0079799507,"value":0.0079799507,"CenCVar":0,"CenQgen":0},{"id":1237.0,"time":106,"bus_id":204,"name":"BERGAMO_FV","CenPgen":0.32245799,"value":0.32245799,"CenCVar":0,"CenQgen":0},{"id":1237.0,"time":107,"bus_id":204,"name":"BERGAMO_FV","CenPgen":0.77721823,"value":0.77721823,"CenCVar":0,"CenQgen":0},{"id":1237.0,"time":108,"bus_id":204,"name":"BERGAMO_FV","CenPgen":0.77721823,"value":0.77721823,"CenCVar":0,"CenQgen":0},{"id":1237.0,"time":109,"bus_id":204,"name":"BERGAMO_FV","CenPgen":0.95576541,"value":0.95576541,"CenCVar":0,"CenQgen":0},{"id":1237.0,"time":110,"bus_id":204,"name":"BERGAMO_FV","CenPgen":0.95576541,"value":0.95576541,"CenCVar":0,"CenQgen":0},{"id":1237.0,"time":111,"bus_id":204,"name":"BERGAMO_FV","CenPgen":0.95576541,"value":0.95576541,"CenCVar":0,"CenQgen":0},{"id":1237.0,"time":112,"bus_id":204,"name":"BERGAMO_FV","CenPgen":0.95576541,"value":0.95576541,"CenCVar":0,"CenQgen":0},{"id":1237.0,"time":113,"bus_id":204,"name":"BERGAMO_FV","CenPgen":0.95576541,"value":0.95576541,"CenCVar":0,"CenQgen":0},{"id":1237.0,"time":114,"bus_id":204,"name":"BERGAMO_FV","CenPgen":0.95576541,"value":0.95576541,"CenCVar":0,"CenQgen":0},{"id":1237.0,"time":115,"bus_id":204,"name":"BERGAMO_FV","CenPgen":0.0,"value":0.0,"CenCVar":0,"CenQgen":0},{"id":1237.0,"time":116,"bus_id":204,"name":"BERGAMO_FV","CenPgen":0.0,"value":0.0,"CenCVar":0,"CenQgen":0},{"id":1237.0,"time":117,"bus_id":204,"name":"BERGAMO_FV","CenPgen":0.0,"value":0.0,"CenCVar":0,"CenQgen":0},{"id":1237.0,"time":118,"bus_id":204,"name":"BERGAMO_FV","CenPgen":0.0,"value":0.0,"CenCVar":0,"CenQgen":0},{"id":1237.0,"time":119,"bus_id":204,"name":"BERGAMO_FV","CenPgen":0.0,"value":0.0,"CenCVar":0,"CenQgen":0},{"id":1237.0,"time":120,"bus_id":204,"name":"BERGAMO_FV","CenPgen":0.0,"value":0.0,"CenCVar":0,"CenQgen":0},{"id":1237.0,"time":121,"bus_id":204,"name":"BERGAMO_FV","CenPgen":0.0,"value":0.0,"CenCVar":0,"CenQgen":0},{"id":1237.0,"time":122,"bus_id":204,"name":"BERGAMO_FV","CenPgen":0.0,"value":0.0,"CenCVar":0,"CenQgen":0},{"id":1237.0,"time":123,"bus_id":204,"name":"BERGAMO_FV","CenPgen":0.0,"value":0.0,"CenCVar":0,"CenQgen":0},{"id":1237.0,"time":124,"bus_id":204,"name":"BERGAMO_FV","CenPgen":0.0,"value":0.0,"CenCVar":0,"CenQgen":0},{"id":1237.0,"time":125,"bus_id":204,"name":"BERGAMO_FV","CenPgen":0.0,"value":0.0,"CenCVar":0,"CenQgen":0},{"id":1237.0,"time":126,"bus_id":204,"name":"BERGAMO_FV","CenPgen":0.0,"value":0.0,"CenCVar":0,"CenQgen":0},{"id":1237.0,"time":127,"bus_id":204,"name":"BERGAMO_FV","CenPgen":0.0,"value":0.0,"CenCVar":0,"CenQgen":0},{"id":1237.0,"time":128,"bus_id":204,"name":"BERGAMO_FV","CenPgen":0.0,"value":0.0,"CenCVar":0,"CenQgen":0},{"id":1237.0,"time":129,"bus_id":204,"name":"BERGAMO_FV","CenPgen":0.08838853,"value":0.08838853,"CenCVar":0,"CenQgen":0},{"id":1237.0,"time":130,"bus_id":204,"name":"BERGAMO_FV","CenPgen":0.34239939,"value":0.34239939,"CenCVar":0,"CenQgen":0},{"id":1237.0,"time":131,"bus_id":204,"name":"BERGAMO_FV","CenPgen":0.79013835,"value":0.79013835,"CenCVar":0,"CenQgen":0},{"id":1237.0,"time":132,"bus_id":204,"name":"BERGAMO_FV","CenPgen":0.79013835,"value":0.79013835,"CenCVar":0,"CenQgen":0},{"id":1237.0,"time":133,"bus_id":204,"name":"BERGAMO_FV","CenPgen":0.79013835,"value":0.79013835,"CenCVar":0,"CenQgen":0},{"id":1237.0,"time":134,"bus_id":204,"name":"BERGAMO_FV","CenPgen":0.79013835,"value":0.79013835,"CenCVar":0,"CenQgen":0},{"id":1237.0,"time":135,"bus_id":204,"name":"BERGAMO_FV","CenPgen":0.79013835,"value":0.79013835,"CenCVar":0,"CenQgen":0},{"id":1237.0,"time":136,"bus_id":204,"name":"BERGAMO_FV","CenPgen":0.8557388458,"value":0.8557388458,"CenCVar":0,"CenQgen":0},{"id":1237.0,"time":137,"bus_id":204,"name":"BERGAMO_FV","CenPgen":0.1946448172,"value":0.1946448172,"CenCVar":0,"CenQgen":0},{"id":1237.0,"time":138,"bus_id":204,"name":"BERGAMO_FV","CenPgen":0.1946448172,"value":0.1946448172,"CenCVar":0,"CenQgen":0},{"id":1237.0,"time":139,"bus_id":204,"name":"BERGAMO_FV","CenPgen":0.0,"value":0.0,"CenCVar":0,"CenQgen":0},{"id":1237.0,"time":140,"bus_id":204,"name":"BERGAMO_FV","CenPgen":0.0,"value":0.0,"CenCVar":0,"CenQgen":0},{"id":1237.0,"time":141,"bus_id":204,"name":"BERGAMO_FV","CenPgen":0.0,"value":0.0,"CenCVar":0,"CenQgen":0},{"id":1237.0,"time":142,"bus_id":204,"name":"BERGAMO_FV","CenPgen":0.0,"value":0.0,"CenCVar":0,"CenQgen":0},{"id":1237.0,"time":143,"bus_id":204,"name":"BERGAMO_FV","CenPgen":0.0,"value":0.0,"CenCVar":0,"CenQgen":0},{"id":1237.0,"time":144,"bus_id":204,"name":"BERGAMO_FV","CenPgen":0.0,"value":0.0,"CenCVar":0,"CenQgen":0},{"id":1237.0,"time":145,"bus_id":204,"name":"BERGAMO_FV","CenPgen":0.0,"value":0.0,"CenCVar":0,"CenQgen":0},{"id":1237.0,"time":146,"bus_id":204,"name":"BERGAMO_FV","CenPgen":0.0,"value":0.0,"CenCVar":0,"CenQgen":0},{"id":1237.0,"time":147,"bus_id":204,"name":"BERGAMO_FV","CenPgen":0.0,"value":0.0,"CenCVar":0,"CenQgen":0},{"id":1237.0,"time":148,"bus_id":204,"name":"BERGAMO_FV","CenPgen":0.0,"value":0.0,"CenCVar":0,"CenQgen":0},{"id":1237.0,"time":149,"bus_id":204,"name":"BERGAMO_FV","CenPgen":0.0,"value":0.0,"CenCVar":0,"CenQgen":0},{"id":1237.0,"time":150,"bus_id":204,"name":"BERGAMO_FV","CenPgen":0.0,"value":0.0,"CenCVar":0,"CenQgen":0},{"id":1237.0,"time":151,"bus_id":204,"name":"BERGAMO_FV","CenPgen":0.0,"value":0.0,"CenCVar":0,"CenQgen":0},{"id":1237.0,"time":152,"bus_id":204,"name":"BERGAMO_FV","CenPgen":0.0009623894,"value":0.0009623894,"CenCVar":0,"CenQgen":0},{"id":1237.0,"time":153,"bus_id":204,"name":"BERGAMO_FV","CenPgen":0.12857691,"value":0.12857691,"CenCVar":0,"CenQgen":0},{"id":1237.0,"time":154,"bus_id":204,"name":"BERGAMO_FV","CenPgen":0.366776268,"value":0.366776268,"CenCVar":0,"CenQgen":0},{"id":1237.0,"time":155,"bus_id":204,"name":"BERGAMO_FV","CenPgen":0.366776268,"value":0.366776268,"CenCVar":0,"CenQgen":0},{"id":1237.0,"time":156,"bus_id":204,"name":"BERGAMO_FV","CenPgen":0.366776268,"value":0.366776268,"CenCVar":0,"CenQgen":0},{"id":1237.0,"time":157,"bus_id":204,"name":"BERGAMO_FV","CenPgen":0.5492299957,"value":0.5492299957,"CenCVar":0,"CenQgen":0},{"id":1237.0,"time":158,"bus_id":204,"name":"BERGAMO_FV","CenPgen":0.3642643261,"value":0.3642643261,"CenCVar":0,"CenQgen":0},{"id":1237.0,"time":159,"bus_id":204,"name":"BERGAMO_FV","CenPgen":0.3642643261,"value":0.3642643261,"CenCVar":0,"CenQgen":0},{"id":1237.0,"time":160,"bus_id":204,"name":"BERGAMO_FV","CenPgen":0.3642643261,"value":0.3642643261,"CenCVar":0,"CenQgen":0},{"id":1237.0,"time":161,"bus_id":204,"name":"BERGAMO_FV","CenPgen":0.0191562688,"value":0.0191562688,"CenCVar":0,"CenQgen":0},{"id":1237.0,"time":162,"bus_id":204,"name":"BERGAMO_FV","CenPgen":0.0191562688,"value":0.0191562688,"CenCVar":0,"CenQgen":0},{"id":1237.0,"time":163,"bus_id":204,"name":"BERGAMO_FV","CenPgen":0.0191562688,"value":0.0191562688,"CenCVar":0,"CenQgen":0},{"id":1237.0,"time":164,"bus_id":204,"name":"BERGAMO_FV","CenPgen":0.0,"value":0.0,"CenCVar":0,"CenQgen":0},{"id":1237.0,"time":165,"bus_id":204,"name":"BERGAMO_FV","CenPgen":0.0,"value":0.0,"CenCVar":0,"CenQgen":0},{"id":1237.0,"time":166,"bus_id":204,"name":"BERGAMO_FV","CenPgen":0.0,"value":0.0,"CenCVar":0,"CenQgen":0},{"id":1237.0,"time":167,"bus_id":204,"name":"BERGAMO_FV","CenPgen":0.0,"value":0.0,"CenCVar":0,"CenQgen":0},{"id":1237.0,"time":168,"bus_id":204,"name":"BERGAMO_FV","CenPgen":0.0,"value":0.0,"CenCVar":0,"CenQgen":0}]