[{"id":1189.0,"time":1,"bus_id":162,"name":"CANTILLANA_FV","CenPgen":0.0,"value":0.0,"CenCVar":0,"CenQgen":0},{"id":1189.0,"time":2,"bus_id":162,"name":"CANTILLANA_FV","CenPgen":0.0,"value":0.0,"CenCVar":0,"CenQgen":0},{"id":1189.0,"time":3,"bus_id":162,"name":"CANTILLANA_FV","CenPgen":0.0,"value":0.0,"CenCVar":0,"CenQgen":0},{"id":1189.0,"time":4,"bus_id":162,"name":"CANTILLANA_FV","CenPgen":0.0,"value":0.0,"CenCVar":0,"CenQgen":0},{"id":1189.0,"time":5,"bus_id":162,"name":"CANTILLANA_FV","CenPgen":0.0,"value":0.0,"CenCVar":0,"CenQgen":0},{"id":1189.0,"time":6,"bus_id":162,"name":"CANTILLANA_FV","CenPgen":0.0,"value":0.0,"CenCVar":0,"CenQgen":0},{"id":1189.0,"time":7,"bus_id":162,"name":"CANTILLANA_FV","CenPgen":0.0,"value":0.0,"CenCVar":0,"CenQgen":0},{"id":1189.0,"time":8,"bus_id":162,"name":"CANTILLANA_FV","CenPgen":0.02370175,"value":0.02370175,"CenCVar":0,"CenQgen":0},{"id":1189.0,"time":9,"bus_id":162,"name":"CANTILLANA_FV","CenPgen":1.55271583,"value":1.55271583,"CenCVar":0,"CenQgen":0},{"id":1189.0,"time":10,"bus_id":162,"name":"CANTILLANA_FV","CenPgen":5.1222098999,"value":5.1222098999,"CenCVar":0,"CenQgen":0},{"id":1189.0,"time":11,"bus_id":162,"name":"CANTILLANA_FV","CenPgen":5.50257092,"value":5.50257092,"CenCVar":0,"CenQgen":0},{"id":1189.0,"time":12,"bus_id":162,"name":"CANTILLANA_FV","CenPgen":4.8772050781,"value":4.8772050781,"CenCVar":0,"CenQgen":0},{"id":1189.0,"time":13,"bus_id":162,"name":"CANTILLANA_FV","CenPgen":5.0137286378,"value":5.0137286378,"CenCVar":0,"CenQgen":0},{"id":1189.0,"time":14,"bus_id":162,"name":"CANTILLANA_FV","CenPgen":5.50440771,"value":5.50440771,"CenCVar":0,"CenQgen":0},{"id":1189.0,"time":15,"bus_id":162,"name":"CANTILLANA_FV","CenPgen":5.83052258,"value":5.83052258,"CenCVar":0,"CenQgen":0},{"id":1189.0,"time":16,"bus_id":162,"name":"CANTILLANA_FV","CenPgen":5.93794165,"value":5.93794165,"CenCVar":0,"CenQgen":0},{"id":1189.0,"time":17,"bus_id":162,"name":"CANTILLANA_FV","CenPgen":3.874699768,"value":3.874699768,"CenCVar":0,"CenQgen":0},{"id":1189.0,"time":18,"bus_id":162,"name":"CANTILLANA_FV","CenPgen":0.7518703,"value":0.7518703,"CenCVar":0,"CenQgen":0},{"id":1189.0,"time":19,"bus_id":162,"name":"CANTILLANA_FV","CenPgen":0.00000824,"value":0.00000824,"CenCVar":0,"CenQgen":0},{"id":1189.0,"time":20,"bus_id":162,"name":"CANTILLANA_FV","CenPgen":0.0,"value":0.0,"CenCVar":0,"CenQgen":0},{"id":1189.0,"time":21,"bus_id":162,"name":"CANTILLANA_FV","CenPgen":0.0,"value":0.0,"CenCVar":0,"CenQgen":0},{"id":1189.0,"time":22,"bus_id":162,"name":"CANTILLANA_FV","CenPgen":0.0,"value":0.0,"CenCVar":0,"CenQgen":0},{"id":1189.0,"time":23,"bus_id":162,"name":"CANTILLANA_FV","CenPgen":0.0,"value":0.0,"CenCVar":0,"CenQgen":0},{"id":1189.0,"time":24,"bus_id":162,"name":"CANTILLANA_FV","CenPgen":0.0,"value":0.0,"CenCVar":0,"CenQgen":0},{"id":1189.0,"time":25,"bus_id":162,"name":"CANTILLANA_FV","CenPgen":0.0,"value":0.0,"CenCVar":0,"CenQgen":0},{"id":1189.0,"time":26,"bus_id":162,"name":"CANTILLANA_FV","CenPgen":0.0,"value":0.0,"CenCVar":0,"CenQgen":0},{"id":1189.0,"time":27,"bus_id":162,"name":"CANTILLANA_FV","CenPgen":0.0,"value":0.0,"CenCVar":0,"CenQgen":0},{"id":1189.0,"time":28,"bus_id":162,"name":"CANTILLANA_FV","CenPgen":0.0,"value":0.0,"CenCVar":0,"CenQgen":0},{"id":1189.0,"time":29,"bus_id":162,"name":"CANTILLANA_FV","CenPgen":0.0,"value":0.0,"CenCVar":0,"CenQgen":0},{"id":1189.0,"time":30,"bus_id":162,"name":"CANTILLANA_FV","CenPgen":0.0,"value":0.0,"CenCVar":0,"CenQgen":0},{"id":1189.0,"time":31,"bus_id":162,"name":"CANTILLANA_FV","CenPgen":0.0,"value":0.0,"CenCVar":0,"CenQgen":0},{"id":1189.0,"time":32,"bus_id":162,"name":"CANTILLANA_FV","CenPgen":0.0237350557,"value":0.0237350557,"CenCVar":0,"CenQgen":0},{"id":1189.0,"time":33,"bus_id":162,"name":"CANTILLANA_FV","CenPgen":0.59381752,"value":0.59381752,"CenCVar":0,"CenQgen":0},{"id":1189.0,"time":34,"bus_id":162,"name":"CANTILLANA_FV","CenPgen":0.9826995391,"value":0.9826995391,"CenCVar":0,"CenQgen":0},{"id":1189.0,"time":35,"bus_id":162,"name":"CANTILLANA_FV","CenPgen":1.13720959,"value":1.13720959,"CenCVar":0,"CenQgen":0},{"id":1189.0,"time":36,"bus_id":162,"name":"CANTILLANA_FV","CenPgen":1.12371265,"value":1.12371265,"CenCVar":0,"CenQgen":0},{"id":1189.0,"time":37,"bus_id":162,"name":"CANTILLANA_FV","CenPgen":1.12371265,"value":1.12371265,"CenCVar":0,"CenQgen":0},{"id":1189.0,"time":38,"bus_id":162,"name":"CANTILLANA_FV","CenPgen":1.12371265,"value":1.12371265,"CenCVar":0,"CenQgen":0},{"id":1189.0,"time":39,"bus_id":162,"name":"CANTILLANA_FV","CenPgen":0.76279736,"value":0.76279736,"CenCVar":0,"CenQgen":0},{"id":1189.0,"time":40,"bus_id":162,"name":"CANTILLANA_FV","CenPgen":0.5716750183,"value":0.5716750183,"CenCVar":0,"CenQgen":0},{"id":1189.0,"time":41,"bus_id":162,"name":"CANTILLANA_FV","CenPgen":0.3536637497,"value":0.3536637497,"CenCVar":0,"CenQgen":0},{"id":1189.0,"time":42,"bus_id":162,"name":"CANTILLANA_FV","CenPgen":0.1199845981,"value":0.1199845981,"CenCVar":0,"CenQgen":0},{"id":1189.0,"time":43,"bus_id":162,"name":"CANTILLANA_FV","CenPgen":0.0017175,"value":0.0017175,"CenCVar":0,"CenQgen":0},{"id":1189.0,"time":44,"bus_id":162,"name":"CANTILLANA_FV","CenPgen":0.0,"value":0.0,"CenCVar":0,"CenQgen":0},{"id":1189.0,"time":45,"bus_id":162,"name":"CANTILLANA_FV","CenPgen":0.0,"value":0.0,"CenCVar":0,"CenQgen":0},{"id":1189.0,"time":46,"bus_id":162,"name":"CANTILLANA_FV","CenPgen":0.0,"value":0.0,"CenCVar":0,"CenQgen":0},{"id":1189.0,"time":47,"bus_id":162,"name":"CANTILLANA_FV","CenPgen":0.0,"value":0.0,"CenCVar":0,"CenQgen":0},{"id":1189.0,"time":48,"bus_id":162,"name":"CANTILLANA_FV","CenPgen":0.0,"value":0.0,"CenCVar":0,"CenQgen":0},{"id":1189.0,"time":49,"bus_id":162,"name":"CANTILLANA_FV","CenPgen":0.0,"value":0.0,"CenCVar":0,"CenQgen":0},{"id":1189.0,"time":50,"bus_id":162,"name":"CANTILLANA_FV","CenPgen":0.0,"value":0.0,"CenCVar":0,"CenQgen":0},{"id":1189.0,"time":51,"bus_id":162,"name":"CANTILLANA_FV","CenPgen":0.0,"value":0.0,"CenCVar":0,"CenQgen":0},{"id":1189.0,"time":52,"bus_id":162,"name":"CANTILLANA_FV","CenPgen":0.0,"value":0.0,"CenCVar":0,"CenQgen":0},{"id":1189.0,"time":53,"bus_id":162,"name":"CANTILLANA_FV","CenPgen":0.0,"value":0.0,"CenCVar":0,"CenQgen":0},{"id":1189.0,"time":54,"bus_id":162,"name":"CANTILLANA_FV","CenPgen":0.0,"value":0.0,"CenCVar":0,"CenQgen":0},{"id":1189.0,"time":55,"bus_id":162,"name":"CANTILLANA_FV","CenPgen":0.0,"value":0.0,"CenCVar":0,"CenQgen":0},{"id":1189.0,"time":56,"bus_id":162,"name":"CANTILLANA_FV","CenPgen":0.00615682,"value":0.00615682,"CenCVar":0,"CenQgen":0},{"id":1189.0,"time":57,"bus_id":162,"name":"CANTILLANA_FV","CenPgen":0.19002354,"value":0.19002354,"CenCVar":0,"CenQgen":0},{"id":1189.0,"time":58,"bus_id":162,"name":"CANTILLANA_FV","CenPgen":0.3666621858,"value":0.3666621858,"CenCVar":0,"CenQgen":0},{"id":1189.0,"time":59,"bus_id":162,"name":"CANTILLANA_FV","CenPgen":1.22139469,"value":1.22139469,"CenCVar":0,"CenQgen":0},{"id":1189.0,"time":60,"bus_id":162,"name":"CANTILLANA_FV","CenPgen":1.22139469,"value":1.22139469,"CenCVar":0,"CenQgen":0},{"id":1189.0,"time":61,"bus_id":162,"name":"CANTILLANA_FV","CenPgen":1.22139469,"value":1.22139469,"CenCVar":0,"CenQgen":0},{"id":1189.0,"time":62,"bus_id":162,"name":"CANTILLANA_FV","CenPgen":1.22139469,"value":1.22139469,"CenCVar":0,"CenQgen":0},{"id":1189.0,"time":63,"bus_id":162,"name":"CANTILLANA_FV","CenPgen":1.2145639,"value":1.2145639,"CenCVar":0,"CenQgen":0},{"id":1189.0,"time":64,"bus_id":162,"name":"CANTILLANA_FV","CenPgen":0.5703955765,"value":0.5703955765,"CenCVar":0,"CenQgen":0},{"id":1189.0,"time":65,"bus_id":162,"name":"CANTILLANA_FV","CenPgen":0.4632164459,"value":0.4632164459,"CenCVar":0,"CenQgen":0},{"id":1189.0,"time":66,"bus_id":162,"name":"CANTILLANA_FV","CenPgen":0.0836849973,"value":0.0836849973,"CenCVar":0,"CenQgen":0},{"id":1189.0,"time":67,"bus_id":162,"name":"CANTILLANA_FV","CenPgen":0.0,"value":0.0,"CenCVar":0,"CenQgen":0},{"id":1189.0,"time":68,"bus_id":162,"name":"CANTILLANA_FV","CenPgen":0.0,"value":0.0,"CenCVar":0,"CenQgen":0},{"id":1189.0,"time":69,"bus_id":162,"name":"CANTILLANA_FV","CenPgen":0.0,"value":0.0,"CenCVar":0,"CenQgen":0},{"id":1189.0,"time":70,"bus_id":162,"name":"CANTILLANA_FV","CenPgen":0.0,"value":0.0,"CenCVar":0,"CenQgen":0},{"id":1189.0,"time":71,"bus_id":162,"name":"CANTILLANA_FV","CenPgen":0.0,"value":0.0,"CenCVar":0,"CenQgen":0},{"id":1189.0,"time":72,"bus_id":162,"name":"CANTILLANA_FV","CenPgen":0.0,"value":0.0,"CenCVar":0,"CenQgen":0},{"id":1189.0,"time":73,"bus_id":162,"name":"CANTILLANA_FV","CenPgen":0.0,"value":0.0,"CenCVar":0,"CenQgen":0},{"id":1189.0,"time":74,"bus_id":162,"name":"CANTILLANA_FV","CenPgen":0.0,"value":0.0,"CenCVar":0,"CenQgen":0},{"id":1189.0,"time":75,"bus_id":162,"name":"CANTILLANA_FV","CenPgen":0.0,"value":0.0,"CenCVar":0,"CenQgen":0},{"id":1189.0,"time":76,"bus_id":162,"name":"CANTILLANA_FV","CenPgen":0.0,"value":0.0,"CenCVar":0,"CenQgen":0},{"id":1189.0,"time":77,"bus_id":162,"name":"CANTILLANA_FV","CenPgen":0.0,"value":0.0,"CenCVar":0,"CenQgen":0},{"id":1189.0,"time":78,"bus_id":162,"name":"CANTILLANA_FV","CenPgen":0.0,"value":0.0,"CenCVar":0,"CenQgen":0},{"id":1189.0,"time":79,"bus_id":162,"name":"CANTILLANA_FV","CenPgen":0.0,"value":0.0,"CenCVar":0,"CenQgen":0},{"id":1189.0,"time":80,"bus_id":162,"name":"CANTILLANA_FV","CenPgen":0.0045506263,"value":0.0045506263,"CenCVar":0,"CenQgen":0},{"id":1189.0,"time":81,"bus_id":162,"name":"CANTILLANA_FV","CenPgen":0.2206499978,"value":0.2206499978,"CenCVar":0,"CenQgen":0},{"id":1189.0,"time":82,"bus_id":162,"name":"CANTILLANA_FV","CenPgen":0.4835236587,"value":0.4835236587,"CenCVar":0,"CenQgen":0},{"id":1189.0,"time":83,"bus_id":162,"name":"CANTILLANA_FV","CenPgen":0.6745389175,"value":0.6745389175,"CenCVar":0,"CenQgen":0},{"id":1189.0,"time":84,"bus_id":162,"name":"CANTILLANA_FV","CenPgen":0.6745389175,"value":0.6745389175,"CenCVar":0,"CenQgen":0},{"id":1189.0,"time":85,"bus_id":162,"name":"CANTILLANA_FV","CenPgen":0.68399957,"value":0.68399957,"CenCVar":0,"CenQgen":0},{"id":1189.0,"time":86,"bus_id":162,"name":"CANTILLANA_FV","CenPgen":0.68399957,"value":0.68399957,"CenCVar":0,"CenQgen":0},{"id":1189.0,"time":87,"bus_id":162,"name":"CANTILLANA_FV","CenPgen":0.68399957,"value":0.68399957,"CenCVar":0,"CenQgen":0},{"id":1189.0,"time":88,"bus_id":162,"name":"CANTILLANA_FV","CenPgen":0.68399957,"value":0.68399957,"CenCVar":0,"CenQgen":0},{"id":1189.0,"time":89,"bus_id":162,"name":"CANTILLANA_FV","CenPgen":0.1142874494,"value":0.1142874494,"CenCVar":0,"CenQgen":0},{"id":1189.0,"time":90,"bus_id":162,"name":"CANTILLANA_FV","CenPgen":0.1142874494,"value":0.1142874494,"CenCVar":0,"CenQgen":0},{"id":1189.0,"time":91,"bus_id":162,"name":"CANTILLANA_FV","CenPgen":0.0,"value":0.0,"CenCVar":0,"CenQgen":0},{"id":1189.0,"time":92,"bus_id":162,"name":"CANTILLANA_FV","CenPgen":0.0,"value":0.0,"CenCVar":0,"CenQgen":0},{"id":1189.0,"time":93,"bus_id":162,"name":"CANTILLANA_FV","CenPgen":0.0,"value":0.0,"CenCVar":0,"CenQgen":0},{"id":1189.0,"time":94,"bus_id":162,"name":"CANTILLANA_FV","CenPgen":0.0,"value":0.0,"CenCVar":0,"CenQgen":0},{"id":1189.0,"time":95,"bus_id":162,"name":"CANTILLANA_FV","CenPgen":0.0,"value":0.0,"CenCVar":0,"CenQgen":0},{"id":1189.0,"time":96,"bus_id":162,"name":"CANTILLANA_FV","CenPgen":0.0,"value":0.0,"CenCVar":0,"CenQgen":0},{"id":1189.0,"time":97,"bus_id":162,"name":"CANTILLANA_FV","CenPgen":0.0,"value":0.0,"CenCVar":0,"CenQgen":0},{"id":1189.0,"time":98,"bus_id":162,"name":"CANTILLANA_FV","CenPgen":0.0,"value":0.0,"CenCVar":0,"CenQgen":0},{"id":1189.0,"time":99,"bus_id":162,"name":"CANTILLANA_FV","CenPgen":0.0,"value":0.0,"CenCVar":0,"CenQgen":0},{"id":1189.0,"time":100,"bus_id":162,"name":"CANTILLANA_FV","CenPgen":0.0,"value":0.0,"CenCVar":0,"CenQgen":0},{"id":1189.0,"time":101,"bus_id":162,"name":"CANTILLANA_FV","CenPgen":0.0409726193,"value":0.0409726193,"CenCVar":0,"CenQgen":0},{"id":1189.0,"time":102,"bus_id":162,"name":"CANTILLANA_FV","CenPgen":0.0409726193,"value":0.0409726193,"CenCVar":0,"CenQgen":0},{"id":1189.0,"time":103,"bus_id":162,"name":"CANTILLANA_FV","CenPgen":0.0409726193,"value":0.0409726193,"CenCVar":0,"CenQgen":0},{"id":1189.0,"time":104,"bus_id":162,"name":"CANTILLANA_FV","CenPgen":0.0409726193,"value":0.0409726193,"CenCVar":0,"CenQgen":0},{"id":1189.0,"time":105,"bus_id":162,"name":"CANTILLANA_FV","CenPgen":0.0409726193,"value":0.0409726193,"CenCVar":0,"CenQgen":0},{"id":1189.0,"time":106,"bus_id":162,"name":"CANTILLANA_FV","CenPgen":1.3409731751,"value":1.3409731751,"CenCVar":0,"CenQgen":0},{"id":1189.0,"time":107,"bus_id":162,"name":"CANTILLANA_FV","CenPgen":1.8773263092,"value":1.8773263092,"CenCVar":0,"CenQgen":0},{"id":1189.0,"time":108,"bus_id":162,"name":"CANTILLANA_FV","CenPgen":1.8773263092,"value":1.8773263092,"CenCVar":0,"CenQgen":0},{"id":1189.0,"time":109,"bus_id":162,"name":"CANTILLANA_FV","CenPgen":2.1980372393,"value":2.1980372393,"CenCVar":0,"CenQgen":0},{"id":1189.0,"time":110,"bus_id":162,"name":"CANTILLANA_FV","CenPgen":2.1980372393,"value":2.1980372393,"CenCVar":0,"CenQgen":0},{"id":1189.0,"time":111,"bus_id":162,"name":"CANTILLANA_FV","CenPgen":2.1980372393,"value":2.1980372393,"CenCVar":0,"CenQgen":0},{"id":1189.0,"time":112,"bus_id":162,"name":"CANTILLANA_FV","CenPgen":2.1980372393,"value":2.1980372393,"CenCVar":0,"CenQgen":0},{"id":1189.0,"time":113,"bus_id":162,"name":"CANTILLANA_FV","CenPgen":2.1980372393,"value":2.1980372393,"CenCVar":0,"CenQgen":0},{"id":1189.0,"time":114,"bus_id":162,"name":"CANTILLANA_FV","CenPgen":2.1980372393,"value":2.1980372393,"CenCVar":0,"CenQgen":0},{"id":1189.0,"time":115,"bus_id":162,"name":"CANTILLANA_FV","CenPgen":0.0,"value":0.0,"CenCVar":0,"CenQgen":0},{"id":1189.0,"time":116,"bus_id":162,"name":"CANTILLANA_FV","CenPgen":0.0,"value":0.0,"CenCVar":0,"CenQgen":0},{"id":1189.0,"time":117,"bus_id":162,"name":"CANTILLANA_FV","CenPgen":0.0,"value":0.0,"CenCVar":0,"CenQgen":0},{"id":1189.0,"time":118,"bus_id":162,"name":"CANTILLANA_FV","CenPgen":0.0,"value":0.0,"CenCVar":0,"CenQgen":0},{"id":1189.0,"time":119,"bus_id":162,"name":"CANTILLANA_FV","CenPgen":0.0,"value":0.0,"CenCVar":0,"CenQgen":0},{"id":1189.0,"time":120,"bus_id":162,"name":"CANTILLANA_FV","CenPgen":0.0,"value":0.0,"CenCVar":0,"CenQgen":0},{"id":1189.0,"time":121,"bus_id":162,"name":"CANTILLANA_FV","CenPgen":0.0,"value":0.0,"CenCVar":0,"CenQgen":0},{"id":1189.0,"time":122,"bus_id":162,"name":"CANTILLANA_FV","CenPgen":0.0,"value":0.0,"CenCVar":0,"CenQgen":0},{"id":1189.0,"time":123,"bus_id":162,"name":"CANTILLANA_FV","CenPgen":0.0,"value":0.0,"CenCVar":0,"CenQgen":0},{"id":1189.0,"time":124,"bus_id":162,"name":"CANTILLANA_FV","CenPgen":0.0,"value":0.0,"CenCVar":0,"CenQgen":0},{"id":1189.0,"time":125,"bus_id":162,"name":"CANTILLANA_FV","CenPgen":0.0,"value":0.0,"CenCVar":0,"CenQgen":0},{"id":1189.0,"time":126,"bus_id":162,"name":"CANTILLANA_FV","CenPgen":0.0,"value":0.0,"CenCVar":0,"CenQgen":0},{"id":1189.0,"time":127,"bus_id":162,"name":"CANTILLANA_FV","CenPgen":0.0,"value":0.0,"CenCVar":0,"CenQgen":0},{"id":1189.0,"time":128,"bus_id":162,"name":"CANTILLANA_FV","CenPgen":0.00103193,"value":0.00103193,"CenCVar":0,"CenQgen":0},{"id":1189.0,"time":129,"bus_id":162,"name":"CANTILLANA_FV","CenPgen":0.184116,"value":0.184116,"CenCVar":0,"CenQgen":0},{"id":1189.0,"time":130,"bus_id":162,"name":"CANTILLANA_FV","CenPgen":0.6984038391,"value":0.6984038391,"CenCVar":0,"CenQgen":0},{"id":1189.0,"time":131,"bus_id":162,"name":"CANTILLANA_FV","CenPgen":2.31410269,"value":2.31410269,"CenCVar":0,"CenQgen":0},{"id":1189.0,"time":132,"bus_id":162,"name":"CANTILLANA_FV","CenPgen":2.31410269,"value":2.31410269,"CenCVar":0,"CenQgen":0},{"id":1189.0,"time":133,"bus_id":162,"name":"CANTILLANA_FV","CenPgen":2.31410269,"value":2.31410269,"CenCVar":0,"CenQgen":0},{"id":1189.0,"time":134,"bus_id":162,"name":"CANTILLANA_FV","CenPgen":2.31410269,"value":2.31410269,"CenCVar":0,"CenQgen":0},{"id":1189.0,"time":135,"bus_id":162,"name":"CANTILLANA_FV","CenPgen":2.31410269,"value":2.31410269,"CenCVar":0,"CenQgen":0},{"id":1189.0,"time":136,"bus_id":162,"name":"CANTILLANA_FV","CenPgen":1.84322531,"value":1.84322531,"CenCVar":0,"CenQgen":0},{"id":1189.0,"time":137,"bus_id":162,"name":"CANTILLANA_FV","CenPgen":0.53173147,"value":0.53173147,"CenCVar":0,"CenQgen":0},{"id":1189.0,"time":138,"bus_id":162,"name":"CANTILLANA_FV","CenPgen":0.53173147,"value":0.53173147,"CenCVar":0,"CenQgen":0},{"id":1189.0,"time":139,"bus_id":162,"name":"CANTILLANA_FV","CenPgen":0.0,"value":0.0,"CenCVar":0,"CenQgen":0},{"id":1189.0,"time":140,"bus_id":162,"name":"CANTILLANA_FV","CenPgen":0.0,"value":0.0,"CenCVar":0,"CenQgen":0},{"id":1189.0,"time":141,"bus_id":162,"name":"CANTILLANA_FV","CenPgen":0.0,"value":0.0,"CenCVar":0,"CenQgen":0},{"id":1189.0,"time":142,"bus_id":162,"name":"CANTILLANA_FV","CenPgen":0.0,"value":0.0,"CenCVar":0,"CenQgen":0},{"id":1189.0,"time":143,"bus_id":162,"name":"CANTILLANA_FV","CenPgen":0.0,"value":0.0,"CenCVar":0,"CenQgen":0},{"id":1189.0,"time":144,"bus_id":162,"name":"CANTILLANA_FV","CenPgen":0.0,"value":0.0,"CenCVar":0,"CenQgen":0},{"id":1189.0,"time":145,"bus_id":162,"name":"CANTILLANA_FV","CenPgen":0.0,"value":0.0,"CenCVar":0,"CenQgen":0},{"id":1189.0,"time":146,"bus_id":162,"name":"CANTILLANA_FV","CenPgen":0.0,"value":0.0,"CenCVar":0,"CenQgen":0},{"id":1189.0,"time":147,"bus_id":162,"name":"CANTILLANA_FV","CenPgen":0.0,"value":0.0,"CenCVar":0,"CenQgen":0},{"id":1189.0,"time":148,"bus_id":162,"name":"CANTILLANA_FV","CenPgen":0.0,"value":0.0,"CenCVar":0,"CenQgen":0},{"id":1189.0,"time":149,"bus_id":162,"name":"CANTILLANA_FV","CenPgen":0.0,"value":0.0,"CenCVar":0,"CenQgen":0},{"id":1189.0,"time":150,"bus_id":162,"name":"CANTILLANA_FV","CenPgen":0.0,"value":0.0,"CenCVar":0,"CenQgen":0},{"id":1189.0,"time":151,"bus_id":162,"name":"CANTILLANA_FV","CenPgen":0.0,"value":0.0,"CenCVar":0,"CenQgen":0},{"id":1189.0,"time":152,"bus_id":162,"name":"CANTILLANA_FV","CenPgen":0.0,"value":0.0,"CenCVar":0,"CenQgen":0},{"id":1189.0,"time":153,"bus_id":162,"name":"CANTILLANA_FV","CenPgen":0.2523995276,"value":0.2523995276,"CenCVar":0,"CenQgen":0},{"id":1189.0,"time":154,"bus_id":162,"name":"CANTILLANA_FV","CenPgen":1.1162356491,"value":1.1162356491,"CenCVar":0,"CenQgen":0},{"id":1189.0,"time":155,"bus_id":162,"name":"CANTILLANA_FV","CenPgen":1.1162356491,"value":1.1162356491,"CenCVar":0,"CenQgen":0},{"id":1189.0,"time":156,"bus_id":162,"name":"CANTILLANA_FV","CenPgen":1.1162356491,"value":1.1162356491,"CenCVar":0,"CenQgen":0},{"id":1189.0,"time":157,"bus_id":162,"name":"CANTILLANA_FV","CenPgen":2.32272528,"value":2.32272528,"CenCVar":0,"CenQgen":0},{"id":1189.0,"time":158,"bus_id":162,"name":"CANTILLANA_FV","CenPgen":1.2889404195,"value":1.2889404195,"CenCVar":0,"CenQgen":0},{"id":1189.0,"time":159,"bus_id":162,"name":"CANTILLANA_FV","CenPgen":1.2889404195,"value":1.2889404195,"CenCVar":0,"CenQgen":0},{"id":1189.0,"time":160,"bus_id":162,"name":"CANTILLANA_FV","CenPgen":1.2889404195,"value":1.2889404195,"CenCVar":0,"CenQgen":0},{"id":1189.0,"time":161,"bus_id":162,"name":"CANTILLANA_FV","CenPgen":0.1501813394,"value":0.1501813394,"CenCVar":0,"CenQgen":0},{"id":1189.0,"time":162,"bus_id":162,"name":"CANTILLANA_FV","CenPgen":0.1501813394,"value":0.1501813394,"CenCVar":0,"CenQgen":0},{"id":1189.0,"time":163,"bus_id":162,"name":"CANTILLANA_FV","CenPgen":0.1501813394,"value":0.1501813394,"CenCVar":0,"CenQgen":0},{"id":1189.0,"time":164,"bus_id":162,"name":"CANTILLANA_FV","CenPgen":0.0,"value":0.0,"CenCVar":0,"CenQgen":0},{"id":1189.0,"time":165,"bus_id":162,"name":"CANTILLANA_FV","CenPgen":0.0,"value":0.0,"CenCVar":0,"CenQgen":0},{"id":1189.0,"time":166,"bus_id":162,"name":"CANTILLANA_FV","CenPgen":0.0,"value":0.0,"CenCVar":0,"CenQgen":0},{"id":1189.0,"time":167,"bus_id":162,"name":"CANTILLANA_FV","CenPgen":0.0,"value":0.0,"CenCVar":0,"CenQgen":0},{"id":1189.0,"time":168,"bus_id":162,"name":"CANTILLANA_FV","CenPgen":0.0,"value":0.0,"CenCVar":0,"CenQgen":0}]