[{"id":1253.0,"time":1,"bus_id":117,"name":"LA_VICTORIA_FV","CenPgen":0.0,"value":0.0,"CenCVar":0,"CenQgen":0},{"id":1253.0,"time":2,"bus_id":117,"name":"LA_VICTORIA_FV","CenPgen":0.0,"value":0.0,"CenCVar":0,"CenQgen":0},{"id":1253.0,"time":3,"bus_id":117,"name":"LA_VICTORIA_FV","CenPgen":0.0,"value":0.0,"CenCVar":0,"CenQgen":0},{"id":1253.0,"time":4,"bus_id":117,"name":"LA_VICTORIA_FV","CenPgen":0.0,"value":0.0,"CenCVar":0,"CenQgen":0},{"id":1253.0,"time":5,"bus_id":117,"name":"LA_VICTORIA_FV","CenPgen":0.0,"value":0.0,"CenCVar":0,"CenQgen":0},{"id":1253.0,"time":6,"bus_id":117,"name":"LA_VICTORIA_FV","CenPgen":0.0,"value":0.0,"CenCVar":0,"CenQgen":0},{"id":1253.0,"time":7,"bus_id":117,"name":"LA_VICTORIA_FV","CenPgen":0.0,"value":0.0,"CenCVar":0,"CenQgen":0},{"id":1253.0,"time":8,"bus_id":117,"name":"LA_VICTORIA_FV","CenPgen":0.00409566,"value":0.00409566,"CenCVar":0,"CenQgen":0},{"id":1253.0,"time":9,"bus_id":117,"name":"LA_VICTORIA_FV","CenPgen":0.50187354,"value":0.50187354,"CenCVar":0,"CenQgen":0},{"id":1253.0,"time":10,"bus_id":117,"name":"LA_VICTORIA_FV","CenPgen":0.85356033,"value":0.85356033,"CenCVar":0,"CenQgen":0},{"id":1253.0,"time":11,"bus_id":117,"name":"LA_VICTORIA_FV","CenPgen":1.6072540894,"value":1.6072540894,"CenCVar":0,"CenQgen":0},{"id":1253.0,"time":12,"bus_id":117,"name":"LA_VICTORIA_FV","CenPgen":3.6968145751,"value":3.6968145751,"CenCVar":0,"CenQgen":0},{"id":1253.0,"time":13,"bus_id":117,"name":"LA_VICTORIA_FV","CenPgen":5.06680249,"value":5.06680249,"CenCVar":0,"CenQgen":0},{"id":1253.0,"time":14,"bus_id":117,"name":"LA_VICTORIA_FV","CenPgen":5.3091354981,"value":5.3091354981,"CenCVar":0,"CenQgen":0},{"id":1253.0,"time":15,"bus_id":117,"name":"LA_VICTORIA_FV","CenPgen":3.9727994385,"value":3.9727994385,"CenCVar":0,"CenQgen":0},{"id":1253.0,"time":16,"bus_id":117,"name":"LA_VICTORIA_FV","CenPgen":1.65889584,"value":1.65889584,"CenCVar":0,"CenQgen":0},{"id":1253.0,"time":17,"bus_id":117,"name":"LA_VICTORIA_FV","CenPgen":0.9543121,"value":0.9543121,"CenCVar":0,"CenQgen":0},{"id":1253.0,"time":18,"bus_id":117,"name":"LA_VICTORIA_FV","CenPgen":0.0759232,"value":0.0759232,"CenCVar":0,"CenQgen":0},{"id":1253.0,"time":19,"bus_id":117,"name":"LA_VICTORIA_FV","CenPgen":0.0,"value":0.0,"CenCVar":0,"CenQgen":0},{"id":1253.0,"time":20,"bus_id":117,"name":"LA_VICTORIA_FV","CenPgen":0.0,"value":0.0,"CenCVar":0,"CenQgen":0},{"id":1253.0,"time":21,"bus_id":117,"name":"LA_VICTORIA_FV","CenPgen":0.0,"value":0.0,"CenCVar":0,"CenQgen":0},{"id":1253.0,"time":22,"bus_id":117,"name":"LA_VICTORIA_FV","CenPgen":0.0,"value":0.0,"CenCVar":0,"CenQgen":0},{"id":1253.0,"time":23,"bus_id":117,"name":"LA_VICTORIA_FV","CenPgen":0.0,"value":0.0,"CenCVar":0,"CenQgen":0},{"id":1253.0,"time":24,"bus_id":117,"name":"LA_VICTORIA_FV","CenPgen":0.0,"value":0.0,"CenCVar":0,"CenQgen":0},{"id":1253.0,"time":25,"bus_id":117,"name":"LA_VICTORIA_FV","CenPgen":0.0,"value":0.0,"CenCVar":0,"CenQgen":0},{"id":1253.0,"time":26,"bus_id":117,"name":"LA_VICTORIA_FV","CenPgen":0.0,"value":0.0,"CenCVar":0,"CenQgen":0},{"id":1253.0,"time":27,"bus_id":117,"name":"LA_VICTORIA_FV","CenPgen":0.0,"value":0.0,"CenCVar":0,"CenQgen":0},{"id":1253.0,"time":28,"bus_id":117,"name":"LA_VICTORIA_FV","CenPgen":0.0,"value":0.0,"CenCVar":0,"CenQgen":0},{"id":1253.0,"time":29,"bus_id":117,"name":"LA_VICTORIA_FV","CenPgen":0.0,"value":0.0,"CenCVar":0,"CenQgen":0},{"id":1253.0,"time":30,"bus_id":117,"name":"LA_VICTORIA_FV","CenPgen":0.0,"value":0.0,"CenCVar":0,"CenQgen":0},{"id":1253.0,"time":31,"bus_id":117,"name":"LA_VICTORIA_FV","CenPgen":0.0,"value":0.0,"CenCVar":0,"CenQgen":0},{"id":1253.0,"time":32,"bus_id":117,"name":"LA_VICTORIA_FV","CenPgen":0.000084116,"value":0.000084116,"CenCVar":0,"CenQgen":0},{"id":1253.0,"time":33,"bus_id":117,"name":"LA_VICTORIA_FV","CenPgen":0.11919597,"value":0.11919597,"CenCVar":0,"CenQgen":0},{"id":1253.0,"time":34,"bus_id":117,"name":"LA_VICTORIA_FV","CenPgen":0.3949923172,"value":0.3949923172,"CenCVar":0,"CenQgen":0},{"id":1253.0,"time":35,"bus_id":117,"name":"LA_VICTORIA_FV","CenPgen":0.84378189,"value":0.84378189,"CenCVar":0,"CenQgen":0},{"id":1253.0,"time":36,"bus_id":117,"name":"LA_VICTORIA_FV","CenPgen":1.1894727376,"value":1.1894727376,"CenCVar":0,"CenQgen":0},{"id":1253.0,"time":37,"bus_id":117,"name":"LA_VICTORIA_FV","CenPgen":1.1894727376,"value":1.1894727376,"CenCVar":0,"CenQgen":0},{"id":1253.0,"time":38,"bus_id":117,"name":"LA_VICTORIA_FV","CenPgen":1.1894727376,"value":1.1894727376,"CenCVar":0,"CenQgen":0},{"id":1253.0,"time":39,"bus_id":117,"name":"LA_VICTORIA_FV","CenPgen":0.84689973,"value":0.84689973,"CenCVar":0,"CenQgen":0},{"id":1253.0,"time":40,"bus_id":117,"name":"LA_VICTORIA_FV","CenPgen":0.42730859,"value":0.42730859,"CenCVar":0,"CenQgen":0},{"id":1253.0,"time":41,"bus_id":117,"name":"LA_VICTORIA_FV","CenPgen":0.2895548362,"value":0.2895548362,"CenCVar":0,"CenQgen":0},{"id":1253.0,"time":42,"bus_id":117,"name":"LA_VICTORIA_FV","CenPgen":0.11546394,"value":0.11546394,"CenCVar":0,"CenQgen":0},{"id":1253.0,"time":43,"bus_id":117,"name":"LA_VICTORIA_FV","CenPgen":0.0,"value":0.0,"CenCVar":0,"CenQgen":0},{"id":1253.0,"time":44,"bus_id":117,"name":"LA_VICTORIA_FV","CenPgen":0.0,"value":0.0,"CenCVar":0,"CenQgen":0},{"id":1253.0,"time":45,"bus_id":117,"name":"LA_VICTORIA_FV","CenPgen":0.0,"value":0.0,"CenCVar":0,"CenQgen":0},{"id":1253.0,"time":46,"bus_id":117,"name":"LA_VICTORIA_FV","CenPgen":0.0,"value":0.0,"CenCVar":0,"CenQgen":0},{"id":1253.0,"time":47,"bus_id":117,"name":"LA_VICTORIA_FV","CenPgen":0.0,"value":0.0,"CenCVar":0,"CenQgen":0},{"id":1253.0,"time":48,"bus_id":117,"name":"LA_VICTORIA_FV","CenPgen":0.0,"value":0.0,"CenCVar":0,"CenQgen":0},{"id":1253.0,"time":49,"bus_id":117,"name":"LA_VICTORIA_FV","CenPgen":0.0,"value":0.0,"CenCVar":0,"CenQgen":0},{"id":1253.0,"time":50,"bus_id":117,"name":"LA_VICTORIA_FV","CenPgen":0.0,"value":0.0,"CenCVar":0,"CenQgen":0},{"id":1253.0,"time":51,"bus_id":117,"name":"LA_VICTORIA_FV","CenPgen":0.0,"value":0.0,"CenCVar":0,"CenQgen":0},{"id":1253.0,"time":52,"bus_id":117,"name":"LA_VICTORIA_FV","CenPgen":0.0,"value":0.0,"CenCVar":0,"CenQgen":0},{"id":1253.0,"time":53,"bus_id":117,"name":"LA_VICTORIA_FV","CenPgen":0.0,"value":0.0,"CenCVar":0,"CenQgen":0},{"id":1253.0,"time":54,"bus_id":117,"name":"LA_VICTORIA_FV","CenPgen":0.0,"value":0.0,"CenCVar":0,"CenQgen":0},{"id":1253.0,"time":55,"bus_id":117,"name":"LA_VICTORIA_FV","CenPgen":0.0,"value":0.0,"CenCVar":0,"CenQgen":0},{"id":1253.0,"time":56,"bus_id":117,"name":"LA_VICTORIA_FV","CenPgen":0.0001001074,"value":0.0001001074,"CenCVar":0,"CenQgen":0},{"id":1253.0,"time":57,"bus_id":117,"name":"LA_VICTORIA_FV","CenPgen":0.2941874566,"value":0.2941874566,"CenCVar":0,"CenQgen":0},{"id":1253.0,"time":58,"bus_id":117,"name":"LA_VICTORIA_FV","CenPgen":0.61618452,"value":0.61618452,"CenCVar":0,"CenQgen":0},{"id":1253.0,"time":59,"bus_id":117,"name":"LA_VICTORIA_FV","CenPgen":2.14223015,"value":2.14223015,"CenCVar":0,"CenQgen":0},{"id":1253.0,"time":60,"bus_id":117,"name":"LA_VICTORIA_FV","CenPgen":2.14223015,"value":2.14223015,"CenCVar":0,"CenQgen":0},{"id":1253.0,"time":61,"bus_id":117,"name":"LA_VICTORIA_FV","CenPgen":2.14223015,"value":2.14223015,"CenCVar":0,"CenQgen":0},{"id":1253.0,"time":62,"bus_id":117,"name":"LA_VICTORIA_FV","CenPgen":2.14223015,"value":2.14223015,"CenCVar":0,"CenQgen":0},{"id":1253.0,"time":63,"bus_id":117,"name":"LA_VICTORIA_FV","CenPgen":4.50979382,"value":4.50979382,"CenCVar":0,"CenQgen":0},{"id":1253.0,"time":64,"bus_id":117,"name":"LA_VICTORIA_FV","CenPgen":4.79163031,"value":4.79163031,"CenCVar":0,"CenQgen":0},{"id":1253.0,"time":65,"bus_id":117,"name":"LA_VICTORIA_FV","CenPgen":3.4198430787,"value":3.4198430787,"CenCVar":0,"CenQgen":0},{"id":1253.0,"time":66,"bus_id":117,"name":"LA_VICTORIA_FV","CenPgen":0.580344945,"value":0.580344945,"CenCVar":0,"CenQgen":0},{"id":1253.0,"time":67,"bus_id":117,"name":"LA_VICTORIA_FV","CenPgen":0.0004371,"value":0.0004371,"CenCVar":0,"CenQgen":0},{"id":1253.0,"time":68,"bus_id":117,"name":"LA_VICTORIA_FV","CenPgen":0.0,"value":0.0,"CenCVar":0,"CenQgen":0},{"id":1253.0,"time":69,"bus_id":117,"name":"LA_VICTORIA_FV","CenPgen":0.0,"value":0.0,"CenCVar":0,"CenQgen":0},{"id":1253.0,"time":70,"bus_id":117,"name":"LA_VICTORIA_FV","CenPgen":0.0,"value":0.0,"CenCVar":0,"CenQgen":0},{"id":1253.0,"time":71,"bus_id":117,"name":"LA_VICTORIA_FV","CenPgen":0.0,"value":0.0,"CenCVar":0,"CenQgen":0},{"id":1253.0,"time":72,"bus_id":117,"name":"LA_VICTORIA_FV","CenPgen":0.0,"value":0.0,"CenCVar":0,"CenQgen":0},{"id":1253.0,"time":73,"bus_id":117,"name":"LA_VICTORIA_FV","CenPgen":0.0,"value":0.0,"CenCVar":0,"CenQgen":0},{"id":1253.0,"time":74,"bus_id":117,"name":"LA_VICTORIA_FV","CenPgen":0.0,"value":0.0,"CenCVar":0,"CenQgen":0},{"id":1253.0,"time":75,"bus_id":117,"name":"LA_VICTORIA_FV","CenPgen":0.0,"value":0.0,"CenCVar":0,"CenQgen":0},{"id":1253.0,"time":76,"bus_id":117,"name":"LA_VICTORIA_FV","CenPgen":0.0,"value":0.0,"CenCVar":0,"CenQgen":0},{"id":1253.0,"time":77,"bus_id":117,"name":"LA_VICTORIA_FV","CenPgen":0.0,"value":0.0,"CenCVar":0,"CenQgen":0},{"id":1253.0,"time":78,"bus_id":117,"name":"LA_VICTORIA_FV","CenPgen":0.0,"value":0.0,"CenCVar":0,"CenQgen":0},{"id":1253.0,"time":79,"bus_id":117,"name":"LA_VICTORIA_FV","CenPgen":0.0,"value":0.0,"CenCVar":0,"CenQgen":0},{"id":1253.0,"time":80,"bus_id":117,"name":"LA_VICTORIA_FV","CenPgen":0.0,"value":0.0,"CenCVar":0,"CenQgen":0},{"id":1253.0,"time":81,"bus_id":117,"name":"LA_VICTORIA_FV","CenPgen":0.06299299,"value":0.06299299,"CenCVar":0,"CenQgen":0},{"id":1253.0,"time":82,"bus_id":117,"name":"LA_VICTORIA_FV","CenPgen":0.76887947,"value":0.76887947,"CenCVar":0,"CenQgen":0},{"id":1253.0,"time":83,"bus_id":117,"name":"LA_VICTORIA_FV","CenPgen":3.0914180298,"value":3.0914180298,"CenCVar":0,"CenQgen":0},{"id":1253.0,"time":84,"bus_id":117,"name":"LA_VICTORIA_FV","CenPgen":3.0914180298,"value":3.0914180298,"CenCVar":0,"CenQgen":0},{"id":1253.0,"time":85,"bus_id":117,"name":"LA_VICTORIA_FV","CenPgen":2.73465287,"value":2.73465287,"CenCVar":0,"CenQgen":0},{"id":1253.0,"time":86,"bus_id":117,"name":"LA_VICTORIA_FV","CenPgen":2.73465287,"value":2.73465287,"CenCVar":0,"CenQgen":0},{"id":1253.0,"time":87,"bus_id":117,"name":"LA_VICTORIA_FV","CenPgen":2.73465287,"value":2.73465287,"CenCVar":0,"CenQgen":0},{"id":1253.0,"time":88,"bus_id":117,"name":"LA_VICTORIA_FV","CenPgen":2.73465287,"value":2.73465287,"CenCVar":0,"CenQgen":0},{"id":1253.0,"time":89,"bus_id":117,"name":"LA_VICTORIA_FV","CenPgen":0.24170448,"value":0.24170448,"CenCVar":0,"CenQgen":0},{"id":1253.0,"time":90,"bus_id":117,"name":"LA_VICTORIA_FV","CenPgen":0.24170448,"value":0.24170448,"CenCVar":0,"CenQgen":0},{"id":1253.0,"time":91,"bus_id":117,"name":"LA_VICTORIA_FV","CenPgen":0.0,"value":0.0,"CenCVar":0,"CenQgen":0},{"id":1253.0,"time":92,"bus_id":117,"name":"LA_VICTORIA_FV","CenPgen":0.0,"value":0.0,"CenCVar":0,"CenQgen":0},{"id":1253.0,"time":93,"bus_id":117,"name":"LA_VICTORIA_FV","CenPgen":0.0,"value":0.0,"CenCVar":0,"CenQgen":0},{"id":1253.0,"time":94,"bus_id":117,"name":"LA_VICTORIA_FV","CenPgen":0.0,"value":0.0,"CenCVar":0,"CenQgen":0},{"id":1253.0,"time":95,"bus_id":117,"name":"LA_VICTORIA_FV","CenPgen":0.0,"value":0.0,"CenCVar":0,"CenQgen":0},{"id":1253.0,"time":96,"bus_id":117,"name":"LA_VICTORIA_FV","CenPgen":0.0,"value":0.0,"CenCVar":0,"CenQgen":0},{"id":1253.0,"time":97,"bus_id":117,"name":"LA_VICTORIA_FV","CenPgen":0.0,"value":0.0,"CenCVar":0,"CenQgen":0},{"id":1253.0,"time":98,"bus_id":117,"name":"LA_VICTORIA_FV","CenPgen":0.0,"value":0.0,"CenCVar":0,"CenQgen":0},{"id":1253.0,"time":99,"bus_id":117,"name":"LA_VICTORIA_FV","CenPgen":0.0,"value":0.0,"CenCVar":0,"CenQgen":0},{"id":1253.0,"time":100,"bus_id":117,"name":"LA_VICTORIA_FV","CenPgen":0.0,"value":0.0,"CenCVar":0,"CenQgen":0},{"id":1253.0,"time":101,"bus_id":117,"name":"LA_VICTORIA_FV","CenPgen":0.0190619358,"value":0.0190619358,"CenCVar":0,"CenQgen":0},{"id":1253.0,"time":102,"bus_id":117,"name":"LA_VICTORIA_FV","CenPgen":0.0190619358,"value":0.0190619358,"CenCVar":0,"CenQgen":0},{"id":1253.0,"time":103,"bus_id":117,"name":"LA_VICTORIA_FV","CenPgen":0.0190619358,"value":0.0190619358,"CenCVar":0,"CenQgen":0},{"id":1253.0,"time":104,"bus_id":117,"name":"LA_VICTORIA_FV","CenPgen":0.0190619358,"value":0.0190619358,"CenCVar":0,"CenQgen":0},{"id":1253.0,"time":105,"bus_id":117,"name":"LA_VICTORIA_FV","CenPgen":0.0190619358,"value":0.0190619358,"CenCVar":0,"CenQgen":0},{"id":1253.0,"time":106,"bus_id":117,"name":"LA_VICTORIA_FV","CenPgen":0.86288345,"value":0.86288345,"CenCVar":0,"CenQgen":0},{"id":1253.0,"time":107,"bus_id":117,"name":"LA_VICTORIA_FV","CenPgen":2.75582896,"value":2.75582896,"CenCVar":0,"CenQgen":0},{"id":1253.0,"time":108,"bus_id":117,"name":"LA_VICTORIA_FV","CenPgen":2.75582896,"value":2.75582896,"CenCVar":0,"CenQgen":0},{"id":1253.0,"time":109,"bus_id":117,"name":"LA_VICTORIA_FV","CenPgen":1.30614765,"value":1.30614765,"CenCVar":0,"CenQgen":0},{"id":1253.0,"time":110,"bus_id":117,"name":"LA_VICTORIA_FV","CenPgen":1.30614765,"value":1.30614765,"CenCVar":0,"CenQgen":0},{"id":1253.0,"time":111,"bus_id":117,"name":"LA_VICTORIA_FV","CenPgen":1.30614765,"value":1.30614765,"CenCVar":0,"CenQgen":0},{"id":1253.0,"time":112,"bus_id":117,"name":"LA_VICTORIA_FV","CenPgen":1.30614765,"value":1.30614765,"CenCVar":0,"CenQgen":0},{"id":1253.0,"time":113,"bus_id":117,"name":"LA_VICTORIA_FV","CenPgen":1.30614765,"value":1.30614765,"CenCVar":0,"CenQgen":0},{"id":1253.0,"time":114,"bus_id":117,"name":"LA_VICTORIA_FV","CenPgen":1.30614765,"value":1.30614765,"CenCVar":0,"CenQgen":0},{"id":1253.0,"time":115,"bus_id":117,"name":"LA_VICTORIA_FV","CenPgen":0.0,"value":0.0,"CenCVar":0,"CenQgen":0},{"id":1253.0,"time":116,"bus_id":117,"name":"LA_VICTORIA_FV","CenPgen":0.0,"value":0.0,"CenCVar":0,"CenQgen":0},{"id":1253.0,"time":117,"bus_id":117,"name":"LA_VICTORIA_FV","CenPgen":0.0,"value":0.0,"CenCVar":0,"CenQgen":0},{"id":1253.0,"time":118,"bus_id":117,"name":"LA_VICTORIA_FV","CenPgen":0.0,"value":0.0,"CenCVar":0,"CenQgen":0},{"id":1253.0,"time":119,"bus_id":117,"name":"LA_VICTORIA_FV","CenPgen":0.0,"value":0.0,"CenCVar":0,"CenQgen":0},{"id":1253.0,"time":120,"bus_id":117,"name":"LA_VICTORIA_FV","CenPgen":0.0,"value":0.0,"CenCVar":0,"CenQgen":0},{"id":1253.0,"time":121,"bus_id":117,"name":"LA_VICTORIA_FV","CenPgen":0.0,"value":0.0,"CenCVar":0,"CenQgen":0},{"id":1253.0,"time":122,"bus_id":117,"name":"LA_VICTORIA_FV","CenPgen":0.0,"value":0.0,"CenCVar":0,"CenQgen":0},{"id":1253.0,"time":123,"bus_id":117,"name":"LA_VICTORIA_FV","CenPgen":0.0,"value":0.0,"CenCVar":0,"CenQgen":0},{"id":1253.0,"time":124,"bus_id":117,"name":"LA_VICTORIA_FV","CenPgen":0.0,"value":0.0,"CenCVar":0,"CenQgen":0},{"id":1253.0,"time":125,"bus_id":117,"name":"LA_VICTORIA_FV","CenPgen":0.0,"value":0.0,"CenCVar":0,"CenQgen":0},{"id":1253.0,"time":126,"bus_id":117,"name":"LA_VICTORIA_FV","CenPgen":0.0,"value":0.0,"CenCVar":0,"CenQgen":0},{"id":1253.0,"time":127,"bus_id":117,"name":"LA_VICTORIA_FV","CenPgen":0.0,"value":0.0,"CenCVar":0,"CenQgen":0},{"id":1253.0,"time":128,"bus_id":117,"name":"LA_VICTORIA_FV","CenPgen":0.00078402,"value":0.00078402,"CenCVar":0,"CenQgen":0},{"id":1253.0,"time":129,"bus_id":117,"name":"LA_VICTORIA_FV","CenPgen":0.1512748185,"value":0.1512748185,"CenCVar":0,"CenQgen":0},{"id":1253.0,"time":130,"bus_id":117,"name":"LA_VICTORIA_FV","CenPgen":0.58701406,"value":0.58701406,"CenCVar":0,"CenQgen":0},{"id":1253.0,"time":131,"bus_id":117,"name":"LA_VICTORIA_FV","CenPgen":2.68760919,"value":2.68760919,"CenCVar":0,"CenQgen":0},{"id":1253.0,"time":132,"bus_id":117,"name":"LA_VICTORIA_FV","CenPgen":2.68760919,"value":2.68760919,"CenCVar":0,"CenQgen":0},{"id":1253.0,"time":133,"bus_id":117,"name":"LA_VICTORIA_FV","CenPgen":2.68760919,"value":2.68760919,"CenCVar":0,"CenQgen":0},{"id":1253.0,"time":134,"bus_id":117,"name":"LA_VICTORIA_FV","CenPgen":2.68760919,"value":2.68760919,"CenCVar":0,"CenQgen":0},{"id":1253.0,"time":135,"bus_id":117,"name":"LA_VICTORIA_FV","CenPgen":2.68760919,"value":2.68760919,"CenCVar":0,"CenQgen":0},{"id":1253.0,"time":136,"bus_id":117,"name":"LA_VICTORIA_FV","CenPgen":1.28511665,"value":1.28511665,"CenCVar":0,"CenQgen":0},{"id":1253.0,"time":137,"bus_id":117,"name":"LA_VICTORIA_FV","CenPgen":0.45894486,"value":0.45894486,"CenCVar":0,"CenQgen":0},{"id":1253.0,"time":138,"bus_id":117,"name":"LA_VICTORIA_FV","CenPgen":0.45894486,"value":0.45894486,"CenCVar":0,"CenQgen":0},{"id":1253.0,"time":139,"bus_id":117,"name":"LA_VICTORIA_FV","CenPgen":0.0,"value":0.0,"CenCVar":0,"CenQgen":0},{"id":1253.0,"time":140,"bus_id":117,"name":"LA_VICTORIA_FV","CenPgen":0.0,"value":0.0,"CenCVar":0,"CenQgen":0},{"id":1253.0,"time":141,"bus_id":117,"name":"LA_VICTORIA_FV","CenPgen":0.0,"value":0.0,"CenCVar":0,"CenQgen":0},{"id":1253.0,"time":142,"bus_id":117,"name":"LA_VICTORIA_FV","CenPgen":0.0,"value":0.0,"CenCVar":0,"CenQgen":0},{"id":1253.0,"time":143,"bus_id":117,"name":"LA_VICTORIA_FV","CenPgen":0.0,"value":0.0,"CenCVar":0,"CenQgen":0},{"id":1253.0,"time":144,"bus_id":117,"name":"LA_VICTORIA_FV","CenPgen":0.0,"value":0.0,"CenCVar":0,"CenQgen":0},{"id":1253.0,"time":145,"bus_id":117,"name":"LA_VICTORIA_FV","CenPgen":0.0,"value":0.0,"CenCVar":0,"CenQgen":0},{"id":1253.0,"time":146,"bus_id":117,"name":"LA_VICTORIA_FV","CenPgen":0.0,"value":0.0,"CenCVar":0,"CenQgen":0},{"id":1253.0,"time":147,"bus_id":117,"name":"LA_VICTORIA_FV","CenPgen":0.0,"value":0.0,"CenCVar":0,"CenQgen":0},{"id":1253.0,"time":148,"bus_id":117,"name":"LA_VICTORIA_FV","CenPgen":0.0,"value":0.0,"CenCVar":0,"CenQgen":0},{"id":1253.0,"time":149,"bus_id":117,"name":"LA_VICTORIA_FV","CenPgen":0.0,"value":0.0,"CenCVar":0,"CenQgen":0},{"id":1253.0,"time":150,"bus_id":117,"name":"LA_VICTORIA_FV","CenPgen":0.0,"value":0.0,"CenCVar":0,"CenQgen":0},{"id":1253.0,"time":151,"bus_id":117,"name":"LA_VICTORIA_FV","CenPgen":0.0,"value":0.0,"CenCVar":0,"CenQgen":0},{"id":1253.0,"time":152,"bus_id":117,"name":"LA_VICTORIA_FV","CenPgen":0.00004949,"value":0.00004949,"CenCVar":0,"CenQgen":0},{"id":1253.0,"time":153,"bus_id":117,"name":"LA_VICTORIA_FV","CenPgen":0.22830259,"value":0.22830259,"CenCVar":0,"CenQgen":0},{"id":1253.0,"time":154,"bus_id":117,"name":"LA_VICTORIA_FV","CenPgen":1.1422981771,"value":1.1422981771,"CenCVar":0,"CenQgen":0},{"id":1253.0,"time":155,"bus_id":117,"name":"LA_VICTORIA_FV","CenPgen":1.1422981771,"value":1.1422981771,"CenCVar":0,"CenQgen":0},{"id":1253.0,"time":156,"bus_id":117,"name":"LA_VICTORIA_FV","CenPgen":1.1422981771,"value":1.1422981771,"CenCVar":0,"CenQgen":0},{"id":1253.0,"time":157,"bus_id":117,"name":"LA_VICTORIA_FV","CenPgen":1.92134198,"value":1.92134198,"CenCVar":0,"CenQgen":0},{"id":1253.0,"time":158,"bus_id":117,"name":"LA_VICTORIA_FV","CenPgen":1.67411441,"value":1.67411441,"CenCVar":0,"CenQgen":0},{"id":1253.0,"time":159,"bus_id":117,"name":"LA_VICTORIA_FV","CenPgen":1.67411441,"value":1.67411441,"CenCVar":0,"CenQgen":0},{"id":1253.0,"time":160,"bus_id":117,"name":"LA_VICTORIA_FV","CenPgen":1.67411441,"value":1.67411441,"CenCVar":0,"CenQgen":0},{"id":1253.0,"time":161,"bus_id":117,"name":"LA_VICTORIA_FV","CenPgen":0.1264970243,"value":0.1264970243,"CenCVar":0,"CenQgen":0},{"id":1253.0,"time":162,"bus_id":117,"name":"LA_VICTORIA_FV","CenPgen":0.1264970243,"value":0.1264970243,"CenCVar":0,"CenQgen":0},{"id":1253.0,"time":163,"bus_id":117,"name":"LA_VICTORIA_FV","CenPgen":0.1264970243,"value":0.1264970243,"CenCVar":0,"CenQgen":0},{"id":1253.0,"time":164,"bus_id":117,"name":"LA_VICTORIA_FV","CenPgen":0.0,"value":0.0,"CenCVar":0,"CenQgen":0},{"id":1253.0,"time":165,"bus_id":117,"name":"LA_VICTORIA_FV","CenPgen":0.0,"value":0.0,"CenCVar":0,"CenQgen":0},{"id":1253.0,"time":166,"bus_id":117,"name":"LA_VICTORIA_FV","CenPgen":0.0,"value":0.0,"CenCVar":0,"CenQgen":0},{"id":1253.0,"time":167,"bus_id":117,"name":"LA_VICTORIA_FV","CenPgen":0.0,"value":0.0,"CenCVar":0,"CenQgen":0},{"id":1253.0,"time":168,"bus_id":117,"name":"LA_VICTORIA_FV","CenPgen":0.0,"value":0.0,"CenCVar":0,"CenQgen":0}]