[{"id":1131.0,"time":1,"bus_id":143,"name":"VILLA_PRAT_FV","CenPgen":0.0,"value":0.0,"CenCVar":0,"CenQgen":0},{"id":1131.0,"time":2,"bus_id":143,"name":"VILLA_PRAT_FV","CenPgen":0.0,"value":0.0,"CenCVar":0,"CenQgen":0},{"id":1131.0,"time":3,"bus_id":143,"name":"VILLA_PRAT_FV","CenPgen":0.0,"value":0.0,"CenCVar":0,"CenQgen":0},{"id":1131.0,"time":4,"bus_id":143,"name":"VILLA_PRAT_FV","CenPgen":0.0,"value":0.0,"CenCVar":0,"CenQgen":0},{"id":1131.0,"time":5,"bus_id":143,"name":"VILLA_PRAT_FV","CenPgen":0.0,"value":0.0,"CenCVar":0,"CenQgen":0},{"id":1131.0,"time":6,"bus_id":143,"name":"VILLA_PRAT_FV","CenPgen":0.0,"value":0.0,"CenCVar":0,"CenQgen":0},{"id":1131.0,"time":7,"bus_id":143,"name":"VILLA_PRAT_FV","CenPgen":0.0,"value":0.0,"CenCVar":0,"CenQgen":0},{"id":1131.0,"time":8,"bus_id":143,"name":"VILLA_PRAT_FV","CenPgen":0.00002788,"value":0.00002788,"CenCVar":0,"CenQgen":0},{"id":1131.0,"time":9,"bus_id":143,"name":"VILLA_PRAT_FV","CenPgen":0.03909135,"value":0.03909135,"CenCVar":0,"CenQgen":0},{"id":1131.0,"time":10,"bus_id":143,"name":"VILLA_PRAT_FV","CenPgen":0.1376078587,"value":0.1376078587,"CenCVar":0,"CenQgen":0},{"id":1131.0,"time":11,"bus_id":143,"name":"VILLA_PRAT_FV","CenPgen":0.27936551,"value":0.27936551,"CenCVar":0,"CenQgen":0},{"id":1131.0,"time":12,"bus_id":143,"name":"VILLA_PRAT_FV","CenPgen":0.37954963,"value":0.37954963,"CenCVar":0,"CenQgen":0},{"id":1131.0,"time":13,"bus_id":143,"name":"VILLA_PRAT_FV","CenPgen":0.72359143,"value":0.72359143,"CenCVar":0,"CenQgen":0},{"id":1131.0,"time":14,"bus_id":143,"name":"VILLA_PRAT_FV","CenPgen":1.07897232,"value":1.07897232,"CenCVar":0,"CenQgen":0},{"id":1131.0,"time":15,"bus_id":143,"name":"VILLA_PRAT_FV","CenPgen":1.22035464,"value":1.22035464,"CenCVar":0,"CenQgen":0},{"id":1131.0,"time":16,"bus_id":143,"name":"VILLA_PRAT_FV","CenPgen":1.2466207275,"value":1.2466207275,"CenCVar":0,"CenQgen":0},{"id":1131.0,"time":17,"bus_id":143,"name":"VILLA_PRAT_FV","CenPgen":0.5819077378,"value":0.5819077378,"CenCVar":0,"CenQgen":0},{"id":1131.0,"time":18,"bus_id":143,"name":"VILLA_PRAT_FV","CenPgen":0.0881123176,"value":0.0881123176,"CenCVar":0,"CenQgen":0},{"id":1131.0,"time":19,"bus_id":143,"name":"VILLA_PRAT_FV","CenPgen":0.0,"value":0.0,"CenCVar":0,"CenQgen":0},{"id":1131.0,"time":20,"bus_id":143,"name":"VILLA_PRAT_FV","CenPgen":0.0,"value":0.0,"CenCVar":0,"CenQgen":0},{"id":1131.0,"time":21,"bus_id":143,"name":"VILLA_PRAT_FV","CenPgen":0.0,"value":0.0,"CenCVar":0,"CenQgen":0},{"id":1131.0,"time":22,"bus_id":143,"name":"VILLA_PRAT_FV","CenPgen":0.0,"value":0.0,"CenCVar":0,"CenQgen":0},{"id":1131.0,"time":23,"bus_id":143,"name":"VILLA_PRAT_FV","CenPgen":0.0,"value":0.0,"CenCVar":0,"CenQgen":0},{"id":1131.0,"time":24,"bus_id":143,"name":"VILLA_PRAT_FV","CenPgen":0.0,"value":0.0,"CenCVar":0,"CenQgen":0},{"id":1131.0,"time":25,"bus_id":143,"name":"VILLA_PRAT_FV","CenPgen":0.0,"value":0.0,"CenCVar":0,"CenQgen":0},{"id":1131.0,"time":26,"bus_id":143,"name":"VILLA_PRAT_FV","CenPgen":0.0,"value":0.0,"CenCVar":0,"CenQgen":0},{"id":1131.0,"time":27,"bus_id":143,"name":"VILLA_PRAT_FV","CenPgen":0.0,"value":0.0,"CenCVar":0,"CenQgen":0},{"id":1131.0,"time":28,"bus_id":143,"name":"VILLA_PRAT_FV","CenPgen":0.0,"value":0.0,"CenCVar":0,"CenQgen":0},{"id":1131.0,"time":29,"bus_id":143,"name":"VILLA_PRAT_FV","CenPgen":0.0,"value":0.0,"CenCVar":0,"CenQgen":0},{"id":1131.0,"time":30,"bus_id":143,"name":"VILLA_PRAT_FV","CenPgen":0.0,"value":0.0,"CenCVar":0,"CenQgen":0},{"id":1131.0,"time":31,"bus_id":143,"name":"VILLA_PRAT_FV","CenPgen":0.0,"value":0.0,"CenCVar":0,"CenQgen":0},{"id":1131.0,"time":32,"bus_id":143,"name":"VILLA_PRAT_FV","CenPgen":0.00005129,"value":0.00005129,"CenCVar":0,"CenQgen":0},{"id":1131.0,"time":33,"bus_id":143,"name":"VILLA_PRAT_FV","CenPgen":0.0367614465,"value":0.0367614465,"CenCVar":0,"CenQgen":0},{"id":1131.0,"time":34,"bus_id":143,"name":"VILLA_PRAT_FV","CenPgen":0.10794825,"value":0.10794825,"CenCVar":0,"CenQgen":0},{"id":1131.0,"time":35,"bus_id":143,"name":"VILLA_PRAT_FV","CenPgen":0.18527765,"value":0.18527765,"CenCVar":0,"CenQgen":0},{"id":1131.0,"time":36,"bus_id":143,"name":"VILLA_PRAT_FV","CenPgen":0.42151006,"value":0.42151006,"CenCVar":0,"CenQgen":0},{"id":1131.0,"time":37,"bus_id":143,"name":"VILLA_PRAT_FV","CenPgen":0.42151006,"value":0.42151006,"CenCVar":0,"CenQgen":0},{"id":1131.0,"time":38,"bus_id":143,"name":"VILLA_PRAT_FV","CenPgen":0.42151006,"value":0.42151006,"CenCVar":0,"CenQgen":0},{"id":1131.0,"time":39,"bus_id":143,"name":"VILLA_PRAT_FV","CenPgen":0.5893500976,"value":0.5893500976,"CenCVar":0,"CenQgen":0},{"id":1131.0,"time":40,"bus_id":143,"name":"VILLA_PRAT_FV","CenPgen":0.5645499267,"value":0.5645499267,"CenCVar":0,"CenQgen":0},{"id":1131.0,"time":41,"bus_id":143,"name":"VILLA_PRAT_FV","CenPgen":0.158358,"value":0.158358,"CenCVar":0,"CenQgen":0},{"id":1131.0,"time":42,"bus_id":143,"name":"VILLA_PRAT_FV","CenPgen":0.0264194173,"value":0.0264194173,"CenCVar":0,"CenQgen":0},{"id":1131.0,"time":43,"bus_id":143,"name":"VILLA_PRAT_FV","CenPgen":0.0000031186,"value":0.0000031186,"CenCVar":0,"CenQgen":0},{"id":1131.0,"time":44,"bus_id":143,"name":"VILLA_PRAT_FV","CenPgen":0.0,"value":0.0,"CenCVar":0,"CenQgen":0},{"id":1131.0,"time":45,"bus_id":143,"name":"VILLA_PRAT_FV","CenPgen":0.0,"value":0.0,"CenCVar":0,"CenQgen":0},{"id":1131.0,"time":46,"bus_id":143,"name":"VILLA_PRAT_FV","CenPgen":0.0,"value":0.0,"CenCVar":0,"CenQgen":0},{"id":1131.0,"time":47,"bus_id":143,"name":"VILLA_PRAT_FV","CenPgen":0.0,"value":0.0,"CenCVar":0,"CenQgen":0},{"id":1131.0,"time":48,"bus_id":143,"name":"VILLA_PRAT_FV","CenPgen":0.0,"value":0.0,"CenCVar":0,"CenQgen":0},{"id":1131.0,"time":49,"bus_id":143,"name":"VILLA_PRAT_FV","CenPgen":0.0,"value":0.0,"CenCVar":0,"CenQgen":0},{"id":1131.0,"time":50,"bus_id":143,"name":"VILLA_PRAT_FV","CenPgen":0.0,"value":0.0,"CenCVar":0,"CenQgen":0},{"id":1131.0,"time":51,"bus_id":143,"name":"VILLA_PRAT_FV","CenPgen":0.0,"value":0.0,"CenCVar":0,"CenQgen":0},{"id":1131.0,"time":52,"bus_id":143,"name":"VILLA_PRAT_FV","CenPgen":0.0,"value":0.0,"CenCVar":0,"CenQgen":0},{"id":1131.0,"time":53,"bus_id":143,"name":"VILLA_PRAT_FV","CenPgen":0.0,"value":0.0,"CenCVar":0,"CenQgen":0},{"id":1131.0,"time":54,"bus_id":143,"name":"VILLA_PRAT_FV","CenPgen":0.0,"value":0.0,"CenCVar":0,"CenQgen":0},{"id":1131.0,"time":55,"bus_id":143,"name":"VILLA_PRAT_FV","CenPgen":0.0,"value":0.0,"CenCVar":0,"CenQgen":0},{"id":1131.0,"time":56,"bus_id":143,"name":"VILLA_PRAT_FV","CenPgen":0.0,"value":0.0,"CenCVar":0,"CenQgen":0},{"id":1131.0,"time":57,"bus_id":143,"name":"VILLA_PRAT_FV","CenPgen":0.0226178397,"value":0.0226178397,"CenCVar":0,"CenQgen":0},{"id":1131.0,"time":58,"bus_id":143,"name":"VILLA_PRAT_FV","CenPgen":0.1194791184,"value":0.1194791184,"CenCVar":0,"CenQgen":0},{"id":1131.0,"time":59,"bus_id":143,"name":"VILLA_PRAT_FV","CenPgen":0.5405699477,"value":0.5405699477,"CenCVar":0,"CenQgen":0},{"id":1131.0,"time":60,"bus_id":143,"name":"VILLA_PRAT_FV","CenPgen":0.5405699477,"value":0.5405699477,"CenCVar":0,"CenQgen":0},{"id":1131.0,"time":61,"bus_id":143,"name":"VILLA_PRAT_FV","CenPgen":0.5405699477,"value":0.5405699477,"CenCVar":0,"CenQgen":0},{"id":1131.0,"time":62,"bus_id":143,"name":"VILLA_PRAT_FV","CenPgen":0.5405699477,"value":0.5405699477,"CenCVar":0,"CenQgen":0},{"id":1131.0,"time":63,"bus_id":143,"name":"VILLA_PRAT_FV","CenPgen":0.634937397,"value":0.634937397,"CenCVar":0,"CenQgen":0},{"id":1131.0,"time":64,"bus_id":143,"name":"VILLA_PRAT_FV","CenPgen":0.70121627,"value":0.70121627,"CenCVar":0,"CenQgen":0},{"id":1131.0,"time":65,"bus_id":143,"name":"VILLA_PRAT_FV","CenPgen":0.59034845,"value":0.59034845,"CenCVar":0,"CenQgen":0},{"id":1131.0,"time":66,"bus_id":143,"name":"VILLA_PRAT_FV","CenPgen":0.0589850688,"value":0.0589850688,"CenCVar":0,"CenQgen":0},{"id":1131.0,"time":67,"bus_id":143,"name":"VILLA_PRAT_FV","CenPgen":0.0,"value":0.0,"CenCVar":0,"CenQgen":0},{"id":1131.0,"time":68,"bus_id":143,"name":"VILLA_PRAT_FV","CenPgen":0.0,"value":0.0,"CenCVar":0,"CenQgen":0},{"id":1131.0,"time":69,"bus_id":143,"name":"VILLA_PRAT_FV","CenPgen":0.0,"value":0.0,"CenCVar":0,"CenQgen":0},{"id":1131.0,"time":70,"bus_id":143,"name":"VILLA_PRAT_FV","CenPgen":0.0,"value":0.0,"CenCVar":0,"CenQgen":0},{"id":1131.0,"time":71,"bus_id":143,"name":"VILLA_PRAT_FV","CenPgen":0.0,"value":0.0,"CenCVar":0,"CenQgen":0},{"id":1131.0,"time":72,"bus_id":143,"name":"VILLA_PRAT_FV","CenPgen":0.0,"value":0.0,"CenCVar":0,"CenQgen":0},{"id":1131.0,"time":73,"bus_id":143,"name":"VILLA_PRAT_FV","CenPgen":0.0,"value":0.0,"CenCVar":0,"CenQgen":0},{"id":1131.0,"time":74,"bus_id":143,"name":"VILLA_PRAT_FV","CenPgen":0.0,"value":0.0,"CenCVar":0,"CenQgen":0},{"id":1131.0,"time":75,"bus_id":143,"name":"VILLA_PRAT_FV","CenPgen":0.0,"value":0.0,"CenCVar":0,"CenQgen":0},{"id":1131.0,"time":76,"bus_id":143,"name":"VILLA_PRAT_FV","CenPgen":0.0,"value":0.0,"CenCVar":0,"CenQgen":0},{"id":1131.0,"time":77,"bus_id":143,"name":"VILLA_PRAT_FV","CenPgen":0.0,"value":0.0,"CenCVar":0,"CenQgen":0},{"id":1131.0,"time":78,"bus_id":143,"name":"VILLA_PRAT_FV","CenPgen":0.0,"value":0.0,"CenCVar":0,"CenQgen":0},{"id":1131.0,"time":79,"bus_id":143,"name":"VILLA_PRAT_FV","CenPgen":0.0,"value":0.0,"CenCVar":0,"CenQgen":0},{"id":1131.0,"time":80,"bus_id":143,"name":"VILLA_PRAT_FV","CenPgen":0.0,"value":0.0,"CenCVar":0,"CenQgen":0},{"id":1131.0,"time":81,"bus_id":143,"name":"VILLA_PRAT_FV","CenPgen":0.0091648,"value":0.0091648,"CenCVar":0,"CenQgen":0},{"id":1131.0,"time":82,"bus_id":143,"name":"VILLA_PRAT_FV","CenPgen":0.0274055359,"value":0.0274055359,"CenCVar":0,"CenQgen":0},{"id":1131.0,"time":83,"bus_id":143,"name":"VILLA_PRAT_FV","CenPgen":0.0932892889,"value":0.0932892889,"CenCVar":0,"CenQgen":0},{"id":1131.0,"time":84,"bus_id":143,"name":"VILLA_PRAT_FV","CenPgen":0.0932892889,"value":0.0932892889,"CenCVar":0,"CenQgen":0},{"id":1131.0,"time":85,"bus_id":143,"name":"VILLA_PRAT_FV","CenPgen":0.19506383,"value":0.19506383,"CenCVar":0,"CenQgen":0},{"id":1131.0,"time":86,"bus_id":143,"name":"VILLA_PRAT_FV","CenPgen":0.19506383,"value":0.19506383,"CenCVar":0,"CenQgen":0},{"id":1131.0,"time":87,"bus_id":143,"name":"VILLA_PRAT_FV","CenPgen":0.19506383,"value":0.19506383,"CenCVar":0,"CenQgen":0},{"id":1131.0,"time":88,"bus_id":143,"name":"VILLA_PRAT_FV","CenPgen":0.19506383,"value":0.19506383,"CenCVar":0,"CenQgen":0},{"id":1131.0,"time":89,"bus_id":143,"name":"VILLA_PRAT_FV","CenPgen":0.1019364,"value":0.1019364,"CenCVar":0,"CenQgen":0},{"id":1131.0,"time":90,"bus_id":143,"name":"VILLA_PRAT_FV","CenPgen":0.1019364,"value":0.1019364,"CenCVar":0,"CenQgen":0},{"id":1131.0,"time":91,"bus_id":143,"name":"VILLA_PRAT_FV","CenPgen":0.0,"value":0.0,"CenCVar":0,"CenQgen":0},{"id":1131.0,"time":92,"bus_id":143,"name":"VILLA_PRAT_FV","CenPgen":0.0,"value":0.0,"CenCVar":0,"CenQgen":0},{"id":1131.0,"time":93,"bus_id":143,"name":"VILLA_PRAT_FV","CenPgen":0.0,"value":0.0,"CenCVar":0,"CenQgen":0},{"id":1131.0,"time":94,"bus_id":143,"name":"VILLA_PRAT_FV","CenPgen":0.0,"value":0.0,"CenCVar":0,"CenQgen":0},{"id":1131.0,"time":95,"bus_id":143,"name":"VILLA_PRAT_FV","CenPgen":0.0,"value":0.0,"CenCVar":0,"CenQgen":0},{"id":1131.0,"time":96,"bus_id":143,"name":"VILLA_PRAT_FV","CenPgen":0.0,"value":0.0,"CenCVar":0,"CenQgen":0},{"id":1131.0,"time":97,"bus_id":143,"name":"VILLA_PRAT_FV","CenPgen":0.0,"value":0.0,"CenCVar":0,"CenQgen":0},{"id":1131.0,"time":98,"bus_id":143,"name":"VILLA_PRAT_FV","CenPgen":0.0,"value":0.0,"CenCVar":0,"CenQgen":0},{"id":1131.0,"time":99,"bus_id":143,"name":"VILLA_PRAT_FV","CenPgen":0.0,"value":0.0,"CenCVar":0,"CenQgen":0},{"id":1131.0,"time":100,"bus_id":143,"name":"VILLA_PRAT_FV","CenPgen":0.0,"value":0.0,"CenCVar":0,"CenQgen":0},{"id":1131.0,"time":101,"bus_id":143,"name":"VILLA_PRAT_FV","CenPgen":0.0036697375,"value":0.0036697375,"CenCVar":0,"CenQgen":0},{"id":1131.0,"time":102,"bus_id":143,"name":"VILLA_PRAT_FV","CenPgen":0.0036697375,"value":0.0036697375,"CenCVar":0,"CenQgen":0},{"id":1131.0,"time":103,"bus_id":143,"name":"VILLA_PRAT_FV","CenPgen":0.0036697375,"value":0.0036697375,"CenCVar":0,"CenQgen":0},{"id":1131.0,"time":104,"bus_id":143,"name":"VILLA_PRAT_FV","CenPgen":0.0036697375,"value":0.0036697375,"CenCVar":0,"CenQgen":0},{"id":1131.0,"time":105,"bus_id":143,"name":"VILLA_PRAT_FV","CenPgen":0.0036697375,"value":0.0036697375,"CenCVar":0,"CenQgen":0},{"id":1131.0,"time":106,"bus_id":143,"name":"VILLA_PRAT_FV","CenPgen":0.22017535,"value":0.22017535,"CenCVar":0,"CenQgen":0},{"id":1131.0,"time":107,"bus_id":143,"name":"VILLA_PRAT_FV","CenPgen":0.44174077,"value":0.44174077,"CenCVar":0,"CenQgen":0},{"id":1131.0,"time":108,"bus_id":143,"name":"VILLA_PRAT_FV","CenPgen":0.44174077,"value":0.44174077,"CenCVar":0,"CenQgen":0},{"id":1131.0,"time":109,"bus_id":143,"name":"VILLA_PRAT_FV","CenPgen":0.37708972,"value":0.37708972,"CenCVar":0,"CenQgen":0},{"id":1131.0,"time":110,"bus_id":143,"name":"VILLA_PRAT_FV","CenPgen":0.37708972,"value":0.37708972,"CenCVar":0,"CenQgen":0},{"id":1131.0,"time":111,"bus_id":143,"name":"VILLA_PRAT_FV","CenPgen":0.37708972,"value":0.37708972,"CenCVar":0,"CenQgen":0},{"id":1131.0,"time":112,"bus_id":143,"name":"VILLA_PRAT_FV","CenPgen":0.37708972,"value":0.37708972,"CenCVar":0,"CenQgen":0},{"id":1131.0,"time":113,"bus_id":143,"name":"VILLA_PRAT_FV","CenPgen":0.37708972,"value":0.37708972,"CenCVar":0,"CenQgen":0},{"id":1131.0,"time":114,"bus_id":143,"name":"VILLA_PRAT_FV","CenPgen":0.37708972,"value":0.37708972,"CenCVar":0,"CenQgen":0},{"id":1131.0,"time":115,"bus_id":143,"name":"VILLA_PRAT_FV","CenPgen":0.0,"value":0.0,"CenCVar":0,"CenQgen":0},{"id":1131.0,"time":116,"bus_id":143,"name":"VILLA_PRAT_FV","CenPgen":0.0,"value":0.0,"CenCVar":0,"CenQgen":0},{"id":1131.0,"time":117,"bus_id":143,"name":"VILLA_PRAT_FV","CenPgen":0.0,"value":0.0,"CenCVar":0,"CenQgen":0},{"id":1131.0,"time":118,"bus_id":143,"name":"VILLA_PRAT_FV","CenPgen":0.0,"value":0.0,"CenCVar":0,"CenQgen":0},{"id":1131.0,"time":119,"bus_id":143,"name":"VILLA_PRAT_FV","CenPgen":0.0,"value":0.0,"CenCVar":0,"CenQgen":0},{"id":1131.0,"time":120,"bus_id":143,"name":"VILLA_PRAT_FV","CenPgen":0.0,"value":0.0,"CenCVar":0,"CenQgen":0},{"id":1131.0,"time":121,"bus_id":143,"name":"VILLA_PRAT_FV","CenPgen":0.0,"value":0.0,"CenCVar":0,"CenQgen":0},{"id":1131.0,"time":122,"bus_id":143,"name":"VILLA_PRAT_FV","CenPgen":0.0,"value":0.0,"CenCVar":0,"CenQgen":0},{"id":1131.0,"time":123,"bus_id":143,"name":"VILLA_PRAT_FV","CenPgen":0.0,"value":0.0,"CenCVar":0,"CenQgen":0},{"id":1131.0,"time":124,"bus_id":143,"name":"VILLA_PRAT_FV","CenPgen":0.0,"value":0.0,"CenCVar":0,"CenQgen":0},{"id":1131.0,"time":125,"bus_id":143,"name":"VILLA_PRAT_FV","CenPgen":0.0,"value":0.0,"CenCVar":0,"CenQgen":0},{"id":1131.0,"time":126,"bus_id":143,"name":"VILLA_PRAT_FV","CenPgen":0.0,"value":0.0,"CenCVar":0,"CenQgen":0},{"id":1131.0,"time":127,"bus_id":143,"name":"VILLA_PRAT_FV","CenPgen":0.0,"value":0.0,"CenCVar":0,"CenQgen":0},{"id":1131.0,"time":128,"bus_id":143,"name":"VILLA_PRAT_FV","CenPgen":0.0000052288,"value":0.0000052288,"CenCVar":0,"CenQgen":0},{"id":1131.0,"time":129,"bus_id":143,"name":"VILLA_PRAT_FV","CenPgen":0.04994795,"value":0.04994795,"CenCVar":0,"CenQgen":0},{"id":1131.0,"time":130,"bus_id":143,"name":"VILLA_PRAT_FV","CenPgen":0.19170578,"value":0.19170578,"CenCVar":0,"CenQgen":0},{"id":1131.0,"time":131,"bus_id":143,"name":"VILLA_PRAT_FV","CenPgen":0.4406879898,"value":0.4406879898,"CenCVar":0,"CenQgen":0},{"id":1131.0,"time":132,"bus_id":143,"name":"VILLA_PRAT_FV","CenPgen":0.4406879898,"value":0.4406879898,"CenCVar":0,"CenQgen":0},{"id":1131.0,"time":133,"bus_id":143,"name":"VILLA_PRAT_FV","CenPgen":0.4406879898,"value":0.4406879898,"CenCVar":0,"CenQgen":0},{"id":1131.0,"time":134,"bus_id":143,"name":"VILLA_PRAT_FV","CenPgen":0.4406879898,"value":0.4406879898,"CenCVar":0,"CenQgen":0},{"id":1131.0,"time":135,"bus_id":143,"name":"VILLA_PRAT_FV","CenPgen":0.4406879898,"value":0.4406879898,"CenCVar":0,"CenQgen":0},{"id":1131.0,"time":136,"bus_id":143,"name":"VILLA_PRAT_FV","CenPgen":0.42806522,"value":0.42806522,"CenCVar":0,"CenQgen":0},{"id":1131.0,"time":137,"bus_id":143,"name":"VILLA_PRAT_FV","CenPgen":0.1581663674,"value":0.1581663674,"CenCVar":0,"CenQgen":0},{"id":1131.0,"time":138,"bus_id":143,"name":"VILLA_PRAT_FV","CenPgen":0.1581663674,"value":0.1581663674,"CenCVar":0,"CenQgen":0},{"id":1131.0,"time":139,"bus_id":143,"name":"VILLA_PRAT_FV","CenPgen":0.0,"value":0.0,"CenCVar":0,"CenQgen":0},{"id":1131.0,"time":140,"bus_id":143,"name":"VILLA_PRAT_FV","CenPgen":0.0,"value":0.0,"CenCVar":0,"CenQgen":0},{"id":1131.0,"time":141,"bus_id":143,"name":"VILLA_PRAT_FV","CenPgen":0.0,"value":0.0,"CenCVar":0,"CenQgen":0},{"id":1131.0,"time":142,"bus_id":143,"name":"VILLA_PRAT_FV","CenPgen":0.0,"value":0.0,"CenCVar":0,"CenQgen":0},{"id":1131.0,"time":143,"bus_id":143,"name":"VILLA_PRAT_FV","CenPgen":0.0,"value":0.0,"CenCVar":0,"CenQgen":0},{"id":1131.0,"time":144,"bus_id":143,"name":"VILLA_PRAT_FV","CenPgen":0.0,"value":0.0,"CenCVar":0,"CenQgen":0},{"id":1131.0,"time":145,"bus_id":143,"name":"VILLA_PRAT_FV","CenPgen":0.0,"value":0.0,"CenCVar":0,"CenQgen":0},{"id":1131.0,"time":146,"bus_id":143,"name":"VILLA_PRAT_FV","CenPgen":0.0,"value":0.0,"CenCVar":0,"CenQgen":0},{"id":1131.0,"time":147,"bus_id":143,"name":"VILLA_PRAT_FV","CenPgen":0.0,"value":0.0,"CenCVar":0,"CenQgen":0},{"id":1131.0,"time":148,"bus_id":143,"name":"VILLA_PRAT_FV","CenPgen":0.0,"value":0.0,"CenCVar":0,"CenQgen":0},{"id":1131.0,"time":149,"bus_id":143,"name":"VILLA_PRAT_FV","CenPgen":0.0,"value":0.0,"CenCVar":0,"CenQgen":0},{"id":1131.0,"time":150,"bus_id":143,"name":"VILLA_PRAT_FV","CenPgen":0.0,"value":0.0,"CenCVar":0,"CenQgen":0},{"id":1131.0,"time":151,"bus_id":143,"name":"VILLA_PRAT_FV","CenPgen":0.0,"value":0.0,"CenCVar":0,"CenQgen":0},{"id":1131.0,"time":152,"bus_id":143,"name":"VILLA_PRAT_FV","CenPgen":0.0,"value":0.0,"CenCVar":0,"CenQgen":0},{"id":1131.0,"time":153,"bus_id":143,"name":"VILLA_PRAT_FV","CenPgen":0.02694932,"value":0.02694932,"CenCVar":0,"CenQgen":0},{"id":1131.0,"time":154,"bus_id":143,"name":"VILLA_PRAT_FV","CenPgen":0.20031046,"value":0.20031046,"CenCVar":0,"CenQgen":0},{"id":1131.0,"time":155,"bus_id":143,"name":"VILLA_PRAT_FV","CenPgen":0.20031046,"value":0.20031046,"CenCVar":0,"CenQgen":0},{"id":1131.0,"time":156,"bus_id":143,"name":"VILLA_PRAT_FV","CenPgen":0.20031046,"value":0.20031046,"CenCVar":0,"CenQgen":0},{"id":1131.0,"time":157,"bus_id":143,"name":"VILLA_PRAT_FV","CenPgen":0.2905705795,"value":0.2905705795,"CenCVar":0,"CenQgen":0},{"id":1131.0,"time":158,"bus_id":143,"name":"VILLA_PRAT_FV","CenPgen":0.2709257187,"value":0.2709257187,"CenCVar":0,"CenQgen":0},{"id":1131.0,"time":159,"bus_id":143,"name":"VILLA_PRAT_FV","CenPgen":0.2709257187,"value":0.2709257187,"CenCVar":0,"CenQgen":0},{"id":1131.0,"time":160,"bus_id":143,"name":"VILLA_PRAT_FV","CenPgen":0.2709257187,"value":0.2709257187,"CenCVar":0,"CenQgen":0},{"id":1131.0,"time":161,"bus_id":143,"name":"VILLA_PRAT_FV","CenPgen":0.0095079965,"value":0.0095079965,"CenCVar":0,"CenQgen":0},{"id":1131.0,"time":162,"bus_id":143,"name":"VILLA_PRAT_FV","CenPgen":0.0095079965,"value":0.0095079965,"CenCVar":0,"CenQgen":0},{"id":1131.0,"time":163,"bus_id":143,"name":"VILLA_PRAT_FV","CenPgen":0.0095079965,"value":0.0095079965,"CenCVar":0,"CenQgen":0},{"id":1131.0,"time":164,"bus_id":143,"name":"VILLA_PRAT_FV","CenPgen":0.0,"value":0.0,"CenCVar":0,"CenQgen":0},{"id":1131.0,"time":165,"bus_id":143,"name":"VILLA_PRAT_FV","CenPgen":0.0,"value":0.0,"CenCVar":0,"CenQgen":0},{"id":1131.0,"time":166,"bus_id":143,"name":"VILLA_PRAT_FV","CenPgen":0.0,"value":0.0,"CenCVar":0,"CenQgen":0},{"id":1131.0,"time":167,"bus_id":143,"name":"VILLA_PRAT_FV","CenPgen":0.0,"value":0.0,"CenCVar":0,"CenQgen":0},{"id":1131.0,"time":168,"bus_id":143,"name":"VILLA_PRAT_FV","CenPgen":0.0,"value":0.0,"CenCVar":0,"CenQgen":0}]