[{"id":1126.0,"time":1,"bus_id":81,"name":"VICTORIA_FV","CenPgen":0.0,"value":0.0,"CenCVar":0,"CenQgen":0},{"id":1126.0,"time":2,"bus_id":81,"name":"VICTORIA_FV","CenPgen":0.0,"value":0.0,"CenCVar":0,"CenQgen":0},{"id":1126.0,"time":3,"bus_id":81,"name":"VICTORIA_FV","CenPgen":0.0,"value":0.0,"CenCVar":0,"CenQgen":0},{"id":1126.0,"time":4,"bus_id":81,"name":"VICTORIA_FV","CenPgen":0.0,"value":0.0,"CenCVar":0,"CenQgen":0},{"id":1126.0,"time":5,"bus_id":81,"name":"VICTORIA_FV","CenPgen":0.0,"value":0.0,"CenCVar":0,"CenQgen":0},{"id":1126.0,"time":6,"bus_id":81,"name":"VICTORIA_FV","CenPgen":0.0,"value":0.0,"CenCVar":0,"CenQgen":0},{"id":1126.0,"time":7,"bus_id":81,"name":"VICTORIA_FV","CenPgen":0.0,"value":0.0,"CenCVar":0,"CenQgen":0},{"id":1126.0,"time":8,"bus_id":81,"name":"VICTORIA_FV","CenPgen":0.4729185958,"value":0.4729185958,"CenCVar":0,"CenQgen":0},{"id":1126.0,"time":9,"bus_id":81,"name":"VICTORIA_FV","CenPgen":4.8701638183,"value":4.8701638183,"CenCVar":0,"CenQgen":0},{"id":1126.0,"time":10,"bus_id":81,"name":"VICTORIA_FV","CenPgen":7.16083679,"value":7.16083679,"CenCVar":0,"CenQgen":0},{"id":1126.0,"time":11,"bus_id":81,"name":"VICTORIA_FV","CenPgen":6.9633812256,"value":6.9633812256,"CenCVar":0,"CenQgen":0},{"id":1126.0,"time":12,"bus_id":81,"name":"VICTORIA_FV","CenPgen":6.47548535,"value":6.47548535,"CenCVar":0,"CenQgen":0},{"id":1126.0,"time":13,"bus_id":81,"name":"VICTORIA_FV","CenPgen":6.4494898682,"value":6.4494898682,"CenCVar":0,"CenQgen":0},{"id":1126.0,"time":14,"bus_id":81,"name":"VICTORIA_FV","CenPgen":6.5616868896,"value":6.5616868896,"CenCVar":0,"CenQgen":0},{"id":1126.0,"time":15,"bus_id":81,"name":"VICTORIA_FV","CenPgen":6.78725769,"value":6.78725769,"CenCVar":0,"CenQgen":0},{"id":1126.0,"time":16,"bus_id":81,"name":"VICTORIA_FV","CenPgen":6.9106878663,"value":6.9106878663,"CenCVar":0,"CenQgen":0},{"id":1126.0,"time":17,"bus_id":81,"name":"VICTORIA_FV","CenPgen":5.99772058,"value":5.99772058,"CenCVar":0,"CenQgen":0},{"id":1126.0,"time":18,"bus_id":81,"name":"VICTORIA_FV","CenPgen":1.84940927,"value":1.84940927,"CenCVar":0,"CenQgen":0},{"id":1126.0,"time":19,"bus_id":81,"name":"VICTORIA_FV","CenPgen":0.01167775,"value":0.01167775,"CenCVar":0,"CenQgen":0},{"id":1126.0,"time":20,"bus_id":81,"name":"VICTORIA_FV","CenPgen":0.0,"value":0.0,"CenCVar":0,"CenQgen":0},{"id":1126.0,"time":21,"bus_id":81,"name":"VICTORIA_FV","CenPgen":0.0,"value":0.0,"CenCVar":0,"CenQgen":0},{"id":1126.0,"time":22,"bus_id":81,"name":"VICTORIA_FV","CenPgen":0.0,"value":0.0,"CenCVar":0,"CenQgen":0},{"id":1126.0,"time":23,"bus_id":81,"name":"VICTORIA_FV","CenPgen":0.0,"value":0.0,"CenCVar":0,"CenQgen":0},{"id":1126.0,"time":24,"bus_id":81,"name":"VICTORIA_FV","CenPgen":0.0,"value":0.0,"CenCVar":0,"CenQgen":0},{"id":1126.0,"time":25,"bus_id":81,"name":"VICTORIA_FV","CenPgen":0.0,"value":0.0,"CenCVar":0,"CenQgen":0},{"id":1126.0,"time":26,"bus_id":81,"name":"VICTORIA_FV","CenPgen":0.0,"value":0.0,"CenCVar":0,"CenQgen":0},{"id":1126.0,"time":27,"bus_id":81,"name":"VICTORIA_FV","CenPgen":0.0,"value":0.0,"CenCVar":0,"CenQgen":0},{"id":1126.0,"time":28,"bus_id":81,"name":"VICTORIA_FV","CenPgen":0.0,"value":0.0,"CenCVar":0,"CenQgen":0},{"id":1126.0,"time":29,"bus_id":81,"name":"VICTORIA_FV","CenPgen":0.0,"value":0.0,"CenCVar":0,"CenQgen":0},{"id":1126.0,"time":30,"bus_id":81,"name":"VICTORIA_FV","CenPgen":0.0,"value":0.0,"CenCVar":0,"CenQgen":0},{"id":1126.0,"time":31,"bus_id":81,"name":"VICTORIA_FV","CenPgen":0.0,"value":0.0,"CenCVar":0,"CenQgen":0},{"id":1126.0,"time":32,"bus_id":81,"name":"VICTORIA_FV","CenPgen":0.4732594051,"value":0.4732594051,"CenCVar":0,"CenQgen":0},{"id":1126.0,"time":33,"bus_id":81,"name":"VICTORIA_FV","CenPgen":4.7962229,"value":4.7962229,"CenCVar":0,"CenQgen":0},{"id":1126.0,"time":34,"bus_id":81,"name":"VICTORIA_FV","CenPgen":7.1683819581,"value":7.1683819581,"CenCVar":0,"CenQgen":0},{"id":1126.0,"time":35,"bus_id":81,"name":"VICTORIA_FV","CenPgen":6.94327026,"value":6.94327026,"CenCVar":0,"CenQgen":0},{"id":1126.0,"time":36,"bus_id":81,"name":"VICTORIA_FV","CenPgen":6.5182905274,"value":6.5182905274,"CenCVar":0,"CenQgen":0},{"id":1126.0,"time":37,"bus_id":81,"name":"VICTORIA_FV","CenPgen":6.5182905274,"value":6.5182905274,"CenCVar":0,"CenQgen":0},{"id":1126.0,"time":38,"bus_id":81,"name":"VICTORIA_FV","CenPgen":6.5182905274,"value":6.5182905274,"CenCVar":0,"CenQgen":0},{"id":1126.0,"time":39,"bus_id":81,"name":"VICTORIA_FV","CenPgen":6.7090531,"value":6.7090531,"CenCVar":0,"CenQgen":0},{"id":1126.0,"time":40,"bus_id":81,"name":"VICTORIA_FV","CenPgen":6.871734375,"value":6.871734375,"CenCVar":0,"CenQgen":0},{"id":1126.0,"time":41,"bus_id":81,"name":"VICTORIA_FV","CenPgen":6.1182457275,"value":6.1182457275,"CenCVar":0,"CenQgen":0},{"id":1126.0,"time":42,"bus_id":81,"name":"VICTORIA_FV","CenPgen":1.86531808,"value":1.86531808,"CenCVar":0,"CenQgen":0},{"id":1126.0,"time":43,"bus_id":81,"name":"VICTORIA_FV","CenPgen":0.01209372,"value":0.01209372,"CenCVar":0,"CenQgen":0},{"id":1126.0,"time":44,"bus_id":81,"name":"VICTORIA_FV","CenPgen":0.0,"value":0.0,"CenCVar":0,"CenQgen":0},{"id":1126.0,"time":45,"bus_id":81,"name":"VICTORIA_FV","CenPgen":0.0,"value":0.0,"CenCVar":0,"CenQgen":0},{"id":1126.0,"time":46,"bus_id":81,"name":"VICTORIA_FV","CenPgen":0.0,"value":0.0,"CenCVar":0,"CenQgen":0},{"id":1126.0,"time":47,"bus_id":81,"name":"VICTORIA_FV","CenPgen":0.0,"value":0.0,"CenCVar":0,"CenQgen":0},{"id":1126.0,"time":48,"bus_id":81,"name":"VICTORIA_FV","CenPgen":0.0,"value":0.0,"CenCVar":0,"CenQgen":0},{"id":1126.0,"time":49,"bus_id":81,"name":"VICTORIA_FV","CenPgen":0.0,"value":0.0,"CenCVar":0,"CenQgen":0},{"id":1126.0,"time":50,"bus_id":81,"name":"VICTORIA_FV","CenPgen":0.0,"value":0.0,"CenCVar":0,"CenQgen":0},{"id":1126.0,"time":51,"bus_id":81,"name":"VICTORIA_FV","CenPgen":0.0,"value":0.0,"CenCVar":0,"CenQgen":0},{"id":1126.0,"time":52,"bus_id":81,"name":"VICTORIA_FV","CenPgen":0.0,"value":0.0,"CenCVar":0,"CenQgen":0},{"id":1126.0,"time":53,"bus_id":81,"name":"VICTORIA_FV","CenPgen":0.0,"value":0.0,"CenCVar":0,"CenQgen":0},{"id":1126.0,"time":54,"bus_id":81,"name":"VICTORIA_FV","CenPgen":0.0,"value":0.0,"CenCVar":0,"CenQgen":0},{"id":1126.0,"time":55,"bus_id":81,"name":"VICTORIA_FV","CenPgen":0.0,"value":0.0,"CenCVar":0,"CenQgen":0},{"id":1126.0,"time":56,"bus_id":81,"name":"VICTORIA_FV","CenPgen":0.4396836874,"value":0.4396836874,"CenCVar":0,"CenQgen":0},{"id":1126.0,"time":57,"bus_id":81,"name":"VICTORIA_FV","CenPgen":4.6546012574,"value":4.6546012574,"CenCVar":0,"CenQgen":0},{"id":1126.0,"time":58,"bus_id":81,"name":"VICTORIA_FV","CenPgen":7.0239398194,"value":7.0239398194,"CenCVar":0,"CenQgen":0},{"id":1126.0,"time":59,"bus_id":81,"name":"VICTORIA_FV","CenPgen":6.57546954,"value":6.57546954,"CenCVar":0,"CenQgen":0},{"id":1126.0,"time":60,"bus_id":81,"name":"VICTORIA_FV","CenPgen":6.57546954,"value":6.57546954,"CenCVar":0,"CenQgen":0},{"id":1126.0,"time":61,"bus_id":81,"name":"VICTORIA_FV","CenPgen":6.57546954,"value":6.57546954,"CenCVar":0,"CenQgen":0},{"id":1126.0,"time":62,"bus_id":81,"name":"VICTORIA_FV","CenPgen":6.57546954,"value":6.57546954,"CenCVar":0,"CenQgen":0},{"id":1126.0,"time":63,"bus_id":81,"name":"VICTORIA_FV","CenPgen":6.6648670653,"value":6.6648670653,"CenCVar":0,"CenQgen":0},{"id":1126.0,"time":64,"bus_id":81,"name":"VICTORIA_FV","CenPgen":6.7737687989,"value":6.7737687989,"CenCVar":0,"CenQgen":0},{"id":1126.0,"time":65,"bus_id":81,"name":"VICTORIA_FV","CenPgen":6.0041396485,"value":6.0041396485,"CenCVar":0,"CenQgen":0},{"id":1126.0,"time":66,"bus_id":81,"name":"VICTORIA_FV","CenPgen":1.7979143677,"value":1.7979143677,"CenCVar":0,"CenQgen":0},{"id":1126.0,"time":67,"bus_id":81,"name":"VICTORIA_FV","CenPgen":0.01242252,"value":0.01242252,"CenCVar":0,"CenQgen":0},{"id":1126.0,"time":68,"bus_id":81,"name":"VICTORIA_FV","CenPgen":0.0,"value":0.0,"CenCVar":0,"CenQgen":0},{"id":1126.0,"time":69,"bus_id":81,"name":"VICTORIA_FV","CenPgen":0.0,"value":0.0,"CenCVar":0,"CenQgen":0},{"id":1126.0,"time":70,"bus_id":81,"name":"VICTORIA_FV","CenPgen":0.0,"value":0.0,"CenCVar":0,"CenQgen":0},{"id":1126.0,"time":71,"bus_id":81,"name":"VICTORIA_FV","CenPgen":0.0,"value":0.0,"CenCVar":0,"CenQgen":0},{"id":1126.0,"time":72,"bus_id":81,"name":"VICTORIA_FV","CenPgen":0.0,"value":0.0,"CenCVar":0,"CenQgen":0},{"id":1126.0,"time":73,"bus_id":81,"name":"VICTORIA_FV","CenPgen":0.0,"value":0.0,"CenCVar":0,"CenQgen":0},{"id":1126.0,"time":74,"bus_id":81,"name":"VICTORIA_FV","CenPgen":0.0,"value":0.0,"CenCVar":0,"CenQgen":0},{"id":1126.0,"time":75,"bus_id":81,"name":"VICTORIA_FV","CenPgen":0.0,"value":0.0,"CenCVar":0,"CenQgen":0},{"id":1126.0,"time":76,"bus_id":81,"name":"VICTORIA_FV","CenPgen":0.0,"value":0.0,"CenCVar":0,"CenQgen":0},{"id":1126.0,"time":77,"bus_id":81,"name":"VICTORIA_FV","CenPgen":0.0,"value":0.0,"CenCVar":0,"CenQgen":0},{"id":1126.0,"time":78,"bus_id":81,"name":"VICTORIA_FV","CenPgen":0.0,"value":0.0,"CenCVar":0,"CenQgen":0},{"id":1126.0,"time":79,"bus_id":81,"name":"VICTORIA_FV","CenPgen":0.0,"value":0.0,"CenCVar":0,"CenQgen":0},{"id":1126.0,"time":80,"bus_id":81,"name":"VICTORIA_FV","CenPgen":0.426106156,"value":0.426106156,"CenCVar":0,"CenQgen":0},{"id":1126.0,"time":81,"bus_id":81,"name":"VICTORIA_FV","CenPgen":4.5731732788,"value":4.5731732788,"CenCVar":0,"CenQgen":0},{"id":1126.0,"time":82,"bus_id":81,"name":"VICTORIA_FV","CenPgen":6.95241711,"value":6.95241711,"CenCVar":0,"CenQgen":0},{"id":1126.0,"time":83,"bus_id":81,"name":"VICTORIA_FV","CenPgen":6.5996325073,"value":6.5996325073,"CenCVar":0,"CenQgen":0},{"id":1126.0,"time":84,"bus_id":81,"name":"VICTORIA_FV","CenPgen":6.5996325073,"value":6.5996325073,"CenCVar":0,"CenQgen":0},{"id":1126.0,"time":85,"bus_id":81,"name":"VICTORIA_FV","CenPgen":6.48620059,"value":6.48620059,"CenCVar":0,"CenQgen":0},{"id":1126.0,"time":86,"bus_id":81,"name":"VICTORIA_FV","CenPgen":6.48620059,"value":6.48620059,"CenCVar":0,"CenQgen":0},{"id":1126.0,"time":87,"bus_id":81,"name":"VICTORIA_FV","CenPgen":6.48620059,"value":6.48620059,"CenCVar":0,"CenQgen":0},{"id":1126.0,"time":88,"bus_id":81,"name":"VICTORIA_FV","CenPgen":6.48620059,"value":6.48620059,"CenCVar":0,"CenQgen":0},{"id":1126.0,"time":89,"bus_id":81,"name":"VICTORIA_FV","CenPgen":3.8516660367,"value":3.8516660367,"CenCVar":0,"CenQgen":0},{"id":1126.0,"time":90,"bus_id":81,"name":"VICTORIA_FV","CenPgen":3.8516660367,"value":3.8516660367,"CenCVar":0,"CenQgen":0},{"id":1126.0,"time":91,"bus_id":81,"name":"VICTORIA_FV","CenPgen":0.0115657,"value":0.0115657,"CenCVar":0,"CenQgen":0},{"id":1126.0,"time":92,"bus_id":81,"name":"VICTORIA_FV","CenPgen":0.0,"value":0.0,"CenCVar":0,"CenQgen":0},{"id":1126.0,"time":93,"bus_id":81,"name":"VICTORIA_FV","CenPgen":0.0,"value":0.0,"CenCVar":0,"CenQgen":0},{"id":1126.0,"time":94,"bus_id":81,"name":"VICTORIA_FV","CenPgen":0.0,"value":0.0,"CenCVar":0,"CenQgen":0},{"id":1126.0,"time":95,"bus_id":81,"name":"VICTORIA_FV","CenPgen":0.0,"value":0.0,"CenCVar":0,"CenQgen":0},{"id":1126.0,"time":96,"bus_id":81,"name":"VICTORIA_FV","CenPgen":0.0,"value":0.0,"CenCVar":0,"CenQgen":0},{"id":1126.0,"time":97,"bus_id":81,"name":"VICTORIA_FV","CenPgen":0.0,"value":0.0,"CenCVar":0,"CenQgen":0},{"id":1126.0,"time":98,"bus_id":81,"name":"VICTORIA_FV","CenPgen":0.0,"value":0.0,"CenCVar":0,"CenQgen":0},{"id":1126.0,"time":99,"bus_id":81,"name":"VICTORIA_FV","CenPgen":0.0,"value":0.0,"CenCVar":0,"CenQgen":0},{"id":1126.0,"time":100,"bus_id":81,"name":"VICTORIA_FV","CenPgen":0.0,"value":0.0,"CenCVar":0,"CenQgen":0},{"id":1126.0,"time":101,"bus_id":81,"name":"VICTORIA_FV","CenPgen":0.3926147135,"value":0.3926147135,"CenCVar":0,"CenQgen":0},{"id":1126.0,"time":102,"bus_id":81,"name":"VICTORIA_FV","CenPgen":0.3926147135,"value":0.3926147135,"CenCVar":0,"CenQgen":0},{"id":1126.0,"time":103,"bus_id":81,"name":"VICTORIA_FV","CenPgen":0.3926147135,"value":0.3926147135,"CenCVar":0,"CenQgen":0},{"id":1126.0,"time":104,"bus_id":81,"name":"VICTORIA_FV","CenPgen":0.3926147135,"value":0.3926147135,"CenCVar":0,"CenQgen":0},{"id":1126.0,"time":105,"bus_id":81,"name":"VICTORIA_FV","CenPgen":0.3926147135,"value":0.3926147135,"CenCVar":0,"CenQgen":0},{"id":1126.0,"time":106,"bus_id":81,"name":"VICTORIA_FV","CenPgen":6.9087252197,"value":6.9087252197,"CenCVar":0,"CenQgen":0},{"id":1126.0,"time":107,"bus_id":81,"name":"VICTORIA_FV","CenPgen":6.5774127197,"value":6.5774127197,"CenCVar":0,"CenQgen":0},{"id":1126.0,"time":108,"bus_id":81,"name":"VICTORIA_FV","CenPgen":6.5774127197,"value":6.5774127197,"CenCVar":0,"CenQgen":0},{"id":1126.0,"time":109,"bus_id":81,"name":"VICTORIA_FV","CenPgen":5.42526213,"value":5.42526213,"CenCVar":0,"CenQgen":0},{"id":1126.0,"time":110,"bus_id":81,"name":"VICTORIA_FV","CenPgen":5.42526213,"value":5.42526213,"CenCVar":0,"CenQgen":0},{"id":1126.0,"time":111,"bus_id":81,"name":"VICTORIA_FV","CenPgen":5.42526213,"value":5.42526213,"CenCVar":0,"CenQgen":0},{"id":1126.0,"time":112,"bus_id":81,"name":"VICTORIA_FV","CenPgen":5.42526213,"value":5.42526213,"CenCVar":0,"CenQgen":0},{"id":1126.0,"time":113,"bus_id":81,"name":"VICTORIA_FV","CenPgen":5.42526213,"value":5.42526213,"CenCVar":0,"CenQgen":0},{"id":1126.0,"time":114,"bus_id":81,"name":"VICTORIA_FV","CenPgen":5.42526213,"value":5.42526213,"CenCVar":0,"CenQgen":0},{"id":1126.0,"time":115,"bus_id":81,"name":"VICTORIA_FV","CenPgen":0.01178863,"value":0.01178863,"CenCVar":0,"CenQgen":0},{"id":1126.0,"time":116,"bus_id":81,"name":"VICTORIA_FV","CenPgen":0.0,"value":0.0,"CenCVar":0,"CenQgen":0},{"id":1126.0,"time":117,"bus_id":81,"name":"VICTORIA_FV","CenPgen":0.0,"value":0.0,"CenCVar":0,"CenQgen":0},{"id":1126.0,"time":118,"bus_id":81,"name":"VICTORIA_FV","CenPgen":0.0,"value":0.0,"CenCVar":0,"CenQgen":0},{"id":1126.0,"time":119,"bus_id":81,"name":"VICTORIA_FV","CenPgen":0.0,"value":0.0,"CenCVar":0,"CenQgen":0},{"id":1126.0,"time":120,"bus_id":81,"name":"VICTORIA_FV","CenPgen":0.0,"value":0.0,"CenCVar":0,"CenQgen":0},{"id":1126.0,"time":121,"bus_id":81,"name":"VICTORIA_FV","CenPgen":0.0,"value":0.0,"CenCVar":0,"CenQgen":0},{"id":1126.0,"time":122,"bus_id":81,"name":"VICTORIA_FV","CenPgen":0.0,"value":0.0,"CenCVar":0,"CenQgen":0},{"id":1126.0,"time":123,"bus_id":81,"name":"VICTORIA_FV","CenPgen":0.0,"value":0.0,"CenCVar":0,"CenQgen":0},{"id":1126.0,"time":124,"bus_id":81,"name":"VICTORIA_FV","CenPgen":0.0,"value":0.0,"CenCVar":0,"CenQgen":0},{"id":1126.0,"time":125,"bus_id":81,"name":"VICTORIA_FV","CenPgen":0.0,"value":0.0,"CenCVar":0,"CenQgen":0},{"id":1126.0,"time":126,"bus_id":81,"name":"VICTORIA_FV","CenPgen":0.0,"value":0.0,"CenCVar":0,"CenQgen":0},{"id":1126.0,"time":127,"bus_id":81,"name":"VICTORIA_FV","CenPgen":0.0,"value":0.0,"CenCVar":0,"CenQgen":0},{"id":1126.0,"time":128,"bus_id":81,"name":"VICTORIA_FV","CenPgen":0.5100484393,"value":0.5100484393,"CenCVar":0,"CenQgen":0},{"id":1126.0,"time":129,"bus_id":81,"name":"VICTORIA_FV","CenPgen":4.35069409,"value":4.35069409,"CenCVar":0,"CenQgen":0},{"id":1126.0,"time":130,"bus_id":81,"name":"VICTORIA_FV","CenPgen":7.0611237792,"value":7.0611237792,"CenCVar":0,"CenQgen":0},{"id":1126.0,"time":131,"bus_id":81,"name":"VICTORIA_FV","CenPgen":5.6862550781,"value":5.6862550781,"CenCVar":0,"CenQgen":0},{"id":1126.0,"time":132,"bus_id":81,"name":"VICTORIA_FV","CenPgen":5.6862550781,"value":5.6862550781,"CenCVar":0,"CenQgen":0},{"id":1126.0,"time":133,"bus_id":81,"name":"VICTORIA_FV","CenPgen":5.6862550781,"value":5.6862550781,"CenCVar":0,"CenQgen":0},{"id":1126.0,"time":134,"bus_id":81,"name":"VICTORIA_FV","CenPgen":5.6862550781,"value":5.6862550781,"CenCVar":0,"CenQgen":0},{"id":1126.0,"time":135,"bus_id":81,"name":"VICTORIA_FV","CenPgen":5.6862550781,"value":5.6862550781,"CenCVar":0,"CenQgen":0},{"id":1126.0,"time":136,"bus_id":81,"name":"VICTORIA_FV","CenPgen":6.0892243652,"value":6.0892243652,"CenCVar":0,"CenQgen":0},{"id":1126.0,"time":137,"bus_id":81,"name":"VICTORIA_FV","CenPgen":3.64043358,"value":3.64043358,"CenCVar":0,"CenQgen":0},{"id":1126.0,"time":138,"bus_id":81,"name":"VICTORIA_FV","CenPgen":3.64043358,"value":3.64043358,"CenCVar":0,"CenQgen":0},{"id":1126.0,"time":139,"bus_id":81,"name":"VICTORIA_FV","CenPgen":0.00967991,"value":0.00967991,"CenCVar":0,"CenQgen":0},{"id":1126.0,"time":140,"bus_id":81,"name":"VICTORIA_FV","CenPgen":0.0,"value":0.0,"CenCVar":0,"CenQgen":0},{"id":1126.0,"time":141,"bus_id":81,"name":"VICTORIA_FV","CenPgen":0.0,"value":0.0,"CenCVar":0,"CenQgen":0},{"id":1126.0,"time":142,"bus_id":81,"name":"VICTORIA_FV","CenPgen":0.0,"value":0.0,"CenCVar":0,"CenQgen":0},{"id":1126.0,"time":143,"bus_id":81,"name":"VICTORIA_FV","CenPgen":0.0,"value":0.0,"CenCVar":0,"CenQgen":0},{"id":1126.0,"time":144,"bus_id":81,"name":"VICTORIA_FV","CenPgen":0.0,"value":0.0,"CenCVar":0,"CenQgen":0},{"id":1126.0,"time":145,"bus_id":81,"name":"VICTORIA_FV","CenPgen":0.0,"value":0.0,"CenCVar":0,"CenQgen":0},{"id":1126.0,"time":146,"bus_id":81,"name":"VICTORIA_FV","CenPgen":0.0,"value":0.0,"CenCVar":0,"CenQgen":0},{"id":1126.0,"time":147,"bus_id":81,"name":"VICTORIA_FV","CenPgen":0.0,"value":0.0,"CenCVar":0,"CenQgen":0},{"id":1126.0,"time":148,"bus_id":81,"name":"VICTORIA_FV","CenPgen":0.0,"value":0.0,"CenCVar":0,"CenQgen":0},{"id":1126.0,"time":149,"bus_id":81,"name":"VICTORIA_FV","CenPgen":0.0,"value":0.0,"CenCVar":0,"CenQgen":0},{"id":1126.0,"time":150,"bus_id":81,"name":"VICTORIA_FV","CenPgen":0.0,"value":0.0,"CenCVar":0,"CenQgen":0},{"id":1126.0,"time":151,"bus_id":81,"name":"VICTORIA_FV","CenPgen":0.0,"value":0.0,"CenCVar":0,"CenQgen":0},{"id":1126.0,"time":152,"bus_id":81,"name":"VICTORIA_FV","CenPgen":0.42647822,"value":0.42647822,"CenCVar":0,"CenQgen":0},{"id":1126.0,"time":153,"bus_id":81,"name":"VICTORIA_FV","CenPgen":4.6959313354,"value":4.6959313354,"CenCVar":0,"CenQgen":0},{"id":1126.0,"time":154,"bus_id":81,"name":"VICTORIA_FV","CenPgen":6.92473197,"value":6.92473197,"CenCVar":0,"CenQgen":0},{"id":1126.0,"time":155,"bus_id":81,"name":"VICTORIA_FV","CenPgen":6.92473197,"value":6.92473197,"CenCVar":0,"CenQgen":0},{"id":1126.0,"time":156,"bus_id":81,"name":"VICTORIA_FV","CenPgen":6.92473197,"value":6.92473197,"CenCVar":0,"CenQgen":0},{"id":1126.0,"time":157,"bus_id":81,"name":"VICTORIA_FV","CenPgen":6.37569836,"value":6.37569836,"CenCVar":0,"CenQgen":0},{"id":1126.0,"time":158,"bus_id":81,"name":"VICTORIA_FV","CenPgen":6.6329327393,"value":6.6329327393,"CenCVar":0,"CenQgen":0},{"id":1126.0,"time":159,"bus_id":81,"name":"VICTORIA_FV","CenPgen":6.6329327393,"value":6.6329327393,"CenCVar":0,"CenQgen":0},{"id":1126.0,"time":160,"bus_id":81,"name":"VICTORIA_FV","CenPgen":6.6329327393,"value":6.6329327393,"CenCVar":0,"CenQgen":0},{"id":1126.0,"time":161,"bus_id":81,"name":"VICTORIA_FV","CenPgen":2.6134634988,"value":2.6134634988,"CenCVar":0,"CenQgen":0},{"id":1126.0,"time":162,"bus_id":81,"name":"VICTORIA_FV","CenPgen":2.6134634988,"value":2.6134634988,"CenCVar":0,"CenQgen":0},{"id":1126.0,"time":163,"bus_id":81,"name":"VICTORIA_FV","CenPgen":2.6134634988,"value":2.6134634988,"CenCVar":0,"CenQgen":0},{"id":1126.0,"time":164,"bus_id":81,"name":"VICTORIA_FV","CenPgen":0.0,"value":0.0,"CenCVar":0,"CenQgen":0},{"id":1126.0,"time":165,"bus_id":81,"name":"VICTORIA_FV","CenPgen":0.0,"value":0.0,"CenCVar":0,"CenQgen":0},{"id":1126.0,"time":166,"bus_id":81,"name":"VICTORIA_FV","CenPgen":0.0,"value":0.0,"CenCVar":0,"CenQgen":0},{"id":1126.0,"time":167,"bus_id":81,"name":"VICTORIA_FV","CenPgen":0.0,"value":0.0,"CenCVar":0,"CenQgen":0},{"id":1126.0,"time":168,"bus_id":81,"name":"VICTORIA_FV","CenPgen":0.0,"value":0.0,"CenCVar":0,"CenQgen":0}]