[{"id":1020.0,"time":1,"bus_id":84,"name":"TALINAY_PONIENTE_EO","CenPgen":45.482,"value":45.482,"CenCVar":0,"CenQgen":0},{"id":1020.0,"time":2,"bus_id":84,"name":"TALINAY_PONIENTE_EO","CenPgen":47.129,"value":47.129,"CenCVar":0,"CenQgen":0},{"id":1020.0,"time":3,"bus_id":84,"name":"TALINAY_PONIENTE_EO","CenPgen":47.646,"value":47.646,"CenCVar":0,"CenQgen":0},{"id":1020.0,"time":4,"bus_id":84,"name":"TALINAY_PONIENTE_EO","CenPgen":47.513,"value":47.513,"CenCVar":0,"CenQgen":0},{"id":1020.0,"time":5,"bus_id":84,"name":"TALINAY_PONIENTE_EO","CenPgen":45.327,"value":45.327,"CenCVar":0,"CenQgen":0},{"id":1020.0,"time":6,"bus_id":84,"name":"TALINAY_PONIENTE_EO","CenPgen":40.6971,"value":40.6971,"CenCVar":0,"CenQgen":0},{"id":1020.0,"time":7,"bus_id":84,"name":"TALINAY_PONIENTE_EO","CenPgen":32.0616,"value":32.0616,"CenCVar":0,"CenQgen":0},{"id":1020.0,"time":8,"bus_id":84,"name":"TALINAY_PONIENTE_EO","CenPgen":29.3632,"value":29.3632,"CenCVar":0,"CenQgen":0},{"id":1020.0,"time":9,"bus_id":84,"name":"TALINAY_PONIENTE_EO","CenPgen":26.0672,"value":26.0672,"CenCVar":0,"CenQgen":0},{"id":1020.0,"time":10,"bus_id":84,"name":"TALINAY_PONIENTE_EO","CenPgen":21.73275,"value":21.73275,"CenCVar":0,"CenQgen":0},{"id":1020.0,"time":11,"bus_id":84,"name":"TALINAY_PONIENTE_EO","CenPgen":22.65225,"value":22.65225,"CenCVar":0,"CenQgen":0},{"id":1020.0,"time":12,"bus_id":84,"name":"TALINAY_PONIENTE_EO","CenPgen":26.4448,"value":26.4448,"CenCVar":0,"CenQgen":0},{"id":1020.0,"time":13,"bus_id":84,"name":"TALINAY_PONIENTE_EO","CenPgen":24.9865,"value":24.9865,"CenCVar":0,"CenQgen":0},{"id":1020.0,"time":14,"bus_id":84,"name":"TALINAY_PONIENTE_EO","CenPgen":27.8614,"value":27.8614,"CenCVar":0,"CenQgen":0},{"id":1020.0,"time":15,"bus_id":84,"name":"TALINAY_PONIENTE_EO","CenPgen":30.7146,"value":30.7146,"CenCVar":0,"CenQgen":0},{"id":1020.0,"time":16,"bus_id":84,"name":"TALINAY_PONIENTE_EO","CenPgen":35.6792,"value":35.6792,"CenCVar":0,"CenQgen":0},{"id":1020.0,"time":17,"bus_id":84,"name":"TALINAY_PONIENTE_EO","CenPgen":35.0632,"value":35.0632,"CenCVar":0,"CenQgen":0},{"id":1020.0,"time":18,"bus_id":84,"name":"TALINAY_PONIENTE_EO","CenPgen":36.49475,"value":36.49475,"CenCVar":0,"CenQgen":0},{"id":1020.0,"time":19,"bus_id":84,"name":"TALINAY_PONIENTE_EO","CenPgen":34.88655,"value":34.88655,"CenCVar":0,"CenQgen":0},{"id":1020.0,"time":20,"bus_id":84,"name":"TALINAY_PONIENTE_EO","CenPgen":37.6751,"value":37.6751,"CenCVar":0,"CenQgen":0},{"id":1020.0,"time":21,"bus_id":84,"name":"TALINAY_PONIENTE_EO","CenPgen":38.3344,"value":38.3344,"CenCVar":0,"CenQgen":0},{"id":1020.0,"time":22,"bus_id":84,"name":"TALINAY_PONIENTE_EO","CenPgen":38.71915,"value":38.71915,"CenCVar":0,"CenQgen":0},{"id":1020.0,"time":23,"bus_id":84,"name":"TALINAY_PONIENTE_EO","CenPgen":38.684,"value":38.684,"CenCVar":0,"CenQgen":0},{"id":1020.0,"time":24,"bus_id":84,"name":"TALINAY_PONIENTE_EO","CenPgen":38.16245,"value":38.16245,"CenCVar":0,"CenQgen":0},{"id":1020.0,"time":25,"bus_id":84,"name":"TALINAY_PONIENTE_EO","CenPgen":39.033,"value":39.033,"CenCVar":0,"CenQgen":0},{"id":1020.0,"time":26,"bus_id":84,"name":"TALINAY_PONIENTE_EO","CenPgen":37.015,"value":37.015,"CenCVar":0,"CenQgen":0},{"id":1020.0,"time":27,"bus_id":84,"name":"TALINAY_PONIENTE_EO","CenPgen":35.52,"value":35.52,"CenCVar":0,"CenQgen":0},{"id":1020.0,"time":28,"bus_id":84,"name":"TALINAY_PONIENTE_EO","CenPgen":33.672,"value":33.672,"CenCVar":0,"CenQgen":0},{"id":1020.0,"time":29,"bus_id":84,"name":"TALINAY_PONIENTE_EO","CenPgen":33.672,"value":33.672,"CenCVar":0,"CenQgen":0},{"id":1020.0,"time":30,"bus_id":84,"name":"TALINAY_PONIENTE_EO","CenPgen":33.672,"value":33.672,"CenCVar":0,"CenQgen":0},{"id":1020.0,"time":31,"bus_id":84,"name":"TALINAY_PONIENTE_EO","CenPgen":26.1952,"value":26.1952,"CenCVar":0,"CenQgen":0},{"id":1020.0,"time":32,"bus_id":84,"name":"TALINAY_PONIENTE_EO","CenPgen":26.4864,"value":26.4864,"CenCVar":0,"CenQgen":0},{"id":1020.0,"time":33,"bus_id":84,"name":"TALINAY_PONIENTE_EO","CenPgen":26.5472,"value":26.5472,"CenCVar":0,"CenQgen":0},{"id":1020.0,"time":34,"bus_id":84,"name":"TALINAY_PONIENTE_EO","CenPgen":24.66525,"value":24.66525,"CenCVar":0,"CenQgen":0},{"id":1020.0,"time":35,"bus_id":84,"name":"TALINAY_PONIENTE_EO","CenPgen":24.48975,"value":24.48975,"CenCVar":0,"CenQgen":0},{"id":1020.0,"time":36,"bus_id":84,"name":"TALINAY_PONIENTE_EO","CenPgen":26.0834,"value":26.0834,"CenCVar":0,"CenQgen":0},{"id":1020.0,"time":37,"bus_id":84,"name":"TALINAY_PONIENTE_EO","CenPgen":26.0834,"value":26.0834,"CenCVar":0,"CenQgen":0},{"id":1020.0,"time":38,"bus_id":84,"name":"TALINAY_PONIENTE_EO","CenPgen":26.0834,"value":26.0834,"CenCVar":0,"CenQgen":0},{"id":1020.0,"time":39,"bus_id":84,"name":"TALINAY_PONIENTE_EO","CenPgen":26.3361,"value":26.3361,"CenCVar":0,"CenQgen":0},{"id":1020.0,"time":40,"bus_id":84,"name":"TALINAY_PONIENTE_EO","CenPgen":30.2216,"value":30.2216,"CenCVar":0,"CenQgen":0},{"id":1020.0,"time":41,"bus_id":84,"name":"TALINAY_PONIENTE_EO","CenPgen":30.7912,"value":30.7912,"CenCVar":0,"CenQgen":0},{"id":1020.0,"time":42,"bus_id":84,"name":"TALINAY_PONIENTE_EO","CenPgen":32.90775,"value":32.90775,"CenCVar":0,"CenQgen":0},{"id":1020.0,"time":43,"bus_id":84,"name":"TALINAY_PONIENTE_EO","CenPgen":30.85755,"value":30.85755,"CenCVar":0,"CenQgen":0},{"id":1020.0,"time":44,"bus_id":84,"name":"TALINAY_PONIENTE_EO","CenPgen":31.4108,"value":31.4108,"CenCVar":0,"CenQgen":0},{"id":1020.0,"time":45,"bus_id":84,"name":"TALINAY_PONIENTE_EO","CenPgen":28.07345,"value":28.07345,"CenCVar":0,"CenQgen":0},{"id":1020.0,"time":46,"bus_id":84,"name":"TALINAY_PONIENTE_EO","CenPgen":26.087,"value":26.087,"CenCVar":0,"CenQgen":0},{"id":1020.0,"time":47,"bus_id":84,"name":"TALINAY_PONIENTE_EO","CenPgen":23.8469,"value":23.8469,"CenCVar":0,"CenQgen":0},{"id":1020.0,"time":48,"bus_id":84,"name":"TALINAY_PONIENTE_EO","CenPgen":21.11185,"value":21.11185,"CenCVar":0,"CenQgen":0},{"id":1020.0,"time":49,"bus_id":84,"name":"TALINAY_PONIENTE_EO","CenPgen":16.961,"value":16.961,"CenCVar":0,"CenQgen":0},{"id":1020.0,"time":50,"bus_id":84,"name":"TALINAY_PONIENTE_EO","CenPgen":15.451,"value":15.451,"CenCVar":0,"CenQgen":0},{"id":1020.0,"time":51,"bus_id":84,"name":"TALINAY_PONIENTE_EO","CenPgen":15.292,"value":15.292,"CenCVar":0,"CenQgen":0},{"id":1020.0,"time":52,"bus_id":84,"name":"TALINAY_PONIENTE_EO","CenPgen":14.229,"value":14.229,"CenCVar":0,"CenQgen":0},{"id":1020.0,"time":53,"bus_id":84,"name":"TALINAY_PONIENTE_EO","CenPgen":14.229,"value":14.229,"CenCVar":0,"CenQgen":0},{"id":1020.0,"time":54,"bus_id":84,"name":"TALINAY_PONIENTE_EO","CenPgen":12.0843,"value":12.0843,"CenCVar":0,"CenQgen":0},{"id":1020.0,"time":55,"bus_id":84,"name":"TALINAY_PONIENTE_EO","CenPgen":11.1632,"value":11.1632,"CenCVar":0,"CenQgen":0},{"id":1020.0,"time":56,"bus_id":84,"name":"TALINAY_PONIENTE_EO","CenPgen":10.8888,"value":10.8888,"CenCVar":0,"CenQgen":0},{"id":1020.0,"time":57,"bus_id":84,"name":"TALINAY_PONIENTE_EO","CenPgen":9.0776,"value":9.0776,"CenCVar":0,"CenQgen":0},{"id":1020.0,"time":58,"bus_id":84,"name":"TALINAY_PONIENTE_EO","CenPgen":7.9485,"value":7.9485,"CenCVar":0,"CenQgen":0},{"id":1020.0,"time":59,"bus_id":84,"name":"TALINAY_PONIENTE_EO","CenPgen":9.487175,"value":9.487175,"CenCVar":0,"CenQgen":0},{"id":1020.0,"time":60,"bus_id":84,"name":"TALINAY_PONIENTE_EO","CenPgen":9.487175,"value":9.487175,"CenCVar":0,"CenQgen":0},{"id":1020.0,"time":61,"bus_id":84,"name":"TALINAY_PONIENTE_EO","CenPgen":9.487175,"value":9.487175,"CenCVar":0,"CenQgen":0},{"id":1020.0,"time":62,"bus_id":84,"name":"TALINAY_PONIENTE_EO","CenPgen":9.487175,"value":9.487175,"CenCVar":0,"CenQgen":0},{"id":1020.0,"time":63,"bus_id":84,"name":"TALINAY_PONIENTE_EO","CenPgen":14.3521,"value":14.3521,"CenCVar":0,"CenQgen":0},{"id":1020.0,"time":64,"bus_id":84,"name":"TALINAY_PONIENTE_EO","CenPgen":19.0664,"value":19.0664,"CenCVar":0,"CenQgen":0},{"id":1020.0,"time":65,"bus_id":84,"name":"TALINAY_PONIENTE_EO","CenPgen":21.1648,"value":21.1648,"CenCVar":0,"CenQgen":0},{"id":1020.0,"time":66,"bus_id":84,"name":"TALINAY_PONIENTE_EO","CenPgen":23.596,"value":23.596,"CenCVar":0,"CenQgen":0},{"id":1020.0,"time":67,"bus_id":84,"name":"TALINAY_PONIENTE_EO","CenPgen":23.62405,"value":23.62405,"CenCVar":0,"CenQgen":0},{"id":1020.0,"time":68,"bus_id":84,"name":"TALINAY_PONIENTE_EO","CenPgen":24.80165,"value":24.80165,"CenCVar":0,"CenQgen":0},{"id":1020.0,"time":69,"bus_id":84,"name":"TALINAY_PONIENTE_EO","CenPgen":22.69075,"value":22.69075,"CenCVar":0,"CenQgen":0},{"id":1020.0,"time":70,"bus_id":84,"name":"TALINAY_PONIENTE_EO","CenPgen":21.2648,"value":21.2648,"CenCVar":0,"CenQgen":0},{"id":1020.0,"time":71,"bus_id":84,"name":"TALINAY_PONIENTE_EO","CenPgen":20.15425,"value":20.15425,"CenCVar":0,"CenQgen":0},{"id":1020.0,"time":72,"bus_id":84,"name":"TALINAY_PONIENTE_EO","CenPgen":18.8214,"value":18.8214,"CenCVar":0,"CenQgen":0},{"id":1020.0,"time":73,"bus_id":84,"name":"TALINAY_PONIENTE_EO","CenPgen":19.224,"value":19.224,"CenCVar":0,"CenQgen":0},{"id":1020.0,"time":74,"bus_id":84,"name":"TALINAY_PONIENTE_EO","CenPgen":20.676,"value":20.676,"CenCVar":0,"CenQgen":0},{"id":1020.0,"time":75,"bus_id":84,"name":"TALINAY_PONIENTE_EO","CenPgen":21.482,"value":21.482,"CenCVar":0,"CenQgen":0},{"id":1020.0,"time":76,"bus_id":84,"name":"TALINAY_PONIENTE_EO","CenPgen":17.692175,"value":17.692175,"CenCVar":0,"CenQgen":0},{"id":1020.0,"time":77,"bus_id":84,"name":"TALINAY_PONIENTE_EO","CenPgen":17.692175,"value":17.692175,"CenCVar":0,"CenQgen":0},{"id":1020.0,"time":78,"bus_id":84,"name":"TALINAY_PONIENTE_EO","CenPgen":17.692175,"value":17.692175,"CenCVar":0,"CenQgen":0},{"id":1020.0,"time":79,"bus_id":84,"name":"TALINAY_PONIENTE_EO","CenPgen":17.692175,"value":17.692175,"CenCVar":0,"CenQgen":0},{"id":1020.0,"time":80,"bus_id":84,"name":"TALINAY_PONIENTE_EO","CenPgen":14.8128,"value":14.8128,"CenCVar":0,"CenQgen":0},{"id":1020.0,"time":81,"bus_id":84,"name":"TALINAY_PONIENTE_EO","CenPgen":14.364,"value":14.364,"CenCVar":0,"CenQgen":0},{"id":1020.0,"time":82,"bus_id":84,"name":"TALINAY_PONIENTE_EO","CenPgen":12.5685,"value":12.5685,"CenCVar":0,"CenQgen":0},{"id":1020.0,"time":83,"bus_id":84,"name":"TALINAY_PONIENTE_EO","CenPgen":12.06555,"value":12.06555,"CenCVar":0,"CenQgen":0},{"id":1020.0,"time":84,"bus_id":84,"name":"TALINAY_PONIENTE_EO","CenPgen":12.06555,"value":12.06555,"CenCVar":0,"CenQgen":0},{"id":1020.0,"time":85,"bus_id":84,"name":"TALINAY_PONIENTE_EO","CenPgen":13.6051,"value":13.6051,"CenCVar":0,"CenQgen":0},{"id":1020.0,"time":86,"bus_id":84,"name":"TALINAY_PONIENTE_EO","CenPgen":13.6051,"value":13.6051,"CenCVar":0,"CenQgen":0},{"id":1020.0,"time":87,"bus_id":84,"name":"TALINAY_PONIENTE_EO","CenPgen":13.6051,"value":13.6051,"CenCVar":0,"CenQgen":0},{"id":1020.0,"time":88,"bus_id":84,"name":"TALINAY_PONIENTE_EO","CenPgen":13.6051,"value":13.6051,"CenCVar":0,"CenQgen":0},{"id":1020.0,"time":89,"bus_id":84,"name":"TALINAY_PONIENTE_EO","CenPgen":18.7244,"value":18.7244,"CenCVar":0,"CenQgen":0},{"id":1020.0,"time":90,"bus_id":84,"name":"TALINAY_PONIENTE_EO","CenPgen":18.7244,"value":18.7244,"CenCVar":0,"CenQgen":0},{"id":1020.0,"time":91,"bus_id":84,"name":"TALINAY_PONIENTE_EO","CenPgen":20.00815,"value":20.00815,"CenCVar":0,"CenQgen":0},{"id":1020.0,"time":92,"bus_id":84,"name":"TALINAY_PONIENTE_EO","CenPgen":21.74075,"value":21.74075,"CenCVar":0,"CenQgen":0},{"id":1020.0,"time":93,"bus_id":84,"name":"TALINAY_PONIENTE_EO","CenPgen":18.6991666667,"value":18.6991666667,"CenCVar":0,"CenQgen":0},{"id":1020.0,"time":94,"bus_id":84,"name":"TALINAY_PONIENTE_EO","CenPgen":18.6991666667,"value":18.6991666667,"CenCVar":0,"CenQgen":0},{"id":1020.0,"time":95,"bus_id":84,"name":"TALINAY_PONIENTE_EO","CenPgen":18.6991666667,"value":18.6991666667,"CenCVar":0,"CenQgen":0},{"id":1020.0,"time":96,"bus_id":84,"name":"TALINAY_PONIENTE_EO","CenPgen":15.3235,"value":15.3235,"CenCVar":0,"CenQgen":0},{"id":1020.0,"time":97,"bus_id":84,"name":"TALINAY_PONIENTE_EO","CenPgen":14.038,"value":14.038,"CenCVar":0,"CenQgen":0},{"id":1020.0,"time":98,"bus_id":84,"name":"TALINAY_PONIENTE_EO","CenPgen":12.229,"value":12.229,"CenCVar":0,"CenQgen":0},{"id":1020.0,"time":99,"bus_id":84,"name":"TALINAY_PONIENTE_EO","CenPgen":10.0185,"value":10.0185,"CenCVar":0,"CenQgen":0},{"id":1020.0,"time":100,"bus_id":84,"name":"TALINAY_PONIENTE_EO","CenPgen":10.0185,"value":10.0185,"CenCVar":0,"CenQgen":0},{"id":1020.0,"time":101,"bus_id":84,"name":"TALINAY_PONIENTE_EO","CenPgen":5.98986,"value":5.98986,"CenCVar":0,"CenQgen":0},{"id":1020.0,"time":102,"bus_id":84,"name":"TALINAY_PONIENTE_EO","CenPgen":5.98986,"value":5.98986,"CenCVar":0,"CenQgen":0},{"id":1020.0,"time":103,"bus_id":84,"name":"TALINAY_PONIENTE_EO","CenPgen":5.98986,"value":5.98986,"CenCVar":0,"CenQgen":0},{"id":1020.0,"time":104,"bus_id":84,"name":"TALINAY_PONIENTE_EO","CenPgen":5.98986,"value":5.98986,"CenCVar":0,"CenQgen":0},{"id":1020.0,"time":105,"bus_id":84,"name":"TALINAY_PONIENTE_EO","CenPgen":5.98986,"value":5.98986,"CenCVar":0,"CenQgen":0},{"id":1020.0,"time":106,"bus_id":84,"name":"TALINAY_PONIENTE_EO","CenPgen":2.844,"value":2.844,"CenCVar":0,"CenQgen":0},{"id":1020.0,"time":107,"bus_id":84,"name":"TALINAY_PONIENTE_EO","CenPgen":2.51405,"value":2.51405,"CenCVar":0,"CenQgen":0},{"id":1020.0,"time":108,"bus_id":84,"name":"TALINAY_PONIENTE_EO","CenPgen":2.51405,"value":2.51405,"CenCVar":0,"CenQgen":0},{"id":1020.0,"time":109,"bus_id":84,"name":"TALINAY_PONIENTE_EO","CenPgen":3.79855,"value":3.79855,"CenCVar":0,"CenQgen":0},{"id":1020.0,"time":110,"bus_id":84,"name":"TALINAY_PONIENTE_EO","CenPgen":3.79855,"value":3.79855,"CenCVar":0,"CenQgen":0},{"id":1020.0,"time":111,"bus_id":84,"name":"TALINAY_PONIENTE_EO","CenPgen":3.79855,"value":3.79855,"CenCVar":0,"CenQgen":0},{"id":1020.0,"time":112,"bus_id":84,"name":"TALINAY_PONIENTE_EO","CenPgen":3.79855,"value":3.79855,"CenCVar":0,"CenQgen":0},{"id":1020.0,"time":113,"bus_id":84,"name":"TALINAY_PONIENTE_EO","CenPgen":3.79855,"value":3.79855,"CenCVar":0,"CenQgen":0},{"id":1020.0,"time":114,"bus_id":84,"name":"TALINAY_PONIENTE_EO","CenPgen":3.79855,"value":3.79855,"CenCVar":0,"CenQgen":0},{"id":1020.0,"time":115,"bus_id":84,"name":"TALINAY_PONIENTE_EO","CenPgen":4.94445,"value":4.94445,"CenCVar":0,"CenQgen":0},{"id":1020.0,"time":116,"bus_id":84,"name":"TALINAY_PONIENTE_EO","CenPgen":5.282,"value":5.282,"CenCVar":0,"CenQgen":0},{"id":1020.0,"time":117,"bus_id":84,"name":"TALINAY_PONIENTE_EO","CenPgen":5.5898,"value":5.5898,"CenCVar":0,"CenQgen":0},{"id":1020.0,"time":118,"bus_id":84,"name":"TALINAY_PONIENTE_EO","CenPgen":5.99545,"value":5.99545,"CenCVar":0,"CenQgen":0},{"id":1020.0,"time":119,"bus_id":84,"name":"TALINAY_PONIENTE_EO","CenPgen":5.99545,"value":5.99545,"CenCVar":0,"CenQgen":0},{"id":1020.0,"time":120,"bus_id":84,"name":"TALINAY_PONIENTE_EO","CenPgen":6.49135,"value":6.49135,"CenCVar":0,"CenQgen":0},{"id":1020.0,"time":121,"bus_id":84,"name":"TALINAY_PONIENTE_EO","CenPgen":7.152,"value":7.152,"CenCVar":0,"CenQgen":0},{"id":1020.0,"time":122,"bus_id":84,"name":"TALINAY_PONIENTE_EO","CenPgen":7.751,"value":7.751,"CenCVar":0,"CenQgen":0},{"id":1020.0,"time":123,"bus_id":84,"name":"TALINAY_PONIENTE_EO","CenPgen":8.666,"value":8.666,"CenCVar":0,"CenQgen":0},{"id":1020.0,"time":124,"bus_id":84,"name":"TALINAY_PONIENTE_EO","CenPgen":11.1444333333,"value":11.1444333333,"CenCVar":0,"CenQgen":0},{"id":1020.0,"time":125,"bus_id":84,"name":"TALINAY_PONIENTE_EO","CenPgen":11.1444333333,"value":11.1444333333,"CenCVar":0,"CenQgen":0},{"id":1020.0,"time":126,"bus_id":84,"name":"TALINAY_PONIENTE_EO","CenPgen":11.1444333333,"value":11.1444333333,"CenCVar":0,"CenQgen":0},{"id":1020.0,"time":127,"bus_id":84,"name":"TALINAY_PONIENTE_EO","CenPgen":11.1288,"value":11.1288,"CenCVar":0,"CenQgen":0},{"id":1020.0,"time":128,"bus_id":84,"name":"TALINAY_PONIENTE_EO","CenPgen":11.7456,"value":11.7456,"CenCVar":0,"CenQgen":0},{"id":1020.0,"time":129,"bus_id":84,"name":"TALINAY_PONIENTE_EO","CenPgen":12.7216,"value":12.7216,"CenCVar":0,"CenQgen":0},{"id":1020.0,"time":130,"bus_id":84,"name":"TALINAY_PONIENTE_EO","CenPgen":13.092,"value":13.092,"CenCVar":0,"CenQgen":0},{"id":1020.0,"time":131,"bus_id":84,"name":"TALINAY_PONIENTE_EO","CenPgen":17.81825,"value":17.81825,"CenCVar":0,"CenQgen":0},{"id":1020.0,"time":132,"bus_id":84,"name":"TALINAY_PONIENTE_EO","CenPgen":17.81825,"value":17.81825,"CenCVar":0,"CenQgen":0},{"id":1020.0,"time":133,"bus_id":84,"name":"TALINAY_PONIENTE_EO","CenPgen":17.81825,"value":17.81825,"CenCVar":0,"CenQgen":0},{"id":1020.0,"time":134,"bus_id":84,"name":"TALINAY_PONIENTE_EO","CenPgen":17.81825,"value":17.81825,"CenCVar":0,"CenQgen":0},{"id":1020.0,"time":135,"bus_id":84,"name":"TALINAY_PONIENTE_EO","CenPgen":17.81825,"value":17.81825,"CenCVar":0,"CenQgen":0},{"id":1020.0,"time":136,"bus_id":84,"name":"TALINAY_PONIENTE_EO","CenPgen":26.788,"value":26.788,"CenCVar":0,"CenQgen":0},{"id":1020.0,"time":137,"bus_id":84,"name":"TALINAY_PONIENTE_EO","CenPgen":30.675475,"value":30.675475,"CenCVar":0,"CenQgen":0},{"id":1020.0,"time":138,"bus_id":84,"name":"TALINAY_PONIENTE_EO","CenPgen":30.675475,"value":30.675475,"CenCVar":0,"CenQgen":0},{"id":1020.0,"time":139,"bus_id":84,"name":"TALINAY_PONIENTE_EO","CenPgen":33.90395,"value":33.90395,"CenCVar":0,"CenQgen":0},{"id":1020.0,"time":140,"bus_id":84,"name":"TALINAY_PONIENTE_EO","CenPgen":38.741,"value":38.741,"CenCVar":0,"CenQgen":0},{"id":1020.0,"time":141,"bus_id":84,"name":"TALINAY_PONIENTE_EO","CenPgen":38.6330166667,"value":38.6330166667,"CenCVar":0,"CenQgen":0},{"id":1020.0,"time":142,"bus_id":84,"name":"TALINAY_PONIENTE_EO","CenPgen":38.6330166667,"value":38.6330166667,"CenCVar":0,"CenQgen":0},{"id":1020.0,"time":143,"bus_id":84,"name":"TALINAY_PONIENTE_EO","CenPgen":38.6330166667,"value":38.6330166667,"CenCVar":0,"CenQgen":0},{"id":1020.0,"time":144,"bus_id":84,"name":"TALINAY_PONIENTE_EO","CenPgen":38.2755,"value":38.2755,"CenCVar":0,"CenQgen":0},{"id":1020.0,"time":145,"bus_id":84,"name":"TALINAY_PONIENTE_EO","CenPgen":39.438,"value":39.438,"CenCVar":0,"CenQgen":0},{"id":1020.0,"time":146,"bus_id":84,"name":"TALINAY_PONIENTE_EO","CenPgen":39.051,"value":39.051,"CenCVar":0,"CenQgen":0},{"id":1020.0,"time":147,"bus_id":84,"name":"TALINAY_PONIENTE_EO","CenPgen":36.852725,"value":36.852725,"CenCVar":0,"CenQgen":0},{"id":1020.0,"time":148,"bus_id":84,"name":"TALINAY_PONIENTE_EO","CenPgen":36.852725,"value":36.852725,"CenCVar":0,"CenQgen":0},{"id":1020.0,"time":149,"bus_id":84,"name":"TALINAY_PONIENTE_EO","CenPgen":36.852725,"value":36.852725,"CenCVar":0,"CenQgen":0},{"id":1020.0,"time":150,"bus_id":84,"name":"TALINAY_PONIENTE_EO","CenPgen":36.852725,"value":36.852725,"CenCVar":0,"CenQgen":0},{"id":1020.0,"time":151,"bus_id":84,"name":"TALINAY_PONIENTE_EO","CenPgen":29.3992,"value":29.3992,"CenCVar":0,"CenQgen":0},{"id":1020.0,"time":152,"bus_id":84,"name":"TALINAY_PONIENTE_EO","CenPgen":29.1752,"value":29.1752,"CenCVar":0,"CenQgen":0},{"id":1020.0,"time":153,"bus_id":84,"name":"TALINAY_PONIENTE_EO","CenPgen":28.7896,"value":28.7896,"CenCVar":0,"CenQgen":0},{"id":1020.0,"time":154,"bus_id":84,"name":"TALINAY_PONIENTE_EO","CenPgen":28.0544833333,"value":28.0544833333,"CenCVar":0,"CenQgen":0},{"id":1020.0,"time":155,"bus_id":84,"name":"TALINAY_PONIENTE_EO","CenPgen":28.0544833333,"value":28.0544833333,"CenCVar":0,"CenQgen":0},{"id":1020.0,"time":156,"bus_id":84,"name":"TALINAY_PONIENTE_EO","CenPgen":28.0544833333,"value":28.0544833333,"CenCVar":0,"CenQgen":0},{"id":1020.0,"time":157,"bus_id":84,"name":"TALINAY_PONIENTE_EO","CenPgen":27.7956,"value":27.7956,"CenCVar":0,"CenQgen":0},{"id":1020.0,"time":158,"bus_id":84,"name":"TALINAY_PONIENTE_EO","CenPgen":31.1684,"value":31.1684,"CenCVar":0,"CenQgen":0},{"id":1020.0,"time":159,"bus_id":84,"name":"TALINAY_PONIENTE_EO","CenPgen":31.1684,"value":31.1684,"CenCVar":0,"CenQgen":0},{"id":1020.0,"time":160,"bus_id":84,"name":"TALINAY_PONIENTE_EO","CenPgen":31.1684,"value":31.1684,"CenCVar":0,"CenQgen":0},{"id":1020.0,"time":161,"bus_id":84,"name":"TALINAY_PONIENTE_EO","CenPgen":37.8625833333,"value":37.8625833333,"CenCVar":0,"CenQgen":0},{"id":1020.0,"time":162,"bus_id":84,"name":"TALINAY_PONIENTE_EO","CenPgen":37.8625833333,"value":37.8625833333,"CenCVar":0,"CenQgen":0},{"id":1020.0,"time":163,"bus_id":84,"name":"TALINAY_PONIENTE_EO","CenPgen":37.8625833333,"value":37.8625833333,"CenCVar":0,"CenQgen":0},{"id":1020.0,"time":164,"bus_id":84,"name":"TALINAY_PONIENTE_EO","CenPgen":42.636,"value":42.636,"CenCVar":0,"CenQgen":0},{"id":1020.0,"time":165,"bus_id":84,"name":"TALINAY_PONIENTE_EO","CenPgen":39.58175,"value":39.58175,"CenCVar":0,"CenQgen":0},{"id":1020.0,"time":166,"bus_id":84,"name":"TALINAY_PONIENTE_EO","CenPgen":39.58175,"value":39.58175,"CenCVar":0,"CenQgen":0},{"id":1020.0,"time":167,"bus_id":84,"name":"TALINAY_PONIENTE_EO","CenPgen":39.58175,"value":39.58175,"CenCVar":0,"CenQgen":0},{"id":1020.0,"time":168,"bus_id":84,"name":"TALINAY_PONIENTE_EO","CenPgen":35.42835,"value":35.42835,"CenCVar":0,"CenQgen":0}]