[{"id":1191.0,"time":1,"bus_id":175,"name":"SLK_CB_NUEVE_FV","CenPgen":0.0,"value":0.0,"CenCVar":0,"CenQgen":0},{"id":1191.0,"time":2,"bus_id":175,"name":"SLK_CB_NUEVE_FV","CenPgen":0.0,"value":0.0,"CenCVar":0,"CenQgen":0},{"id":1191.0,"time":3,"bus_id":175,"name":"SLK_CB_NUEVE_FV","CenPgen":0.0,"value":0.0,"CenCVar":0,"CenQgen":0},{"id":1191.0,"time":4,"bus_id":175,"name":"SLK_CB_NUEVE_FV","CenPgen":0.0,"value":0.0,"CenCVar":0,"CenQgen":0},{"id":1191.0,"time":5,"bus_id":175,"name":"SLK_CB_NUEVE_FV","CenPgen":0.0,"value":0.0,"CenCVar":0,"CenQgen":0},{"id":1191.0,"time":6,"bus_id":175,"name":"SLK_CB_NUEVE_FV","CenPgen":0.0,"value":0.0,"CenCVar":0,"CenQgen":0},{"id":1191.0,"time":7,"bus_id":175,"name":"SLK_CB_NUEVE_FV","CenPgen":0.0,"value":0.0,"CenCVar":0,"CenQgen":0},{"id":1191.0,"time":8,"bus_id":175,"name":"SLK_CB_NUEVE_FV","CenPgen":0.00843014,"value":0.00843014,"CenCVar":0,"CenQgen":0},{"id":1191.0,"time":9,"bus_id":175,"name":"SLK_CB_NUEVE_FV","CenPgen":0.2360869374,"value":0.2360869374,"CenCVar":0,"CenQgen":0},{"id":1191.0,"time":10,"bus_id":175,"name":"SLK_CB_NUEVE_FV","CenPgen":1.448597,"value":1.448597,"CenCVar":0,"CenQgen":0},{"id":1191.0,"time":11,"bus_id":175,"name":"SLK_CB_NUEVE_FV","CenPgen":1.892610138,"value":1.892610138,"CenCVar":0,"CenQgen":0},{"id":1191.0,"time":12,"bus_id":175,"name":"SLK_CB_NUEVE_FV","CenPgen":1.83525073,"value":1.83525073,"CenCVar":0,"CenQgen":0},{"id":1191.0,"time":13,"bus_id":175,"name":"SLK_CB_NUEVE_FV","CenPgen":1.7996903076,"value":1.7996903076,"CenCVar":0,"CenQgen":0},{"id":1191.0,"time":14,"bus_id":175,"name":"SLK_CB_NUEVE_FV","CenPgen":1.83142517,"value":1.83142517,"CenCVar":0,"CenQgen":0},{"id":1191.0,"time":15,"bus_id":175,"name":"SLK_CB_NUEVE_FV","CenPgen":1.88558551,"value":1.88558551,"CenCVar":0,"CenQgen":0},{"id":1191.0,"time":16,"bus_id":175,"name":"SLK_CB_NUEVE_FV","CenPgen":1.89478607,"value":1.89478607,"CenCVar":0,"CenQgen":0},{"id":1191.0,"time":17,"bus_id":175,"name":"SLK_CB_NUEVE_FV","CenPgen":1.38774026,"value":1.38774026,"CenCVar":0,"CenQgen":0},{"id":1191.0,"time":18,"bus_id":175,"name":"SLK_CB_NUEVE_FV","CenPgen":0.2077810996,"value":0.2077810996,"CenCVar":0,"CenQgen":0},{"id":1191.0,"time":19,"bus_id":175,"name":"SLK_CB_NUEVE_FV","CenPgen":0.00013671,"value":0.00013671,"CenCVar":0,"CenQgen":0},{"id":1191.0,"time":20,"bus_id":175,"name":"SLK_CB_NUEVE_FV","CenPgen":0.0,"value":0.0,"CenCVar":0,"CenQgen":0},{"id":1191.0,"time":21,"bus_id":175,"name":"SLK_CB_NUEVE_FV","CenPgen":0.0,"value":0.0,"CenCVar":0,"CenQgen":0},{"id":1191.0,"time":22,"bus_id":175,"name":"SLK_CB_NUEVE_FV","CenPgen":0.0,"value":0.0,"CenCVar":0,"CenQgen":0},{"id":1191.0,"time":23,"bus_id":175,"name":"SLK_CB_NUEVE_FV","CenPgen":0.0,"value":0.0,"CenCVar":0,"CenQgen":0},{"id":1191.0,"time":24,"bus_id":175,"name":"SLK_CB_NUEVE_FV","CenPgen":0.0,"value":0.0,"CenCVar":0,"CenQgen":0},{"id":1191.0,"time":25,"bus_id":175,"name":"SLK_CB_NUEVE_FV","CenPgen":0.0,"value":0.0,"CenCVar":0,"CenQgen":0},{"id":1191.0,"time":26,"bus_id":175,"name":"SLK_CB_NUEVE_FV","CenPgen":0.0,"value":0.0,"CenCVar":0,"CenQgen":0},{"id":1191.0,"time":27,"bus_id":175,"name":"SLK_CB_NUEVE_FV","CenPgen":0.0,"value":0.0,"CenCVar":0,"CenQgen":0},{"id":1191.0,"time":28,"bus_id":175,"name":"SLK_CB_NUEVE_FV","CenPgen":0.0,"value":0.0,"CenCVar":0,"CenQgen":0},{"id":1191.0,"time":29,"bus_id":175,"name":"SLK_CB_NUEVE_FV","CenPgen":0.0,"value":0.0,"CenCVar":0,"CenQgen":0},{"id":1191.0,"time":30,"bus_id":175,"name":"SLK_CB_NUEVE_FV","CenPgen":0.0,"value":0.0,"CenCVar":0,"CenQgen":0},{"id":1191.0,"time":31,"bus_id":175,"name":"SLK_CB_NUEVE_FV","CenPgen":0.0,"value":0.0,"CenCVar":0,"CenQgen":0},{"id":1191.0,"time":32,"bus_id":175,"name":"SLK_CB_NUEVE_FV","CenPgen":0.01100591,"value":0.01100591,"CenCVar":0,"CenQgen":0},{"id":1191.0,"time":33,"bus_id":175,"name":"SLK_CB_NUEVE_FV","CenPgen":0.11563863,"value":0.11563863,"CenCVar":0,"CenQgen":0},{"id":1191.0,"time":34,"bus_id":175,"name":"SLK_CB_NUEVE_FV","CenPgen":0.42807347,"value":0.42807347,"CenCVar":0,"CenQgen":0},{"id":1191.0,"time":35,"bus_id":175,"name":"SLK_CB_NUEVE_FV","CenPgen":0.5224044876,"value":0.5224044876,"CenCVar":0,"CenQgen":0},{"id":1191.0,"time":36,"bus_id":175,"name":"SLK_CB_NUEVE_FV","CenPgen":0.7108266958,"value":0.7108266958,"CenCVar":0,"CenQgen":0},{"id":1191.0,"time":37,"bus_id":175,"name":"SLK_CB_NUEVE_FV","CenPgen":0.7108266958,"value":0.7108266958,"CenCVar":0,"CenQgen":0},{"id":1191.0,"time":38,"bus_id":175,"name":"SLK_CB_NUEVE_FV","CenPgen":0.7108266958,"value":0.7108266958,"CenCVar":0,"CenQgen":0},{"id":1191.0,"time":39,"bus_id":175,"name":"SLK_CB_NUEVE_FV","CenPgen":0.3835283051,"value":0.3835283051,"CenCVar":0,"CenQgen":0},{"id":1191.0,"time":40,"bus_id":175,"name":"SLK_CB_NUEVE_FV","CenPgen":0.3676502,"value":0.3676502,"CenCVar":0,"CenQgen":0},{"id":1191.0,"time":41,"bus_id":175,"name":"SLK_CB_NUEVE_FV","CenPgen":0.46723628,"value":0.46723628,"CenCVar":0,"CenQgen":0},{"id":1191.0,"time":42,"bus_id":175,"name":"SLK_CB_NUEVE_FV","CenPgen":0.0673170994,"value":0.0673170994,"CenCVar":0,"CenQgen":0},{"id":1191.0,"time":43,"bus_id":175,"name":"SLK_CB_NUEVE_FV","CenPgen":0.0,"value":0.0,"CenCVar":0,"CenQgen":0},{"id":1191.0,"time":44,"bus_id":175,"name":"SLK_CB_NUEVE_FV","CenPgen":0.0,"value":0.0,"CenCVar":0,"CenQgen":0},{"id":1191.0,"time":45,"bus_id":175,"name":"SLK_CB_NUEVE_FV","CenPgen":0.0,"value":0.0,"CenCVar":0,"CenQgen":0},{"id":1191.0,"time":46,"bus_id":175,"name":"SLK_CB_NUEVE_FV","CenPgen":0.0,"value":0.0,"CenCVar":0,"CenQgen":0},{"id":1191.0,"time":47,"bus_id":175,"name":"SLK_CB_NUEVE_FV","CenPgen":0.0,"value":0.0,"CenCVar":0,"CenQgen":0},{"id":1191.0,"time":48,"bus_id":175,"name":"SLK_CB_NUEVE_FV","CenPgen":0.0,"value":0.0,"CenCVar":0,"CenQgen":0},{"id":1191.0,"time":49,"bus_id":175,"name":"SLK_CB_NUEVE_FV","CenPgen":0.0,"value":0.0,"CenCVar":0,"CenQgen":0},{"id":1191.0,"time":50,"bus_id":175,"name":"SLK_CB_NUEVE_FV","CenPgen":0.0,"value":0.0,"CenCVar":0,"CenQgen":0},{"id":1191.0,"time":51,"bus_id":175,"name":"SLK_CB_NUEVE_FV","CenPgen":0.0,"value":0.0,"CenCVar":0,"CenQgen":0},{"id":1191.0,"time":52,"bus_id":175,"name":"SLK_CB_NUEVE_FV","CenPgen":0.0,"value":0.0,"CenCVar":0,"CenQgen":0},{"id":1191.0,"time":53,"bus_id":175,"name":"SLK_CB_NUEVE_FV","CenPgen":0.0,"value":0.0,"CenCVar":0,"CenQgen":0},{"id":1191.0,"time":54,"bus_id":175,"name":"SLK_CB_NUEVE_FV","CenPgen":0.0,"value":0.0,"CenCVar":0,"CenQgen":0},{"id":1191.0,"time":55,"bus_id":175,"name":"SLK_CB_NUEVE_FV","CenPgen":0.0,"value":0.0,"CenCVar":0,"CenQgen":0},{"id":1191.0,"time":56,"bus_id":175,"name":"SLK_CB_NUEVE_FV","CenPgen":0.0,"value":0.0,"CenCVar":0,"CenQgen":0},{"id":1191.0,"time":57,"bus_id":175,"name":"SLK_CB_NUEVE_FV","CenPgen":0.02578158,"value":0.02578158,"CenCVar":0,"CenQgen":0},{"id":1191.0,"time":58,"bus_id":175,"name":"SLK_CB_NUEVE_FV","CenPgen":0.1280440273,"value":0.1280440273,"CenCVar":0,"CenQgen":0},{"id":1191.0,"time":59,"bus_id":175,"name":"SLK_CB_NUEVE_FV","CenPgen":0.59119295,"value":0.59119295,"CenCVar":0,"CenQgen":0},{"id":1191.0,"time":60,"bus_id":175,"name":"SLK_CB_NUEVE_FV","CenPgen":0.59119295,"value":0.59119295,"CenCVar":0,"CenQgen":0},{"id":1191.0,"time":61,"bus_id":175,"name":"SLK_CB_NUEVE_FV","CenPgen":0.59119295,"value":0.59119295,"CenCVar":0,"CenQgen":0},{"id":1191.0,"time":62,"bus_id":175,"name":"SLK_CB_NUEVE_FV","CenPgen":0.59119295,"value":0.59119295,"CenCVar":0,"CenQgen":0},{"id":1191.0,"time":63,"bus_id":175,"name":"SLK_CB_NUEVE_FV","CenPgen":0.68642552,"value":0.68642552,"CenCVar":0,"CenQgen":0},{"id":1191.0,"time":64,"bus_id":175,"name":"SLK_CB_NUEVE_FV","CenPgen":0.2714852753,"value":0.2714852753,"CenCVar":0,"CenQgen":0},{"id":1191.0,"time":65,"bus_id":175,"name":"SLK_CB_NUEVE_FV","CenPgen":0.1322867756,"value":0.1322867756,"CenCVar":0,"CenQgen":0},{"id":1191.0,"time":66,"bus_id":175,"name":"SLK_CB_NUEVE_FV","CenPgen":0.0763751153,"value":0.0763751153,"CenCVar":0,"CenQgen":0},{"id":1191.0,"time":67,"bus_id":175,"name":"SLK_CB_NUEVE_FV","CenPgen":0.00002132,"value":0.00002132,"CenCVar":0,"CenQgen":0},{"id":1191.0,"time":68,"bus_id":175,"name":"SLK_CB_NUEVE_FV","CenPgen":0.0,"value":0.0,"CenCVar":0,"CenQgen":0},{"id":1191.0,"time":69,"bus_id":175,"name":"SLK_CB_NUEVE_FV","CenPgen":0.0,"value":0.0,"CenCVar":0,"CenQgen":0},{"id":1191.0,"time":70,"bus_id":175,"name":"SLK_CB_NUEVE_FV","CenPgen":0.0,"value":0.0,"CenCVar":0,"CenQgen":0},{"id":1191.0,"time":71,"bus_id":175,"name":"SLK_CB_NUEVE_FV","CenPgen":0.0,"value":0.0,"CenCVar":0,"CenQgen":0},{"id":1191.0,"time":72,"bus_id":175,"name":"SLK_CB_NUEVE_FV","CenPgen":0.0,"value":0.0,"CenCVar":0,"CenQgen":0},{"id":1191.0,"time":73,"bus_id":175,"name":"SLK_CB_NUEVE_FV","CenPgen":0.0,"value":0.0,"CenCVar":0,"CenQgen":0},{"id":1191.0,"time":74,"bus_id":175,"name":"SLK_CB_NUEVE_FV","CenPgen":0.0,"value":0.0,"CenCVar":0,"CenQgen":0},{"id":1191.0,"time":75,"bus_id":175,"name":"SLK_CB_NUEVE_FV","CenPgen":0.0,"value":0.0,"CenCVar":0,"CenQgen":0},{"id":1191.0,"time":76,"bus_id":175,"name":"SLK_CB_NUEVE_FV","CenPgen":0.0,"value":0.0,"CenCVar":0,"CenQgen":0},{"id":1191.0,"time":77,"bus_id":175,"name":"SLK_CB_NUEVE_FV","CenPgen":0.0,"value":0.0,"CenCVar":0,"CenQgen":0},{"id":1191.0,"time":78,"bus_id":175,"name":"SLK_CB_NUEVE_FV","CenPgen":0.0,"value":0.0,"CenCVar":0,"CenQgen":0},{"id":1191.0,"time":79,"bus_id":175,"name":"SLK_CB_NUEVE_FV","CenPgen":0.0,"value":0.0,"CenCVar":0,"CenQgen":0},{"id":1191.0,"time":80,"bus_id":175,"name":"SLK_CB_NUEVE_FV","CenPgen":0.0003099655,"value":0.0003099655,"CenCVar":0,"CenQgen":0},{"id":1191.0,"time":81,"bus_id":175,"name":"SLK_CB_NUEVE_FV","CenPgen":0.05191708,"value":0.05191708,"CenCVar":0,"CenQgen":0},{"id":1191.0,"time":82,"bus_id":175,"name":"SLK_CB_NUEVE_FV","CenPgen":0.12236806,"value":0.12236806,"CenCVar":0,"CenQgen":0},{"id":1191.0,"time":83,"bus_id":175,"name":"SLK_CB_NUEVE_FV","CenPgen":0.28868951,"value":0.28868951,"CenCVar":0,"CenQgen":0},{"id":1191.0,"time":84,"bus_id":175,"name":"SLK_CB_NUEVE_FV","CenPgen":0.28868951,"value":0.28868951,"CenCVar":0,"CenQgen":0},{"id":1191.0,"time":85,"bus_id":175,"name":"SLK_CB_NUEVE_FV","CenPgen":0.29806323,"value":0.29806323,"CenCVar":0,"CenQgen":0},{"id":1191.0,"time":86,"bus_id":175,"name":"SLK_CB_NUEVE_FV","CenPgen":0.29806323,"value":0.29806323,"CenCVar":0,"CenQgen":0},{"id":1191.0,"time":87,"bus_id":175,"name":"SLK_CB_NUEVE_FV","CenPgen":0.29806323,"value":0.29806323,"CenCVar":0,"CenQgen":0},{"id":1191.0,"time":88,"bus_id":175,"name":"SLK_CB_NUEVE_FV","CenPgen":0.29806323,"value":0.29806323,"CenCVar":0,"CenQgen":0},{"id":1191.0,"time":89,"bus_id":175,"name":"SLK_CB_NUEVE_FV","CenPgen":0.08235467,"value":0.08235467,"CenCVar":0,"CenQgen":0},{"id":1191.0,"time":90,"bus_id":175,"name":"SLK_CB_NUEVE_FV","CenPgen":0.08235467,"value":0.08235467,"CenCVar":0,"CenQgen":0},{"id":1191.0,"time":91,"bus_id":175,"name":"SLK_CB_NUEVE_FV","CenPgen":0.0006730551,"value":0.0006730551,"CenCVar":0,"CenQgen":0},{"id":1191.0,"time":92,"bus_id":175,"name":"SLK_CB_NUEVE_FV","CenPgen":0.0,"value":0.0,"CenCVar":0,"CenQgen":0},{"id":1191.0,"time":93,"bus_id":175,"name":"SLK_CB_NUEVE_FV","CenPgen":0.0,"value":0.0,"CenCVar":0,"CenQgen":0},{"id":1191.0,"time":94,"bus_id":175,"name":"SLK_CB_NUEVE_FV","CenPgen":0.0,"value":0.0,"CenCVar":0,"CenQgen":0},{"id":1191.0,"time":95,"bus_id":175,"name":"SLK_CB_NUEVE_FV","CenPgen":0.0,"value":0.0,"CenCVar":0,"CenQgen":0},{"id":1191.0,"time":96,"bus_id":175,"name":"SLK_CB_NUEVE_FV","CenPgen":0.0,"value":0.0,"CenCVar":0,"CenQgen":0},{"id":1191.0,"time":97,"bus_id":175,"name":"SLK_CB_NUEVE_FV","CenPgen":0.0,"value":0.0,"CenCVar":0,"CenQgen":0},{"id":1191.0,"time":98,"bus_id":175,"name":"SLK_CB_NUEVE_FV","CenPgen":0.0,"value":0.0,"CenCVar":0,"CenQgen":0},{"id":1191.0,"time":99,"bus_id":175,"name":"SLK_CB_NUEVE_FV","CenPgen":0.0,"value":0.0,"CenCVar":0,"CenQgen":0},{"id":1191.0,"time":100,"bus_id":175,"name":"SLK_CB_NUEVE_FV","CenPgen":0.0,"value":0.0,"CenCVar":0,"CenQgen":0},{"id":1191.0,"time":101,"bus_id":175,"name":"SLK_CB_NUEVE_FV","CenPgen":0.0097136299,"value":0.0097136299,"CenCVar":0,"CenQgen":0},{"id":1191.0,"time":102,"bus_id":175,"name":"SLK_CB_NUEVE_FV","CenPgen":0.0097136299,"value":0.0097136299,"CenCVar":0,"CenQgen":0},{"id":1191.0,"time":103,"bus_id":175,"name":"SLK_CB_NUEVE_FV","CenPgen":0.0097136299,"value":0.0097136299,"CenCVar":0,"CenQgen":0},{"id":1191.0,"time":104,"bus_id":175,"name":"SLK_CB_NUEVE_FV","CenPgen":0.0097136299,"value":0.0097136299,"CenCVar":0,"CenQgen":0},{"id":1191.0,"time":105,"bus_id":175,"name":"SLK_CB_NUEVE_FV","CenPgen":0.0097136299,"value":0.0097136299,"CenCVar":0,"CenQgen":0},{"id":1191.0,"time":106,"bus_id":175,"name":"SLK_CB_NUEVE_FV","CenPgen":0.27138713,"value":0.27138713,"CenCVar":0,"CenQgen":0},{"id":1191.0,"time":107,"bus_id":175,"name":"SLK_CB_NUEVE_FV","CenPgen":0.925279789,"value":0.925279789,"CenCVar":0,"CenQgen":0},{"id":1191.0,"time":108,"bus_id":175,"name":"SLK_CB_NUEVE_FV","CenPgen":0.925279789,"value":0.925279789,"CenCVar":0,"CenQgen":0},{"id":1191.0,"time":109,"bus_id":175,"name":"SLK_CB_NUEVE_FV","CenPgen":0.6920037954,"value":0.6920037954,"CenCVar":0,"CenQgen":0},{"id":1191.0,"time":110,"bus_id":175,"name":"SLK_CB_NUEVE_FV","CenPgen":0.6920037954,"value":0.6920037954,"CenCVar":0,"CenQgen":0},{"id":1191.0,"time":111,"bus_id":175,"name":"SLK_CB_NUEVE_FV","CenPgen":0.6920037954,"value":0.6920037954,"CenCVar":0,"CenQgen":0},{"id":1191.0,"time":112,"bus_id":175,"name":"SLK_CB_NUEVE_FV","CenPgen":0.6920037954,"value":0.6920037954,"CenCVar":0,"CenQgen":0},{"id":1191.0,"time":113,"bus_id":175,"name":"SLK_CB_NUEVE_FV","CenPgen":0.6920037954,"value":0.6920037954,"CenCVar":0,"CenQgen":0},{"id":1191.0,"time":114,"bus_id":175,"name":"SLK_CB_NUEVE_FV","CenPgen":0.6920037954,"value":0.6920037954,"CenCVar":0,"CenQgen":0},{"id":1191.0,"time":115,"bus_id":175,"name":"SLK_CB_NUEVE_FV","CenPgen":0.0,"value":0.0,"CenCVar":0,"CenQgen":0},{"id":1191.0,"time":116,"bus_id":175,"name":"SLK_CB_NUEVE_FV","CenPgen":0.0,"value":0.0,"CenCVar":0,"CenQgen":0},{"id":1191.0,"time":117,"bus_id":175,"name":"SLK_CB_NUEVE_FV","CenPgen":0.0,"value":0.0,"CenCVar":0,"CenQgen":0},{"id":1191.0,"time":118,"bus_id":175,"name":"SLK_CB_NUEVE_FV","CenPgen":0.0,"value":0.0,"CenCVar":0,"CenQgen":0},{"id":1191.0,"time":119,"bus_id":175,"name":"SLK_CB_NUEVE_FV","CenPgen":0.0,"value":0.0,"CenCVar":0,"CenQgen":0},{"id":1191.0,"time":120,"bus_id":175,"name":"SLK_CB_NUEVE_FV","CenPgen":0.0,"value":0.0,"CenCVar":0,"CenQgen":0},{"id":1191.0,"time":121,"bus_id":175,"name":"SLK_CB_NUEVE_FV","CenPgen":0.0,"value":0.0,"CenCVar":0,"CenQgen":0},{"id":1191.0,"time":122,"bus_id":175,"name":"SLK_CB_NUEVE_FV","CenPgen":0.0,"value":0.0,"CenCVar":0,"CenQgen":0},{"id":1191.0,"time":123,"bus_id":175,"name":"SLK_CB_NUEVE_FV","CenPgen":0.0,"value":0.0,"CenCVar":0,"CenQgen":0},{"id":1191.0,"time":124,"bus_id":175,"name":"SLK_CB_NUEVE_FV","CenPgen":0.0,"value":0.0,"CenCVar":0,"CenQgen":0},{"id":1191.0,"time":125,"bus_id":175,"name":"SLK_CB_NUEVE_FV","CenPgen":0.0,"value":0.0,"CenCVar":0,"CenQgen":0},{"id":1191.0,"time":126,"bus_id":175,"name":"SLK_CB_NUEVE_FV","CenPgen":0.0,"value":0.0,"CenCVar":0,"CenQgen":0},{"id":1191.0,"time":127,"bus_id":175,"name":"SLK_CB_NUEVE_FV","CenPgen":0.0,"value":0.0,"CenCVar":0,"CenQgen":0},{"id":1191.0,"time":128,"bus_id":175,"name":"SLK_CB_NUEVE_FV","CenPgen":0.0013278068,"value":0.0013278068,"CenCVar":0,"CenQgen":0},{"id":1191.0,"time":129,"bus_id":175,"name":"SLK_CB_NUEVE_FV","CenPgen":0.1121674057,"value":0.1121674057,"CenCVar":0,"CenQgen":0},{"id":1191.0,"time":130,"bus_id":175,"name":"SLK_CB_NUEVE_FV","CenPgen":0.2648064385,"value":0.2648064385,"CenCVar":0,"CenQgen":0},{"id":1191.0,"time":131,"bus_id":175,"name":"SLK_CB_NUEVE_FV","CenPgen":0.93868193,"value":0.93868193,"CenCVar":0,"CenQgen":0},{"id":1191.0,"time":132,"bus_id":175,"name":"SLK_CB_NUEVE_FV","CenPgen":0.93868193,"value":0.93868193,"CenCVar":0,"CenQgen":0},{"id":1191.0,"time":133,"bus_id":175,"name":"SLK_CB_NUEVE_FV","CenPgen":0.93868193,"value":0.93868193,"CenCVar":0,"CenQgen":0},{"id":1191.0,"time":134,"bus_id":175,"name":"SLK_CB_NUEVE_FV","CenPgen":0.93868193,"value":0.93868193,"CenCVar":0,"CenQgen":0},{"id":1191.0,"time":135,"bus_id":175,"name":"SLK_CB_NUEVE_FV","CenPgen":0.93868193,"value":0.93868193,"CenCVar":0,"CenQgen":0},{"id":1191.0,"time":136,"bus_id":175,"name":"SLK_CB_NUEVE_FV","CenPgen":0.5784335785,"value":0.5784335785,"CenCVar":0,"CenQgen":0},{"id":1191.0,"time":137,"bus_id":175,"name":"SLK_CB_NUEVE_FV","CenPgen":0.2314074392,"value":0.2314074392,"CenCVar":0,"CenQgen":0},{"id":1191.0,"time":138,"bus_id":175,"name":"SLK_CB_NUEVE_FV","CenPgen":0.2314074392,"value":0.2314074392,"CenCVar":0,"CenQgen":0},{"id":1191.0,"time":139,"bus_id":175,"name":"SLK_CB_NUEVE_FV","CenPgen":0.0,"value":0.0,"CenCVar":0,"CenQgen":0},{"id":1191.0,"time":140,"bus_id":175,"name":"SLK_CB_NUEVE_FV","CenPgen":0.0,"value":0.0,"CenCVar":0,"CenQgen":0},{"id":1191.0,"time":141,"bus_id":175,"name":"SLK_CB_NUEVE_FV","CenPgen":0.0,"value":0.0,"CenCVar":0,"CenQgen":0},{"id":1191.0,"time":142,"bus_id":175,"name":"SLK_CB_NUEVE_FV","CenPgen":0.0,"value":0.0,"CenCVar":0,"CenQgen":0},{"id":1191.0,"time":143,"bus_id":175,"name":"SLK_CB_NUEVE_FV","CenPgen":0.0,"value":0.0,"CenCVar":0,"CenQgen":0},{"id":1191.0,"time":144,"bus_id":175,"name":"SLK_CB_NUEVE_FV","CenPgen":0.0,"value":0.0,"CenCVar":0,"CenQgen":0},{"id":1191.0,"time":145,"bus_id":175,"name":"SLK_CB_NUEVE_FV","CenPgen":0.0,"value":0.0,"CenCVar":0,"CenQgen":0},{"id":1191.0,"time":146,"bus_id":175,"name":"SLK_CB_NUEVE_FV","CenPgen":0.0,"value":0.0,"CenCVar":0,"CenQgen":0},{"id":1191.0,"time":147,"bus_id":175,"name":"SLK_CB_NUEVE_FV","CenPgen":0.0,"value":0.0,"CenCVar":0,"CenQgen":0},{"id":1191.0,"time":148,"bus_id":175,"name":"SLK_CB_NUEVE_FV","CenPgen":0.0,"value":0.0,"CenCVar":0,"CenQgen":0},{"id":1191.0,"time":149,"bus_id":175,"name":"SLK_CB_NUEVE_FV","CenPgen":0.0,"value":0.0,"CenCVar":0,"CenQgen":0},{"id":1191.0,"time":150,"bus_id":175,"name":"SLK_CB_NUEVE_FV","CenPgen":0.0,"value":0.0,"CenCVar":0,"CenQgen":0},{"id":1191.0,"time":151,"bus_id":175,"name":"SLK_CB_NUEVE_FV","CenPgen":0.0,"value":0.0,"CenCVar":0,"CenQgen":0},{"id":1191.0,"time":152,"bus_id":175,"name":"SLK_CB_NUEVE_FV","CenPgen":0.0019761457,"value":0.0019761457,"CenCVar":0,"CenQgen":0},{"id":1191.0,"time":153,"bus_id":175,"name":"SLK_CB_NUEVE_FV","CenPgen":0.05511326,"value":0.05511326,"CenCVar":0,"CenQgen":0},{"id":1191.0,"time":154,"bus_id":175,"name":"SLK_CB_NUEVE_FV","CenPgen":0.94480154,"value":0.94480154,"CenCVar":0,"CenQgen":0},{"id":1191.0,"time":155,"bus_id":175,"name":"SLK_CB_NUEVE_FV","CenPgen":0.94480154,"value":0.94480154,"CenCVar":0,"CenQgen":0},{"id":1191.0,"time":156,"bus_id":175,"name":"SLK_CB_NUEVE_FV","CenPgen":0.94480154,"value":0.94480154,"CenCVar":0,"CenQgen":0},{"id":1191.0,"time":157,"bus_id":175,"name":"SLK_CB_NUEVE_FV","CenPgen":1.8133251954,"value":1.8133251954,"CenCVar":0,"CenQgen":0},{"id":1191.0,"time":158,"bus_id":175,"name":"SLK_CB_NUEVE_FV","CenPgen":0.67757729,"value":0.67757729,"CenCVar":0,"CenQgen":0},{"id":1191.0,"time":159,"bus_id":175,"name":"SLK_CB_NUEVE_FV","CenPgen":0.67757729,"value":0.67757729,"CenCVar":0,"CenQgen":0},{"id":1191.0,"time":160,"bus_id":175,"name":"SLK_CB_NUEVE_FV","CenPgen":0.67757729,"value":0.67757729,"CenCVar":0,"CenQgen":0},{"id":1191.0,"time":161,"bus_id":175,"name":"SLK_CB_NUEVE_FV","CenPgen":0.0929003911,"value":0.0929003911,"CenCVar":0,"CenQgen":0},{"id":1191.0,"time":162,"bus_id":175,"name":"SLK_CB_NUEVE_FV","CenPgen":0.0929003911,"value":0.0929003911,"CenCVar":0,"CenQgen":0},{"id":1191.0,"time":163,"bus_id":175,"name":"SLK_CB_NUEVE_FV","CenPgen":0.0929003911,"value":0.0929003911,"CenCVar":0,"CenQgen":0},{"id":1191.0,"time":164,"bus_id":175,"name":"SLK_CB_NUEVE_FV","CenPgen":0.0,"value":0.0,"CenCVar":0,"CenQgen":0},{"id":1191.0,"time":165,"bus_id":175,"name":"SLK_CB_NUEVE_FV","CenPgen":0.0,"value":0.0,"CenCVar":0,"CenQgen":0},{"id":1191.0,"time":166,"bus_id":175,"name":"SLK_CB_NUEVE_FV","CenPgen":0.0,"value":0.0,"CenCVar":0,"CenQgen":0},{"id":1191.0,"time":167,"bus_id":175,"name":"SLK_CB_NUEVE_FV","CenPgen":0.0,"value":0.0,"CenCVar":0,"CenQgen":0},{"id":1191.0,"time":168,"bus_id":175,"name":"SLK_CB_NUEVE_FV","CenPgen":0.0,"value":0.0,"CenCVar":0,"CenQgen":0}]