[{"id":1246.0,"time":1,"bus_id":165,"name":"PLAYERON_FV","CenPgen":0.0,"value":0.0,"CenCVar":0,"CenQgen":0},{"id":1246.0,"time":2,"bus_id":165,"name":"PLAYERON_FV","CenPgen":0.0,"value":0.0,"CenCVar":0,"CenQgen":0},{"id":1246.0,"time":3,"bus_id":165,"name":"PLAYERON_FV","CenPgen":0.0,"value":0.0,"CenCVar":0,"CenQgen":0},{"id":1246.0,"time":4,"bus_id":165,"name":"PLAYERON_FV","CenPgen":0.0,"value":0.0,"CenCVar":0,"CenQgen":0},{"id":1246.0,"time":5,"bus_id":165,"name":"PLAYERON_FV","CenPgen":0.0,"value":0.0,"CenCVar":0,"CenQgen":0},{"id":1246.0,"time":6,"bus_id":165,"name":"PLAYERON_FV","CenPgen":0.0,"value":0.0,"CenCVar":0,"CenQgen":0},{"id":1246.0,"time":7,"bus_id":165,"name":"PLAYERON_FV","CenPgen":0.0,"value":0.0,"CenCVar":0,"CenQgen":0},{"id":1246.0,"time":8,"bus_id":165,"name":"PLAYERON_FV","CenPgen":0.0023567277,"value":0.0023567277,"CenCVar":0,"CenQgen":0},{"id":1246.0,"time":9,"bus_id":165,"name":"PLAYERON_FV","CenPgen":0.27845088,"value":0.27845088,"CenCVar":0,"CenQgen":0},{"id":1246.0,"time":10,"bus_id":165,"name":"PLAYERON_FV","CenPgen":1.06496588,"value":1.06496588,"CenCVar":0,"CenQgen":0},{"id":1246.0,"time":11,"bus_id":165,"name":"PLAYERON_FV","CenPgen":2.036969635,"value":2.036969635,"CenCVar":0,"CenQgen":0},{"id":1246.0,"time":12,"bus_id":165,"name":"PLAYERON_FV","CenPgen":1.96097311,"value":1.96097311,"CenCVar":0,"CenQgen":0},{"id":1246.0,"time":13,"bus_id":165,"name":"PLAYERON_FV","CenPgen":1.859242218,"value":1.859242218,"CenCVar":0,"CenQgen":0},{"id":1246.0,"time":14,"bus_id":165,"name":"PLAYERON_FV","CenPgen":1.81389871,"value":1.81389871,"CenCVar":0,"CenQgen":0},{"id":1246.0,"time":15,"bus_id":165,"name":"PLAYERON_FV","CenPgen":1.294492218,"value":1.294492218,"CenCVar":0,"CenQgen":0},{"id":1246.0,"time":16,"bus_id":165,"name":"PLAYERON_FV","CenPgen":1.052727829,"value":1.052727829,"CenCVar":0,"CenQgen":0},{"id":1246.0,"time":17,"bus_id":165,"name":"PLAYERON_FV","CenPgen":0.3355852088,"value":0.3355852088,"CenCVar":0,"CenQgen":0},{"id":1246.0,"time":18,"bus_id":165,"name":"PLAYERON_FV","CenPgen":0.06674256,"value":0.06674256,"CenCVar":0,"CenQgen":0},{"id":1246.0,"time":19,"bus_id":165,"name":"PLAYERON_FV","CenPgen":0.0,"value":0.0,"CenCVar":0,"CenQgen":0},{"id":1246.0,"time":20,"bus_id":165,"name":"PLAYERON_FV","CenPgen":0.0,"value":0.0,"CenCVar":0,"CenQgen":0},{"id":1246.0,"time":21,"bus_id":165,"name":"PLAYERON_FV","CenPgen":0.0,"value":0.0,"CenCVar":0,"CenQgen":0},{"id":1246.0,"time":22,"bus_id":165,"name":"PLAYERON_FV","CenPgen":0.0,"value":0.0,"CenCVar":0,"CenQgen":0},{"id":1246.0,"time":23,"bus_id":165,"name":"PLAYERON_FV","CenPgen":0.0,"value":0.0,"CenCVar":0,"CenQgen":0},{"id":1246.0,"time":24,"bus_id":165,"name":"PLAYERON_FV","CenPgen":0.0,"value":0.0,"CenCVar":0,"CenQgen":0},{"id":1246.0,"time":25,"bus_id":165,"name":"PLAYERON_FV","CenPgen":0.0,"value":0.0,"CenCVar":0,"CenQgen":0},{"id":1246.0,"time":26,"bus_id":165,"name":"PLAYERON_FV","CenPgen":0.0,"value":0.0,"CenCVar":0,"CenQgen":0},{"id":1246.0,"time":27,"bus_id":165,"name":"PLAYERON_FV","CenPgen":0.0,"value":0.0,"CenCVar":0,"CenQgen":0},{"id":1246.0,"time":28,"bus_id":165,"name":"PLAYERON_FV","CenPgen":0.0,"value":0.0,"CenCVar":0,"CenQgen":0},{"id":1246.0,"time":29,"bus_id":165,"name":"PLAYERON_FV","CenPgen":0.0,"value":0.0,"CenCVar":0,"CenQgen":0},{"id":1246.0,"time":30,"bus_id":165,"name":"PLAYERON_FV","CenPgen":0.0,"value":0.0,"CenCVar":0,"CenQgen":0},{"id":1246.0,"time":31,"bus_id":165,"name":"PLAYERON_FV","CenPgen":0.0,"value":0.0,"CenCVar":0,"CenQgen":0},{"id":1246.0,"time":32,"bus_id":165,"name":"PLAYERON_FV","CenPgen":0.00004239,"value":0.00004239,"CenCVar":0,"CenQgen":0},{"id":1246.0,"time":33,"bus_id":165,"name":"PLAYERON_FV","CenPgen":0.0577829173,"value":0.0577829173,"CenCVar":0,"CenQgen":0},{"id":1246.0,"time":34,"bus_id":165,"name":"PLAYERON_FV","CenPgen":0.2119026756,"value":0.2119026756,"CenCVar":0,"CenQgen":0},{"id":1246.0,"time":35,"bus_id":165,"name":"PLAYERON_FV","CenPgen":0.20203343,"value":0.20203343,"CenCVar":0,"CenQgen":0},{"id":1246.0,"time":36,"bus_id":165,"name":"PLAYERON_FV","CenPgen":0.5360644964,"value":0.5360644964,"CenCVar":0,"CenQgen":0},{"id":1246.0,"time":37,"bus_id":165,"name":"PLAYERON_FV","CenPgen":0.5360644964,"value":0.5360644964,"CenCVar":0,"CenQgen":0},{"id":1246.0,"time":38,"bus_id":165,"name":"PLAYERON_FV","CenPgen":0.5360644964,"value":0.5360644964,"CenCVar":0,"CenQgen":0},{"id":1246.0,"time":39,"bus_id":165,"name":"PLAYERON_FV","CenPgen":0.5008562163,"value":0.5008562163,"CenCVar":0,"CenQgen":0},{"id":1246.0,"time":40,"bus_id":165,"name":"PLAYERON_FV","CenPgen":0.2757960777,"value":0.2757960777,"CenCVar":0,"CenQgen":0},{"id":1246.0,"time":41,"bus_id":165,"name":"PLAYERON_FV","CenPgen":0.22350039,"value":0.22350039,"CenCVar":0,"CenQgen":0},{"id":1246.0,"time":42,"bus_id":165,"name":"PLAYERON_FV","CenPgen":0.0525795,"value":0.0525795,"CenCVar":0,"CenQgen":0},{"id":1246.0,"time":43,"bus_id":165,"name":"PLAYERON_FV","CenPgen":0.00010772,"value":0.00010772,"CenCVar":0,"CenQgen":0},{"id":1246.0,"time":44,"bus_id":165,"name":"PLAYERON_FV","CenPgen":0.0,"value":0.0,"CenCVar":0,"CenQgen":0},{"id":1246.0,"time":45,"bus_id":165,"name":"PLAYERON_FV","CenPgen":0.0,"value":0.0,"CenCVar":0,"CenQgen":0},{"id":1246.0,"time":46,"bus_id":165,"name":"PLAYERON_FV","CenPgen":0.0,"value":0.0,"CenCVar":0,"CenQgen":0},{"id":1246.0,"time":47,"bus_id":165,"name":"PLAYERON_FV","CenPgen":0.0,"value":0.0,"CenCVar":0,"CenQgen":0},{"id":1246.0,"time":48,"bus_id":165,"name":"PLAYERON_FV","CenPgen":0.0,"value":0.0,"CenCVar":0,"CenQgen":0},{"id":1246.0,"time":49,"bus_id":165,"name":"PLAYERON_FV","CenPgen":0.0,"value":0.0,"CenCVar":0,"CenQgen":0},{"id":1246.0,"time":50,"bus_id":165,"name":"PLAYERON_FV","CenPgen":0.0,"value":0.0,"CenCVar":0,"CenQgen":0},{"id":1246.0,"time":51,"bus_id":165,"name":"PLAYERON_FV","CenPgen":0.0,"value":0.0,"CenCVar":0,"CenQgen":0},{"id":1246.0,"time":52,"bus_id":165,"name":"PLAYERON_FV","CenPgen":0.0,"value":0.0,"CenCVar":0,"CenQgen":0},{"id":1246.0,"time":53,"bus_id":165,"name":"PLAYERON_FV","CenPgen":0.0,"value":0.0,"CenCVar":0,"CenQgen":0},{"id":1246.0,"time":54,"bus_id":165,"name":"PLAYERON_FV","CenPgen":0.0,"value":0.0,"CenCVar":0,"CenQgen":0},{"id":1246.0,"time":55,"bus_id":165,"name":"PLAYERON_FV","CenPgen":0.0,"value":0.0,"CenCVar":0,"CenQgen":0},{"id":1246.0,"time":56,"bus_id":165,"name":"PLAYERON_FV","CenPgen":0.0024076996,"value":0.0024076996,"CenCVar":0,"CenQgen":0},{"id":1246.0,"time":57,"bus_id":165,"name":"PLAYERON_FV","CenPgen":0.2638441162,"value":0.2638441162,"CenCVar":0,"CenQgen":0},{"id":1246.0,"time":58,"bus_id":165,"name":"PLAYERON_FV","CenPgen":0.0222556674,"value":0.0222556674,"CenCVar":0,"CenQgen":0},{"id":1246.0,"time":59,"bus_id":165,"name":"PLAYERON_FV","CenPgen":1.21094466,"value":1.21094466,"CenCVar":0,"CenQgen":0},{"id":1246.0,"time":60,"bus_id":165,"name":"PLAYERON_FV","CenPgen":1.21094466,"value":1.21094466,"CenCVar":0,"CenQgen":0},{"id":1246.0,"time":61,"bus_id":165,"name":"PLAYERON_FV","CenPgen":1.21094466,"value":1.21094466,"CenCVar":0,"CenQgen":0},{"id":1246.0,"time":62,"bus_id":165,"name":"PLAYERON_FV","CenPgen":1.21094466,"value":1.21094466,"CenCVar":0,"CenQgen":0},{"id":1246.0,"time":63,"bus_id":165,"name":"PLAYERON_FV","CenPgen":1.69446487,"value":1.69446487,"CenCVar":0,"CenQgen":0},{"id":1246.0,"time":64,"bus_id":165,"name":"PLAYERON_FV","CenPgen":1.27356532,"value":1.27356532,"CenCVar":0,"CenQgen":0},{"id":1246.0,"time":65,"bus_id":165,"name":"PLAYERON_FV","CenPgen":0.26690863,"value":0.26690863,"CenCVar":0,"CenQgen":0},{"id":1246.0,"time":66,"bus_id":165,"name":"PLAYERON_FV","CenPgen":0.0500730173,"value":0.0500730173,"CenCVar":0,"CenQgen":0},{"id":1246.0,"time":67,"bus_id":165,"name":"PLAYERON_FV","CenPgen":0.0,"value":0.0,"CenCVar":0,"CenQgen":0},{"id":1246.0,"time":68,"bus_id":165,"name":"PLAYERON_FV","CenPgen":0.0,"value":0.0,"CenCVar":0,"CenQgen":0},{"id":1246.0,"time":69,"bus_id":165,"name":"PLAYERON_FV","CenPgen":0.0,"value":0.0,"CenCVar":0,"CenQgen":0},{"id":1246.0,"time":70,"bus_id":165,"name":"PLAYERON_FV","CenPgen":0.0,"value":0.0,"CenCVar":0,"CenQgen":0},{"id":1246.0,"time":71,"bus_id":165,"name":"PLAYERON_FV","CenPgen":0.0,"value":0.0,"CenCVar":0,"CenQgen":0},{"id":1246.0,"time":72,"bus_id":165,"name":"PLAYERON_FV","CenPgen":0.0,"value":0.0,"CenCVar":0,"CenQgen":0},{"id":1246.0,"time":73,"bus_id":165,"name":"PLAYERON_FV","CenPgen":0.0,"value":0.0,"CenCVar":0,"CenQgen":0},{"id":1246.0,"time":74,"bus_id":165,"name":"PLAYERON_FV","CenPgen":0.0,"value":0.0,"CenCVar":0,"CenQgen":0},{"id":1246.0,"time":75,"bus_id":165,"name":"PLAYERON_FV","CenPgen":0.0,"value":0.0,"CenCVar":0,"CenQgen":0},{"id":1246.0,"time":76,"bus_id":165,"name":"PLAYERON_FV","CenPgen":0.0,"value":0.0,"CenCVar":0,"CenQgen":0},{"id":1246.0,"time":77,"bus_id":165,"name":"PLAYERON_FV","CenPgen":0.0,"value":0.0,"CenCVar":0,"CenQgen":0},{"id":1246.0,"time":78,"bus_id":165,"name":"PLAYERON_FV","CenPgen":0.0,"value":0.0,"CenCVar":0,"CenQgen":0},{"id":1246.0,"time":79,"bus_id":165,"name":"PLAYERON_FV","CenPgen":0.0,"value":0.0,"CenCVar":0,"CenQgen":0},{"id":1246.0,"time":80,"bus_id":165,"name":"PLAYERON_FV","CenPgen":0.0000131199,"value":0.0000131199,"CenCVar":0,"CenQgen":0},{"id":1246.0,"time":81,"bus_id":165,"name":"PLAYERON_FV","CenPgen":0.0611159778,"value":0.0611159778,"CenCVar":0,"CenQgen":0},{"id":1246.0,"time":82,"bus_id":165,"name":"PLAYERON_FV","CenPgen":0.2183976783,"value":0.2183976783,"CenCVar":0,"CenQgen":0},{"id":1246.0,"time":83,"bus_id":165,"name":"PLAYERON_FV","CenPgen":0.47960808,"value":0.47960808,"CenCVar":0,"CenQgen":0},{"id":1246.0,"time":84,"bus_id":165,"name":"PLAYERON_FV","CenPgen":0.47960808,"value":0.47960808,"CenCVar":0,"CenQgen":0},{"id":1246.0,"time":85,"bus_id":165,"name":"PLAYERON_FV","CenPgen":0.65096452,"value":0.65096452,"CenCVar":0,"CenQgen":0},{"id":1246.0,"time":86,"bus_id":165,"name":"PLAYERON_FV","CenPgen":0.65096452,"value":0.65096452,"CenCVar":0,"CenQgen":0},{"id":1246.0,"time":87,"bus_id":165,"name":"PLAYERON_FV","CenPgen":0.65096452,"value":0.65096452,"CenCVar":0,"CenQgen":0},{"id":1246.0,"time":88,"bus_id":165,"name":"PLAYERON_FV","CenPgen":0.65096452,"value":0.65096452,"CenCVar":0,"CenQgen":0},{"id":1246.0,"time":89,"bus_id":165,"name":"PLAYERON_FV","CenPgen":0.08548156,"value":0.08548156,"CenCVar":0,"CenQgen":0},{"id":1246.0,"time":90,"bus_id":165,"name":"PLAYERON_FV","CenPgen":0.08548156,"value":0.08548156,"CenCVar":0,"CenQgen":0},{"id":1246.0,"time":91,"bus_id":165,"name":"PLAYERON_FV","CenPgen":0.0,"value":0.0,"CenCVar":0,"CenQgen":0},{"id":1246.0,"time":92,"bus_id":165,"name":"PLAYERON_FV","CenPgen":0.0,"value":0.0,"CenCVar":0,"CenQgen":0},{"id":1246.0,"time":93,"bus_id":165,"name":"PLAYERON_FV","CenPgen":0.0,"value":0.0,"CenCVar":0,"CenQgen":0},{"id":1246.0,"time":94,"bus_id":165,"name":"PLAYERON_FV","CenPgen":0.0,"value":0.0,"CenCVar":0,"CenQgen":0},{"id":1246.0,"time":95,"bus_id":165,"name":"PLAYERON_FV","CenPgen":0.0,"value":0.0,"CenCVar":0,"CenQgen":0},{"id":1246.0,"time":96,"bus_id":165,"name":"PLAYERON_FV","CenPgen":0.0,"value":0.0,"CenCVar":0,"CenQgen":0},{"id":1246.0,"time":97,"bus_id":165,"name":"PLAYERON_FV","CenPgen":0.0,"value":0.0,"CenCVar":0,"CenQgen":0},{"id":1246.0,"time":98,"bus_id":165,"name":"PLAYERON_FV","CenPgen":0.0,"value":0.0,"CenCVar":0,"CenQgen":0},{"id":1246.0,"time":99,"bus_id":165,"name":"PLAYERON_FV","CenPgen":0.0,"value":0.0,"CenCVar":0,"CenQgen":0},{"id":1246.0,"time":100,"bus_id":165,"name":"PLAYERON_FV","CenPgen":0.0,"value":0.0,"CenCVar":0,"CenQgen":0},{"id":1246.0,"time":101,"bus_id":165,"name":"PLAYERON_FV","CenPgen":0.0061932921,"value":0.0061932921,"CenCVar":0,"CenQgen":0},{"id":1246.0,"time":102,"bus_id":165,"name":"PLAYERON_FV","CenPgen":0.0061932921,"value":0.0061932921,"CenCVar":0,"CenQgen":0},{"id":1246.0,"time":103,"bus_id":165,"name":"PLAYERON_FV","CenPgen":0.0061932921,"value":0.0061932921,"CenCVar":0,"CenQgen":0},{"id":1246.0,"time":104,"bus_id":165,"name":"PLAYERON_FV","CenPgen":0.0061932921,"value":0.0061932921,"CenCVar":0,"CenQgen":0},{"id":1246.0,"time":105,"bus_id":165,"name":"PLAYERON_FV","CenPgen":0.0061932921,"value":0.0061932921,"CenCVar":0,"CenQgen":0},{"id":1246.0,"time":106,"bus_id":165,"name":"PLAYERON_FV","CenPgen":0.25113536,"value":0.25113536,"CenCVar":0,"CenQgen":0},{"id":1246.0,"time":107,"bus_id":165,"name":"PLAYERON_FV","CenPgen":0.7155219154,"value":0.7155219154,"CenCVar":0,"CenQgen":0},{"id":1246.0,"time":108,"bus_id":165,"name":"PLAYERON_FV","CenPgen":0.7155219154,"value":0.7155219154,"CenCVar":0,"CenQgen":0},{"id":1246.0,"time":109,"bus_id":165,"name":"PLAYERON_FV","CenPgen":0.42969849,"value":0.42969849,"CenCVar":0,"CenQgen":0},{"id":1246.0,"time":110,"bus_id":165,"name":"PLAYERON_FV","CenPgen":0.42969849,"value":0.42969849,"CenCVar":0,"CenQgen":0},{"id":1246.0,"time":111,"bus_id":165,"name":"PLAYERON_FV","CenPgen":0.42969849,"value":0.42969849,"CenCVar":0,"CenQgen":0},{"id":1246.0,"time":112,"bus_id":165,"name":"PLAYERON_FV","CenPgen":0.42969849,"value":0.42969849,"CenCVar":0,"CenQgen":0},{"id":1246.0,"time":113,"bus_id":165,"name":"PLAYERON_FV","CenPgen":0.42969849,"value":0.42969849,"CenCVar":0,"CenQgen":0},{"id":1246.0,"time":114,"bus_id":165,"name":"PLAYERON_FV","CenPgen":0.42969849,"value":0.42969849,"CenCVar":0,"CenQgen":0},{"id":1246.0,"time":115,"bus_id":165,"name":"PLAYERON_FV","CenPgen":0.0,"value":0.0,"CenCVar":0,"CenQgen":0},{"id":1246.0,"time":116,"bus_id":165,"name":"PLAYERON_FV","CenPgen":0.0,"value":0.0,"CenCVar":0,"CenQgen":0},{"id":1246.0,"time":117,"bus_id":165,"name":"PLAYERON_FV","CenPgen":0.0,"value":0.0,"CenCVar":0,"CenQgen":0},{"id":1246.0,"time":118,"bus_id":165,"name":"PLAYERON_FV","CenPgen":0.0,"value":0.0,"CenCVar":0,"CenQgen":0},{"id":1246.0,"time":119,"bus_id":165,"name":"PLAYERON_FV","CenPgen":0.0,"value":0.0,"CenCVar":0,"CenQgen":0},{"id":1246.0,"time":120,"bus_id":165,"name":"PLAYERON_FV","CenPgen":0.0,"value":0.0,"CenCVar":0,"CenQgen":0},{"id":1246.0,"time":121,"bus_id":165,"name":"PLAYERON_FV","CenPgen":0.0,"value":0.0,"CenCVar":0,"CenQgen":0},{"id":1246.0,"time":122,"bus_id":165,"name":"PLAYERON_FV","CenPgen":0.0,"value":0.0,"CenCVar":0,"CenQgen":0},{"id":1246.0,"time":123,"bus_id":165,"name":"PLAYERON_FV","CenPgen":0.0,"value":0.0,"CenCVar":0,"CenQgen":0},{"id":1246.0,"time":124,"bus_id":165,"name":"PLAYERON_FV","CenPgen":0.0,"value":0.0,"CenCVar":0,"CenQgen":0},{"id":1246.0,"time":125,"bus_id":165,"name":"PLAYERON_FV","CenPgen":0.0,"value":0.0,"CenCVar":0,"CenQgen":0},{"id":1246.0,"time":126,"bus_id":165,"name":"PLAYERON_FV","CenPgen":0.0,"value":0.0,"CenCVar":0,"CenQgen":0},{"id":1246.0,"time":127,"bus_id":165,"name":"PLAYERON_FV","CenPgen":0.0,"value":0.0,"CenCVar":0,"CenQgen":0},{"id":1246.0,"time":128,"bus_id":165,"name":"PLAYERON_FV","CenPgen":0.0002246172,"value":0.0002246172,"CenCVar":0,"CenQgen":0},{"id":1246.0,"time":129,"bus_id":165,"name":"PLAYERON_FV","CenPgen":0.0907941186,"value":0.0907941186,"CenCVar":0,"CenQgen":0},{"id":1246.0,"time":130,"bus_id":165,"name":"PLAYERON_FV","CenPgen":0.7111769257,"value":0.7111769257,"CenCVar":0,"CenQgen":0},{"id":1246.0,"time":131,"bus_id":165,"name":"PLAYERON_FV","CenPgen":1.4460820862,"value":1.4460820862,"CenCVar":0,"CenQgen":0},{"id":1246.0,"time":132,"bus_id":165,"name":"PLAYERON_FV","CenPgen":1.4460820862,"value":1.4460820862,"CenCVar":0,"CenQgen":0},{"id":1246.0,"time":133,"bus_id":165,"name":"PLAYERON_FV","CenPgen":1.4460820862,"value":1.4460820862,"CenCVar":0,"CenQgen":0},{"id":1246.0,"time":134,"bus_id":165,"name":"PLAYERON_FV","CenPgen":1.4460820862,"value":1.4460820862,"CenCVar":0,"CenQgen":0},{"id":1246.0,"time":135,"bus_id":165,"name":"PLAYERON_FV","CenPgen":1.4460820862,"value":1.4460820862,"CenCVar":0,"CenQgen":0},{"id":1246.0,"time":136,"bus_id":165,"name":"PLAYERON_FV","CenPgen":1.3503863679,"value":1.3503863679,"CenCVar":0,"CenQgen":0},{"id":1246.0,"time":137,"bus_id":165,"name":"PLAYERON_FV","CenPgen":0.22720002,"value":0.22720002,"CenCVar":0,"CenQgen":0},{"id":1246.0,"time":138,"bus_id":165,"name":"PLAYERON_FV","CenPgen":0.22720002,"value":0.22720002,"CenCVar":0,"CenQgen":0},{"id":1246.0,"time":139,"bus_id":165,"name":"PLAYERON_FV","CenPgen":0.0,"value":0.0,"CenCVar":0,"CenQgen":0},{"id":1246.0,"time":140,"bus_id":165,"name":"PLAYERON_FV","CenPgen":0.0,"value":0.0,"CenCVar":0,"CenQgen":0},{"id":1246.0,"time":141,"bus_id":165,"name":"PLAYERON_FV","CenPgen":0.0,"value":0.0,"CenCVar":0,"CenQgen":0},{"id":1246.0,"time":142,"bus_id":165,"name":"PLAYERON_FV","CenPgen":0.0,"value":0.0,"CenCVar":0,"CenQgen":0},{"id":1246.0,"time":143,"bus_id":165,"name":"PLAYERON_FV","CenPgen":0.0,"value":0.0,"CenCVar":0,"CenQgen":0},{"id":1246.0,"time":144,"bus_id":165,"name":"PLAYERON_FV","CenPgen":0.0,"value":0.0,"CenCVar":0,"CenQgen":0},{"id":1246.0,"time":145,"bus_id":165,"name":"PLAYERON_FV","CenPgen":0.0,"value":0.0,"CenCVar":0,"CenQgen":0},{"id":1246.0,"time":146,"bus_id":165,"name":"PLAYERON_FV","CenPgen":0.0,"value":0.0,"CenCVar":0,"CenQgen":0},{"id":1246.0,"time":147,"bus_id":165,"name":"PLAYERON_FV","CenPgen":0.0,"value":0.0,"CenCVar":0,"CenQgen":0},{"id":1246.0,"time":148,"bus_id":165,"name":"PLAYERON_FV","CenPgen":0.0,"value":0.0,"CenCVar":0,"CenQgen":0},{"id":1246.0,"time":149,"bus_id":165,"name":"PLAYERON_FV","CenPgen":0.0,"value":0.0,"CenCVar":0,"CenQgen":0},{"id":1246.0,"time":150,"bus_id":165,"name":"PLAYERON_FV","CenPgen":0.0,"value":0.0,"CenCVar":0,"CenQgen":0},{"id":1246.0,"time":151,"bus_id":165,"name":"PLAYERON_FV","CenPgen":0.0,"value":0.0,"CenCVar":0,"CenQgen":0},{"id":1246.0,"time":152,"bus_id":165,"name":"PLAYERON_FV","CenPgen":0.0000098457,"value":0.0000098457,"CenCVar":0,"CenQgen":0},{"id":1246.0,"time":153,"bus_id":165,"name":"PLAYERON_FV","CenPgen":0.09060901,"value":0.09060901,"CenCVar":0,"CenQgen":0},{"id":1246.0,"time":154,"bus_id":165,"name":"PLAYERON_FV","CenPgen":0.5240881,"value":0.5240881,"CenCVar":0,"CenQgen":0},{"id":1246.0,"time":155,"bus_id":165,"name":"PLAYERON_FV","CenPgen":0.5240881,"value":0.5240881,"CenCVar":0,"CenQgen":0},{"id":1246.0,"time":156,"bus_id":165,"name":"PLAYERON_FV","CenPgen":0.5240881,"value":0.5240881,"CenCVar":0,"CenQgen":0},{"id":1246.0,"time":157,"bus_id":165,"name":"PLAYERON_FV","CenPgen":0.8791668092,"value":0.8791668092,"CenCVar":0,"CenQgen":0},{"id":1246.0,"time":158,"bus_id":165,"name":"PLAYERON_FV","CenPgen":0.5831296666,"value":0.5831296666,"CenCVar":0,"CenQgen":0},{"id":1246.0,"time":159,"bus_id":165,"name":"PLAYERON_FV","CenPgen":0.5831296666,"value":0.5831296666,"CenCVar":0,"CenQgen":0},{"id":1246.0,"time":160,"bus_id":165,"name":"PLAYERON_FV","CenPgen":0.5831296666,"value":0.5831296666,"CenCVar":0,"CenQgen":0},{"id":1246.0,"time":161,"bus_id":165,"name":"PLAYERON_FV","CenPgen":0.0303915279,"value":0.0303915279,"CenCVar":0,"CenQgen":0},{"id":1246.0,"time":162,"bus_id":165,"name":"PLAYERON_FV","CenPgen":0.0303915279,"value":0.0303915279,"CenCVar":0,"CenQgen":0},{"id":1246.0,"time":163,"bus_id":165,"name":"PLAYERON_FV","CenPgen":0.0303915279,"value":0.0303915279,"CenCVar":0,"CenQgen":0},{"id":1246.0,"time":164,"bus_id":165,"name":"PLAYERON_FV","CenPgen":0.0,"value":0.0,"CenCVar":0,"CenQgen":0},{"id":1246.0,"time":165,"bus_id":165,"name":"PLAYERON_FV","CenPgen":0.0,"value":0.0,"CenCVar":0,"CenQgen":0},{"id":1246.0,"time":166,"bus_id":165,"name":"PLAYERON_FV","CenPgen":0.0,"value":0.0,"CenCVar":0,"CenQgen":0},{"id":1246.0,"time":167,"bus_id":165,"name":"PLAYERON_FV","CenPgen":0.0,"value":0.0,"CenCVar":0,"CenQgen":0},{"id":1246.0,"time":168,"bus_id":165,"name":"PLAYERON_FV","CenPgen":0.0,"value":0.0,"CenCVar":0,"CenQgen":0}]