[{"id":1162.0,"time":1,"bus_id":21,"name":"GUANCHOI_FV","CenPgen":0.0,"value":0.0,"CenCVar":0,"CenQgen":0},{"id":1162.0,"time":2,"bus_id":21,"name":"GUANCHOI_FV","CenPgen":0.0,"value":0.0,"CenCVar":0,"CenQgen":0},{"id":1162.0,"time":3,"bus_id":21,"name":"GUANCHOI_FV","CenPgen":0.0,"value":0.0,"CenCVar":0,"CenQgen":0},{"id":1162.0,"time":4,"bus_id":21,"name":"GUANCHOI_FV","CenPgen":0.0,"value":0.0,"CenCVar":0,"CenQgen":0},{"id":1162.0,"time":5,"bus_id":21,"name":"GUANCHOI_FV","CenPgen":0.0,"value":0.0,"CenCVar":0,"CenQgen":0},{"id":1162.0,"time":6,"bus_id":21,"name":"GUANCHOI_FV","CenPgen":0.0,"value":0.0,"CenCVar":0,"CenQgen":0},{"id":1162.0,"time":7,"bus_id":21,"name":"GUANCHOI_FV","CenPgen":0.0,"value":0.0,"CenCVar":0,"CenQgen":0},{"id":1162.0,"time":8,"bus_id":21,"name":"GUANCHOI_FV","CenPgen":21.9,"value":21.9,"CenCVar":0,"CenQgen":0},{"id":1162.0,"time":9,"bus_id":21,"name":"GUANCHOI_FV","CenPgen":110.68,"value":110.68,"CenCVar":0,"CenQgen":0},{"id":1162.0,"time":10,"bus_id":21,"name":"GUANCHOI_FV","CenPgen":187.69,"value":187.69,"CenCVar":0,"CenQgen":0},{"id":1162.0,"time":11,"bus_id":21,"name":"GUANCHOI_FV","CenPgen":199.91,"value":199.91,"CenCVar":0,"CenQgen":0},{"id":1162.0,"time":12,"bus_id":21,"name":"GUANCHOI_FV","CenPgen":193.51,"value":193.51,"CenCVar":0,"CenQgen":0},{"id":1162.0,"time":13,"bus_id":21,"name":"GUANCHOI_FV","CenPgen":188.79,"value":188.79,"CenCVar":0,"CenQgen":0},{"id":1162.0,"time":14,"bus_id":21,"name":"GUANCHOI_FV","CenPgen":190.83,"value":190.83,"CenCVar":0,"CenQgen":0},{"id":1162.0,"time":15,"bus_id":21,"name":"GUANCHOI_FV","CenPgen":200.55,"value":200.55,"CenCVar":0,"CenQgen":0},{"id":1162.0,"time":16,"bus_id":21,"name":"GUANCHOI_FV","CenPgen":206.07,"value":206.07,"CenCVar":0,"CenQgen":0},{"id":1162.0,"time":17,"bus_id":21,"name":"GUANCHOI_FV","CenPgen":169.41,"value":169.41,"CenCVar":0,"CenQgen":0},{"id":1162.0,"time":18,"bus_id":21,"name":"GUANCHOI_FV","CenPgen":68.91,"value":68.91,"CenCVar":0,"CenQgen":0},{"id":1162.0,"time":19,"bus_id":21,"name":"GUANCHOI_FV","CenPgen":1.78,"value":1.78,"CenCVar":0,"CenQgen":0},{"id":1162.0,"time":20,"bus_id":21,"name":"GUANCHOI_FV","CenPgen":0.0,"value":0.0,"CenCVar":0,"CenQgen":0},{"id":1162.0,"time":21,"bus_id":21,"name":"GUANCHOI_FV","CenPgen":0.0,"value":0.0,"CenCVar":0,"CenQgen":0},{"id":1162.0,"time":22,"bus_id":21,"name":"GUANCHOI_FV","CenPgen":0.0,"value":0.0,"CenCVar":0,"CenQgen":0},{"id":1162.0,"time":23,"bus_id":21,"name":"GUANCHOI_FV","CenPgen":0.0,"value":0.0,"CenCVar":0,"CenQgen":0},{"id":1162.0,"time":24,"bus_id":21,"name":"GUANCHOI_FV","CenPgen":0.0,"value":0.0,"CenCVar":0,"CenQgen":0},{"id":1162.0,"time":25,"bus_id":21,"name":"GUANCHOI_FV","CenPgen":0.0,"value":0.0,"CenCVar":0,"CenQgen":0},{"id":1162.0,"time":26,"bus_id":21,"name":"GUANCHOI_FV","CenPgen":0.0,"value":0.0,"CenCVar":0,"CenQgen":0},{"id":1162.0,"time":27,"bus_id":21,"name":"GUANCHOI_FV","CenPgen":0.0,"value":0.0,"CenCVar":0,"CenQgen":0},{"id":1162.0,"time":28,"bus_id":21,"name":"GUANCHOI_FV","CenPgen":0.0,"value":0.0,"CenCVar":0,"CenQgen":0},{"id":1162.0,"time":29,"bus_id":21,"name":"GUANCHOI_FV","CenPgen":0.0,"value":0.0,"CenCVar":0,"CenQgen":0},{"id":1162.0,"time":30,"bus_id":21,"name":"GUANCHOI_FV","CenPgen":0.0,"value":0.0,"CenCVar":0,"CenQgen":0},{"id":1162.0,"time":31,"bus_id":21,"name":"GUANCHOI_FV","CenPgen":0.0,"value":0.0,"CenCVar":0,"CenQgen":0},{"id":1162.0,"time":32,"bus_id":21,"name":"GUANCHOI_FV","CenPgen":18.47,"value":18.47,"CenCVar":0,"CenQgen":0},{"id":1162.0,"time":33,"bus_id":21,"name":"GUANCHOI_FV","CenPgen":97.4,"value":97.4,"CenCVar":0,"CenQgen":0},{"id":1162.0,"time":34,"bus_id":21,"name":"GUANCHOI_FV","CenPgen":171.27,"value":171.27,"CenCVar":0,"CenQgen":0},{"id":1162.0,"time":35,"bus_id":21,"name":"GUANCHOI_FV","CenPgen":186.39,"value":186.39,"CenCVar":0,"CenQgen":0},{"id":1162.0,"time":36,"bus_id":21,"name":"GUANCHOI_FV","CenPgen":181.6866666667,"value":181.6866666667,"CenCVar":0,"CenQgen":0},{"id":1162.0,"time":37,"bus_id":21,"name":"GUANCHOI_FV","CenPgen":181.6866666667,"value":181.6866666667,"CenCVar":0,"CenQgen":0},{"id":1162.0,"time":38,"bus_id":21,"name":"GUANCHOI_FV","CenPgen":181.6866666667,"value":181.6866666667,"CenCVar":0,"CenQgen":0},{"id":1162.0,"time":39,"bus_id":21,"name":"GUANCHOI_FV","CenPgen":193.03,"value":193.03,"CenCVar":0,"CenQgen":0},{"id":1162.0,"time":40,"bus_id":21,"name":"GUANCHOI_FV","CenPgen":198.0,"value":198.0,"CenCVar":0,"CenQgen":0},{"id":1162.0,"time":41,"bus_id":21,"name":"GUANCHOI_FV","CenPgen":161.04,"value":161.04,"CenCVar":0,"CenQgen":0},{"id":1162.0,"time":42,"bus_id":21,"name":"GUANCHOI_FV","CenPgen":62.9,"value":62.9,"CenCVar":0,"CenQgen":0},{"id":1162.0,"time":43,"bus_id":21,"name":"GUANCHOI_FV","CenPgen":1.41,"value":1.41,"CenCVar":0,"CenQgen":0},{"id":1162.0,"time":44,"bus_id":21,"name":"GUANCHOI_FV","CenPgen":0.0,"value":0.0,"CenCVar":0,"CenQgen":0},{"id":1162.0,"time":45,"bus_id":21,"name":"GUANCHOI_FV","CenPgen":0.0,"value":0.0,"CenCVar":0,"CenQgen":0},{"id":1162.0,"time":46,"bus_id":21,"name":"GUANCHOI_FV","CenPgen":0.0,"value":0.0,"CenCVar":0,"CenQgen":0},{"id":1162.0,"time":47,"bus_id":21,"name":"GUANCHOI_FV","CenPgen":0.0,"value":0.0,"CenCVar":0,"CenQgen":0},{"id":1162.0,"time":48,"bus_id":21,"name":"GUANCHOI_FV","CenPgen":0.0,"value":0.0,"CenCVar":0,"CenQgen":0},{"id":1162.0,"time":49,"bus_id":21,"name":"GUANCHOI_FV","CenPgen":0.0,"value":0.0,"CenCVar":0,"CenQgen":0},{"id":1162.0,"time":50,"bus_id":21,"name":"GUANCHOI_FV","CenPgen":0.0,"value":0.0,"CenCVar":0,"CenQgen":0},{"id":1162.0,"time":51,"bus_id":21,"name":"GUANCHOI_FV","CenPgen":0.0,"value":0.0,"CenCVar":0,"CenQgen":0},{"id":1162.0,"time":52,"bus_id":21,"name":"GUANCHOI_FV","CenPgen":0.0,"value":0.0,"CenCVar":0,"CenQgen":0},{"id":1162.0,"time":53,"bus_id":21,"name":"GUANCHOI_FV","CenPgen":0.0,"value":0.0,"CenCVar":0,"CenQgen":0},{"id":1162.0,"time":54,"bus_id":21,"name":"GUANCHOI_FV","CenPgen":0.0,"value":0.0,"CenCVar":0,"CenQgen":0},{"id":1162.0,"time":55,"bus_id":21,"name":"GUANCHOI_FV","CenPgen":0.0,"value":0.0,"CenCVar":0,"CenQgen":0},{"id":1162.0,"time":56,"bus_id":21,"name":"GUANCHOI_FV","CenPgen":30.67,"value":30.67,"CenCVar":0,"CenQgen":0},{"id":1162.0,"time":57,"bus_id":21,"name":"GUANCHOI_FV","CenPgen":125.3,"value":125.3,"CenCVar":0,"CenQgen":0},{"id":1162.0,"time":58,"bus_id":21,"name":"GUANCHOI_FV","CenPgen":199.05,"value":199.05,"CenCVar":0,"CenQgen":0},{"id":1162.0,"time":59,"bus_id":21,"name":"GUANCHOI_FV","CenPgen":203.24,"value":203.24,"CenCVar":0,"CenQgen":0},{"id":1162.0,"time":60,"bus_id":21,"name":"GUANCHOI_FV","CenPgen":203.24,"value":203.24,"CenCVar":0,"CenQgen":0},{"id":1162.0,"time":61,"bus_id":21,"name":"GUANCHOI_FV","CenPgen":203.24,"value":203.24,"CenCVar":0,"CenQgen":0},{"id":1162.0,"time":62,"bus_id":21,"name":"GUANCHOI_FV","CenPgen":203.24,"value":203.24,"CenCVar":0,"CenQgen":0},{"id":1162.0,"time":63,"bus_id":21,"name":"GUANCHOI_FV","CenPgen":211.32,"value":211.32,"CenCVar":0,"CenQgen":0},{"id":1162.0,"time":64,"bus_id":21,"name":"GUANCHOI_FV","CenPgen":215.57,"value":215.57,"CenCVar":0,"CenQgen":0},{"id":1162.0,"time":65,"bus_id":21,"name":"GUANCHOI_FV","CenPgen":175.66,"value":175.66,"CenCVar":0,"CenQgen":0},{"id":1162.0,"time":66,"bus_id":21,"name":"GUANCHOI_FV","CenPgen":73.24,"value":73.24,"CenCVar":0,"CenQgen":0},{"id":1162.0,"time":67,"bus_id":21,"name":"GUANCHOI_FV","CenPgen":3.56,"value":3.56,"CenCVar":0,"CenQgen":0},{"id":1162.0,"time":68,"bus_id":21,"name":"GUANCHOI_FV","CenPgen":0.0,"value":0.0,"CenCVar":0,"CenQgen":0},{"id":1162.0,"time":69,"bus_id":21,"name":"GUANCHOI_FV","CenPgen":0.0,"value":0.0,"CenCVar":0,"CenQgen":0},{"id":1162.0,"time":70,"bus_id":21,"name":"GUANCHOI_FV","CenPgen":0.0,"value":0.0,"CenCVar":0,"CenQgen":0},{"id":1162.0,"time":71,"bus_id":21,"name":"GUANCHOI_FV","CenPgen":0.0,"value":0.0,"CenCVar":0,"CenQgen":0},{"id":1162.0,"time":72,"bus_id":21,"name":"GUANCHOI_FV","CenPgen":0.0,"value":0.0,"CenCVar":0,"CenQgen":0},{"id":1162.0,"time":73,"bus_id":21,"name":"GUANCHOI_FV","CenPgen":0.0,"value":0.0,"CenCVar":0,"CenQgen":0},{"id":1162.0,"time":74,"bus_id":21,"name":"GUANCHOI_FV","CenPgen":0.0,"value":0.0,"CenCVar":0,"CenQgen":0},{"id":1162.0,"time":75,"bus_id":21,"name":"GUANCHOI_FV","CenPgen":0.0,"value":0.0,"CenCVar":0,"CenQgen":0},{"id":1162.0,"time":76,"bus_id":21,"name":"GUANCHOI_FV","CenPgen":0.0,"value":0.0,"CenCVar":0,"CenQgen":0},{"id":1162.0,"time":77,"bus_id":21,"name":"GUANCHOI_FV","CenPgen":0.0,"value":0.0,"CenCVar":0,"CenQgen":0},{"id":1162.0,"time":78,"bus_id":21,"name":"GUANCHOI_FV","CenPgen":0.0,"value":0.0,"CenCVar":0,"CenQgen":0},{"id":1162.0,"time":79,"bus_id":21,"name":"GUANCHOI_FV","CenPgen":0.0,"value":0.0,"CenCVar":0,"CenQgen":0},{"id":1162.0,"time":80,"bus_id":21,"name":"GUANCHOI_FV","CenPgen":33.45,"value":33.45,"CenCVar":0,"CenQgen":0},{"id":1162.0,"time":81,"bus_id":21,"name":"GUANCHOI_FV","CenPgen":129.28,"value":129.28,"CenCVar":0,"CenQgen":0},{"id":1162.0,"time":82,"bus_id":21,"name":"GUANCHOI_FV","CenPgen":198.69,"value":198.69,"CenCVar":0,"CenQgen":0},{"id":1162.0,"time":83,"bus_id":21,"name":"GUANCHOI_FV","CenPgen":207.63,"value":207.63,"CenCVar":0,"CenQgen":0},{"id":1162.0,"time":84,"bus_id":21,"name":"GUANCHOI_FV","CenPgen":207.63,"value":207.63,"CenCVar":0,"CenQgen":0},{"id":1162.0,"time":85,"bus_id":21,"name":"GUANCHOI_FV","CenPgen":207.0825,"value":207.0825,"CenCVar":0,"CenQgen":0},{"id":1162.0,"time":86,"bus_id":21,"name":"GUANCHOI_FV","CenPgen":207.0825,"value":207.0825,"CenCVar":0,"CenQgen":0},{"id":1162.0,"time":87,"bus_id":21,"name":"GUANCHOI_FV","CenPgen":207.0825,"value":207.0825,"CenCVar":0,"CenQgen":0},{"id":1162.0,"time":88,"bus_id":21,"name":"GUANCHOI_FV","CenPgen":207.0825,"value":207.0825,"CenCVar":0,"CenQgen":0},{"id":1162.0,"time":89,"bus_id":21,"name":"GUANCHOI_FV","CenPgen":123.025,"value":123.025,"CenCVar":0,"CenQgen":0},{"id":1162.0,"time":90,"bus_id":21,"name":"GUANCHOI_FV","CenPgen":123.025,"value":123.025,"CenCVar":0,"CenQgen":0},{"id":1162.0,"time":91,"bus_id":21,"name":"GUANCHOI_FV","CenPgen":5.5,"value":5.5,"CenCVar":0,"CenQgen":0},{"id":1162.0,"time":92,"bus_id":21,"name":"GUANCHOI_FV","CenPgen":0.0,"value":0.0,"CenCVar":0,"CenQgen":0},{"id":1162.0,"time":93,"bus_id":21,"name":"GUANCHOI_FV","CenPgen":0.0,"value":0.0,"CenCVar":0,"CenQgen":0},{"id":1162.0,"time":94,"bus_id":21,"name":"GUANCHOI_FV","CenPgen":0.0,"value":0.0,"CenCVar":0,"CenQgen":0},{"id":1162.0,"time":95,"bus_id":21,"name":"GUANCHOI_FV","CenPgen":0.0,"value":0.0,"CenCVar":0,"CenQgen":0},{"id":1162.0,"time":96,"bus_id":21,"name":"GUANCHOI_FV","CenPgen":0.0,"value":0.0,"CenCVar":0,"CenQgen":0},{"id":1162.0,"time":97,"bus_id":21,"name":"GUANCHOI_FV","CenPgen":0.0,"value":0.0,"CenCVar":0,"CenQgen":0},{"id":1162.0,"time":98,"bus_id":21,"name":"GUANCHOI_FV","CenPgen":0.0,"value":0.0,"CenCVar":0,"CenQgen":0},{"id":1162.0,"time":99,"bus_id":21,"name":"GUANCHOI_FV","CenPgen":0.0,"value":0.0,"CenCVar":0,"CenQgen":0},{"id":1162.0,"time":100,"bus_id":21,"name":"GUANCHOI_FV","CenPgen":0.0,"value":0.0,"CenCVar":0,"CenQgen":0},{"id":1162.0,"time":101,"bus_id":21,"name":"GUANCHOI_FV","CenPgen":12.5408,"value":12.5408,"CenCVar":0,"CenQgen":0},{"id":1162.0,"time":102,"bus_id":21,"name":"GUANCHOI_FV","CenPgen":12.5408,"value":12.5408,"CenCVar":0,"CenQgen":0},{"id":1162.0,"time":103,"bus_id":21,"name":"GUANCHOI_FV","CenPgen":12.5408,"value":12.5408,"CenCVar":0,"CenQgen":0},{"id":1162.0,"time":104,"bus_id":21,"name":"GUANCHOI_FV","CenPgen":12.5408,"value":12.5408,"CenCVar":0,"CenQgen":0},{"id":1162.0,"time":105,"bus_id":21,"name":"GUANCHOI_FV","CenPgen":12.5408,"value":12.5408,"CenCVar":0,"CenQgen":0},{"id":1162.0,"time":106,"bus_id":21,"name":"GUANCHOI_FV","CenPgen":200.11,"value":200.11,"CenCVar":0,"CenQgen":0},{"id":1162.0,"time":107,"bus_id":21,"name":"GUANCHOI_FV","CenPgen":208.49,"value":208.49,"CenCVar":0,"CenQgen":0},{"id":1162.0,"time":108,"bus_id":21,"name":"GUANCHOI_FV","CenPgen":208.49,"value":208.49,"CenCVar":0,"CenQgen":0},{"id":1162.0,"time":109,"bus_id":21,"name":"GUANCHOI_FV","CenPgen":182.1383333333,"value":182.1383333333,"CenCVar":0,"CenQgen":0},{"id":1162.0,"time":110,"bus_id":21,"name":"GUANCHOI_FV","CenPgen":182.1383333333,"value":182.1383333333,"CenCVar":0,"CenQgen":0},{"id":1162.0,"time":111,"bus_id":21,"name":"GUANCHOI_FV","CenPgen":182.1383333333,"value":182.1383333333,"CenCVar":0,"CenQgen":0},{"id":1162.0,"time":112,"bus_id":21,"name":"GUANCHOI_FV","CenPgen":182.1383333333,"value":182.1383333333,"CenCVar":0,"CenQgen":0},{"id":1162.0,"time":113,"bus_id":21,"name":"GUANCHOI_FV","CenPgen":182.1383333333,"value":182.1383333333,"CenCVar":0,"CenQgen":0},{"id":1162.0,"time":114,"bus_id":21,"name":"GUANCHOI_FV","CenPgen":182.1383333333,"value":182.1383333333,"CenCVar":0,"CenQgen":0},{"id":1162.0,"time":115,"bus_id":21,"name":"GUANCHOI_FV","CenPgen":7.88,"value":7.88,"CenCVar":0,"CenQgen":0},{"id":1162.0,"time":116,"bus_id":21,"name":"GUANCHOI_FV","CenPgen":0.0,"value":0.0,"CenCVar":0,"CenQgen":0},{"id":1162.0,"time":117,"bus_id":21,"name":"GUANCHOI_FV","CenPgen":0.0,"value":0.0,"CenCVar":0,"CenQgen":0},{"id":1162.0,"time":118,"bus_id":21,"name":"GUANCHOI_FV","CenPgen":0.0,"value":0.0,"CenCVar":0,"CenQgen":0},{"id":1162.0,"time":119,"bus_id":21,"name":"GUANCHOI_FV","CenPgen":0.0,"value":0.0,"CenCVar":0,"CenQgen":0},{"id":1162.0,"time":120,"bus_id":21,"name":"GUANCHOI_FV","CenPgen":0.0,"value":0.0,"CenCVar":0,"CenQgen":0},{"id":1162.0,"time":121,"bus_id":21,"name":"GUANCHOI_FV","CenPgen":0.0,"value":0.0,"CenCVar":0,"CenQgen":0},{"id":1162.0,"time":122,"bus_id":21,"name":"GUANCHOI_FV","CenPgen":0.0,"value":0.0,"CenCVar":0,"CenQgen":0},{"id":1162.0,"time":123,"bus_id":21,"name":"GUANCHOI_FV","CenPgen":0.0,"value":0.0,"CenCVar":0,"CenQgen":0},{"id":1162.0,"time":124,"bus_id":21,"name":"GUANCHOI_FV","CenPgen":0.0,"value":0.0,"CenCVar":0,"CenQgen":0},{"id":1162.0,"time":125,"bus_id":21,"name":"GUANCHOI_FV","CenPgen":0.0,"value":0.0,"CenCVar":0,"CenQgen":0},{"id":1162.0,"time":126,"bus_id":21,"name":"GUANCHOI_FV","CenPgen":0.0,"value":0.0,"CenCVar":0,"CenQgen":0},{"id":1162.0,"time":127,"bus_id":21,"name":"GUANCHOI_FV","CenPgen":0.0,"value":0.0,"CenCVar":0,"CenQgen":0},{"id":1162.0,"time":128,"bus_id":21,"name":"GUANCHOI_FV","CenPgen":31.05,"value":31.05,"CenCVar":0,"CenQgen":0},{"id":1162.0,"time":129,"bus_id":21,"name":"GUANCHOI_FV","CenPgen":129.66,"value":129.66,"CenCVar":0,"CenQgen":0},{"id":1162.0,"time":130,"bus_id":21,"name":"GUANCHOI_FV","CenPgen":203.29,"value":203.29,"CenCVar":0,"CenQgen":0},{"id":1162.0,"time":131,"bus_id":21,"name":"GUANCHOI_FV","CenPgen":209.33,"value":209.33,"CenCVar":0,"CenQgen":0},{"id":1162.0,"time":132,"bus_id":21,"name":"GUANCHOI_FV","CenPgen":209.33,"value":209.33,"CenCVar":0,"CenQgen":0},{"id":1162.0,"time":133,"bus_id":21,"name":"GUANCHOI_FV","CenPgen":209.33,"value":209.33,"CenCVar":0,"CenQgen":0},{"id":1162.0,"time":134,"bus_id":21,"name":"GUANCHOI_FV","CenPgen":209.33,"value":209.33,"CenCVar":0,"CenQgen":0},{"id":1162.0,"time":135,"bus_id":21,"name":"GUANCHOI_FV","CenPgen":209.33,"value":209.33,"CenCVar":0,"CenQgen":0},{"id":1162.0,"time":136,"bus_id":21,"name":"GUANCHOI_FV","CenPgen":219.33,"value":219.33,"CenCVar":0,"CenQgen":0},{"id":1162.0,"time":137,"bus_id":21,"name":"GUANCHOI_FV","CenPgen":129.855,"value":129.855,"CenCVar":0,"CenQgen":0},{"id":1162.0,"time":138,"bus_id":21,"name":"GUANCHOI_FV","CenPgen":129.855,"value":129.855,"CenCVar":0,"CenQgen":0},{"id":1162.0,"time":139,"bus_id":21,"name":"GUANCHOI_FV","CenPgen":8.76,"value":8.76,"CenCVar":0,"CenQgen":0},{"id":1162.0,"time":140,"bus_id":21,"name":"GUANCHOI_FV","CenPgen":0.0,"value":0.0,"CenCVar":0,"CenQgen":0},{"id":1162.0,"time":141,"bus_id":21,"name":"GUANCHOI_FV","CenPgen":0.0,"value":0.0,"CenCVar":0,"CenQgen":0},{"id":1162.0,"time":142,"bus_id":21,"name":"GUANCHOI_FV","CenPgen":0.0,"value":0.0,"CenCVar":0,"CenQgen":0},{"id":1162.0,"time":143,"bus_id":21,"name":"GUANCHOI_FV","CenPgen":0.0,"value":0.0,"CenCVar":0,"CenQgen":0},{"id":1162.0,"time":144,"bus_id":21,"name":"GUANCHOI_FV","CenPgen":0.0,"value":0.0,"CenCVar":0,"CenQgen":0},{"id":1162.0,"time":145,"bus_id":21,"name":"GUANCHOI_FV","CenPgen":0.0,"value":0.0,"CenCVar":0,"CenQgen":0},{"id":1162.0,"time":146,"bus_id":21,"name":"GUANCHOI_FV","CenPgen":0.0,"value":0.0,"CenCVar":0,"CenQgen":0},{"id":1162.0,"time":147,"bus_id":21,"name":"GUANCHOI_FV","CenPgen":0.0,"value":0.0,"CenCVar":0,"CenQgen":0},{"id":1162.0,"time":148,"bus_id":21,"name":"GUANCHOI_FV","CenPgen":0.0,"value":0.0,"CenCVar":0,"CenQgen":0},{"id":1162.0,"time":149,"bus_id":21,"name":"GUANCHOI_FV","CenPgen":0.0,"value":0.0,"CenCVar":0,"CenQgen":0},{"id":1162.0,"time":150,"bus_id":21,"name":"GUANCHOI_FV","CenPgen":0.0,"value":0.0,"CenCVar":0,"CenQgen":0},{"id":1162.0,"time":151,"bus_id":21,"name":"GUANCHOI_FV","CenPgen":0.0,"value":0.0,"CenCVar":0,"CenQgen":0},{"id":1162.0,"time":152,"bus_id":21,"name":"GUANCHOI_FV","CenPgen":33.5,"value":33.5,"CenCVar":0,"CenQgen":0},{"id":1162.0,"time":153,"bus_id":21,"name":"GUANCHOI_FV","CenPgen":133.54,"value":133.54,"CenCVar":0,"CenQgen":0},{"id":1162.0,"time":154,"bus_id":21,"name":"GUANCHOI_FV","CenPgen":209.7966666667,"value":209.7966666667,"CenCVar":0,"CenQgen":0},{"id":1162.0,"time":155,"bus_id":21,"name":"GUANCHOI_FV","CenPgen":209.7966666667,"value":209.7966666667,"CenCVar":0,"CenQgen":0},{"id":1162.0,"time":156,"bus_id":21,"name":"GUANCHOI_FV","CenPgen":209.7966666667,"value":209.7966666667,"CenCVar":0,"CenQgen":0},{"id":1162.0,"time":157,"bus_id":21,"name":"GUANCHOI_FV","CenPgen":204.85,"value":204.85,"CenCVar":0,"CenQgen":0},{"id":1162.0,"time":158,"bus_id":21,"name":"GUANCHOI_FV","CenPgen":216.1666666667,"value":216.1666666667,"CenCVar":0,"CenQgen":0},{"id":1162.0,"time":159,"bus_id":21,"name":"GUANCHOI_FV","CenPgen":216.1666666667,"value":216.1666666667,"CenCVar":0,"CenQgen":0},{"id":1162.0,"time":160,"bus_id":21,"name":"GUANCHOI_FV","CenPgen":216.1666666667,"value":216.1666666667,"CenCVar":0,"CenQgen":0},{"id":1162.0,"time":161,"bus_id":21,"name":"GUANCHOI_FV","CenPgen":92.3266666667,"value":92.3266666667,"CenCVar":0,"CenQgen":0},{"id":1162.0,"time":162,"bus_id":21,"name":"GUANCHOI_FV","CenPgen":92.3266666667,"value":92.3266666667,"CenCVar":0,"CenQgen":0},{"id":1162.0,"time":163,"bus_id":21,"name":"GUANCHOI_FV","CenPgen":92.3266666667,"value":92.3266666667,"CenCVar":0,"CenQgen":0},{"id":1162.0,"time":164,"bus_id":21,"name":"GUANCHOI_FV","CenPgen":0.0,"value":0.0,"CenCVar":0,"CenQgen":0},{"id":1162.0,"time":165,"bus_id":21,"name":"GUANCHOI_FV","CenPgen":0.0,"value":0.0,"CenCVar":0,"CenQgen":0},{"id":1162.0,"time":166,"bus_id":21,"name":"GUANCHOI_FV","CenPgen":0.0,"value":0.0,"CenCVar":0,"CenQgen":0},{"id":1162.0,"time":167,"bus_id":21,"name":"GUANCHOI_FV","CenPgen":0.0,"value":0.0,"CenCVar":0,"CenQgen":0},{"id":1162.0,"time":168,"bus_id":21,"name":"GUANCHOI_FV","CenPgen":0.0,"value":0.0,"CenCVar":0,"CenQgen":0}]