[{"id":1240.0,"time":1,"bus_id":184,"name":"RINCONADA_ALCONES_FV","CenPgen":0.0,"value":0.0,"CenCVar":0,"CenQgen":0},{"id":1240.0,"time":2,"bus_id":184,"name":"RINCONADA_ALCONES_FV","CenPgen":0.0,"value":0.0,"CenCVar":0,"CenQgen":0},{"id":1240.0,"time":3,"bus_id":184,"name":"RINCONADA_ALCONES_FV","CenPgen":0.0,"value":0.0,"CenCVar":0,"CenQgen":0},{"id":1240.0,"time":4,"bus_id":184,"name":"RINCONADA_ALCONES_FV","CenPgen":0.0,"value":0.0,"CenCVar":0,"CenQgen":0},{"id":1240.0,"time":5,"bus_id":184,"name":"RINCONADA_ALCONES_FV","CenPgen":0.0,"value":0.0,"CenCVar":0,"CenQgen":0},{"id":1240.0,"time":6,"bus_id":184,"name":"RINCONADA_ALCONES_FV","CenPgen":0.0,"value":0.0,"CenCVar":0,"CenQgen":0},{"id":1240.0,"time":7,"bus_id":184,"name":"RINCONADA_ALCONES_FV","CenPgen":0.0,"value":0.0,"CenCVar":0,"CenQgen":0},{"id":1240.0,"time":8,"bus_id":184,"name":"RINCONADA_ALCONES_FV","CenPgen":0.0063607665,"value":0.0063607665,"CenCVar":0,"CenQgen":0},{"id":1240.0,"time":9,"bus_id":184,"name":"RINCONADA_ALCONES_FV","CenPgen":1.7159475556,"value":1.7159475556,"CenCVar":0,"CenQgen":0},{"id":1240.0,"time":10,"bus_id":184,"name":"RINCONADA_ALCONES_FV","CenPgen":3.9995889892,"value":3.9995889892,"CenCVar":0,"CenQgen":0},{"id":1240.0,"time":11,"bus_id":184,"name":"RINCONADA_ALCONES_FV","CenPgen":5.39078857,"value":5.39078857,"CenCVar":0,"CenQgen":0},{"id":1240.0,"time":12,"bus_id":184,"name":"RINCONADA_ALCONES_FV","CenPgen":5.31596716,"value":5.31596716,"CenCVar":0,"CenQgen":0},{"id":1240.0,"time":13,"bus_id":184,"name":"RINCONADA_ALCONES_FV","CenPgen":5.8558164063,"value":5.8558164063,"CenCVar":0,"CenQgen":0},{"id":1240.0,"time":14,"bus_id":184,"name":"RINCONADA_ALCONES_FV","CenPgen":6.0155722656,"value":6.0155722656,"CenCVar":0,"CenQgen":0},{"id":1240.0,"time":15,"bus_id":184,"name":"RINCONADA_ALCONES_FV","CenPgen":6.34058032,"value":6.34058032,"CenCVar":0,"CenQgen":0},{"id":1240.0,"time":16,"bus_id":184,"name":"RINCONADA_ALCONES_FV","CenPgen":6.53253259,"value":6.53253259,"CenCVar":0,"CenQgen":0},{"id":1240.0,"time":17,"bus_id":184,"name":"RINCONADA_ALCONES_FV","CenPgen":4.75959692,"value":4.75959692,"CenCVar":0,"CenQgen":0},{"id":1240.0,"time":18,"bus_id":184,"name":"RINCONADA_ALCONES_FV","CenPgen":0.89861029,"value":0.89861029,"CenCVar":0,"CenQgen":0},{"id":1240.0,"time":19,"bus_id":184,"name":"RINCONADA_ALCONES_FV","CenPgen":0.0048805194,"value":0.0048805194,"CenCVar":0,"CenQgen":0},{"id":1240.0,"time":20,"bus_id":184,"name":"RINCONADA_ALCONES_FV","CenPgen":0.0,"value":0.0,"CenCVar":0,"CenQgen":0},{"id":1240.0,"time":21,"bus_id":184,"name":"RINCONADA_ALCONES_FV","CenPgen":0.0,"value":0.0,"CenCVar":0,"CenQgen":0},{"id":1240.0,"time":22,"bus_id":184,"name":"RINCONADA_ALCONES_FV","CenPgen":0.0,"value":0.0,"CenCVar":0,"CenQgen":0},{"id":1240.0,"time":23,"bus_id":184,"name":"RINCONADA_ALCONES_FV","CenPgen":0.0,"value":0.0,"CenCVar":0,"CenQgen":0},{"id":1240.0,"time":24,"bus_id":184,"name":"RINCONADA_ALCONES_FV","CenPgen":0.0,"value":0.0,"CenCVar":0,"CenQgen":0},{"id":1240.0,"time":25,"bus_id":184,"name":"RINCONADA_ALCONES_FV","CenPgen":0.0,"value":0.0,"CenCVar":0,"CenQgen":0},{"id":1240.0,"time":26,"bus_id":184,"name":"RINCONADA_ALCONES_FV","CenPgen":0.0,"value":0.0,"CenCVar":0,"CenQgen":0},{"id":1240.0,"time":27,"bus_id":184,"name":"RINCONADA_ALCONES_FV","CenPgen":0.0,"value":0.0,"CenCVar":0,"CenQgen":0},{"id":1240.0,"time":28,"bus_id":184,"name":"RINCONADA_ALCONES_FV","CenPgen":0.0,"value":0.0,"CenCVar":0,"CenQgen":0},{"id":1240.0,"time":29,"bus_id":184,"name":"RINCONADA_ALCONES_FV","CenPgen":0.0,"value":0.0,"CenCVar":0,"CenQgen":0},{"id":1240.0,"time":30,"bus_id":184,"name":"RINCONADA_ALCONES_FV","CenPgen":0.0,"value":0.0,"CenCVar":0,"CenQgen":0},{"id":1240.0,"time":31,"bus_id":184,"name":"RINCONADA_ALCONES_FV","CenPgen":0.0,"value":0.0,"CenCVar":0,"CenQgen":0},{"id":1240.0,"time":32,"bus_id":184,"name":"RINCONADA_ALCONES_FV","CenPgen":0.01778451,"value":0.01778451,"CenCVar":0,"CenQgen":0},{"id":1240.0,"time":33,"bus_id":184,"name":"RINCONADA_ALCONES_FV","CenPgen":0.62369702,"value":0.62369702,"CenCVar":0,"CenQgen":0},{"id":1240.0,"time":34,"bus_id":184,"name":"RINCONADA_ALCONES_FV","CenPgen":1.7269202575,"value":1.7269202575,"CenCVar":0,"CenQgen":0},{"id":1240.0,"time":35,"bus_id":184,"name":"RINCONADA_ALCONES_FV","CenPgen":1.3094829865,"value":1.3094829865,"CenCVar":0,"CenQgen":0},{"id":1240.0,"time":36,"bus_id":184,"name":"RINCONADA_ALCONES_FV","CenPgen":2.8156949667,"value":2.8156949667,"CenCVar":0,"CenQgen":0},{"id":1240.0,"time":37,"bus_id":184,"name":"RINCONADA_ALCONES_FV","CenPgen":2.8156949667,"value":2.8156949667,"CenCVar":0,"CenQgen":0},{"id":1240.0,"time":38,"bus_id":184,"name":"RINCONADA_ALCONES_FV","CenPgen":2.8156949667,"value":2.8156949667,"CenCVar":0,"CenQgen":0},{"id":1240.0,"time":39,"bus_id":184,"name":"RINCONADA_ALCONES_FV","CenPgen":4.8271714477,"value":4.8271714477,"CenCVar":0,"CenQgen":0},{"id":1240.0,"time":40,"bus_id":184,"name":"RINCONADA_ALCONES_FV","CenPgen":2.84895251,"value":2.84895251,"CenCVar":0,"CenQgen":0},{"id":1240.0,"time":41,"bus_id":184,"name":"RINCONADA_ALCONES_FV","CenPgen":2.22006091,"value":2.22006091,"CenCVar":0,"CenQgen":0},{"id":1240.0,"time":42,"bus_id":184,"name":"RINCONADA_ALCONES_FV","CenPgen":0.5490639982,"value":0.5490639982,"CenCVar":0,"CenQgen":0},{"id":1240.0,"time":43,"bus_id":184,"name":"RINCONADA_ALCONES_FV","CenPgen":0.0032333653,"value":0.0032333653,"CenCVar":0,"CenQgen":0},{"id":1240.0,"time":44,"bus_id":184,"name":"RINCONADA_ALCONES_FV","CenPgen":0.0,"value":0.0,"CenCVar":0,"CenQgen":0},{"id":1240.0,"time":45,"bus_id":184,"name":"RINCONADA_ALCONES_FV","CenPgen":0.0,"value":0.0,"CenCVar":0,"CenQgen":0},{"id":1240.0,"time":46,"bus_id":184,"name":"RINCONADA_ALCONES_FV","CenPgen":0.0,"value":0.0,"CenCVar":0,"CenQgen":0},{"id":1240.0,"time":47,"bus_id":184,"name":"RINCONADA_ALCONES_FV","CenPgen":0.0,"value":0.0,"CenCVar":0,"CenQgen":0},{"id":1240.0,"time":48,"bus_id":184,"name":"RINCONADA_ALCONES_FV","CenPgen":0.0,"value":0.0,"CenCVar":0,"CenQgen":0},{"id":1240.0,"time":49,"bus_id":184,"name":"RINCONADA_ALCONES_FV","CenPgen":0.0,"value":0.0,"CenCVar":0,"CenQgen":0},{"id":1240.0,"time":50,"bus_id":184,"name":"RINCONADA_ALCONES_FV","CenPgen":0.0,"value":0.0,"CenCVar":0,"CenQgen":0},{"id":1240.0,"time":51,"bus_id":184,"name":"RINCONADA_ALCONES_FV","CenPgen":0.0,"value":0.0,"CenCVar":0,"CenQgen":0},{"id":1240.0,"time":52,"bus_id":184,"name":"RINCONADA_ALCONES_FV","CenPgen":0.0,"value":0.0,"CenCVar":0,"CenQgen":0},{"id":1240.0,"time":53,"bus_id":184,"name":"RINCONADA_ALCONES_FV","CenPgen":0.0,"value":0.0,"CenCVar":0,"CenQgen":0},{"id":1240.0,"time":54,"bus_id":184,"name":"RINCONADA_ALCONES_FV","CenPgen":0.0,"value":0.0,"CenCVar":0,"CenQgen":0},{"id":1240.0,"time":55,"bus_id":184,"name":"RINCONADA_ALCONES_FV","CenPgen":0.0,"value":0.0,"CenCVar":0,"CenQgen":0},{"id":1240.0,"time":56,"bus_id":184,"name":"RINCONADA_ALCONES_FV","CenPgen":0.0007281153,"value":0.0007281153,"CenCVar":0,"CenQgen":0},{"id":1240.0,"time":57,"bus_id":184,"name":"RINCONADA_ALCONES_FV","CenPgen":0.2716509356,"value":0.2716509356,"CenCVar":0,"CenQgen":0},{"id":1240.0,"time":58,"bus_id":184,"name":"RINCONADA_ALCONES_FV","CenPgen":1.334877716,"value":1.334877716,"CenCVar":0,"CenQgen":0},{"id":1240.0,"time":59,"bus_id":184,"name":"RINCONADA_ALCONES_FV","CenPgen":5.1476741,"value":5.1476741,"CenCVar":0,"CenQgen":0},{"id":1240.0,"time":60,"bus_id":184,"name":"RINCONADA_ALCONES_FV","CenPgen":5.1476741,"value":5.1476741,"CenCVar":0,"CenQgen":0},{"id":1240.0,"time":61,"bus_id":184,"name":"RINCONADA_ALCONES_FV","CenPgen":5.1476741,"value":5.1476741,"CenCVar":0,"CenQgen":0},{"id":1240.0,"time":62,"bus_id":184,"name":"RINCONADA_ALCONES_FV","CenPgen":5.1476741,"value":5.1476741,"CenCVar":0,"CenQgen":0},{"id":1240.0,"time":63,"bus_id":184,"name":"RINCONADA_ALCONES_FV","CenPgen":4.65680792,"value":4.65680792,"CenCVar":0,"CenQgen":0},{"id":1240.0,"time":64,"bus_id":184,"name":"RINCONADA_ALCONES_FV","CenPgen":4.1449273071,"value":4.1449273071,"CenCVar":0,"CenQgen":0},{"id":1240.0,"time":65,"bus_id":184,"name":"RINCONADA_ALCONES_FV","CenPgen":2.9917343293,"value":2.9917343293,"CenCVar":0,"CenQgen":0},{"id":1240.0,"time":66,"bus_id":184,"name":"RINCONADA_ALCONES_FV","CenPgen":0.4873675958,"value":0.4873675958,"CenCVar":0,"CenQgen":0},{"id":1240.0,"time":67,"bus_id":184,"name":"RINCONADA_ALCONES_FV","CenPgen":0.0016003181,"value":0.0016003181,"CenCVar":0,"CenQgen":0},{"id":1240.0,"time":68,"bus_id":184,"name":"RINCONADA_ALCONES_FV","CenPgen":0.0,"value":0.0,"CenCVar":0,"CenQgen":0},{"id":1240.0,"time":69,"bus_id":184,"name":"RINCONADA_ALCONES_FV","CenPgen":0.0,"value":0.0,"CenCVar":0,"CenQgen":0},{"id":1240.0,"time":70,"bus_id":184,"name":"RINCONADA_ALCONES_FV","CenPgen":0.0,"value":0.0,"CenCVar":0,"CenQgen":0},{"id":1240.0,"time":71,"bus_id":184,"name":"RINCONADA_ALCONES_FV","CenPgen":0.0,"value":0.0,"CenCVar":0,"CenQgen":0},{"id":1240.0,"time":72,"bus_id":184,"name":"RINCONADA_ALCONES_FV","CenPgen":0.0,"value":0.0,"CenCVar":0,"CenQgen":0},{"id":1240.0,"time":73,"bus_id":184,"name":"RINCONADA_ALCONES_FV","CenPgen":0.0,"value":0.0,"CenCVar":0,"CenQgen":0},{"id":1240.0,"time":74,"bus_id":184,"name":"RINCONADA_ALCONES_FV","CenPgen":0.0,"value":0.0,"CenCVar":0,"CenQgen":0},{"id":1240.0,"time":75,"bus_id":184,"name":"RINCONADA_ALCONES_FV","CenPgen":0.0,"value":0.0,"CenCVar":0,"CenQgen":0},{"id":1240.0,"time":76,"bus_id":184,"name":"RINCONADA_ALCONES_FV","CenPgen":0.0,"value":0.0,"CenCVar":0,"CenQgen":0},{"id":1240.0,"time":77,"bus_id":184,"name":"RINCONADA_ALCONES_FV","CenPgen":0.0,"value":0.0,"CenCVar":0,"CenQgen":0},{"id":1240.0,"time":78,"bus_id":184,"name":"RINCONADA_ALCONES_FV","CenPgen":0.0,"value":0.0,"CenCVar":0,"CenQgen":0},{"id":1240.0,"time":79,"bus_id":184,"name":"RINCONADA_ALCONES_FV","CenPgen":0.0,"value":0.0,"CenCVar":0,"CenQgen":0},{"id":1240.0,"time":80,"bus_id":184,"name":"RINCONADA_ALCONES_FV","CenPgen":0.0,"value":0.0,"CenCVar":0,"CenQgen":0},{"id":1240.0,"time":81,"bus_id":184,"name":"RINCONADA_ALCONES_FV","CenPgen":0.08230287,"value":0.08230287,"CenCVar":0,"CenQgen":0},{"id":1240.0,"time":82,"bus_id":184,"name":"RINCONADA_ALCONES_FV","CenPgen":0.228001606,"value":0.228001606,"CenCVar":0,"CenQgen":0},{"id":1240.0,"time":83,"bus_id":184,"name":"RINCONADA_ALCONES_FV","CenPgen":0.5721074066,"value":0.5721074066,"CenCVar":0,"CenQgen":0},{"id":1240.0,"time":84,"bus_id":184,"name":"RINCONADA_ALCONES_FV","CenPgen":0.5721074066,"value":0.5721074066,"CenCVar":0,"CenQgen":0},{"id":1240.0,"time":85,"bus_id":184,"name":"RINCONADA_ALCONES_FV","CenPgen":1.34025251,"value":1.34025251,"CenCVar":0,"CenQgen":0},{"id":1240.0,"time":86,"bus_id":184,"name":"RINCONADA_ALCONES_FV","CenPgen":1.34025251,"value":1.34025251,"CenCVar":0,"CenQgen":0},{"id":1240.0,"time":87,"bus_id":184,"name":"RINCONADA_ALCONES_FV","CenPgen":1.34025251,"value":1.34025251,"CenCVar":0,"CenQgen":0},{"id":1240.0,"time":88,"bus_id":184,"name":"RINCONADA_ALCONES_FV","CenPgen":1.34025251,"value":1.34025251,"CenCVar":0,"CenQgen":0},{"id":1240.0,"time":89,"bus_id":184,"name":"RINCONADA_ALCONES_FV","CenPgen":0.35744169,"value":0.35744169,"CenCVar":0,"CenQgen":0},{"id":1240.0,"time":90,"bus_id":184,"name":"RINCONADA_ALCONES_FV","CenPgen":0.35744169,"value":0.35744169,"CenCVar":0,"CenQgen":0},{"id":1240.0,"time":91,"bus_id":184,"name":"RINCONADA_ALCONES_FV","CenPgen":0.0,"value":0.0,"CenCVar":0,"CenQgen":0},{"id":1240.0,"time":92,"bus_id":184,"name":"RINCONADA_ALCONES_FV","CenPgen":0.0,"value":0.0,"CenCVar":0,"CenQgen":0},{"id":1240.0,"time":93,"bus_id":184,"name":"RINCONADA_ALCONES_FV","CenPgen":0.0,"value":0.0,"CenCVar":0,"CenQgen":0},{"id":1240.0,"time":94,"bus_id":184,"name":"RINCONADA_ALCONES_FV","CenPgen":0.0,"value":0.0,"CenCVar":0,"CenQgen":0},{"id":1240.0,"time":95,"bus_id":184,"name":"RINCONADA_ALCONES_FV","CenPgen":0.0,"value":0.0,"CenCVar":0,"CenQgen":0},{"id":1240.0,"time":96,"bus_id":184,"name":"RINCONADA_ALCONES_FV","CenPgen":0.0,"value":0.0,"CenCVar":0,"CenQgen":0},{"id":1240.0,"time":97,"bus_id":184,"name":"RINCONADA_ALCONES_FV","CenPgen":0.0,"value":0.0,"CenCVar":0,"CenQgen":0},{"id":1240.0,"time":98,"bus_id":184,"name":"RINCONADA_ALCONES_FV","CenPgen":0.0,"value":0.0,"CenCVar":0,"CenQgen":0},{"id":1240.0,"time":99,"bus_id":184,"name":"RINCONADA_ALCONES_FV","CenPgen":0.0,"value":0.0,"CenCVar":0,"CenQgen":0},{"id":1240.0,"time":100,"bus_id":184,"name":"RINCONADA_ALCONES_FV","CenPgen":0.0,"value":0.0,"CenCVar":0,"CenQgen":0},{"id":1240.0,"time":101,"bus_id":184,"name":"RINCONADA_ALCONES_FV","CenPgen":0.0576664543,"value":0.0576664543,"CenCVar":0,"CenQgen":0},{"id":1240.0,"time":102,"bus_id":184,"name":"RINCONADA_ALCONES_FV","CenPgen":0.0576664543,"value":0.0576664543,"CenCVar":0,"CenQgen":0},{"id":1240.0,"time":103,"bus_id":184,"name":"RINCONADA_ALCONES_FV","CenPgen":0.0576664543,"value":0.0576664543,"CenCVar":0,"CenQgen":0},{"id":1240.0,"time":104,"bus_id":184,"name":"RINCONADA_ALCONES_FV","CenPgen":0.0576664543,"value":0.0576664543,"CenCVar":0,"CenQgen":0},{"id":1240.0,"time":105,"bus_id":184,"name":"RINCONADA_ALCONES_FV","CenPgen":0.0576664543,"value":0.0576664543,"CenCVar":0,"CenQgen":0},{"id":1240.0,"time":106,"bus_id":184,"name":"RINCONADA_ALCONES_FV","CenPgen":1.4403848572,"value":1.4403848572,"CenCVar":0,"CenQgen":0},{"id":1240.0,"time":107,"bus_id":184,"name":"RINCONADA_ALCONES_FV","CenPgen":2.826995285,"value":2.826995285,"CenCVar":0,"CenQgen":0},{"id":1240.0,"time":108,"bus_id":184,"name":"RINCONADA_ALCONES_FV","CenPgen":2.826995285,"value":2.826995285,"CenCVar":0,"CenQgen":0},{"id":1240.0,"time":109,"bus_id":184,"name":"RINCONADA_ALCONES_FV","CenPgen":3.474843,"value":3.474843,"CenCVar":0,"CenQgen":0},{"id":1240.0,"time":110,"bus_id":184,"name":"RINCONADA_ALCONES_FV","CenPgen":3.474843,"value":3.474843,"CenCVar":0,"CenQgen":0},{"id":1240.0,"time":111,"bus_id":184,"name":"RINCONADA_ALCONES_FV","CenPgen":3.474843,"value":3.474843,"CenCVar":0,"CenQgen":0},{"id":1240.0,"time":112,"bus_id":184,"name":"RINCONADA_ALCONES_FV","CenPgen":3.474843,"value":3.474843,"CenCVar":0,"CenQgen":0},{"id":1240.0,"time":113,"bus_id":184,"name":"RINCONADA_ALCONES_FV","CenPgen":3.474843,"value":3.474843,"CenCVar":0,"CenQgen":0},{"id":1240.0,"time":114,"bus_id":184,"name":"RINCONADA_ALCONES_FV","CenPgen":3.474843,"value":3.474843,"CenCVar":0,"CenQgen":0},{"id":1240.0,"time":115,"bus_id":184,"name":"RINCONADA_ALCONES_FV","CenPgen":0.0010245669,"value":0.0010245669,"CenCVar":0,"CenQgen":0},{"id":1240.0,"time":116,"bus_id":184,"name":"RINCONADA_ALCONES_FV","CenPgen":0.0,"value":0.0,"CenCVar":0,"CenQgen":0},{"id":1240.0,"time":117,"bus_id":184,"name":"RINCONADA_ALCONES_FV","CenPgen":0.0,"value":0.0,"CenCVar":0,"CenQgen":0},{"id":1240.0,"time":118,"bus_id":184,"name":"RINCONADA_ALCONES_FV","CenPgen":0.0,"value":0.0,"CenCVar":0,"CenQgen":0},{"id":1240.0,"time":119,"bus_id":184,"name":"RINCONADA_ALCONES_FV","CenPgen":0.0,"value":0.0,"CenCVar":0,"CenQgen":0},{"id":1240.0,"time":120,"bus_id":184,"name":"RINCONADA_ALCONES_FV","CenPgen":0.0,"value":0.0,"CenCVar":0,"CenQgen":0},{"id":1240.0,"time":121,"bus_id":184,"name":"RINCONADA_ALCONES_FV","CenPgen":0.0,"value":0.0,"CenCVar":0,"CenQgen":0},{"id":1240.0,"time":122,"bus_id":184,"name":"RINCONADA_ALCONES_FV","CenPgen":0.0,"value":0.0,"CenCVar":0,"CenQgen":0},{"id":1240.0,"time":123,"bus_id":184,"name":"RINCONADA_ALCONES_FV","CenPgen":0.0,"value":0.0,"CenCVar":0,"CenQgen":0},{"id":1240.0,"time":124,"bus_id":184,"name":"RINCONADA_ALCONES_FV","CenPgen":0.0,"value":0.0,"CenCVar":0,"CenQgen":0},{"id":1240.0,"time":125,"bus_id":184,"name":"RINCONADA_ALCONES_FV","CenPgen":0.0,"value":0.0,"CenCVar":0,"CenQgen":0},{"id":1240.0,"time":126,"bus_id":184,"name":"RINCONADA_ALCONES_FV","CenPgen":0.0,"value":0.0,"CenCVar":0,"CenQgen":0},{"id":1240.0,"time":127,"bus_id":184,"name":"RINCONADA_ALCONES_FV","CenPgen":0.0,"value":0.0,"CenCVar":0,"CenQgen":0},{"id":1240.0,"time":128,"bus_id":184,"name":"RINCONADA_ALCONES_FV","CenPgen":0.0027395871,"value":0.0027395871,"CenCVar":0,"CenQgen":0},{"id":1240.0,"time":129,"bus_id":184,"name":"RINCONADA_ALCONES_FV","CenPgen":0.36315011,"value":0.36315011,"CenCVar":0,"CenQgen":0},{"id":1240.0,"time":130,"bus_id":184,"name":"RINCONADA_ALCONES_FV","CenPgen":1.59938795,"value":1.59938795,"CenCVar":0,"CenQgen":0},{"id":1240.0,"time":131,"bus_id":184,"name":"RINCONADA_ALCONES_FV","CenPgen":3.3743688599,"value":3.3743688599,"CenCVar":0,"CenQgen":0},{"id":1240.0,"time":132,"bus_id":184,"name":"RINCONADA_ALCONES_FV","CenPgen":3.3743688599,"value":3.3743688599,"CenCVar":0,"CenQgen":0},{"id":1240.0,"time":133,"bus_id":184,"name":"RINCONADA_ALCONES_FV","CenPgen":3.3743688599,"value":3.3743688599,"CenCVar":0,"CenQgen":0},{"id":1240.0,"time":134,"bus_id":184,"name":"RINCONADA_ALCONES_FV","CenPgen":3.3743688599,"value":3.3743688599,"CenCVar":0,"CenQgen":0},{"id":1240.0,"time":135,"bus_id":184,"name":"RINCONADA_ALCONES_FV","CenPgen":3.3743688599,"value":3.3743688599,"CenCVar":0,"CenQgen":0},{"id":1240.0,"time":136,"bus_id":184,"name":"RINCONADA_ALCONES_FV","CenPgen":3.0049114991,"value":3.0049114991,"CenCVar":0,"CenQgen":0},{"id":1240.0,"time":137,"bus_id":184,"name":"RINCONADA_ALCONES_FV","CenPgen":0.6645275972,"value":0.6645275972,"CenCVar":0,"CenQgen":0},{"id":1240.0,"time":138,"bus_id":184,"name":"RINCONADA_ALCONES_FV","CenPgen":0.6645275972,"value":0.6645275972,"CenCVar":0,"CenQgen":0},{"id":1240.0,"time":139,"bus_id":184,"name":"RINCONADA_ALCONES_FV","CenPgen":0.0,"value":0.0,"CenCVar":0,"CenQgen":0},{"id":1240.0,"time":140,"bus_id":184,"name":"RINCONADA_ALCONES_FV","CenPgen":0.0,"value":0.0,"CenCVar":0,"CenQgen":0},{"id":1240.0,"time":141,"bus_id":184,"name":"RINCONADA_ALCONES_FV","CenPgen":0.0,"value":0.0,"CenCVar":0,"CenQgen":0},{"id":1240.0,"time":142,"bus_id":184,"name":"RINCONADA_ALCONES_FV","CenPgen":0.0,"value":0.0,"CenCVar":0,"CenQgen":0},{"id":1240.0,"time":143,"bus_id":184,"name":"RINCONADA_ALCONES_FV","CenPgen":0.0,"value":0.0,"CenCVar":0,"CenQgen":0},{"id":1240.0,"time":144,"bus_id":184,"name":"RINCONADA_ALCONES_FV","CenPgen":0.0,"value":0.0,"CenCVar":0,"CenQgen":0},{"id":1240.0,"time":145,"bus_id":184,"name":"RINCONADA_ALCONES_FV","CenPgen":0.0,"value":0.0,"CenCVar":0,"CenQgen":0},{"id":1240.0,"time":146,"bus_id":184,"name":"RINCONADA_ALCONES_FV","CenPgen":0.0,"value":0.0,"CenCVar":0,"CenQgen":0},{"id":1240.0,"time":147,"bus_id":184,"name":"RINCONADA_ALCONES_FV","CenPgen":0.0,"value":0.0,"CenCVar":0,"CenQgen":0},{"id":1240.0,"time":148,"bus_id":184,"name":"RINCONADA_ALCONES_FV","CenPgen":0.0,"value":0.0,"CenCVar":0,"CenQgen":0},{"id":1240.0,"time":149,"bus_id":184,"name":"RINCONADA_ALCONES_FV","CenPgen":0.0,"value":0.0,"CenCVar":0,"CenQgen":0},{"id":1240.0,"time":150,"bus_id":184,"name":"RINCONADA_ALCONES_FV","CenPgen":0.0,"value":0.0,"CenCVar":0,"CenQgen":0},{"id":1240.0,"time":151,"bus_id":184,"name":"RINCONADA_ALCONES_FV","CenPgen":0.0,"value":0.0,"CenCVar":0,"CenQgen":0},{"id":1240.0,"time":152,"bus_id":184,"name":"RINCONADA_ALCONES_FV","CenPgen":0.00076713,"value":0.00076713,"CenCVar":0,"CenQgen":0},{"id":1240.0,"time":153,"bus_id":184,"name":"RINCONADA_ALCONES_FV","CenPgen":0.3219405184,"value":0.3219405184,"CenCVar":0,"CenQgen":0},{"id":1240.0,"time":154,"bus_id":184,"name":"RINCONADA_ALCONES_FV","CenPgen":1.6811941477,"value":1.6811941477,"CenCVar":0,"CenQgen":0},{"id":1240.0,"time":155,"bus_id":184,"name":"RINCONADA_ALCONES_FV","CenPgen":1.6811941477,"value":1.6811941477,"CenCVar":0,"CenQgen":0},{"id":1240.0,"time":156,"bus_id":184,"name":"RINCONADA_ALCONES_FV","CenPgen":1.6811941477,"value":1.6811941477,"CenCVar":0,"CenQgen":0},{"id":1240.0,"time":157,"bus_id":184,"name":"RINCONADA_ALCONES_FV","CenPgen":2.12166464,"value":2.12166464,"CenCVar":0,"CenQgen":0},{"id":1240.0,"time":158,"bus_id":184,"name":"RINCONADA_ALCONES_FV","CenPgen":1.5853423869,"value":1.5853423869,"CenCVar":0,"CenQgen":0},{"id":1240.0,"time":159,"bus_id":184,"name":"RINCONADA_ALCONES_FV","CenPgen":1.5853423869,"value":1.5853423869,"CenCVar":0,"CenQgen":0},{"id":1240.0,"time":160,"bus_id":184,"name":"RINCONADA_ALCONES_FV","CenPgen":1.5853423869,"value":1.5853423869,"CenCVar":0,"CenQgen":0},{"id":1240.0,"time":161,"bus_id":184,"name":"RINCONADA_ALCONES_FV","CenPgen":0.0970889056,"value":0.0970889056,"CenCVar":0,"CenQgen":0},{"id":1240.0,"time":162,"bus_id":184,"name":"RINCONADA_ALCONES_FV","CenPgen":0.0970889056,"value":0.0970889056,"CenCVar":0,"CenQgen":0},{"id":1240.0,"time":163,"bus_id":184,"name":"RINCONADA_ALCONES_FV","CenPgen":0.0970889056,"value":0.0970889056,"CenCVar":0,"CenQgen":0},{"id":1240.0,"time":164,"bus_id":184,"name":"RINCONADA_ALCONES_FV","CenPgen":0.0,"value":0.0,"CenCVar":0,"CenQgen":0},{"id":1240.0,"time":165,"bus_id":184,"name":"RINCONADA_ALCONES_FV","CenPgen":0.0,"value":0.0,"CenCVar":0,"CenQgen":0},{"id":1240.0,"time":166,"bus_id":184,"name":"RINCONADA_ALCONES_FV","CenPgen":0.0,"value":0.0,"CenCVar":0,"CenQgen":0},{"id":1240.0,"time":167,"bus_id":184,"name":"RINCONADA_ALCONES_FV","CenPgen":0.0,"value":0.0,"CenCVar":0,"CenQgen":0},{"id":1240.0,"time":168,"bus_id":184,"name":"RINCONADA_ALCONES_FV","CenPgen":0.0,"value":0.0,"CenCVar":0,"CenQgen":0}]