[{"id":1041.0,"time":1,"bus_id":183,"name":"TAMARUGO_FV","CenPgen":0.0,"value":0.0,"CenCVar":0,"CenQgen":0},{"id":1041.0,"time":2,"bus_id":183,"name":"TAMARUGO_FV","CenPgen":0.0,"value":0.0,"CenCVar":0,"CenQgen":0},{"id":1041.0,"time":3,"bus_id":183,"name":"TAMARUGO_FV","CenPgen":0.0,"value":0.0,"CenCVar":0,"CenQgen":0},{"id":1041.0,"time":4,"bus_id":183,"name":"TAMARUGO_FV","CenPgen":0.0,"value":0.0,"CenCVar":0,"CenQgen":0},{"id":1041.0,"time":5,"bus_id":183,"name":"TAMARUGO_FV","CenPgen":0.0,"value":0.0,"CenCVar":0,"CenQgen":0},{"id":1041.0,"time":6,"bus_id":183,"name":"TAMARUGO_FV","CenPgen":0.0,"value":0.0,"CenCVar":0,"CenQgen":0},{"id":1041.0,"time":7,"bus_id":183,"name":"TAMARUGO_FV","CenPgen":0.0,"value":0.0,"CenCVar":0,"CenQgen":0},{"id":1041.0,"time":8,"bus_id":183,"name":"TAMARUGO_FV","CenPgen":0.04229952,"value":0.04229952,"CenCVar":0,"CenQgen":0},{"id":1041.0,"time":9,"bus_id":183,"name":"TAMARUGO_FV","CenPgen":0.1703422965,"value":0.1703422965,"CenCVar":0,"CenQgen":0},{"id":1041.0,"time":10,"bus_id":183,"name":"TAMARUGO_FV","CenPgen":0.45087165,"value":0.45087165,"CenCVar":0,"CenQgen":0},{"id":1041.0,"time":11,"bus_id":183,"name":"TAMARUGO_FV","CenPgen":1.7110100097,"value":1.7110100097,"CenCVar":0,"CenQgen":0},{"id":1041.0,"time":12,"bus_id":183,"name":"TAMARUGO_FV","CenPgen":2.12966656,"value":2.12966656,"CenCVar":0,"CenQgen":0},{"id":1041.0,"time":13,"bus_id":183,"name":"TAMARUGO_FV","CenPgen":2.1139963379,"value":2.1139963379,"CenCVar":0,"CenQgen":0},{"id":1041.0,"time":14,"bus_id":183,"name":"TAMARUGO_FV","CenPgen":2.1108590088,"value":2.1108590088,"CenCVar":0,"CenQgen":0},{"id":1041.0,"time":15,"bus_id":183,"name":"TAMARUGO_FV","CenPgen":2.10968469,"value":2.10968469,"CenCVar":0,"CenQgen":0},{"id":1041.0,"time":16,"bus_id":183,"name":"TAMARUGO_FV","CenPgen":2.068532135,"value":2.068532135,"CenCVar":0,"CenQgen":0},{"id":1041.0,"time":17,"bus_id":183,"name":"TAMARUGO_FV","CenPgen":1.59418591,"value":1.59418591,"CenCVar":0,"CenQgen":0},{"id":1041.0,"time":18,"bus_id":183,"name":"TAMARUGO_FV","CenPgen":0.468189148,"value":0.468189148,"CenCVar":0,"CenQgen":0},{"id":1041.0,"time":19,"bus_id":183,"name":"TAMARUGO_FV","CenPgen":0.0067024562,"value":0.0067024562,"CenCVar":0,"CenQgen":0},{"id":1041.0,"time":20,"bus_id":183,"name":"TAMARUGO_FV","CenPgen":0.0,"value":0.0,"CenCVar":0,"CenQgen":0},{"id":1041.0,"time":21,"bus_id":183,"name":"TAMARUGO_FV","CenPgen":0.0,"value":0.0,"CenCVar":0,"CenQgen":0},{"id":1041.0,"time":22,"bus_id":183,"name":"TAMARUGO_FV","CenPgen":0.0,"value":0.0,"CenCVar":0,"CenQgen":0},{"id":1041.0,"time":23,"bus_id":183,"name":"TAMARUGO_FV","CenPgen":0.0,"value":0.0,"CenCVar":0,"CenQgen":0},{"id":1041.0,"time":24,"bus_id":183,"name":"TAMARUGO_FV","CenPgen":0.0,"value":0.0,"CenCVar":0,"CenQgen":0},{"id":1041.0,"time":25,"bus_id":183,"name":"TAMARUGO_FV","CenPgen":0.0,"value":0.0,"CenCVar":0,"CenQgen":0},{"id":1041.0,"time":26,"bus_id":183,"name":"TAMARUGO_FV","CenPgen":0.0,"value":0.0,"CenCVar":0,"CenQgen":0},{"id":1041.0,"time":27,"bus_id":183,"name":"TAMARUGO_FV","CenPgen":0.0,"value":0.0,"CenCVar":0,"CenQgen":0},{"id":1041.0,"time":28,"bus_id":183,"name":"TAMARUGO_FV","CenPgen":0.0,"value":0.0,"CenCVar":0,"CenQgen":0},{"id":1041.0,"time":29,"bus_id":183,"name":"TAMARUGO_FV","CenPgen":0.0,"value":0.0,"CenCVar":0,"CenQgen":0},{"id":1041.0,"time":30,"bus_id":183,"name":"TAMARUGO_FV","CenPgen":0.0,"value":0.0,"CenCVar":0,"CenQgen":0},{"id":1041.0,"time":31,"bus_id":183,"name":"TAMARUGO_FV","CenPgen":0.0,"value":0.0,"CenCVar":0,"CenQgen":0},{"id":1041.0,"time":32,"bus_id":183,"name":"TAMARUGO_FV","CenPgen":0.18975275,"value":0.18975275,"CenCVar":0,"CenQgen":0},{"id":1041.0,"time":33,"bus_id":183,"name":"TAMARUGO_FV","CenPgen":1.1931436157,"value":1.1931436157,"CenCVar":0,"CenQgen":0},{"id":1041.0,"time":34,"bus_id":183,"name":"TAMARUGO_FV","CenPgen":2.07515524,"value":2.07515524,"CenCVar":0,"CenQgen":0},{"id":1041.0,"time":35,"bus_id":183,"name":"TAMARUGO_FV","CenPgen":2.1272662963,"value":2.1272662963,"CenCVar":0,"CenQgen":0},{"id":1041.0,"time":36,"bus_id":183,"name":"TAMARUGO_FV","CenPgen":2.0962450358,"value":2.0962450358,"CenCVar":0,"CenQgen":0},{"id":1041.0,"time":37,"bus_id":183,"name":"TAMARUGO_FV","CenPgen":2.0962450358,"value":2.0962450358,"CenCVar":0,"CenQgen":0},{"id":1041.0,"time":38,"bus_id":183,"name":"TAMARUGO_FV","CenPgen":2.0962450358,"value":2.0962450358,"CenCVar":0,"CenQgen":0},{"id":1041.0,"time":39,"bus_id":183,"name":"TAMARUGO_FV","CenPgen":2.114855896,"value":2.114855896,"CenCVar":0,"CenQgen":0},{"id":1041.0,"time":40,"bus_id":183,"name":"TAMARUGO_FV","CenPgen":2.07176715,"value":2.07176715,"CenCVar":0,"CenQgen":0},{"id":1041.0,"time":41,"bus_id":183,"name":"TAMARUGO_FV","CenPgen":1.5766910095,"value":1.5766910095,"CenCVar":0,"CenQgen":0},{"id":1041.0,"time":42,"bus_id":183,"name":"TAMARUGO_FV","CenPgen":0.4580780277,"value":0.4580780277,"CenCVar":0,"CenQgen":0},{"id":1041.0,"time":43,"bus_id":183,"name":"TAMARUGO_FV","CenPgen":0.0067539364,"value":0.0067539364,"CenCVar":0,"CenQgen":0},{"id":1041.0,"time":44,"bus_id":183,"name":"TAMARUGO_FV","CenPgen":0.0,"value":0.0,"CenCVar":0,"CenQgen":0},{"id":1041.0,"time":45,"bus_id":183,"name":"TAMARUGO_FV","CenPgen":0.0,"value":0.0,"CenCVar":0,"CenQgen":0},{"id":1041.0,"time":46,"bus_id":183,"name":"TAMARUGO_FV","CenPgen":0.0,"value":0.0,"CenCVar":0,"CenQgen":0},{"id":1041.0,"time":47,"bus_id":183,"name":"TAMARUGO_FV","CenPgen":0.0,"value":0.0,"CenCVar":0,"CenQgen":0},{"id":1041.0,"time":48,"bus_id":183,"name":"TAMARUGO_FV","CenPgen":0.0,"value":0.0,"CenCVar":0,"CenQgen":0},{"id":1041.0,"time":49,"bus_id":183,"name":"TAMARUGO_FV","CenPgen":0.0,"value":0.0,"CenCVar":0,"CenQgen":0},{"id":1041.0,"time":50,"bus_id":183,"name":"TAMARUGO_FV","CenPgen":0.0,"value":0.0,"CenCVar":0,"CenQgen":0},{"id":1041.0,"time":51,"bus_id":183,"name":"TAMARUGO_FV","CenPgen":0.0,"value":0.0,"CenCVar":0,"CenQgen":0},{"id":1041.0,"time":52,"bus_id":183,"name":"TAMARUGO_FV","CenPgen":0.0,"value":0.0,"CenCVar":0,"CenQgen":0},{"id":1041.0,"time":53,"bus_id":183,"name":"TAMARUGO_FV","CenPgen":0.0,"value":0.0,"CenCVar":0,"CenQgen":0},{"id":1041.0,"time":54,"bus_id":183,"name":"TAMARUGO_FV","CenPgen":0.0,"value":0.0,"CenCVar":0,"CenQgen":0},{"id":1041.0,"time":55,"bus_id":183,"name":"TAMARUGO_FV","CenPgen":0.0,"value":0.0,"CenCVar":0,"CenQgen":0},{"id":1041.0,"time":56,"bus_id":183,"name":"TAMARUGO_FV","CenPgen":0.17415032,"value":0.17415032,"CenCVar":0,"CenQgen":0},{"id":1041.0,"time":57,"bus_id":183,"name":"TAMARUGO_FV","CenPgen":1.1668537751,"value":1.1668537751,"CenCVar":0,"CenQgen":0},{"id":1041.0,"time":58,"bus_id":183,"name":"TAMARUGO_FV","CenPgen":2.0974797363,"value":2.0974797363,"CenCVar":0,"CenQgen":0},{"id":1041.0,"time":59,"bus_id":183,"name":"TAMARUGO_FV","CenPgen":2.1329192352,"value":2.1329192352,"CenCVar":0,"CenQgen":0},{"id":1041.0,"time":60,"bus_id":183,"name":"TAMARUGO_FV","CenPgen":2.1329192352,"value":2.1329192352,"CenCVar":0,"CenQgen":0},{"id":1041.0,"time":61,"bus_id":183,"name":"TAMARUGO_FV","CenPgen":2.1329192352,"value":2.1329192352,"CenCVar":0,"CenQgen":0},{"id":1041.0,"time":62,"bus_id":183,"name":"TAMARUGO_FV","CenPgen":2.1329192352,"value":2.1329192352,"CenCVar":0,"CenQgen":0},{"id":1041.0,"time":63,"bus_id":183,"name":"TAMARUGO_FV","CenPgen":2.122407837,"value":2.122407837,"CenCVar":0,"CenQgen":0},{"id":1041.0,"time":64,"bus_id":183,"name":"TAMARUGO_FV","CenPgen":2.0816196899,"value":2.0816196899,"CenCVar":0,"CenQgen":0},{"id":1041.0,"time":65,"bus_id":183,"name":"TAMARUGO_FV","CenPgen":1.23925864,"value":1.23925864,"CenCVar":0,"CenQgen":0},{"id":1041.0,"time":66,"bus_id":183,"name":"TAMARUGO_FV","CenPgen":0.43911058,"value":0.43911058,"CenCVar":0,"CenQgen":0},{"id":1041.0,"time":67,"bus_id":183,"name":"TAMARUGO_FV","CenPgen":0.00631928,"value":0.00631928,"CenCVar":0,"CenQgen":0},{"id":1041.0,"time":68,"bus_id":183,"name":"TAMARUGO_FV","CenPgen":0.0,"value":0.0,"CenCVar":0,"CenQgen":0},{"id":1041.0,"time":69,"bus_id":183,"name":"TAMARUGO_FV","CenPgen":0.0,"value":0.0,"CenCVar":0,"CenQgen":0},{"id":1041.0,"time":70,"bus_id":183,"name":"TAMARUGO_FV","CenPgen":0.0,"value":0.0,"CenCVar":0,"CenQgen":0},{"id":1041.0,"time":71,"bus_id":183,"name":"TAMARUGO_FV","CenPgen":0.0,"value":0.0,"CenCVar":0,"CenQgen":0},{"id":1041.0,"time":72,"bus_id":183,"name":"TAMARUGO_FV","CenPgen":0.0,"value":0.0,"CenCVar":0,"CenQgen":0},{"id":1041.0,"time":73,"bus_id":183,"name":"TAMARUGO_FV","CenPgen":0.0,"value":0.0,"CenCVar":0,"CenQgen":0},{"id":1041.0,"time":74,"bus_id":183,"name":"TAMARUGO_FV","CenPgen":0.0,"value":0.0,"CenCVar":0,"CenQgen":0},{"id":1041.0,"time":75,"bus_id":183,"name":"TAMARUGO_FV","CenPgen":0.0,"value":0.0,"CenCVar":0,"CenQgen":0},{"id":1041.0,"time":76,"bus_id":183,"name":"TAMARUGO_FV","CenPgen":0.0,"value":0.0,"CenCVar":0,"CenQgen":0},{"id":1041.0,"time":77,"bus_id":183,"name":"TAMARUGO_FV","CenPgen":0.0,"value":0.0,"CenCVar":0,"CenQgen":0},{"id":1041.0,"time":78,"bus_id":183,"name":"TAMARUGO_FV","CenPgen":0.0,"value":0.0,"CenCVar":0,"CenQgen":0},{"id":1041.0,"time":79,"bus_id":183,"name":"TAMARUGO_FV","CenPgen":0.0,"value":0.0,"CenCVar":0,"CenQgen":0},{"id":1041.0,"time":80,"bus_id":183,"name":"TAMARUGO_FV","CenPgen":0.1746141,"value":0.1746141,"CenCVar":0,"CenQgen":0},{"id":1041.0,"time":81,"bus_id":183,"name":"TAMARUGO_FV","CenPgen":1.1581303864,"value":1.1581303864,"CenCVar":0,"CenQgen":0},{"id":1041.0,"time":82,"bus_id":183,"name":"TAMARUGO_FV","CenPgen":2.0682320251,"value":2.0682320251,"CenCVar":0,"CenQgen":0},{"id":1041.0,"time":83,"bus_id":183,"name":"TAMARUGO_FV","CenPgen":2.0884398194,"value":2.0884398194,"CenCVar":0,"CenQgen":0},{"id":1041.0,"time":84,"bus_id":183,"name":"TAMARUGO_FV","CenPgen":2.0884398194,"value":2.0884398194,"CenCVar":0,"CenQgen":0},{"id":1041.0,"time":85,"bus_id":183,"name":"TAMARUGO_FV","CenPgen":2.0623961182,"value":2.0623961182,"CenCVar":0,"CenQgen":0},{"id":1041.0,"time":86,"bus_id":183,"name":"TAMARUGO_FV","CenPgen":2.0623961182,"value":2.0623961182,"CenCVar":0,"CenQgen":0},{"id":1041.0,"time":87,"bus_id":183,"name":"TAMARUGO_FV","CenPgen":2.0623961182,"value":2.0623961182,"CenCVar":0,"CenQgen":0},{"id":1041.0,"time":88,"bus_id":183,"name":"TAMARUGO_FV","CenPgen":2.0623961182,"value":2.0623961182,"CenCVar":0,"CenQgen":0},{"id":1041.0,"time":89,"bus_id":183,"name":"TAMARUGO_FV","CenPgen":0.9742076483,"value":0.9742076483,"CenCVar":0,"CenQgen":0},{"id":1041.0,"time":90,"bus_id":183,"name":"TAMARUGO_FV","CenPgen":0.9742076483,"value":0.9742076483,"CenCVar":0,"CenQgen":0},{"id":1041.0,"time":91,"bus_id":183,"name":"TAMARUGO_FV","CenPgen":0.0059073883,"value":0.0059073883,"CenCVar":0,"CenQgen":0},{"id":1041.0,"time":92,"bus_id":183,"name":"TAMARUGO_FV","CenPgen":0.0,"value":0.0,"CenCVar":0,"CenQgen":0},{"id":1041.0,"time":93,"bus_id":183,"name":"TAMARUGO_FV","CenPgen":0.0,"value":0.0,"CenCVar":0,"CenQgen":0},{"id":1041.0,"time":94,"bus_id":183,"name":"TAMARUGO_FV","CenPgen":0.0,"value":0.0,"CenCVar":0,"CenQgen":0},{"id":1041.0,"time":95,"bus_id":183,"name":"TAMARUGO_FV","CenPgen":0.0,"value":0.0,"CenCVar":0,"CenQgen":0},{"id":1041.0,"time":96,"bus_id":183,"name":"TAMARUGO_FV","CenPgen":0.0,"value":0.0,"CenCVar":0,"CenQgen":0},{"id":1041.0,"time":97,"bus_id":183,"name":"TAMARUGO_FV","CenPgen":0.0,"value":0.0,"CenCVar":0,"CenQgen":0},{"id":1041.0,"time":98,"bus_id":183,"name":"TAMARUGO_FV","CenPgen":0.0,"value":0.0,"CenCVar":0,"CenQgen":0},{"id":1041.0,"time":99,"bus_id":183,"name":"TAMARUGO_FV","CenPgen":0.0,"value":0.0,"CenCVar":0,"CenQgen":0},{"id":1041.0,"time":100,"bus_id":183,"name":"TAMARUGO_FV","CenPgen":0.0,"value":0.0,"CenCVar":0,"CenQgen":0},{"id":1041.0,"time":101,"bus_id":183,"name":"TAMARUGO_FV","CenPgen":0.1074863656,"value":0.1074863656,"CenCVar":0,"CenQgen":0},{"id":1041.0,"time":102,"bus_id":183,"name":"TAMARUGO_FV","CenPgen":0.1074863656,"value":0.1074863656,"CenCVar":0,"CenQgen":0},{"id":1041.0,"time":103,"bus_id":183,"name":"TAMARUGO_FV","CenPgen":0.1074863656,"value":0.1074863656,"CenCVar":0,"CenQgen":0},{"id":1041.0,"time":104,"bus_id":183,"name":"TAMARUGO_FV","CenPgen":0.1074863656,"value":0.1074863656,"CenCVar":0,"CenQgen":0},{"id":1041.0,"time":105,"bus_id":183,"name":"TAMARUGO_FV","CenPgen":0.1074863656,"value":0.1074863656,"CenCVar":0,"CenQgen":0},{"id":1041.0,"time":106,"bus_id":183,"name":"TAMARUGO_FV","CenPgen":2.0880234985,"value":2.0880234985,"CenCVar":0,"CenQgen":0},{"id":1041.0,"time":107,"bus_id":183,"name":"TAMARUGO_FV","CenPgen":2.0864314575,"value":2.0864314575,"CenCVar":0,"CenQgen":0},{"id":1041.0,"time":108,"bus_id":183,"name":"TAMARUGO_FV","CenPgen":2.0864314575,"value":2.0864314575,"CenCVar":0,"CenQgen":0},{"id":1041.0,"time":109,"bus_id":183,"name":"TAMARUGO_FV","CenPgen":1.7050620197,"value":1.7050620197,"CenCVar":0,"CenQgen":0},{"id":1041.0,"time":110,"bus_id":183,"name":"TAMARUGO_FV","CenPgen":1.7050620197,"value":1.7050620197,"CenCVar":0,"CenQgen":0},{"id":1041.0,"time":111,"bus_id":183,"name":"TAMARUGO_FV","CenPgen":1.7050620197,"value":1.7050620197,"CenCVar":0,"CenQgen":0},{"id":1041.0,"time":112,"bus_id":183,"name":"TAMARUGO_FV","CenPgen":1.7050620197,"value":1.7050620197,"CenCVar":0,"CenQgen":0},{"id":1041.0,"time":113,"bus_id":183,"name":"TAMARUGO_FV","CenPgen":1.7050620197,"value":1.7050620197,"CenCVar":0,"CenQgen":0},{"id":1041.0,"time":114,"bus_id":183,"name":"TAMARUGO_FV","CenPgen":1.7050620197,"value":1.7050620197,"CenCVar":0,"CenQgen":0},{"id":1041.0,"time":115,"bus_id":183,"name":"TAMARUGO_FV","CenPgen":0.0057253071,"value":0.0057253071,"CenCVar":0,"CenQgen":0},{"id":1041.0,"time":116,"bus_id":183,"name":"TAMARUGO_FV","CenPgen":0.0,"value":0.0,"CenCVar":0,"CenQgen":0},{"id":1041.0,"time":117,"bus_id":183,"name":"TAMARUGO_FV","CenPgen":0.0,"value":0.0,"CenCVar":0,"CenQgen":0},{"id":1041.0,"time":118,"bus_id":183,"name":"TAMARUGO_FV","CenPgen":0.0,"value":0.0,"CenCVar":0,"CenQgen":0},{"id":1041.0,"time":119,"bus_id":183,"name":"TAMARUGO_FV","CenPgen":0.0,"value":0.0,"CenCVar":0,"CenQgen":0},{"id":1041.0,"time":120,"bus_id":183,"name":"TAMARUGO_FV","CenPgen":0.0,"value":0.0,"CenCVar":0,"CenQgen":0},{"id":1041.0,"time":121,"bus_id":183,"name":"TAMARUGO_FV","CenPgen":0.0,"value":0.0,"CenCVar":0,"CenQgen":0},{"id":1041.0,"time":122,"bus_id":183,"name":"TAMARUGO_FV","CenPgen":0.0,"value":0.0,"CenCVar":0,"CenQgen":0},{"id":1041.0,"time":123,"bus_id":183,"name":"TAMARUGO_FV","CenPgen":0.0,"value":0.0,"CenCVar":0,"CenQgen":0},{"id":1041.0,"time":124,"bus_id":183,"name":"TAMARUGO_FV","CenPgen":0.0,"value":0.0,"CenCVar":0,"CenQgen":0},{"id":1041.0,"time":125,"bus_id":183,"name":"TAMARUGO_FV","CenPgen":0.0,"value":0.0,"CenCVar":0,"CenQgen":0},{"id":1041.0,"time":126,"bus_id":183,"name":"TAMARUGO_FV","CenPgen":0.0,"value":0.0,"CenCVar":0,"CenQgen":0},{"id":1041.0,"time":127,"bus_id":183,"name":"TAMARUGO_FV","CenPgen":0.0,"value":0.0,"CenCVar":0,"CenQgen":0},{"id":1041.0,"time":128,"bus_id":183,"name":"TAMARUGO_FV","CenPgen":0.1727733167,"value":0.1727733167,"CenCVar":0,"CenQgen":0},{"id":1041.0,"time":129,"bus_id":183,"name":"TAMARUGO_FV","CenPgen":1.0127227782,"value":1.0127227782,"CenCVar":0,"CenQgen":0},{"id":1041.0,"time":130,"bus_id":183,"name":"TAMARUGO_FV","CenPgen":2.0770003357,"value":2.0770003357,"CenCVar":0,"CenQgen":0},{"id":1041.0,"time":131,"bus_id":183,"name":"TAMARUGO_FV","CenPgen":1.49522722,"value":1.49522722,"CenCVar":0,"CenQgen":0},{"id":1041.0,"time":132,"bus_id":183,"name":"TAMARUGO_FV","CenPgen":1.49522722,"value":1.49522722,"CenCVar":0,"CenQgen":0},{"id":1041.0,"time":133,"bus_id":183,"name":"TAMARUGO_FV","CenPgen":1.49522722,"value":1.49522722,"CenCVar":0,"CenQgen":0},{"id":1041.0,"time":134,"bus_id":183,"name":"TAMARUGO_FV","CenPgen":1.49522722,"value":1.49522722,"CenCVar":0,"CenQgen":0},{"id":1041.0,"time":135,"bus_id":183,"name":"TAMARUGO_FV","CenPgen":1.49522722,"value":1.49522722,"CenCVar":0,"CenQgen":0},{"id":1041.0,"time":136,"bus_id":183,"name":"TAMARUGO_FV","CenPgen":2.05936029,"value":2.05936029,"CenCVar":0,"CenQgen":0},{"id":1041.0,"time":137,"bus_id":183,"name":"TAMARUGO_FV","CenPgen":0.996814127,"value":0.996814127,"CenCVar":0,"CenQgen":0},{"id":1041.0,"time":138,"bus_id":183,"name":"TAMARUGO_FV","CenPgen":0.996814127,"value":0.996814127,"CenCVar":0,"CenQgen":0},{"id":1041.0,"time":139,"bus_id":183,"name":"TAMARUGO_FV","CenPgen":0.0051713379,"value":0.0051713379,"CenCVar":0,"CenQgen":0},{"id":1041.0,"time":140,"bus_id":183,"name":"TAMARUGO_FV","CenPgen":0.0,"value":0.0,"CenCVar":0,"CenQgen":0},{"id":1041.0,"time":141,"bus_id":183,"name":"TAMARUGO_FV","CenPgen":0.0,"value":0.0,"CenCVar":0,"CenQgen":0},{"id":1041.0,"time":142,"bus_id":183,"name":"TAMARUGO_FV","CenPgen":0.0,"value":0.0,"CenCVar":0,"CenQgen":0},{"id":1041.0,"time":143,"bus_id":183,"name":"TAMARUGO_FV","CenPgen":0.0,"value":0.0,"CenCVar":0,"CenQgen":0},{"id":1041.0,"time":144,"bus_id":183,"name":"TAMARUGO_FV","CenPgen":0.0,"value":0.0,"CenCVar":0,"CenQgen":0},{"id":1041.0,"time":145,"bus_id":183,"name":"TAMARUGO_FV","CenPgen":0.0,"value":0.0,"CenCVar":0,"CenQgen":0},{"id":1041.0,"time":146,"bus_id":183,"name":"TAMARUGO_FV","CenPgen":0.0,"value":0.0,"CenCVar":0,"CenQgen":0},{"id":1041.0,"time":147,"bus_id":183,"name":"TAMARUGO_FV","CenPgen":0.0,"value":0.0,"CenCVar":0,"CenQgen":0},{"id":1041.0,"time":148,"bus_id":183,"name":"TAMARUGO_FV","CenPgen":0.0,"value":0.0,"CenCVar":0,"CenQgen":0},{"id":1041.0,"time":149,"bus_id":183,"name":"TAMARUGO_FV","CenPgen":0.0,"value":0.0,"CenCVar":0,"CenQgen":0},{"id":1041.0,"time":150,"bus_id":183,"name":"TAMARUGO_FV","CenPgen":0.0,"value":0.0,"CenCVar":0,"CenQgen":0},{"id":1041.0,"time":151,"bus_id":183,"name":"TAMARUGO_FV","CenPgen":0.0,"value":0.0,"CenCVar":0,"CenQgen":0},{"id":1041.0,"time":152,"bus_id":183,"name":"TAMARUGO_FV","CenPgen":0.1709150661,"value":0.1709150661,"CenCVar":0,"CenQgen":0},{"id":1041.0,"time":153,"bus_id":183,"name":"TAMARUGO_FV","CenPgen":1.16063063,"value":1.16063063,"CenCVar":0,"CenQgen":0},{"id":1041.0,"time":154,"bus_id":183,"name":"TAMARUGO_FV","CenPgen":2.09746722,"value":2.09746722,"CenCVar":0,"CenQgen":0},{"id":1041.0,"time":155,"bus_id":183,"name":"TAMARUGO_FV","CenPgen":2.09746722,"value":2.09746722,"CenCVar":0,"CenQgen":0},{"id":1041.0,"time":156,"bus_id":183,"name":"TAMARUGO_FV","CenPgen":2.09746722,"value":2.09746722,"CenCVar":0,"CenQgen":0},{"id":1041.0,"time":157,"bus_id":183,"name":"TAMARUGO_FV","CenPgen":2.0885947266,"value":2.0885947266,"CenCVar":0,"CenQgen":0},{"id":1041.0,"time":158,"bus_id":183,"name":"TAMARUGO_FV","CenPgen":1.8862067159,"value":1.8862067159,"CenCVar":0,"CenQgen":0},{"id":1041.0,"time":159,"bus_id":183,"name":"TAMARUGO_FV","CenPgen":1.8862067159,"value":1.8862067159,"CenCVar":0,"CenQgen":0},{"id":1041.0,"time":160,"bus_id":183,"name":"TAMARUGO_FV","CenPgen":1.8862067159,"value":1.8862067159,"CenCVar":0,"CenQgen":0},{"id":1041.0,"time":161,"bus_id":183,"name":"TAMARUGO_FV","CenPgen":0.04943568,"value":0.04943568,"CenCVar":0,"CenQgen":0},{"id":1041.0,"time":162,"bus_id":183,"name":"TAMARUGO_FV","CenPgen":0.04943568,"value":0.04943568,"CenCVar":0,"CenQgen":0},{"id":1041.0,"time":163,"bus_id":183,"name":"TAMARUGO_FV","CenPgen":0.04943568,"value":0.04943568,"CenCVar":0,"CenQgen":0},{"id":1041.0,"time":164,"bus_id":183,"name":"TAMARUGO_FV","CenPgen":0.0,"value":0.0,"CenCVar":0,"CenQgen":0},{"id":1041.0,"time":165,"bus_id":183,"name":"TAMARUGO_FV","CenPgen":0.0,"value":0.0,"CenCVar":0,"CenQgen":0},{"id":1041.0,"time":166,"bus_id":183,"name":"TAMARUGO_FV","CenPgen":0.0,"value":0.0,"CenCVar":0,"CenQgen":0},{"id":1041.0,"time":167,"bus_id":183,"name":"TAMARUGO_FV","CenPgen":0.0,"value":0.0,"CenCVar":0,"CenQgen":0},{"id":1041.0,"time":168,"bus_id":183,"name":"TAMARUGO_FV","CenPgen":0.0,"value":0.0,"CenCVar":0,"CenQgen":0}]