[{"id":1238.0,"time":1,"bus_id":201,"name":"DON_RODRIGO_FV","CenPgen":0.0,"value":0.0,"CenCVar":0,"CenQgen":0},{"id":1238.0,"time":2,"bus_id":201,"name":"DON_RODRIGO_FV","CenPgen":0.0,"value":0.0,"CenCVar":0,"CenQgen":0},{"id":1238.0,"time":3,"bus_id":201,"name":"DON_RODRIGO_FV","CenPgen":0.0,"value":0.0,"CenCVar":0,"CenQgen":0},{"id":1238.0,"time":4,"bus_id":201,"name":"DON_RODRIGO_FV","CenPgen":0.0,"value":0.0,"CenCVar":0,"CenQgen":0},{"id":1238.0,"time":5,"bus_id":201,"name":"DON_RODRIGO_FV","CenPgen":0.0,"value":0.0,"CenCVar":0,"CenQgen":0},{"id":1238.0,"time":6,"bus_id":201,"name":"DON_RODRIGO_FV","CenPgen":0.0,"value":0.0,"CenCVar":0,"CenQgen":0},{"id":1238.0,"time":7,"bus_id":201,"name":"DON_RODRIGO_FV","CenPgen":0.0,"value":0.0,"CenCVar":0,"CenQgen":0},{"id":1238.0,"time":8,"bus_id":201,"name":"DON_RODRIGO_FV","CenPgen":0.0026788,"value":0.0026788,"CenCVar":0,"CenQgen":0},{"id":1238.0,"time":9,"bus_id":201,"name":"DON_RODRIGO_FV","CenPgen":0.1000970773,"value":0.1000970773,"CenCVar":0,"CenQgen":0},{"id":1238.0,"time":10,"bus_id":201,"name":"DON_RODRIGO_FV","CenPgen":0.43172385,"value":0.43172385,"CenCVar":0,"CenQgen":0},{"id":1238.0,"time":11,"bus_id":201,"name":"DON_RODRIGO_FV","CenPgen":0.577354416,"value":0.577354416,"CenCVar":0,"CenQgen":0},{"id":1238.0,"time":12,"bus_id":201,"name":"DON_RODRIGO_FV","CenPgen":0.94068724,"value":0.94068724,"CenCVar":0,"CenQgen":0},{"id":1238.0,"time":13,"bus_id":201,"name":"DON_RODRIGO_FV","CenPgen":1.40761404,"value":1.40761404,"CenCVar":0,"CenQgen":0},{"id":1238.0,"time":14,"bus_id":201,"name":"DON_RODRIGO_FV","CenPgen":2.45553189,"value":2.45553189,"CenCVar":0,"CenQgen":0},{"id":1238.0,"time":15,"bus_id":201,"name":"DON_RODRIGO_FV","CenPgen":3.1253236084,"value":3.1253236084,"CenCVar":0,"CenQgen":0},{"id":1238.0,"time":16,"bus_id":201,"name":"DON_RODRIGO_FV","CenPgen":3.2822348,"value":3.2822348,"CenCVar":0,"CenQgen":0},{"id":1238.0,"time":17,"bus_id":201,"name":"DON_RODRIGO_FV","CenPgen":1.4153307495,"value":1.4153307495,"CenCVar":0,"CenQgen":0},{"id":1238.0,"time":18,"bus_id":201,"name":"DON_RODRIGO_FV","CenPgen":0.1185903568,"value":0.1185903568,"CenCVar":0,"CenQgen":0},{"id":1238.0,"time":19,"bus_id":201,"name":"DON_RODRIGO_FV","CenPgen":0.0,"value":0.0,"CenCVar":0,"CenQgen":0},{"id":1238.0,"time":20,"bus_id":201,"name":"DON_RODRIGO_FV","CenPgen":0.0,"value":0.0,"CenCVar":0,"CenQgen":0},{"id":1238.0,"time":21,"bus_id":201,"name":"DON_RODRIGO_FV","CenPgen":0.0,"value":0.0,"CenCVar":0,"CenQgen":0},{"id":1238.0,"time":22,"bus_id":201,"name":"DON_RODRIGO_FV","CenPgen":0.0,"value":0.0,"CenCVar":0,"CenQgen":0},{"id":1238.0,"time":23,"bus_id":201,"name":"DON_RODRIGO_FV","CenPgen":0.0,"value":0.0,"CenCVar":0,"CenQgen":0},{"id":1238.0,"time":24,"bus_id":201,"name":"DON_RODRIGO_FV","CenPgen":0.0,"value":0.0,"CenCVar":0,"CenQgen":0},{"id":1238.0,"time":25,"bus_id":201,"name":"DON_RODRIGO_FV","CenPgen":0.0,"value":0.0,"CenCVar":0,"CenQgen":0},{"id":1238.0,"time":26,"bus_id":201,"name":"DON_RODRIGO_FV","CenPgen":0.0,"value":0.0,"CenCVar":0,"CenQgen":0},{"id":1238.0,"time":27,"bus_id":201,"name":"DON_RODRIGO_FV","CenPgen":0.0,"value":0.0,"CenCVar":0,"CenQgen":0},{"id":1238.0,"time":28,"bus_id":201,"name":"DON_RODRIGO_FV","CenPgen":0.0,"value":0.0,"CenCVar":0,"CenQgen":0},{"id":1238.0,"time":29,"bus_id":201,"name":"DON_RODRIGO_FV","CenPgen":0.0,"value":0.0,"CenCVar":0,"CenQgen":0},{"id":1238.0,"time":30,"bus_id":201,"name":"DON_RODRIGO_FV","CenPgen":0.0,"value":0.0,"CenCVar":0,"CenQgen":0},{"id":1238.0,"time":31,"bus_id":201,"name":"DON_RODRIGO_FV","CenPgen":0.0,"value":0.0,"CenCVar":0,"CenQgen":0},{"id":1238.0,"time":32,"bus_id":201,"name":"DON_RODRIGO_FV","CenPgen":0.0004466181,"value":0.0004466181,"CenCVar":0,"CenQgen":0},{"id":1238.0,"time":33,"bus_id":201,"name":"DON_RODRIGO_FV","CenPgen":0.10334668,"value":0.10334668,"CenCVar":0,"CenQgen":0},{"id":1238.0,"time":34,"bus_id":201,"name":"DON_RODRIGO_FV","CenPgen":0.2328292085,"value":0.2328292085,"CenCVar":0,"CenQgen":0},{"id":1238.0,"time":35,"bus_id":201,"name":"DON_RODRIGO_FV","CenPgen":0.4630250091,"value":0.4630250091,"CenCVar":0,"CenQgen":0},{"id":1238.0,"time":36,"bus_id":201,"name":"DON_RODRIGO_FV","CenPgen":0.71352573,"value":0.71352573,"CenCVar":0,"CenQgen":0},{"id":1238.0,"time":37,"bus_id":201,"name":"DON_RODRIGO_FV","CenPgen":0.71352573,"value":0.71352573,"CenCVar":0,"CenQgen":0},{"id":1238.0,"time":38,"bus_id":201,"name":"DON_RODRIGO_FV","CenPgen":0.71352573,"value":0.71352573,"CenCVar":0,"CenQgen":0},{"id":1238.0,"time":39,"bus_id":201,"name":"DON_RODRIGO_FV","CenPgen":0.8501069,"value":0.8501069,"CenCVar":0,"CenQgen":0},{"id":1238.0,"time":40,"bus_id":201,"name":"DON_RODRIGO_FV","CenPgen":0.51830747,"value":0.51830747,"CenCVar":0,"CenQgen":0},{"id":1238.0,"time":41,"bus_id":201,"name":"DON_RODRIGO_FV","CenPgen":0.2197501374,"value":0.2197501374,"CenCVar":0,"CenQgen":0},{"id":1238.0,"time":42,"bus_id":201,"name":"DON_RODRIGO_FV","CenPgen":0.06328476,"value":0.06328476,"CenCVar":0,"CenQgen":0},{"id":1238.0,"time":43,"bus_id":201,"name":"DON_RODRIGO_FV","CenPgen":0.000689,"value":0.000689,"CenCVar":0,"CenQgen":0},{"id":1238.0,"time":44,"bus_id":201,"name":"DON_RODRIGO_FV","CenPgen":0.0,"value":0.0,"CenCVar":0,"CenQgen":0},{"id":1238.0,"time":45,"bus_id":201,"name":"DON_RODRIGO_FV","CenPgen":0.0,"value":0.0,"CenCVar":0,"CenQgen":0},{"id":1238.0,"time":46,"bus_id":201,"name":"DON_RODRIGO_FV","CenPgen":0.0,"value":0.0,"CenCVar":0,"CenQgen":0},{"id":1238.0,"time":47,"bus_id":201,"name":"DON_RODRIGO_FV","CenPgen":0.0,"value":0.0,"CenCVar":0,"CenQgen":0},{"id":1238.0,"time":48,"bus_id":201,"name":"DON_RODRIGO_FV","CenPgen":0.0,"value":0.0,"CenCVar":0,"CenQgen":0},{"id":1238.0,"time":49,"bus_id":201,"name":"DON_RODRIGO_FV","CenPgen":0.0,"value":0.0,"CenCVar":0,"CenQgen":0},{"id":1238.0,"time":50,"bus_id":201,"name":"DON_RODRIGO_FV","CenPgen":0.0,"value":0.0,"CenCVar":0,"CenQgen":0},{"id":1238.0,"time":51,"bus_id":201,"name":"DON_RODRIGO_FV","CenPgen":0.0,"value":0.0,"CenCVar":0,"CenQgen":0},{"id":1238.0,"time":52,"bus_id":201,"name":"DON_RODRIGO_FV","CenPgen":0.0,"value":0.0,"CenCVar":0,"CenQgen":0},{"id":1238.0,"time":53,"bus_id":201,"name":"DON_RODRIGO_FV","CenPgen":0.0,"value":0.0,"CenCVar":0,"CenQgen":0},{"id":1238.0,"time":54,"bus_id":201,"name":"DON_RODRIGO_FV","CenPgen":0.0,"value":0.0,"CenCVar":0,"CenQgen":0},{"id":1238.0,"time":55,"bus_id":201,"name":"DON_RODRIGO_FV","CenPgen":0.0,"value":0.0,"CenCVar":0,"CenQgen":0},{"id":1238.0,"time":56,"bus_id":201,"name":"DON_RODRIGO_FV","CenPgen":0.0026319466,"value":0.0026319466,"CenCVar":0,"CenQgen":0},{"id":1238.0,"time":57,"bus_id":201,"name":"DON_RODRIGO_FV","CenPgen":0.42095795,"value":0.42095795,"CenCVar":0,"CenQgen":0},{"id":1238.0,"time":58,"bus_id":201,"name":"DON_RODRIGO_FV","CenPgen":1.0334829177,"value":1.0334829177,"CenCVar":0,"CenQgen":0},{"id":1238.0,"time":59,"bus_id":201,"name":"DON_RODRIGO_FV","CenPgen":2.20784924,"value":2.20784924,"CenCVar":0,"CenQgen":0},{"id":1238.0,"time":60,"bus_id":201,"name":"DON_RODRIGO_FV","CenPgen":2.20784924,"value":2.20784924,"CenCVar":0,"CenQgen":0},{"id":1238.0,"time":61,"bus_id":201,"name":"DON_RODRIGO_FV","CenPgen":2.20784924,"value":2.20784924,"CenCVar":0,"CenQgen":0},{"id":1238.0,"time":62,"bus_id":201,"name":"DON_RODRIGO_FV","CenPgen":2.20784924,"value":2.20784924,"CenCVar":0,"CenQgen":0},{"id":1238.0,"time":63,"bus_id":201,"name":"DON_RODRIGO_FV","CenPgen":1.65906201,"value":1.65906201,"CenCVar":0,"CenQgen":0},{"id":1238.0,"time":64,"bus_id":201,"name":"DON_RODRIGO_FV","CenPgen":2.0043218079,"value":2.0043218079,"CenCVar":0,"CenQgen":0},{"id":1238.0,"time":65,"bus_id":201,"name":"DON_RODRIGO_FV","CenPgen":2.4453526,"value":2.4453526,"CenCVar":0,"CenQgen":0},{"id":1238.0,"time":66,"bus_id":201,"name":"DON_RODRIGO_FV","CenPgen":0.43353439,"value":0.43353439,"CenCVar":0,"CenQgen":0},{"id":1238.0,"time":67,"bus_id":201,"name":"DON_RODRIGO_FV","CenPgen":0.00103572,"value":0.00103572,"CenCVar":0,"CenQgen":0},{"id":1238.0,"time":68,"bus_id":201,"name":"DON_RODRIGO_FV","CenPgen":0.0,"value":0.0,"CenCVar":0,"CenQgen":0},{"id":1238.0,"time":69,"bus_id":201,"name":"DON_RODRIGO_FV","CenPgen":0.0,"value":0.0,"CenCVar":0,"CenQgen":0},{"id":1238.0,"time":70,"bus_id":201,"name":"DON_RODRIGO_FV","CenPgen":0.0,"value":0.0,"CenCVar":0,"CenQgen":0},{"id":1238.0,"time":71,"bus_id":201,"name":"DON_RODRIGO_FV","CenPgen":0.0,"value":0.0,"CenCVar":0,"CenQgen":0},{"id":1238.0,"time":72,"bus_id":201,"name":"DON_RODRIGO_FV","CenPgen":0.0,"value":0.0,"CenCVar":0,"CenQgen":0},{"id":1238.0,"time":73,"bus_id":201,"name":"DON_RODRIGO_FV","CenPgen":0.0,"value":0.0,"CenCVar":0,"CenQgen":0},{"id":1238.0,"time":74,"bus_id":201,"name":"DON_RODRIGO_FV","CenPgen":0.0,"value":0.0,"CenCVar":0,"CenQgen":0},{"id":1238.0,"time":75,"bus_id":201,"name":"DON_RODRIGO_FV","CenPgen":0.0,"value":0.0,"CenCVar":0,"CenQgen":0},{"id":1238.0,"time":76,"bus_id":201,"name":"DON_RODRIGO_FV","CenPgen":0.0,"value":0.0,"CenCVar":0,"CenQgen":0},{"id":1238.0,"time":77,"bus_id":201,"name":"DON_RODRIGO_FV","CenPgen":0.0,"value":0.0,"CenCVar":0,"CenQgen":0},{"id":1238.0,"time":78,"bus_id":201,"name":"DON_RODRIGO_FV","CenPgen":0.0,"value":0.0,"CenCVar":0,"CenQgen":0},{"id":1238.0,"time":79,"bus_id":201,"name":"DON_RODRIGO_FV","CenPgen":0.0,"value":0.0,"CenCVar":0,"CenQgen":0},{"id":1238.0,"time":80,"bus_id":201,"name":"DON_RODRIGO_FV","CenPgen":0.0,"value":0.0,"CenCVar":0,"CenQgen":0},{"id":1238.0,"time":81,"bus_id":201,"name":"DON_RODRIGO_FV","CenPgen":0.0127872693,"value":0.0127872693,"CenCVar":0,"CenQgen":0},{"id":1238.0,"time":82,"bus_id":201,"name":"DON_RODRIGO_FV","CenPgen":0.0418511892,"value":0.0418511892,"CenCVar":0,"CenQgen":0},{"id":1238.0,"time":83,"bus_id":201,"name":"DON_RODRIGO_FV","CenPgen":0.42893317,"value":0.42893317,"CenCVar":0,"CenQgen":0},{"id":1238.0,"time":84,"bus_id":201,"name":"DON_RODRIGO_FV","CenPgen":0.42893317,"value":0.42893317,"CenCVar":0,"CenQgen":0},{"id":1238.0,"time":85,"bus_id":201,"name":"DON_RODRIGO_FV","CenPgen":1.2042248,"value":1.2042248,"CenCVar":0,"CenQgen":0},{"id":1238.0,"time":86,"bus_id":201,"name":"DON_RODRIGO_FV","CenPgen":1.2042248,"value":1.2042248,"CenCVar":0,"CenQgen":0},{"id":1238.0,"time":87,"bus_id":201,"name":"DON_RODRIGO_FV","CenPgen":1.2042248,"value":1.2042248,"CenCVar":0,"CenQgen":0},{"id":1238.0,"time":88,"bus_id":201,"name":"DON_RODRIGO_FV","CenPgen":1.2042248,"value":1.2042248,"CenCVar":0,"CenQgen":0},{"id":1238.0,"time":89,"bus_id":201,"name":"DON_RODRIGO_FV","CenPgen":0.45042025,"value":0.45042025,"CenCVar":0,"CenQgen":0},{"id":1238.0,"time":90,"bus_id":201,"name":"DON_RODRIGO_FV","CenPgen":0.45042025,"value":0.45042025,"CenCVar":0,"CenQgen":0},{"id":1238.0,"time":91,"bus_id":201,"name":"DON_RODRIGO_FV","CenPgen":0.0,"value":0.0,"CenCVar":0,"CenQgen":0},{"id":1238.0,"time":92,"bus_id":201,"name":"DON_RODRIGO_FV","CenPgen":0.0,"value":0.0,"CenCVar":0,"CenQgen":0},{"id":1238.0,"time":93,"bus_id":201,"name":"DON_RODRIGO_FV","CenPgen":0.0,"value":0.0,"CenCVar":0,"CenQgen":0},{"id":1238.0,"time":94,"bus_id":201,"name":"DON_RODRIGO_FV","CenPgen":0.0,"value":0.0,"CenCVar":0,"CenQgen":0},{"id":1238.0,"time":95,"bus_id":201,"name":"DON_RODRIGO_FV","CenPgen":0.0,"value":0.0,"CenCVar":0,"CenQgen":0},{"id":1238.0,"time":96,"bus_id":201,"name":"DON_RODRIGO_FV","CenPgen":0.0,"value":0.0,"CenCVar":0,"CenQgen":0},{"id":1238.0,"time":97,"bus_id":201,"name":"DON_RODRIGO_FV","CenPgen":0.0,"value":0.0,"CenCVar":0,"CenQgen":0},{"id":1238.0,"time":98,"bus_id":201,"name":"DON_RODRIGO_FV","CenPgen":0.0,"value":0.0,"CenCVar":0,"CenQgen":0},{"id":1238.0,"time":99,"bus_id":201,"name":"DON_RODRIGO_FV","CenPgen":0.0,"value":0.0,"CenCVar":0,"CenQgen":0},{"id":1238.0,"time":100,"bus_id":201,"name":"DON_RODRIGO_FV","CenPgen":0.0,"value":0.0,"CenCVar":0,"CenQgen":0},{"id":1238.0,"time":101,"bus_id":201,"name":"DON_RODRIGO_FV","CenPgen":0.0082191017,"value":0.0082191017,"CenCVar":0,"CenQgen":0},{"id":1238.0,"time":102,"bus_id":201,"name":"DON_RODRIGO_FV","CenPgen":0.0082191017,"value":0.0082191017,"CenCVar":0,"CenQgen":0},{"id":1238.0,"time":103,"bus_id":201,"name":"DON_RODRIGO_FV","CenPgen":0.0082191017,"value":0.0082191017,"CenCVar":0,"CenQgen":0},{"id":1238.0,"time":104,"bus_id":201,"name":"DON_RODRIGO_FV","CenPgen":0.0082191017,"value":0.0082191017,"CenCVar":0,"CenQgen":0},{"id":1238.0,"time":105,"bus_id":201,"name":"DON_RODRIGO_FV","CenPgen":0.0082191017,"value":0.0082191017,"CenCVar":0,"CenQgen":0},{"id":1238.0,"time":106,"bus_id":201,"name":"DON_RODRIGO_FV","CenPgen":0.26843729,"value":0.26843729,"CenCVar":0,"CenQgen":0},{"id":1238.0,"time":107,"bus_id":201,"name":"DON_RODRIGO_FV","CenPgen":0.73094,"value":0.73094,"CenCVar":0,"CenQgen":0},{"id":1238.0,"time":108,"bus_id":201,"name":"DON_RODRIGO_FV","CenPgen":0.73094,"value":0.73094,"CenCVar":0,"CenQgen":0},{"id":1238.0,"time":109,"bus_id":201,"name":"DON_RODRIGO_FV","CenPgen":0.9270917186,"value":0.9270917186,"CenCVar":0,"CenQgen":0},{"id":1238.0,"time":110,"bus_id":201,"name":"DON_RODRIGO_FV","CenPgen":0.9270917186,"value":0.9270917186,"CenCVar":0,"CenQgen":0},{"id":1238.0,"time":111,"bus_id":201,"name":"DON_RODRIGO_FV","CenPgen":0.9270917186,"value":0.9270917186,"CenCVar":0,"CenQgen":0},{"id":1238.0,"time":112,"bus_id":201,"name":"DON_RODRIGO_FV","CenPgen":0.9270917186,"value":0.9270917186,"CenCVar":0,"CenQgen":0},{"id":1238.0,"time":113,"bus_id":201,"name":"DON_RODRIGO_FV","CenPgen":0.9270917186,"value":0.9270917186,"CenCVar":0,"CenQgen":0},{"id":1238.0,"time":114,"bus_id":201,"name":"DON_RODRIGO_FV","CenPgen":0.9270917186,"value":0.9270917186,"CenCVar":0,"CenQgen":0},{"id":1238.0,"time":115,"bus_id":201,"name":"DON_RODRIGO_FV","CenPgen":0.0000225478,"value":0.0000225478,"CenCVar":0,"CenQgen":0},{"id":1238.0,"time":116,"bus_id":201,"name":"DON_RODRIGO_FV","CenPgen":0.0,"value":0.0,"CenCVar":0,"CenQgen":0},{"id":1238.0,"time":117,"bus_id":201,"name":"DON_RODRIGO_FV","CenPgen":0.0,"value":0.0,"CenCVar":0,"CenQgen":0},{"id":1238.0,"time":118,"bus_id":201,"name":"DON_RODRIGO_FV","CenPgen":0.0,"value":0.0,"CenCVar":0,"CenQgen":0},{"id":1238.0,"time":119,"bus_id":201,"name":"DON_RODRIGO_FV","CenPgen":0.0,"value":0.0,"CenCVar":0,"CenQgen":0},{"id":1238.0,"time":120,"bus_id":201,"name":"DON_RODRIGO_FV","CenPgen":0.0,"value":0.0,"CenCVar":0,"CenQgen":0},{"id":1238.0,"time":121,"bus_id":201,"name":"DON_RODRIGO_FV","CenPgen":0.0,"value":0.0,"CenCVar":0,"CenQgen":0},{"id":1238.0,"time":122,"bus_id":201,"name":"DON_RODRIGO_FV","CenPgen":0.0,"value":0.0,"CenCVar":0,"CenQgen":0},{"id":1238.0,"time":123,"bus_id":201,"name":"DON_RODRIGO_FV","CenPgen":0.0,"value":0.0,"CenCVar":0,"CenQgen":0},{"id":1238.0,"time":124,"bus_id":201,"name":"DON_RODRIGO_FV","CenPgen":0.0,"value":0.0,"CenCVar":0,"CenQgen":0},{"id":1238.0,"time":125,"bus_id":201,"name":"DON_RODRIGO_FV","CenPgen":0.0,"value":0.0,"CenCVar":0,"CenQgen":0},{"id":1238.0,"time":126,"bus_id":201,"name":"DON_RODRIGO_FV","CenPgen":0.0,"value":0.0,"CenCVar":0,"CenQgen":0},{"id":1238.0,"time":127,"bus_id":201,"name":"DON_RODRIGO_FV","CenPgen":0.0,"value":0.0,"CenCVar":0,"CenQgen":0},{"id":1238.0,"time":128,"bus_id":201,"name":"DON_RODRIGO_FV","CenPgen":0.0008819455,"value":0.0008819455,"CenCVar":0,"CenQgen":0},{"id":1238.0,"time":129,"bus_id":201,"name":"DON_RODRIGO_FV","CenPgen":0.16287401,"value":0.16287401,"CenCVar":0,"CenQgen":0},{"id":1238.0,"time":130,"bus_id":201,"name":"DON_RODRIGO_FV","CenPgen":0.6540625381,"value":0.6540625381,"CenCVar":0,"CenQgen":0},{"id":1238.0,"time":131,"bus_id":201,"name":"DON_RODRIGO_FV","CenPgen":1.26362951,"value":1.26362951,"CenCVar":0,"CenQgen":0},{"id":1238.0,"time":132,"bus_id":201,"name":"DON_RODRIGO_FV","CenPgen":1.26362951,"value":1.26362951,"CenCVar":0,"CenQgen":0},{"id":1238.0,"time":133,"bus_id":201,"name":"DON_RODRIGO_FV","CenPgen":1.26362951,"value":1.26362951,"CenCVar":0,"CenQgen":0},{"id":1238.0,"time":134,"bus_id":201,"name":"DON_RODRIGO_FV","CenPgen":1.26362951,"value":1.26362951,"CenCVar":0,"CenQgen":0},{"id":1238.0,"time":135,"bus_id":201,"name":"DON_RODRIGO_FV","CenPgen":1.26362951,"value":1.26362951,"CenCVar":0,"CenQgen":0},{"id":1238.0,"time":136,"bus_id":201,"name":"DON_RODRIGO_FV","CenPgen":1.10046545,"value":1.10046545,"CenCVar":0,"CenQgen":0},{"id":1238.0,"time":137,"bus_id":201,"name":"DON_RODRIGO_FV","CenPgen":0.4098002778,"value":0.4098002778,"CenCVar":0,"CenQgen":0},{"id":1238.0,"time":138,"bus_id":201,"name":"DON_RODRIGO_FV","CenPgen":0.4098002778,"value":0.4098002778,"CenCVar":0,"CenQgen":0},{"id":1238.0,"time":139,"bus_id":201,"name":"DON_RODRIGO_FV","CenPgen":0.0,"value":0.0,"CenCVar":0,"CenQgen":0},{"id":1238.0,"time":140,"bus_id":201,"name":"DON_RODRIGO_FV","CenPgen":0.0,"value":0.0,"CenCVar":0,"CenQgen":0},{"id":1238.0,"time":141,"bus_id":201,"name":"DON_RODRIGO_FV","CenPgen":0.0,"value":0.0,"CenCVar":0,"CenQgen":0},{"id":1238.0,"time":142,"bus_id":201,"name":"DON_RODRIGO_FV","CenPgen":0.0,"value":0.0,"CenCVar":0,"CenQgen":0},{"id":1238.0,"time":143,"bus_id":201,"name":"DON_RODRIGO_FV","CenPgen":0.0,"value":0.0,"CenCVar":0,"CenQgen":0},{"id":1238.0,"time":144,"bus_id":201,"name":"DON_RODRIGO_FV","CenPgen":0.0,"value":0.0,"CenCVar":0,"CenQgen":0},{"id":1238.0,"time":145,"bus_id":201,"name":"DON_RODRIGO_FV","CenPgen":0.0,"value":0.0,"CenCVar":0,"CenQgen":0},{"id":1238.0,"time":146,"bus_id":201,"name":"DON_RODRIGO_FV","CenPgen":0.0,"value":0.0,"CenCVar":0,"CenQgen":0},{"id":1238.0,"time":147,"bus_id":201,"name":"DON_RODRIGO_FV","CenPgen":0.0,"value":0.0,"CenCVar":0,"CenQgen":0},{"id":1238.0,"time":148,"bus_id":201,"name":"DON_RODRIGO_FV","CenPgen":0.0,"value":0.0,"CenCVar":0,"CenQgen":0},{"id":1238.0,"time":149,"bus_id":201,"name":"DON_RODRIGO_FV","CenPgen":0.0,"value":0.0,"CenCVar":0,"CenQgen":0},{"id":1238.0,"time":150,"bus_id":201,"name":"DON_RODRIGO_FV","CenPgen":0.0,"value":0.0,"CenCVar":0,"CenQgen":0},{"id":1238.0,"time":151,"bus_id":201,"name":"DON_RODRIGO_FV","CenPgen":0.0,"value":0.0,"CenCVar":0,"CenQgen":0},{"id":1238.0,"time":152,"bus_id":201,"name":"DON_RODRIGO_FV","CenPgen":0.0000276472,"value":0.0000276472,"CenCVar":0,"CenQgen":0},{"id":1238.0,"time":153,"bus_id":201,"name":"DON_RODRIGO_FV","CenPgen":0.0766757957,"value":0.0766757957,"CenCVar":0,"CenQgen":0},{"id":1238.0,"time":154,"bus_id":201,"name":"DON_RODRIGO_FV","CenPgen":0.4006611773,"value":0.4006611773,"CenCVar":0,"CenQgen":0},{"id":1238.0,"time":155,"bus_id":201,"name":"DON_RODRIGO_FV","CenPgen":0.4006611773,"value":0.4006611773,"CenCVar":0,"CenQgen":0},{"id":1238.0,"time":156,"bus_id":201,"name":"DON_RODRIGO_FV","CenPgen":0.4006611773,"value":0.4006611773,"CenCVar":0,"CenQgen":0},{"id":1238.0,"time":157,"bus_id":201,"name":"DON_RODRIGO_FV","CenPgen":0.69320059,"value":0.69320059,"CenCVar":0,"CenQgen":0},{"id":1238.0,"time":158,"bus_id":201,"name":"DON_RODRIGO_FV","CenPgen":0.8262584559,"value":0.8262584559,"CenCVar":0,"CenQgen":0},{"id":1238.0,"time":159,"bus_id":201,"name":"DON_RODRIGO_FV","CenPgen":0.8262584559,"value":0.8262584559,"CenCVar":0,"CenQgen":0},{"id":1238.0,"time":160,"bus_id":201,"name":"DON_RODRIGO_FV","CenPgen":0.8262584559,"value":0.8262584559,"CenCVar":0,"CenQgen":0},{"id":1238.0,"time":161,"bus_id":201,"name":"DON_RODRIGO_FV","CenPgen":0.0341726782,"value":0.0341726782,"CenCVar":0,"CenQgen":0},{"id":1238.0,"time":162,"bus_id":201,"name":"DON_RODRIGO_FV","CenPgen":0.0341726782,"value":0.0341726782,"CenCVar":0,"CenQgen":0},{"id":1238.0,"time":163,"bus_id":201,"name":"DON_RODRIGO_FV","CenPgen":0.0341726782,"value":0.0341726782,"CenCVar":0,"CenQgen":0},{"id":1238.0,"time":164,"bus_id":201,"name":"DON_RODRIGO_FV","CenPgen":0.0,"value":0.0,"CenCVar":0,"CenQgen":0},{"id":1238.0,"time":165,"bus_id":201,"name":"DON_RODRIGO_FV","CenPgen":0.0,"value":0.0,"CenCVar":0,"CenQgen":0},{"id":1238.0,"time":166,"bus_id":201,"name":"DON_RODRIGO_FV","CenPgen":0.0,"value":0.0,"CenCVar":0,"CenQgen":0},{"id":1238.0,"time":167,"bus_id":201,"name":"DON_RODRIGO_FV","CenPgen":0.0,"value":0.0,"CenCVar":0,"CenQgen":0},{"id":1238.0,"time":168,"bus_id":201,"name":"DON_RODRIGO_FV","CenPgen":0.0,"value":0.0,"CenCVar":0,"CenQgen":0}]