[{"id":1224.0,"time":1,"bus_id":12,"name":"TIERRA_FV","CenPgen":0.0,"value":0.0,"CenCVar":0,"CenQgen":0},{"id":1224.0,"time":2,"bus_id":12,"name":"TIERRA_FV","CenPgen":0.0,"value":0.0,"CenCVar":0,"CenQgen":0},{"id":1224.0,"time":3,"bus_id":12,"name":"TIERRA_FV","CenPgen":0.0,"value":0.0,"CenCVar":0,"CenQgen":0},{"id":1224.0,"time":4,"bus_id":12,"name":"TIERRA_FV","CenPgen":0.0,"value":0.0,"CenCVar":0,"CenQgen":0},{"id":1224.0,"time":5,"bus_id":12,"name":"TIERRA_FV","CenPgen":0.0,"value":0.0,"CenCVar":0,"CenQgen":0},{"id":1224.0,"time":6,"bus_id":12,"name":"TIERRA_FV","CenPgen":0.0,"value":0.0,"CenCVar":0,"CenQgen":0},{"id":1224.0,"time":7,"bus_id":12,"name":"TIERRA_FV","CenPgen":0.0,"value":0.0,"CenCVar":0,"CenQgen":0},{"id":1224.0,"time":8,"bus_id":12,"name":"TIERRA_FV","CenPgen":0.0052927251,"value":0.0052927251,"CenCVar":0,"CenQgen":0},{"id":1224.0,"time":9,"bus_id":12,"name":"TIERRA_FV","CenPgen":0.3035006066,"value":0.3035006066,"CenCVar":0,"CenQgen":0},{"id":1224.0,"time":10,"bus_id":12,"name":"TIERRA_FV","CenPgen":0.57250737,"value":0.57250737,"CenCVar":0,"CenQgen":0},{"id":1224.0,"time":11,"bus_id":12,"name":"TIERRA_FV","CenPgen":3.2959451904,"value":3.2959451904,"CenCVar":0,"CenQgen":0},{"id":1224.0,"time":12,"bus_id":12,"name":"TIERRA_FV","CenPgen":3.8033869628,"value":3.8033869628,"CenCVar":0,"CenQgen":0},{"id":1224.0,"time":13,"bus_id":12,"name":"TIERRA_FV","CenPgen":3.8027232055,"value":3.8027232055,"CenCVar":0,"CenQgen":0},{"id":1224.0,"time":14,"bus_id":12,"name":"TIERRA_FV","CenPgen":3.8029301146,"value":3.8029301146,"CenCVar":0,"CenQgen":0},{"id":1224.0,"time":15,"bus_id":12,"name":"TIERRA_FV","CenPgen":3.8022893066,"value":3.8022893066,"CenCVar":0,"CenQgen":0},{"id":1224.0,"time":16,"bus_id":12,"name":"TIERRA_FV","CenPgen":3.8017235108,"value":3.8017235108,"CenCVar":0,"CenQgen":0},{"id":1224.0,"time":17,"bus_id":12,"name":"TIERRA_FV","CenPgen":3.0337268066,"value":3.0337268066,"CenCVar":0,"CenQgen":0},{"id":1224.0,"time":18,"bus_id":12,"name":"TIERRA_FV","CenPgen":0.5358300333,"value":0.5358300333,"CenCVar":0,"CenQgen":0},{"id":1224.0,"time":19,"bus_id":12,"name":"TIERRA_FV","CenPgen":0.0011805158,"value":0.0011805158,"CenCVar":0,"CenQgen":0},{"id":1224.0,"time":20,"bus_id":12,"name":"TIERRA_FV","CenPgen":0.0,"value":0.0,"CenCVar":0,"CenQgen":0},{"id":1224.0,"time":21,"bus_id":12,"name":"TIERRA_FV","CenPgen":0.0,"value":0.0,"CenCVar":0,"CenQgen":0},{"id":1224.0,"time":22,"bus_id":12,"name":"TIERRA_FV","CenPgen":0.0,"value":0.0,"CenCVar":0,"CenQgen":0},{"id":1224.0,"time":23,"bus_id":12,"name":"TIERRA_FV","CenPgen":0.0,"value":0.0,"CenCVar":0,"CenQgen":0},{"id":1224.0,"time":24,"bus_id":12,"name":"TIERRA_FV","CenPgen":0.0,"value":0.0,"CenCVar":0,"CenQgen":0},{"id":1224.0,"time":25,"bus_id":12,"name":"TIERRA_FV","CenPgen":0.0,"value":0.0,"CenCVar":0,"CenQgen":0},{"id":1224.0,"time":26,"bus_id":12,"name":"TIERRA_FV","CenPgen":0.0,"value":0.0,"CenCVar":0,"CenQgen":0},{"id":1224.0,"time":27,"bus_id":12,"name":"TIERRA_FV","CenPgen":0.0,"value":0.0,"CenCVar":0,"CenQgen":0},{"id":1224.0,"time":28,"bus_id":12,"name":"TIERRA_FV","CenPgen":0.0,"value":0.0,"CenCVar":0,"CenQgen":0},{"id":1224.0,"time":29,"bus_id":12,"name":"TIERRA_FV","CenPgen":0.0,"value":0.0,"CenCVar":0,"CenQgen":0},{"id":1224.0,"time":30,"bus_id":12,"name":"TIERRA_FV","CenPgen":0.0,"value":0.0,"CenCVar":0,"CenQgen":0},{"id":1224.0,"time":31,"bus_id":12,"name":"TIERRA_FV","CenPgen":0.0,"value":0.0,"CenCVar":0,"CenQgen":0},{"id":1224.0,"time":32,"bus_id":12,"name":"TIERRA_FV","CenPgen":0.0311283655,"value":0.0311283655,"CenCVar":0,"CenQgen":0},{"id":1224.0,"time":33,"bus_id":12,"name":"TIERRA_FV","CenPgen":1.4435074691,"value":1.4435074691,"CenCVar":0,"CenQgen":0},{"id":1224.0,"time":34,"bus_id":12,"name":"TIERRA_FV","CenPgen":3.3457093506,"value":3.3457093506,"CenCVar":0,"CenQgen":0},{"id":1224.0,"time":35,"bus_id":12,"name":"TIERRA_FV","CenPgen":3.8021672973,"value":3.8021672973,"CenCVar":0,"CenQgen":0},{"id":1224.0,"time":36,"bus_id":12,"name":"TIERRA_FV","CenPgen":3.798427714,"value":3.798427714,"CenCVar":0,"CenQgen":0},{"id":1224.0,"time":37,"bus_id":12,"name":"TIERRA_FV","CenPgen":3.798427714,"value":3.798427714,"CenCVar":0,"CenQgen":0},{"id":1224.0,"time":38,"bus_id":12,"name":"TIERRA_FV","CenPgen":3.798427714,"value":3.798427714,"CenCVar":0,"CenQgen":0},{"id":1224.0,"time":39,"bus_id":12,"name":"TIERRA_FV","CenPgen":3.8007233277,"value":3.8007233277,"CenCVar":0,"CenQgen":0},{"id":1224.0,"time":40,"bus_id":12,"name":"TIERRA_FV","CenPgen":3.8007007446,"value":3.8007007446,"CenCVar":0,"CenQgen":0},{"id":1224.0,"time":41,"bus_id":12,"name":"TIERRA_FV","CenPgen":3.1442495726,"value":3.1442495726,"CenCVar":0,"CenQgen":0},{"id":1224.0,"time":42,"bus_id":12,"name":"TIERRA_FV","CenPgen":0.5503101483,"value":0.5503101483,"CenCVar":0,"CenQgen":0},{"id":1224.0,"time":43,"bus_id":12,"name":"TIERRA_FV","CenPgen":0.0003837024,"value":0.0003837024,"CenCVar":0,"CenQgen":0},{"id":1224.0,"time":44,"bus_id":12,"name":"TIERRA_FV","CenPgen":0.0,"value":0.0,"CenCVar":0,"CenQgen":0},{"id":1224.0,"time":45,"bus_id":12,"name":"TIERRA_FV","CenPgen":0.0,"value":0.0,"CenCVar":0,"CenQgen":0},{"id":1224.0,"time":46,"bus_id":12,"name":"TIERRA_FV","CenPgen":0.0,"value":0.0,"CenCVar":0,"CenQgen":0},{"id":1224.0,"time":47,"bus_id":12,"name":"TIERRA_FV","CenPgen":0.0,"value":0.0,"CenCVar":0,"CenQgen":0},{"id":1224.0,"time":48,"bus_id":12,"name":"TIERRA_FV","CenPgen":0.0,"value":0.0,"CenCVar":0,"CenQgen":0},{"id":1224.0,"time":49,"bus_id":12,"name":"TIERRA_FV","CenPgen":0.0,"value":0.0,"CenCVar":0,"CenQgen":0},{"id":1224.0,"time":50,"bus_id":12,"name":"TIERRA_FV","CenPgen":0.0,"value":0.0,"CenCVar":0,"CenQgen":0},{"id":1224.0,"time":51,"bus_id":12,"name":"TIERRA_FV","CenPgen":0.0,"value":0.0,"CenCVar":0,"CenQgen":0},{"id":1224.0,"time":52,"bus_id":12,"name":"TIERRA_FV","CenPgen":0.0,"value":0.0,"CenCVar":0,"CenQgen":0},{"id":1224.0,"time":53,"bus_id":12,"name":"TIERRA_FV","CenPgen":0.0,"value":0.0,"CenCVar":0,"CenQgen":0},{"id":1224.0,"time":54,"bus_id":12,"name":"TIERRA_FV","CenPgen":0.0,"value":0.0,"CenCVar":0,"CenQgen":0},{"id":1224.0,"time":55,"bus_id":12,"name":"TIERRA_FV","CenPgen":0.0,"value":0.0,"CenCVar":0,"CenQgen":0},{"id":1224.0,"time":56,"bus_id":12,"name":"TIERRA_FV","CenPgen":0.0651803093,"value":0.0651803093,"CenCVar":0,"CenQgen":0},{"id":1224.0,"time":57,"bus_id":12,"name":"TIERRA_FV","CenPgen":1.3978300476,"value":1.3978300476,"CenCVar":0,"CenQgen":0},{"id":1224.0,"time":58,"bus_id":12,"name":"TIERRA_FV","CenPgen":2.5647033692,"value":2.5647033692,"CenCVar":0,"CenQgen":0},{"id":1224.0,"time":59,"bus_id":12,"name":"TIERRA_FV","CenPgen":3.5804881439,"value":3.5804881439,"CenCVar":0,"CenQgen":0},{"id":1224.0,"time":60,"bus_id":12,"name":"TIERRA_FV","CenPgen":3.5804881439,"value":3.5804881439,"CenCVar":0,"CenQgen":0},{"id":1224.0,"time":61,"bus_id":12,"name":"TIERRA_FV","CenPgen":3.5804881439,"value":3.5804881439,"CenCVar":0,"CenQgen":0},{"id":1224.0,"time":62,"bus_id":12,"name":"TIERRA_FV","CenPgen":3.5804881439,"value":3.5804881439,"CenCVar":0,"CenQgen":0},{"id":1224.0,"time":63,"bus_id":12,"name":"TIERRA_FV","CenPgen":3.7672666626,"value":3.7672666626,"CenCVar":0,"CenQgen":0},{"id":1224.0,"time":64,"bus_id":12,"name":"TIERRA_FV","CenPgen":3.3672752686,"value":3.3672752686,"CenCVar":0,"CenQgen":0},{"id":1224.0,"time":65,"bus_id":12,"name":"TIERRA_FV","CenPgen":1.5400279846,"value":1.5400279846,"CenCVar":0,"CenQgen":0},{"id":1224.0,"time":66,"bus_id":12,"name":"TIERRA_FV","CenPgen":0.3003469363,"value":0.3003469363,"CenCVar":0,"CenQgen":0},{"id":1224.0,"time":67,"bus_id":12,"name":"TIERRA_FV","CenPgen":0.0000673655,"value":0.0000673655,"CenCVar":0,"CenQgen":0},{"id":1224.0,"time":68,"bus_id":12,"name":"TIERRA_FV","CenPgen":0.0,"value":0.0,"CenCVar":0,"CenQgen":0},{"id":1224.0,"time":69,"bus_id":12,"name":"TIERRA_FV","CenPgen":0.0,"value":0.0,"CenCVar":0,"CenQgen":0},{"id":1224.0,"time":70,"bus_id":12,"name":"TIERRA_FV","CenPgen":0.0,"value":0.0,"CenCVar":0,"CenQgen":0},{"id":1224.0,"time":71,"bus_id":12,"name":"TIERRA_FV","CenPgen":0.0,"value":0.0,"CenCVar":0,"CenQgen":0},{"id":1224.0,"time":72,"bus_id":12,"name":"TIERRA_FV","CenPgen":0.0,"value":0.0,"CenCVar":0,"CenQgen":0},{"id":1224.0,"time":73,"bus_id":12,"name":"TIERRA_FV","CenPgen":0.0,"value":0.0,"CenCVar":0,"CenQgen":0},{"id":1224.0,"time":74,"bus_id":12,"name":"TIERRA_FV","CenPgen":0.0,"value":0.0,"CenCVar":0,"CenQgen":0},{"id":1224.0,"time":75,"bus_id":12,"name":"TIERRA_FV","CenPgen":0.0,"value":0.0,"CenCVar":0,"CenQgen":0},{"id":1224.0,"time":76,"bus_id":12,"name":"TIERRA_FV","CenPgen":0.0,"value":0.0,"CenCVar":0,"CenQgen":0},{"id":1224.0,"time":77,"bus_id":12,"name":"TIERRA_FV","CenPgen":0.0,"value":0.0,"CenCVar":0,"CenQgen":0},{"id":1224.0,"time":78,"bus_id":12,"name":"TIERRA_FV","CenPgen":0.0,"value":0.0,"CenCVar":0,"CenQgen":0},{"id":1224.0,"time":79,"bus_id":12,"name":"TIERRA_FV","CenPgen":0.0,"value":0.0,"CenCVar":0,"CenQgen":0},{"id":1224.0,"time":80,"bus_id":12,"name":"TIERRA_FV","CenPgen":0.0064898386,"value":0.0064898386,"CenCVar":0,"CenQgen":0},{"id":1224.0,"time":81,"bus_id":12,"name":"TIERRA_FV","CenPgen":0.295463436,"value":0.295463436,"CenCVar":0,"CenQgen":0},{"id":1224.0,"time":82,"bus_id":12,"name":"TIERRA_FV","CenPgen":0.563843895,"value":0.563843895,"CenCVar":0,"CenQgen":0},{"id":1224.0,"time":83,"bus_id":12,"name":"TIERRA_FV","CenPgen":1.6870916443,"value":1.6870916443,"CenCVar":0,"CenQgen":0},{"id":1224.0,"time":84,"bus_id":12,"name":"TIERRA_FV","CenPgen":1.6870916443,"value":1.6870916443,"CenCVar":0,"CenQgen":0},{"id":1224.0,"time":85,"bus_id":12,"name":"TIERRA_FV","CenPgen":3.6404789886,"value":3.6404789886,"CenCVar":0,"CenQgen":0},{"id":1224.0,"time":86,"bus_id":12,"name":"TIERRA_FV","CenPgen":3.6404789886,"value":3.6404789886,"CenCVar":0,"CenQgen":0},{"id":1224.0,"time":87,"bus_id":12,"name":"TIERRA_FV","CenPgen":3.6404789886,"value":3.6404789886,"CenCVar":0,"CenQgen":0},{"id":1224.0,"time":88,"bus_id":12,"name":"TIERRA_FV","CenPgen":3.6404789886,"value":3.6404789886,"CenCVar":0,"CenQgen":0},{"id":1224.0,"time":89,"bus_id":12,"name":"TIERRA_FV","CenPgen":1.7989537034,"value":1.7989537034,"CenCVar":0,"CenQgen":0},{"id":1224.0,"time":90,"bus_id":12,"name":"TIERRA_FV","CenPgen":1.7989537034,"value":1.7989537034,"CenCVar":0,"CenQgen":0},{"id":1224.0,"time":91,"bus_id":12,"name":"TIERRA_FV","CenPgen":0.0000383222,"value":0.0000383222,"CenCVar":0,"CenQgen":0},{"id":1224.0,"time":92,"bus_id":12,"name":"TIERRA_FV","CenPgen":0.0,"value":0.0,"CenCVar":0,"CenQgen":0},{"id":1224.0,"time":93,"bus_id":12,"name":"TIERRA_FV","CenPgen":0.0,"value":0.0,"CenCVar":0,"CenQgen":0},{"id":1224.0,"time":94,"bus_id":12,"name":"TIERRA_FV","CenPgen":0.0,"value":0.0,"CenCVar":0,"CenQgen":0},{"id":1224.0,"time":95,"bus_id":12,"name":"TIERRA_FV","CenPgen":0.0,"value":0.0,"CenCVar":0,"CenQgen":0},{"id":1224.0,"time":96,"bus_id":12,"name":"TIERRA_FV","CenPgen":0.0,"value":0.0,"CenCVar":0,"CenQgen":0},{"id":1224.0,"time":97,"bus_id":12,"name":"TIERRA_FV","CenPgen":0.0,"value":0.0,"CenCVar":0,"CenQgen":0},{"id":1224.0,"time":98,"bus_id":12,"name":"TIERRA_FV","CenPgen":0.0,"value":0.0,"CenCVar":0,"CenQgen":0},{"id":1224.0,"time":99,"bus_id":12,"name":"TIERRA_FV","CenPgen":0.0,"value":0.0,"CenCVar":0,"CenQgen":0},{"id":1224.0,"time":100,"bus_id":12,"name":"TIERRA_FV","CenPgen":0.0,"value":0.0,"CenCVar":0,"CenQgen":0},{"id":1224.0,"time":101,"bus_id":12,"name":"TIERRA_FV","CenPgen":0.0,"value":0.0,"CenCVar":0,"CenQgen":0},{"id":1224.0,"time":102,"bus_id":12,"name":"TIERRA_FV","CenPgen":0.0,"value":0.0,"CenCVar":0,"CenQgen":0},{"id":1224.0,"time":103,"bus_id":12,"name":"TIERRA_FV","CenPgen":0.0,"value":0.0,"CenCVar":0,"CenQgen":0},{"id":1224.0,"time":104,"bus_id":12,"name":"TIERRA_FV","CenPgen":0.0,"value":0.0,"CenCVar":0,"CenQgen":0},{"id":1224.0,"time":105,"bus_id":12,"name":"TIERRA_FV","CenPgen":0.0,"value":0.0,"CenCVar":0,"CenQgen":0},{"id":1224.0,"time":106,"bus_id":12,"name":"TIERRA_FV","CenPgen":0.0,"value":0.0,"CenCVar":0,"CenQgen":0},{"id":1224.0,"time":107,"bus_id":12,"name":"TIERRA_FV","CenPgen":0.0,"value":0.0,"CenCVar":0,"CenQgen":0},{"id":1224.0,"time":108,"bus_id":12,"name":"TIERRA_FV","CenPgen":0.0,"value":0.0,"CenCVar":0,"CenQgen":0},{"id":1224.0,"time":109,"bus_id":12,"name":"TIERRA_FV","CenPgen":0.0,"value":0.0,"CenCVar":0,"CenQgen":0},{"id":1224.0,"time":110,"bus_id":12,"name":"TIERRA_FV","CenPgen":0.0,"value":0.0,"CenCVar":0,"CenQgen":0},{"id":1224.0,"time":111,"bus_id":12,"name":"TIERRA_FV","CenPgen":0.0,"value":0.0,"CenCVar":0,"CenQgen":0},{"id":1224.0,"time":112,"bus_id":12,"name":"TIERRA_FV","CenPgen":0.0,"value":0.0,"CenCVar":0,"CenQgen":0},{"id":1224.0,"time":113,"bus_id":12,"name":"TIERRA_FV","CenPgen":0.0,"value":0.0,"CenCVar":0,"CenQgen":0},{"id":1224.0,"time":114,"bus_id":12,"name":"TIERRA_FV","CenPgen":0.0,"value":0.0,"CenCVar":0,"CenQgen":0},{"id":1224.0,"time":115,"bus_id":12,"name":"TIERRA_FV","CenPgen":0.0,"value":0.0,"CenCVar":0,"CenQgen":0},{"id":1224.0,"time":116,"bus_id":12,"name":"TIERRA_FV","CenPgen":0.0,"value":0.0,"CenCVar":0,"CenQgen":0},{"id":1224.0,"time":117,"bus_id":12,"name":"TIERRA_FV","CenPgen":0.0,"value":0.0,"CenCVar":0,"CenQgen":0},{"id":1224.0,"time":118,"bus_id":12,"name":"TIERRA_FV","CenPgen":0.0,"value":0.0,"CenCVar":0,"CenQgen":0},{"id":1224.0,"time":119,"bus_id":12,"name":"TIERRA_FV","CenPgen":0.0,"value":0.0,"CenCVar":0,"CenQgen":0},{"id":1224.0,"time":120,"bus_id":12,"name":"TIERRA_FV","CenPgen":0.0,"value":0.0,"CenCVar":0,"CenQgen":0},{"id":1224.0,"time":121,"bus_id":12,"name":"TIERRA_FV","CenPgen":0.0,"value":0.0,"CenCVar":0,"CenQgen":0},{"id":1224.0,"time":122,"bus_id":12,"name":"TIERRA_FV","CenPgen":0.0,"value":0.0,"CenCVar":0,"CenQgen":0},{"id":1224.0,"time":123,"bus_id":12,"name":"TIERRA_FV","CenPgen":0.0,"value":0.0,"CenCVar":0,"CenQgen":0},{"id":1224.0,"time":124,"bus_id":12,"name":"TIERRA_FV","CenPgen":0.0,"value":0.0,"CenCVar":0,"CenQgen":0},{"id":1224.0,"time":125,"bus_id":12,"name":"TIERRA_FV","CenPgen":0.0,"value":0.0,"CenCVar":0,"CenQgen":0},{"id":1224.0,"time":126,"bus_id":12,"name":"TIERRA_FV","CenPgen":0.0,"value":0.0,"CenCVar":0,"CenQgen":0},{"id":1224.0,"time":127,"bus_id":12,"name":"TIERRA_FV","CenPgen":0.0,"value":0.0,"CenCVar":0,"CenQgen":0},{"id":1224.0,"time":128,"bus_id":12,"name":"TIERRA_FV","CenPgen":0.027137563,"value":0.027137563,"CenCVar":0,"CenQgen":0},{"id":1224.0,"time":129,"bus_id":12,"name":"TIERRA_FV","CenPgen":0.4300952147,"value":0.4300952147,"CenCVar":0,"CenQgen":0},{"id":1224.0,"time":130,"bus_id":12,"name":"TIERRA_FV","CenPgen":1.0203032684,"value":1.0203032684,"CenCVar":0,"CenQgen":0},{"id":1224.0,"time":131,"bus_id":12,"name":"TIERRA_FV","CenPgen":2.2048242492,"value":2.2048242492,"CenCVar":0,"CenQgen":0},{"id":1224.0,"time":132,"bus_id":12,"name":"TIERRA_FV","CenPgen":2.2048242492,"value":2.2048242492,"CenCVar":0,"CenQgen":0},{"id":1224.0,"time":133,"bus_id":12,"name":"TIERRA_FV","CenPgen":2.2048242492,"value":2.2048242492,"CenCVar":0,"CenQgen":0},{"id":1224.0,"time":134,"bus_id":12,"name":"TIERRA_FV","CenPgen":2.2048242492,"value":2.2048242492,"CenCVar":0,"CenQgen":0},{"id":1224.0,"time":135,"bus_id":12,"name":"TIERRA_FV","CenPgen":2.2048242492,"value":2.2048242492,"CenCVar":0,"CenQgen":0},{"id":1224.0,"time":136,"bus_id":12,"name":"TIERRA_FV","CenPgen":1.9180214234,"value":1.9180214234,"CenCVar":0,"CenQgen":0},{"id":1224.0,"time":137,"bus_id":12,"name":"TIERRA_FV","CenPgen":0.8051699195,"value":0.8051699195,"CenCVar":0,"CenQgen":0},{"id":1224.0,"time":138,"bus_id":12,"name":"TIERRA_FV","CenPgen":0.8051699195,"value":0.8051699195,"CenCVar":0,"CenQgen":0},{"id":1224.0,"time":139,"bus_id":12,"name":"TIERRA_FV","CenPgen":0.0,"value":0.0,"CenCVar":0,"CenQgen":0},{"id":1224.0,"time":140,"bus_id":12,"name":"TIERRA_FV","CenPgen":0.0,"value":0.0,"CenCVar":0,"CenQgen":0},{"id":1224.0,"time":141,"bus_id":12,"name":"TIERRA_FV","CenPgen":0.0,"value":0.0,"CenCVar":0,"CenQgen":0},{"id":1224.0,"time":142,"bus_id":12,"name":"TIERRA_FV","CenPgen":0.0,"value":0.0,"CenCVar":0,"CenQgen":0},{"id":1224.0,"time":143,"bus_id":12,"name":"TIERRA_FV","CenPgen":0.0,"value":0.0,"CenCVar":0,"CenQgen":0},{"id":1224.0,"time":144,"bus_id":12,"name":"TIERRA_FV","CenPgen":0.0,"value":0.0,"CenCVar":0,"CenQgen":0},{"id":1224.0,"time":145,"bus_id":12,"name":"TIERRA_FV","CenPgen":0.0,"value":0.0,"CenCVar":0,"CenQgen":0},{"id":1224.0,"time":146,"bus_id":12,"name":"TIERRA_FV","CenPgen":0.0,"value":0.0,"CenCVar":0,"CenQgen":0},{"id":1224.0,"time":147,"bus_id":12,"name":"TIERRA_FV","CenPgen":0.0,"value":0.0,"CenCVar":0,"CenQgen":0},{"id":1224.0,"time":148,"bus_id":12,"name":"TIERRA_FV","CenPgen":0.0,"value":0.0,"CenCVar":0,"CenQgen":0},{"id":1224.0,"time":149,"bus_id":12,"name":"TIERRA_FV","CenPgen":0.0,"value":0.0,"CenCVar":0,"CenQgen":0},{"id":1224.0,"time":150,"bus_id":12,"name":"TIERRA_FV","CenPgen":0.0,"value":0.0,"CenCVar":0,"CenQgen":0},{"id":1224.0,"time":151,"bus_id":12,"name":"TIERRA_FV","CenPgen":0.0,"value":0.0,"CenCVar":0,"CenQgen":0},{"id":1224.0,"time":152,"bus_id":12,"name":"TIERRA_FV","CenPgen":0.0214065022,"value":0.0214065022,"CenCVar":0,"CenQgen":0},{"id":1224.0,"time":153,"bus_id":12,"name":"TIERRA_FV","CenPgen":1.386902153,"value":1.386902153,"CenCVar":0,"CenQgen":0},{"id":1224.0,"time":154,"bus_id":12,"name":"TIERRA_FV","CenPgen":3.7764685669,"value":3.7764685669,"CenCVar":0,"CenQgen":0},{"id":1224.0,"time":155,"bus_id":12,"name":"TIERRA_FV","CenPgen":3.7764685669,"value":3.7764685669,"CenCVar":0,"CenQgen":0},{"id":1224.0,"time":156,"bus_id":12,"name":"TIERRA_FV","CenPgen":3.7764685669,"value":3.7764685669,"CenCVar":0,"CenQgen":0},{"id":1224.0,"time":157,"bus_id":12,"name":"TIERRA_FV","CenPgen":3.798965149,"value":3.798965149,"CenCVar":0,"CenQgen":0},{"id":1224.0,"time":158,"bus_id":12,"name":"TIERRA_FV","CenPgen":3.7384438273,"value":3.7384438273,"CenCVar":0,"CenQgen":0},{"id":1224.0,"time":159,"bus_id":12,"name":"TIERRA_FV","CenPgen":3.7384438273,"value":3.7384438273,"CenCVar":0,"CenQgen":0},{"id":1224.0,"time":160,"bus_id":12,"name":"TIERRA_FV","CenPgen":3.7384438273,"value":3.7384438273,"CenCVar":0,"CenQgen":0},{"id":1224.0,"time":161,"bus_id":12,"name":"TIERRA_FV","CenPgen":0.9491133299,"value":0.9491133299,"CenCVar":0,"CenQgen":0},{"id":1224.0,"time":162,"bus_id":12,"name":"TIERRA_FV","CenPgen":0.9491133299,"value":0.9491133299,"CenCVar":0,"CenQgen":0},{"id":1224.0,"time":163,"bus_id":12,"name":"TIERRA_FV","CenPgen":0.9491133299,"value":0.9491133299,"CenCVar":0,"CenQgen":0},{"id":1224.0,"time":164,"bus_id":12,"name":"TIERRA_FV","CenPgen":0.0,"value":0.0,"CenCVar":0,"CenQgen":0},{"id":1224.0,"time":165,"bus_id":12,"name":"TIERRA_FV","CenPgen":0.0,"value":0.0,"CenCVar":0,"CenQgen":0},{"id":1224.0,"time":166,"bus_id":12,"name":"TIERRA_FV","CenPgen":0.0,"value":0.0,"CenCVar":0,"CenQgen":0},{"id":1224.0,"time":167,"bus_id":12,"name":"TIERRA_FV","CenPgen":0.0,"value":0.0,"CenCVar":0,"CenQgen":0},{"id":1224.0,"time":168,"bus_id":12,"name":"TIERRA_FV","CenPgen":0.0,"value":0.0,"CenCVar":0,"CenQgen":0}]