[{"id":1209.0,"time":1,"bus_id":183,"name":"AROMO_VERANO_FV","CenPgen":0.0,"value":0.0,"CenCVar":0,"CenQgen":0},{"id":1209.0,"time":2,"bus_id":183,"name":"AROMO_VERANO_FV","CenPgen":0.0,"value":0.0,"CenCVar":0,"CenQgen":0},{"id":1209.0,"time":3,"bus_id":183,"name":"AROMO_VERANO_FV","CenPgen":0.0,"value":0.0,"CenCVar":0,"CenQgen":0},{"id":1209.0,"time":4,"bus_id":183,"name":"AROMO_VERANO_FV","CenPgen":0.0,"value":0.0,"CenCVar":0,"CenQgen":0},{"id":1209.0,"time":5,"bus_id":183,"name":"AROMO_VERANO_FV","CenPgen":0.0,"value":0.0,"CenCVar":0,"CenQgen":0},{"id":1209.0,"time":6,"bus_id":183,"name":"AROMO_VERANO_FV","CenPgen":0.0,"value":0.0,"CenCVar":0,"CenQgen":0},{"id":1209.0,"time":7,"bus_id":183,"name":"AROMO_VERANO_FV","CenPgen":0.0,"value":0.0,"CenCVar":0,"CenQgen":0},{"id":1209.0,"time":8,"bus_id":183,"name":"AROMO_VERANO_FV","CenPgen":0.0049723786,"value":0.0049723786,"CenCVar":0,"CenQgen":0},{"id":1209.0,"time":9,"bus_id":183,"name":"AROMO_VERANO_FV","CenPgen":0.30342057,"value":0.30342057,"CenCVar":0,"CenQgen":0},{"id":1209.0,"time":10,"bus_id":183,"name":"AROMO_VERANO_FV","CenPgen":0.9170465698,"value":0.9170465698,"CenCVar":0,"CenQgen":0},{"id":1209.0,"time":11,"bus_id":183,"name":"AROMO_VERANO_FV","CenPgen":1.03371217,"value":1.03371217,"CenCVar":0,"CenQgen":0},{"id":1209.0,"time":12,"bus_id":183,"name":"AROMO_VERANO_FV","CenPgen":1.4056408081,"value":1.4056408081,"CenCVar":0,"CenQgen":0},{"id":1209.0,"time":13,"bus_id":183,"name":"AROMO_VERANO_FV","CenPgen":1.46661264,"value":1.46661264,"CenCVar":0,"CenQgen":0},{"id":1209.0,"time":14,"bus_id":183,"name":"AROMO_VERANO_FV","CenPgen":1.70094299,"value":1.70094299,"CenCVar":0,"CenQgen":0},{"id":1209.0,"time":15,"bus_id":183,"name":"AROMO_VERANO_FV","CenPgen":1.74667761,"value":1.74667761,"CenCVar":0,"CenQgen":0},{"id":1209.0,"time":16,"bus_id":183,"name":"AROMO_VERANO_FV","CenPgen":1.7003483887,"value":1.7003483887,"CenCVar":0,"CenQgen":0},{"id":1209.0,"time":17,"bus_id":183,"name":"AROMO_VERANO_FV","CenPgen":0.85280659,"value":0.85280659,"CenCVar":0,"CenQgen":0},{"id":1209.0,"time":18,"bus_id":183,"name":"AROMO_VERANO_FV","CenPgen":0.1213928897,"value":0.1213928897,"CenCVar":0,"CenQgen":0},{"id":1209.0,"time":19,"bus_id":183,"name":"AROMO_VERANO_FV","CenPgen":0.00000257,"value":0.00000257,"CenCVar":0,"CenQgen":0},{"id":1209.0,"time":20,"bus_id":183,"name":"AROMO_VERANO_FV","CenPgen":0.0,"value":0.0,"CenCVar":0,"CenQgen":0},{"id":1209.0,"time":21,"bus_id":183,"name":"AROMO_VERANO_FV","CenPgen":0.0,"value":0.0,"CenCVar":0,"CenQgen":0},{"id":1209.0,"time":22,"bus_id":183,"name":"AROMO_VERANO_FV","CenPgen":0.0,"value":0.0,"CenCVar":0,"CenQgen":0},{"id":1209.0,"time":23,"bus_id":183,"name":"AROMO_VERANO_FV","CenPgen":0.0,"value":0.0,"CenCVar":0,"CenQgen":0},{"id":1209.0,"time":24,"bus_id":183,"name":"AROMO_VERANO_FV","CenPgen":0.0,"value":0.0,"CenCVar":0,"CenQgen":0},{"id":1209.0,"time":25,"bus_id":183,"name":"AROMO_VERANO_FV","CenPgen":0.0,"value":0.0,"CenCVar":0,"CenQgen":0},{"id":1209.0,"time":26,"bus_id":183,"name":"AROMO_VERANO_FV","CenPgen":0.0,"value":0.0,"CenCVar":0,"CenQgen":0},{"id":1209.0,"time":27,"bus_id":183,"name":"AROMO_VERANO_FV","CenPgen":0.0,"value":0.0,"CenCVar":0,"CenQgen":0},{"id":1209.0,"time":28,"bus_id":183,"name":"AROMO_VERANO_FV","CenPgen":0.0,"value":0.0,"CenCVar":0,"CenQgen":0},{"id":1209.0,"time":29,"bus_id":183,"name":"AROMO_VERANO_FV","CenPgen":0.0,"value":0.0,"CenCVar":0,"CenQgen":0},{"id":1209.0,"time":30,"bus_id":183,"name":"AROMO_VERANO_FV","CenPgen":0.0,"value":0.0,"CenCVar":0,"CenQgen":0},{"id":1209.0,"time":31,"bus_id":183,"name":"AROMO_VERANO_FV","CenPgen":0.0,"value":0.0,"CenCVar":0,"CenQgen":0},{"id":1209.0,"time":32,"bus_id":183,"name":"AROMO_VERANO_FV","CenPgen":0.00328394,"value":0.00328394,"CenCVar":0,"CenQgen":0},{"id":1209.0,"time":33,"bus_id":183,"name":"AROMO_VERANO_FV","CenPgen":0.09177266,"value":0.09177266,"CenCVar":0,"CenQgen":0},{"id":1209.0,"time":34,"bus_id":183,"name":"AROMO_VERANO_FV","CenPgen":0.285594,"value":0.285594,"CenCVar":0,"CenQgen":0},{"id":1209.0,"time":35,"bus_id":183,"name":"AROMO_VERANO_FV","CenPgen":0.3401674958,"value":0.3401674958,"CenCVar":0,"CenQgen":0},{"id":1209.0,"time":36,"bus_id":183,"name":"AROMO_VERANO_FV","CenPgen":0.3648339284,"value":0.3648339284,"CenCVar":0,"CenQgen":0},{"id":1209.0,"time":37,"bus_id":183,"name":"AROMO_VERANO_FV","CenPgen":0.3648339284,"value":0.3648339284,"CenCVar":0,"CenQgen":0},{"id":1209.0,"time":38,"bus_id":183,"name":"AROMO_VERANO_FV","CenPgen":0.3648339284,"value":0.3648339284,"CenCVar":0,"CenQgen":0},{"id":1209.0,"time":39,"bus_id":183,"name":"AROMO_VERANO_FV","CenPgen":0.321177475,"value":0.321177475,"CenCVar":0,"CenQgen":0},{"id":1209.0,"time":40,"bus_id":183,"name":"AROMO_VERANO_FV","CenPgen":0.2217360078,"value":0.2217360078,"CenCVar":0,"CenQgen":0},{"id":1209.0,"time":41,"bus_id":183,"name":"AROMO_VERANO_FV","CenPgen":0.14104129,"value":0.14104129,"CenCVar":0,"CenQgen":0},{"id":1209.0,"time":42,"bus_id":183,"name":"AROMO_VERANO_FV","CenPgen":0.04548843,"value":0.04548843,"CenCVar":0,"CenQgen":0},{"id":1209.0,"time":43,"bus_id":183,"name":"AROMO_VERANO_FV","CenPgen":0.0002759871,"value":0.0002759871,"CenCVar":0,"CenQgen":0},{"id":1209.0,"time":44,"bus_id":183,"name":"AROMO_VERANO_FV","CenPgen":0.0,"value":0.0,"CenCVar":0,"CenQgen":0},{"id":1209.0,"time":45,"bus_id":183,"name":"AROMO_VERANO_FV","CenPgen":0.0,"value":0.0,"CenCVar":0,"CenQgen":0},{"id":1209.0,"time":46,"bus_id":183,"name":"AROMO_VERANO_FV","CenPgen":0.0,"value":0.0,"CenCVar":0,"CenQgen":0},{"id":1209.0,"time":47,"bus_id":183,"name":"AROMO_VERANO_FV","CenPgen":0.0,"value":0.0,"CenCVar":0,"CenQgen":0},{"id":1209.0,"time":48,"bus_id":183,"name":"AROMO_VERANO_FV","CenPgen":0.0,"value":0.0,"CenCVar":0,"CenQgen":0},{"id":1209.0,"time":49,"bus_id":183,"name":"AROMO_VERANO_FV","CenPgen":0.0,"value":0.0,"CenCVar":0,"CenQgen":0},{"id":1209.0,"time":50,"bus_id":183,"name":"AROMO_VERANO_FV","CenPgen":0.0,"value":0.0,"CenCVar":0,"CenQgen":0},{"id":1209.0,"time":51,"bus_id":183,"name":"AROMO_VERANO_FV","CenPgen":0.0,"value":0.0,"CenCVar":0,"CenQgen":0},{"id":1209.0,"time":52,"bus_id":183,"name":"AROMO_VERANO_FV","CenPgen":0.0,"value":0.0,"CenCVar":0,"CenQgen":0},{"id":1209.0,"time":53,"bus_id":183,"name":"AROMO_VERANO_FV","CenPgen":0.0,"value":0.0,"CenCVar":0,"CenQgen":0},{"id":1209.0,"time":54,"bus_id":183,"name":"AROMO_VERANO_FV","CenPgen":0.0,"value":0.0,"CenCVar":0,"CenQgen":0},{"id":1209.0,"time":55,"bus_id":183,"name":"AROMO_VERANO_FV","CenPgen":0.0,"value":0.0,"CenCVar":0,"CenQgen":0},{"id":1209.0,"time":56,"bus_id":183,"name":"AROMO_VERANO_FV","CenPgen":0.0,"value":0.0,"CenCVar":0,"CenQgen":0},{"id":1209.0,"time":57,"bus_id":183,"name":"AROMO_VERANO_FV","CenPgen":0.0060938181,"value":0.0060938181,"CenCVar":0,"CenQgen":0},{"id":1209.0,"time":58,"bus_id":183,"name":"AROMO_VERANO_FV","CenPgen":0.03285948,"value":0.03285948,"CenCVar":0,"CenQgen":0},{"id":1209.0,"time":59,"bus_id":183,"name":"AROMO_VERANO_FV","CenPgen":0.42312463,"value":0.42312463,"CenCVar":0,"CenQgen":0},{"id":1209.0,"time":60,"bus_id":183,"name":"AROMO_VERANO_FV","CenPgen":0.42312463,"value":0.42312463,"CenCVar":0,"CenQgen":0},{"id":1209.0,"time":61,"bus_id":183,"name":"AROMO_VERANO_FV","CenPgen":0.42312463,"value":0.42312463,"CenCVar":0,"CenQgen":0},{"id":1209.0,"time":62,"bus_id":183,"name":"AROMO_VERANO_FV","CenPgen":0.42312463,"value":0.42312463,"CenCVar":0,"CenQgen":0},{"id":1209.0,"time":63,"bus_id":183,"name":"AROMO_VERANO_FV","CenPgen":0.63122428,"value":0.63122428,"CenCVar":0,"CenQgen":0},{"id":1209.0,"time":64,"bus_id":183,"name":"AROMO_VERANO_FV","CenPgen":0.3957688369,"value":0.3957688369,"CenCVar":0,"CenQgen":0},{"id":1209.0,"time":65,"bus_id":183,"name":"AROMO_VERANO_FV","CenPgen":0.42257546,"value":0.42257546,"CenCVar":0,"CenQgen":0},{"id":1209.0,"time":66,"bus_id":183,"name":"AROMO_VERANO_FV","CenPgen":0.04654669,"value":0.04654669,"CenCVar":0,"CenQgen":0},{"id":1209.0,"time":67,"bus_id":183,"name":"AROMO_VERANO_FV","CenPgen":0.0,"value":0.0,"CenCVar":0,"CenQgen":0},{"id":1209.0,"time":68,"bus_id":183,"name":"AROMO_VERANO_FV","CenPgen":0.0,"value":0.0,"CenCVar":0,"CenQgen":0},{"id":1209.0,"time":69,"bus_id":183,"name":"AROMO_VERANO_FV","CenPgen":0.0,"value":0.0,"CenCVar":0,"CenQgen":0},{"id":1209.0,"time":70,"bus_id":183,"name":"AROMO_VERANO_FV","CenPgen":0.0,"value":0.0,"CenCVar":0,"CenQgen":0},{"id":1209.0,"time":71,"bus_id":183,"name":"AROMO_VERANO_FV","CenPgen":0.0,"value":0.0,"CenCVar":0,"CenQgen":0},{"id":1209.0,"time":72,"bus_id":183,"name":"AROMO_VERANO_FV","CenPgen":0.0,"value":0.0,"CenCVar":0,"CenQgen":0},{"id":1209.0,"time":73,"bus_id":183,"name":"AROMO_VERANO_FV","CenPgen":0.0,"value":0.0,"CenCVar":0,"CenQgen":0},{"id":1209.0,"time":74,"bus_id":183,"name":"AROMO_VERANO_FV","CenPgen":0.0,"value":0.0,"CenCVar":0,"CenQgen":0},{"id":1209.0,"time":75,"bus_id":183,"name":"AROMO_VERANO_FV","CenPgen":0.0,"value":0.0,"CenCVar":0,"CenQgen":0},{"id":1209.0,"time":76,"bus_id":183,"name":"AROMO_VERANO_FV","CenPgen":0.0,"value":0.0,"CenCVar":0,"CenQgen":0},{"id":1209.0,"time":77,"bus_id":183,"name":"AROMO_VERANO_FV","CenPgen":0.0,"value":0.0,"CenCVar":0,"CenQgen":0},{"id":1209.0,"time":78,"bus_id":183,"name":"AROMO_VERANO_FV","CenPgen":0.0,"value":0.0,"CenCVar":0,"CenQgen":0},{"id":1209.0,"time":79,"bus_id":183,"name":"AROMO_VERANO_FV","CenPgen":0.0,"value":0.0,"CenCVar":0,"CenQgen":0},{"id":1209.0,"time":80,"bus_id":183,"name":"AROMO_VERANO_FV","CenPgen":0.00044801,"value":0.00044801,"CenCVar":0,"CenQgen":0},{"id":1209.0,"time":81,"bus_id":183,"name":"AROMO_VERANO_FV","CenPgen":0.0640352674,"value":0.0640352674,"CenCVar":0,"CenQgen":0},{"id":1209.0,"time":82,"bus_id":183,"name":"AROMO_VERANO_FV","CenPgen":0.1904707184,"value":0.1904707184,"CenCVar":0,"CenQgen":0},{"id":1209.0,"time":83,"bus_id":183,"name":"AROMO_VERANO_FV","CenPgen":0.31378115,"value":0.31378115,"CenCVar":0,"CenQgen":0},{"id":1209.0,"time":84,"bus_id":183,"name":"AROMO_VERANO_FV","CenPgen":0.31378115,"value":0.31378115,"CenCVar":0,"CenQgen":0},{"id":1209.0,"time":85,"bus_id":183,"name":"AROMO_VERANO_FV","CenPgen":0.290859839,"value":0.290859839,"CenCVar":0,"CenQgen":0},{"id":1209.0,"time":86,"bus_id":183,"name":"AROMO_VERANO_FV","CenPgen":0.290859839,"value":0.290859839,"CenCVar":0,"CenQgen":0},{"id":1209.0,"time":87,"bus_id":183,"name":"AROMO_VERANO_FV","CenPgen":0.290859839,"value":0.290859839,"CenCVar":0,"CenQgen":0},{"id":1209.0,"time":88,"bus_id":183,"name":"AROMO_VERANO_FV","CenPgen":0.290859839,"value":0.290859839,"CenCVar":0,"CenQgen":0},{"id":1209.0,"time":89,"bus_id":183,"name":"AROMO_VERANO_FV","CenPgen":0.0630123372,"value":0.0630123372,"CenCVar":0,"CenQgen":0},{"id":1209.0,"time":90,"bus_id":183,"name":"AROMO_VERANO_FV","CenPgen":0.0630123372,"value":0.0630123372,"CenCVar":0,"CenQgen":0},{"id":1209.0,"time":91,"bus_id":183,"name":"AROMO_VERANO_FV","CenPgen":0.0,"value":0.0,"CenCVar":0,"CenQgen":0},{"id":1209.0,"time":92,"bus_id":183,"name":"AROMO_VERANO_FV","CenPgen":0.0,"value":0.0,"CenCVar":0,"CenQgen":0},{"id":1209.0,"time":93,"bus_id":183,"name":"AROMO_VERANO_FV","CenPgen":0.0,"value":0.0,"CenCVar":0,"CenQgen":0},{"id":1209.0,"time":94,"bus_id":183,"name":"AROMO_VERANO_FV","CenPgen":0.0,"value":0.0,"CenCVar":0,"CenQgen":0},{"id":1209.0,"time":95,"bus_id":183,"name":"AROMO_VERANO_FV","CenPgen":0.0,"value":0.0,"CenCVar":0,"CenQgen":0},{"id":1209.0,"time":96,"bus_id":183,"name":"AROMO_VERANO_FV","CenPgen":0.0,"value":0.0,"CenCVar":0,"CenQgen":0},{"id":1209.0,"time":97,"bus_id":183,"name":"AROMO_VERANO_FV","CenPgen":0.0,"value":0.0,"CenCVar":0,"CenQgen":0},{"id":1209.0,"time":98,"bus_id":183,"name":"AROMO_VERANO_FV","CenPgen":0.0,"value":0.0,"CenCVar":0,"CenQgen":0},{"id":1209.0,"time":99,"bus_id":183,"name":"AROMO_VERANO_FV","CenPgen":0.0,"value":0.0,"CenCVar":0,"CenQgen":0},{"id":1209.0,"time":100,"bus_id":183,"name":"AROMO_VERANO_FV","CenPgen":0.0,"value":0.0,"CenCVar":0,"CenQgen":0},{"id":1209.0,"time":101,"bus_id":183,"name":"AROMO_VERANO_FV","CenPgen":0.008569268,"value":0.008569268,"CenCVar":0,"CenQgen":0},{"id":1209.0,"time":102,"bus_id":183,"name":"AROMO_VERANO_FV","CenPgen":0.008569268,"value":0.008569268,"CenCVar":0,"CenQgen":0},{"id":1209.0,"time":103,"bus_id":183,"name":"AROMO_VERANO_FV","CenPgen":0.008569268,"value":0.008569268,"CenCVar":0,"CenQgen":0},{"id":1209.0,"time":104,"bus_id":183,"name":"AROMO_VERANO_FV","CenPgen":0.008569268,"value":0.008569268,"CenCVar":0,"CenQgen":0},{"id":1209.0,"time":105,"bus_id":183,"name":"AROMO_VERANO_FV","CenPgen":0.008569268,"value":0.008569268,"CenCVar":0,"CenQgen":0},{"id":1209.0,"time":106,"bus_id":183,"name":"AROMO_VERANO_FV","CenPgen":0.3523286591,"value":0.3523286591,"CenCVar":0,"CenQgen":0},{"id":1209.0,"time":107,"bus_id":183,"name":"AROMO_VERANO_FV","CenPgen":0.73518465,"value":0.73518465,"CenCVar":0,"CenQgen":0},{"id":1209.0,"time":108,"bus_id":183,"name":"AROMO_VERANO_FV","CenPgen":0.73518465,"value":0.73518465,"CenCVar":0,"CenQgen":0},{"id":1209.0,"time":109,"bus_id":183,"name":"AROMO_VERANO_FV","CenPgen":0.76111758,"value":0.76111758,"CenCVar":0,"CenQgen":0},{"id":1209.0,"time":110,"bus_id":183,"name":"AROMO_VERANO_FV","CenPgen":0.76111758,"value":0.76111758,"CenCVar":0,"CenQgen":0},{"id":1209.0,"time":111,"bus_id":183,"name":"AROMO_VERANO_FV","CenPgen":0.76111758,"value":0.76111758,"CenCVar":0,"CenQgen":0},{"id":1209.0,"time":112,"bus_id":183,"name":"AROMO_VERANO_FV","CenPgen":0.76111758,"value":0.76111758,"CenCVar":0,"CenQgen":0},{"id":1209.0,"time":113,"bus_id":183,"name":"AROMO_VERANO_FV","CenPgen":0.76111758,"value":0.76111758,"CenCVar":0,"CenQgen":0},{"id":1209.0,"time":114,"bus_id":183,"name":"AROMO_VERANO_FV","CenPgen":0.76111758,"value":0.76111758,"CenCVar":0,"CenQgen":0},{"id":1209.0,"time":115,"bus_id":183,"name":"AROMO_VERANO_FV","CenPgen":0.0,"value":0.0,"CenCVar":0,"CenQgen":0},{"id":1209.0,"time":116,"bus_id":183,"name":"AROMO_VERANO_FV","CenPgen":0.0,"value":0.0,"CenCVar":0,"CenQgen":0},{"id":1209.0,"time":117,"bus_id":183,"name":"AROMO_VERANO_FV","CenPgen":0.0,"value":0.0,"CenCVar":0,"CenQgen":0},{"id":1209.0,"time":118,"bus_id":183,"name":"AROMO_VERANO_FV","CenPgen":0.0,"value":0.0,"CenCVar":0,"CenQgen":0},{"id":1209.0,"time":119,"bus_id":183,"name":"AROMO_VERANO_FV","CenPgen":0.0,"value":0.0,"CenCVar":0,"CenQgen":0},{"id":1209.0,"time":120,"bus_id":183,"name":"AROMO_VERANO_FV","CenPgen":0.0,"value":0.0,"CenCVar":0,"CenQgen":0},{"id":1209.0,"time":121,"bus_id":183,"name":"AROMO_VERANO_FV","CenPgen":0.0,"value":0.0,"CenCVar":0,"CenQgen":0},{"id":1209.0,"time":122,"bus_id":183,"name":"AROMO_VERANO_FV","CenPgen":0.0,"value":0.0,"CenCVar":0,"CenQgen":0},{"id":1209.0,"time":123,"bus_id":183,"name":"AROMO_VERANO_FV","CenPgen":0.0,"value":0.0,"CenCVar":0,"CenQgen":0},{"id":1209.0,"time":124,"bus_id":183,"name":"AROMO_VERANO_FV","CenPgen":0.0,"value":0.0,"CenCVar":0,"CenQgen":0},{"id":1209.0,"time":125,"bus_id":183,"name":"AROMO_VERANO_FV","CenPgen":0.0,"value":0.0,"CenCVar":0,"CenQgen":0},{"id":1209.0,"time":126,"bus_id":183,"name":"AROMO_VERANO_FV","CenPgen":0.0,"value":0.0,"CenCVar":0,"CenQgen":0},{"id":1209.0,"time":127,"bus_id":183,"name":"AROMO_VERANO_FV","CenPgen":0.0,"value":0.0,"CenCVar":0,"CenQgen":0},{"id":1209.0,"time":128,"bus_id":183,"name":"AROMO_VERANO_FV","CenPgen":0.0,"value":0.0,"CenCVar":0,"CenQgen":0},{"id":1209.0,"time":129,"bus_id":183,"name":"AROMO_VERANO_FV","CenPgen":0.08297803,"value":0.08297803,"CenCVar":0,"CenQgen":0},{"id":1209.0,"time":130,"bus_id":183,"name":"AROMO_VERANO_FV","CenPgen":0.2266159668,"value":0.2266159668,"CenCVar":0,"CenQgen":0},{"id":1209.0,"time":131,"bus_id":183,"name":"AROMO_VERANO_FV","CenPgen":0.80458263,"value":0.80458263,"CenCVar":0,"CenQgen":0},{"id":1209.0,"time":132,"bus_id":183,"name":"AROMO_VERANO_FV","CenPgen":0.80458263,"value":0.80458263,"CenCVar":0,"CenQgen":0},{"id":1209.0,"time":133,"bus_id":183,"name":"AROMO_VERANO_FV","CenPgen":0.80458263,"value":0.80458263,"CenCVar":0,"CenQgen":0},{"id":1209.0,"time":134,"bus_id":183,"name":"AROMO_VERANO_FV","CenPgen":0.80458263,"value":0.80458263,"CenCVar":0,"CenQgen":0},{"id":1209.0,"time":135,"bus_id":183,"name":"AROMO_VERANO_FV","CenPgen":0.80458263,"value":0.80458263,"CenCVar":0,"CenQgen":0},{"id":1209.0,"time":136,"bus_id":183,"name":"AROMO_VERANO_FV","CenPgen":0.92190913,"value":0.92190913,"CenCVar":0,"CenQgen":0},{"id":1209.0,"time":137,"bus_id":183,"name":"AROMO_VERANO_FV","CenPgen":0.1508481,"value":0.1508481,"CenCVar":0,"CenQgen":0},{"id":1209.0,"time":138,"bus_id":183,"name":"AROMO_VERANO_FV","CenPgen":0.1508481,"value":0.1508481,"CenCVar":0,"CenQgen":0},{"id":1209.0,"time":139,"bus_id":183,"name":"AROMO_VERANO_FV","CenPgen":0.0,"value":0.0,"CenCVar":0,"CenQgen":0},{"id":1209.0,"time":140,"bus_id":183,"name":"AROMO_VERANO_FV","CenPgen":0.0,"value":0.0,"CenCVar":0,"CenQgen":0},{"id":1209.0,"time":141,"bus_id":183,"name":"AROMO_VERANO_FV","CenPgen":0.0,"value":0.0,"CenCVar":0,"CenQgen":0},{"id":1209.0,"time":142,"bus_id":183,"name":"AROMO_VERANO_FV","CenPgen":0.0,"value":0.0,"CenCVar":0,"CenQgen":0},{"id":1209.0,"time":143,"bus_id":183,"name":"AROMO_VERANO_FV","CenPgen":0.0,"value":0.0,"CenCVar":0,"CenQgen":0},{"id":1209.0,"time":144,"bus_id":183,"name":"AROMO_VERANO_FV","CenPgen":0.0,"value":0.0,"CenCVar":0,"CenQgen":0},{"id":1209.0,"time":145,"bus_id":183,"name":"AROMO_VERANO_FV","CenPgen":0.0,"value":0.0,"CenCVar":0,"CenQgen":0},{"id":1209.0,"time":146,"bus_id":183,"name":"AROMO_VERANO_FV","CenPgen":0.0,"value":0.0,"CenCVar":0,"CenQgen":0},{"id":1209.0,"time":147,"bus_id":183,"name":"AROMO_VERANO_FV","CenPgen":0.0,"value":0.0,"CenCVar":0,"CenQgen":0},{"id":1209.0,"time":148,"bus_id":183,"name":"AROMO_VERANO_FV","CenPgen":0.0,"value":0.0,"CenCVar":0,"CenQgen":0},{"id":1209.0,"time":149,"bus_id":183,"name":"AROMO_VERANO_FV","CenPgen":0.0,"value":0.0,"CenCVar":0,"CenQgen":0},{"id":1209.0,"time":150,"bus_id":183,"name":"AROMO_VERANO_FV","CenPgen":0.0,"value":0.0,"CenCVar":0,"CenQgen":0},{"id":1209.0,"time":151,"bus_id":183,"name":"AROMO_VERANO_FV","CenPgen":0.0,"value":0.0,"CenCVar":0,"CenQgen":0},{"id":1209.0,"time":152,"bus_id":183,"name":"AROMO_VERANO_FV","CenPgen":0.00129895,"value":0.00129895,"CenCVar":0,"CenQgen":0},{"id":1209.0,"time":153,"bus_id":183,"name":"AROMO_VERANO_FV","CenPgen":0.0628294,"value":0.0628294,"CenCVar":0,"CenQgen":0},{"id":1209.0,"time":154,"bus_id":183,"name":"AROMO_VERANO_FV","CenPgen":0.2710745697,"value":0.2710745697,"CenCVar":0,"CenQgen":0},{"id":1209.0,"time":155,"bus_id":183,"name":"AROMO_VERANO_FV","CenPgen":0.2710745697,"value":0.2710745697,"CenCVar":0,"CenQgen":0},{"id":1209.0,"time":156,"bus_id":183,"name":"AROMO_VERANO_FV","CenPgen":0.2710745697,"value":0.2710745697,"CenCVar":0,"CenQgen":0},{"id":1209.0,"time":157,"bus_id":183,"name":"AROMO_VERANO_FV","CenPgen":0.37009351,"value":0.37009351,"CenCVar":0,"CenQgen":0},{"id":1209.0,"time":158,"bus_id":183,"name":"AROMO_VERANO_FV","CenPgen":0.32748007,"value":0.32748007,"CenCVar":0,"CenQgen":0},{"id":1209.0,"time":159,"bus_id":183,"name":"AROMO_VERANO_FV","CenPgen":0.32748007,"value":0.32748007,"CenCVar":0,"CenQgen":0},{"id":1209.0,"time":160,"bus_id":183,"name":"AROMO_VERANO_FV","CenPgen":0.32748007,"value":0.32748007,"CenCVar":0,"CenQgen":0},{"id":1209.0,"time":161,"bus_id":183,"name":"AROMO_VERANO_FV","CenPgen":0.0281120189,"value":0.0281120189,"CenCVar":0,"CenQgen":0},{"id":1209.0,"time":162,"bus_id":183,"name":"AROMO_VERANO_FV","CenPgen":0.0281120189,"value":0.0281120189,"CenCVar":0,"CenQgen":0},{"id":1209.0,"time":163,"bus_id":183,"name":"AROMO_VERANO_FV","CenPgen":0.0281120189,"value":0.0281120189,"CenCVar":0,"CenQgen":0},{"id":1209.0,"time":164,"bus_id":183,"name":"AROMO_VERANO_FV","CenPgen":0.0,"value":0.0,"CenCVar":0,"CenQgen":0},{"id":1209.0,"time":165,"bus_id":183,"name":"AROMO_VERANO_FV","CenPgen":0.0,"value":0.0,"CenCVar":0,"CenQgen":0},{"id":1209.0,"time":166,"bus_id":183,"name":"AROMO_VERANO_FV","CenPgen":0.0,"value":0.0,"CenCVar":0,"CenQgen":0},{"id":1209.0,"time":167,"bus_id":183,"name":"AROMO_VERANO_FV","CenPgen":0.0,"value":0.0,"CenCVar":0,"CenQgen":0},{"id":1209.0,"time":168,"bus_id":183,"name":"AROMO_VERANO_FV","CenPgen":0.0,"value":0.0,"CenCVar":0,"CenQgen":0}]