[{"id":1010.0,"time":1,"bus_id":56,"name":"SOL_DE_DESIERTO_FV","CenPgen":0.0,"value":0.0,"CenCVar":0,"CenQgen":0},{"id":1010.0,"time":2,"bus_id":56,"name":"SOL_DE_DESIERTO_FV","CenPgen":0.0,"value":0.0,"CenCVar":0,"CenQgen":0},{"id":1010.0,"time":3,"bus_id":56,"name":"SOL_DE_DESIERTO_FV","CenPgen":0.0,"value":0.0,"CenCVar":0,"CenQgen":0},{"id":1010.0,"time":4,"bus_id":56,"name":"SOL_DE_DESIERTO_FV","CenPgen":0.0,"value":0.0,"CenCVar":0,"CenQgen":0},{"id":1010.0,"time":5,"bus_id":56,"name":"SOL_DE_DESIERTO_FV","CenPgen":0.0,"value":0.0,"CenCVar":0,"CenQgen":0},{"id":1010.0,"time":6,"bus_id":56,"name":"SOL_DE_DESIERTO_FV","CenPgen":0.0,"value":0.0,"CenCVar":0,"CenQgen":0},{"id":1010.0,"time":7,"bus_id":56,"name":"SOL_DE_DESIERTO_FV","CenPgen":0.0,"value":0.0,"CenCVar":0,"CenQgen":0},{"id":1010.0,"time":8,"bus_id":56,"name":"SOL_DE_DESIERTO_FV","CenPgen":7.38,"value":7.38,"CenCVar":0,"CenQgen":0},{"id":1010.0,"time":9,"bus_id":56,"name":"SOL_DE_DESIERTO_FV","CenPgen":122.675,"value":122.675,"CenCVar":0,"CenQgen":0},{"id":1010.0,"time":10,"bus_id":56,"name":"SOL_DE_DESIERTO_FV","CenPgen":176.08,"value":176.08,"CenCVar":0,"CenQgen":0},{"id":1010.0,"time":11,"bus_id":56,"name":"SOL_DE_DESIERTO_FV","CenPgen":181.976,"value":181.976,"CenCVar":0,"CenQgen":0},{"id":1010.0,"time":12,"bus_id":56,"name":"SOL_DE_DESIERTO_FV","CenPgen":182.21,"value":182.21,"CenCVar":0,"CenQgen":0},{"id":1010.0,"time":13,"bus_id":56,"name":"SOL_DE_DESIERTO_FV","CenPgen":180.972,"value":180.972,"CenCVar":0,"CenQgen":0},{"id":1010.0,"time":14,"bus_id":56,"name":"SOL_DE_DESIERTO_FV","CenPgen":188.646,"value":188.646,"CenCVar":0,"CenQgen":0},{"id":1010.0,"time":15,"bus_id":56,"name":"SOL_DE_DESIERTO_FV","CenPgen":192.697,"value":192.697,"CenCVar":0,"CenQgen":0},{"id":1010.0,"time":16,"bus_id":56,"name":"SOL_DE_DESIERTO_FV","CenPgen":192.023,"value":192.023,"CenCVar":0,"CenQgen":0},{"id":1010.0,"time":17,"bus_id":56,"name":"SOL_DE_DESIERTO_FV","CenPgen":157.387,"value":157.387,"CenCVar":0,"CenQgen":0},{"id":1010.0,"time":18,"bus_id":56,"name":"SOL_DE_DESIERTO_FV","CenPgen":63.05,"value":63.05,"CenCVar":0,"CenQgen":0},{"id":1010.0,"time":19,"bus_id":56,"name":"SOL_DE_DESIERTO_FV","CenPgen":0.34,"value":0.34,"CenCVar":0,"CenQgen":0},{"id":1010.0,"time":20,"bus_id":56,"name":"SOL_DE_DESIERTO_FV","CenPgen":0.0,"value":0.0,"CenCVar":0,"CenQgen":0},{"id":1010.0,"time":21,"bus_id":56,"name":"SOL_DE_DESIERTO_FV","CenPgen":0.0,"value":0.0,"CenCVar":0,"CenQgen":0},{"id":1010.0,"time":22,"bus_id":56,"name":"SOL_DE_DESIERTO_FV","CenPgen":0.0,"value":0.0,"CenCVar":0,"CenQgen":0},{"id":1010.0,"time":23,"bus_id":56,"name":"SOL_DE_DESIERTO_FV","CenPgen":0.0,"value":0.0,"CenCVar":0,"CenQgen":0},{"id":1010.0,"time":24,"bus_id":56,"name":"SOL_DE_DESIERTO_FV","CenPgen":0.0,"value":0.0,"CenCVar":0,"CenQgen":0},{"id":1010.0,"time":25,"bus_id":56,"name":"SOL_DE_DESIERTO_FV","CenPgen":0.0,"value":0.0,"CenCVar":0,"CenQgen":0},{"id":1010.0,"time":26,"bus_id":56,"name":"SOL_DE_DESIERTO_FV","CenPgen":0.0,"value":0.0,"CenCVar":0,"CenQgen":0},{"id":1010.0,"time":27,"bus_id":56,"name":"SOL_DE_DESIERTO_FV","CenPgen":0.0,"value":0.0,"CenCVar":0,"CenQgen":0},{"id":1010.0,"time":28,"bus_id":56,"name":"SOL_DE_DESIERTO_FV","CenPgen":0.0,"value":0.0,"CenCVar":0,"CenQgen":0},{"id":1010.0,"time":29,"bus_id":56,"name":"SOL_DE_DESIERTO_FV","CenPgen":0.0,"value":0.0,"CenCVar":0,"CenQgen":0},{"id":1010.0,"time":30,"bus_id":56,"name":"SOL_DE_DESIERTO_FV","CenPgen":0.0,"value":0.0,"CenCVar":0,"CenQgen":0},{"id":1010.0,"time":31,"bus_id":56,"name":"SOL_DE_DESIERTO_FV","CenPgen":0.0,"value":0.0,"CenCVar":0,"CenQgen":0},{"id":1010.0,"time":32,"bus_id":56,"name":"SOL_DE_DESIERTO_FV","CenPgen":7.196,"value":7.196,"CenCVar":0,"CenQgen":0},{"id":1010.0,"time":33,"bus_id":56,"name":"SOL_DE_DESIERTO_FV","CenPgen":123.59,"value":123.59,"CenCVar":0,"CenQgen":0},{"id":1010.0,"time":34,"bus_id":56,"name":"SOL_DE_DESIERTO_FV","CenPgen":175.428,"value":175.428,"CenCVar":0,"CenQgen":0},{"id":1010.0,"time":35,"bus_id":56,"name":"SOL_DE_DESIERTO_FV","CenPgen":181.795,"value":181.795,"CenCVar":0,"CenQgen":0},{"id":1010.0,"time":36,"bus_id":56,"name":"SOL_DE_DESIERTO_FV","CenPgen":179.8246666667,"value":179.8246666667,"CenCVar":0,"CenQgen":0},{"id":1010.0,"time":37,"bus_id":56,"name":"SOL_DE_DESIERTO_FV","CenPgen":179.8246666667,"value":179.8246666667,"CenCVar":0,"CenQgen":0},{"id":1010.0,"time":38,"bus_id":56,"name":"SOL_DE_DESIERTO_FV","CenPgen":179.8246666667,"value":179.8246666667,"CenCVar":0,"CenQgen":0},{"id":1010.0,"time":39,"bus_id":56,"name":"SOL_DE_DESIERTO_FV","CenPgen":192.961,"value":192.961,"CenCVar":0,"CenQgen":0},{"id":1010.0,"time":40,"bus_id":56,"name":"SOL_DE_DESIERTO_FV","CenPgen":193.016,"value":193.016,"CenCVar":0,"CenQgen":0},{"id":1010.0,"time":41,"bus_id":56,"name":"SOL_DE_DESIERTO_FV","CenPgen":157.645,"value":157.645,"CenCVar":0,"CenQgen":0},{"id":1010.0,"time":42,"bus_id":56,"name":"SOL_DE_DESIERTO_FV","CenPgen":63.17,"value":63.17,"CenCVar":0,"CenQgen":0},{"id":1010.0,"time":43,"bus_id":56,"name":"SOL_DE_DESIERTO_FV","CenPgen":0.529,"value":0.529,"CenCVar":0,"CenQgen":0},{"id":1010.0,"time":44,"bus_id":56,"name":"SOL_DE_DESIERTO_FV","CenPgen":0.0,"value":0.0,"CenCVar":0,"CenQgen":0},{"id":1010.0,"time":45,"bus_id":56,"name":"SOL_DE_DESIERTO_FV","CenPgen":0.0,"value":0.0,"CenCVar":0,"CenQgen":0},{"id":1010.0,"time":46,"bus_id":56,"name":"SOL_DE_DESIERTO_FV","CenPgen":0.0,"value":0.0,"CenCVar":0,"CenQgen":0},{"id":1010.0,"time":47,"bus_id":56,"name":"SOL_DE_DESIERTO_FV","CenPgen":0.0,"value":0.0,"CenCVar":0,"CenQgen":0},{"id":1010.0,"time":48,"bus_id":56,"name":"SOL_DE_DESIERTO_FV","CenPgen":0.0,"value":0.0,"CenCVar":0,"CenQgen":0},{"id":1010.0,"time":49,"bus_id":56,"name":"SOL_DE_DESIERTO_FV","CenPgen":0.0,"value":0.0,"CenCVar":0,"CenQgen":0},{"id":1010.0,"time":50,"bus_id":56,"name":"SOL_DE_DESIERTO_FV","CenPgen":0.0,"value":0.0,"CenCVar":0,"CenQgen":0},{"id":1010.0,"time":51,"bus_id":56,"name":"SOL_DE_DESIERTO_FV","CenPgen":0.0,"value":0.0,"CenCVar":0,"CenQgen":0},{"id":1010.0,"time":52,"bus_id":56,"name":"SOL_DE_DESIERTO_FV","CenPgen":0.0,"value":0.0,"CenCVar":0,"CenQgen":0},{"id":1010.0,"time":53,"bus_id":56,"name":"SOL_DE_DESIERTO_FV","CenPgen":0.0,"value":0.0,"CenCVar":0,"CenQgen":0},{"id":1010.0,"time":54,"bus_id":56,"name":"SOL_DE_DESIERTO_FV","CenPgen":0.0,"value":0.0,"CenCVar":0,"CenQgen":0},{"id":1010.0,"time":55,"bus_id":56,"name":"SOL_DE_DESIERTO_FV","CenPgen":0.0,"value":0.0,"CenCVar":0,"CenQgen":0},{"id":1010.0,"time":56,"bus_id":56,"name":"SOL_DE_DESIERTO_FV","CenPgen":7.694,"value":7.694,"CenCVar":0,"CenQgen":0},{"id":1010.0,"time":57,"bus_id":56,"name":"SOL_DE_DESIERTO_FV","CenPgen":118.935,"value":118.935,"CenCVar":0,"CenQgen":0},{"id":1010.0,"time":58,"bus_id":56,"name":"SOL_DE_DESIERTO_FV","CenPgen":172.635,"value":172.635,"CenCVar":0,"CenQgen":0},{"id":1010.0,"time":59,"bus_id":56,"name":"SOL_DE_DESIERTO_FV","CenPgen":185.38525,"value":185.38525,"CenCVar":0,"CenQgen":0},{"id":1010.0,"time":60,"bus_id":56,"name":"SOL_DE_DESIERTO_FV","CenPgen":185.38525,"value":185.38525,"CenCVar":0,"CenQgen":0},{"id":1010.0,"time":61,"bus_id":56,"name":"SOL_DE_DESIERTO_FV","CenPgen":185.38525,"value":185.38525,"CenCVar":0,"CenQgen":0},{"id":1010.0,"time":62,"bus_id":56,"name":"SOL_DE_DESIERTO_FV","CenPgen":185.38525,"value":185.38525,"CenCVar":0,"CenQgen":0},{"id":1010.0,"time":63,"bus_id":56,"name":"SOL_DE_DESIERTO_FV","CenPgen":193.822,"value":193.822,"CenCVar":0,"CenQgen":0},{"id":1010.0,"time":64,"bus_id":56,"name":"SOL_DE_DESIERTO_FV","CenPgen":195.151,"value":195.151,"CenCVar":0,"CenQgen":0},{"id":1010.0,"time":65,"bus_id":56,"name":"SOL_DE_DESIERTO_FV","CenPgen":161.558,"value":161.558,"CenCVar":0,"CenQgen":0},{"id":1010.0,"time":66,"bus_id":56,"name":"SOL_DE_DESIERTO_FV","CenPgen":65.304,"value":65.304,"CenCVar":0,"CenQgen":0},{"id":1010.0,"time":67,"bus_id":56,"name":"SOL_DE_DESIERTO_FV","CenPgen":0.547,"value":0.547,"CenCVar":0,"CenQgen":0},{"id":1010.0,"time":68,"bus_id":56,"name":"SOL_DE_DESIERTO_FV","CenPgen":0.0,"value":0.0,"CenCVar":0,"CenQgen":0},{"id":1010.0,"time":69,"bus_id":56,"name":"SOL_DE_DESIERTO_FV","CenPgen":0.0,"value":0.0,"CenCVar":0,"CenQgen":0},{"id":1010.0,"time":70,"bus_id":56,"name":"SOL_DE_DESIERTO_FV","CenPgen":0.0,"value":0.0,"CenCVar":0,"CenQgen":0},{"id":1010.0,"time":71,"bus_id":56,"name":"SOL_DE_DESIERTO_FV","CenPgen":0.0,"value":0.0,"CenCVar":0,"CenQgen":0},{"id":1010.0,"time":72,"bus_id":56,"name":"SOL_DE_DESIERTO_FV","CenPgen":0.0,"value":0.0,"CenCVar":0,"CenQgen":0},{"id":1010.0,"time":73,"bus_id":56,"name":"SOL_DE_DESIERTO_FV","CenPgen":0.0,"value":0.0,"CenCVar":0,"CenQgen":0},{"id":1010.0,"time":74,"bus_id":56,"name":"SOL_DE_DESIERTO_FV","CenPgen":0.0,"value":0.0,"CenCVar":0,"CenQgen":0},{"id":1010.0,"time":75,"bus_id":56,"name":"SOL_DE_DESIERTO_FV","CenPgen":0.0,"value":0.0,"CenCVar":0,"CenQgen":0},{"id":1010.0,"time":76,"bus_id":56,"name":"SOL_DE_DESIERTO_FV","CenPgen":0.0,"value":0.0,"CenCVar":0,"CenQgen":0},{"id":1010.0,"time":77,"bus_id":56,"name":"SOL_DE_DESIERTO_FV","CenPgen":0.0,"value":0.0,"CenCVar":0,"CenQgen":0},{"id":1010.0,"time":78,"bus_id":56,"name":"SOL_DE_DESIERTO_FV","CenPgen":0.0,"value":0.0,"CenCVar":0,"CenQgen":0},{"id":1010.0,"time":79,"bus_id":56,"name":"SOL_DE_DESIERTO_FV","CenPgen":0.0,"value":0.0,"CenCVar":0,"CenQgen":0},{"id":1010.0,"time":80,"bus_id":56,"name":"SOL_DE_DESIERTO_FV","CenPgen":8.024,"value":8.024,"CenCVar":0,"CenQgen":0},{"id":1010.0,"time":81,"bus_id":56,"name":"SOL_DE_DESIERTO_FV","CenPgen":120.184,"value":120.184,"CenCVar":0,"CenQgen":0},{"id":1010.0,"time":82,"bus_id":56,"name":"SOL_DE_DESIERTO_FV","CenPgen":172.938,"value":172.938,"CenCVar":0,"CenQgen":0},{"id":1010.0,"time":83,"bus_id":56,"name":"SOL_DE_DESIERTO_FV","CenPgen":185.7325,"value":185.7325,"CenCVar":0,"CenQgen":0},{"id":1010.0,"time":84,"bus_id":56,"name":"SOL_DE_DESIERTO_FV","CenPgen":185.7325,"value":185.7325,"CenCVar":0,"CenQgen":0},{"id":1010.0,"time":85,"bus_id":56,"name":"SOL_DE_DESIERTO_FV","CenPgen":190.396,"value":190.396,"CenCVar":0,"CenQgen":0},{"id":1010.0,"time":86,"bus_id":56,"name":"SOL_DE_DESIERTO_FV","CenPgen":190.396,"value":190.396,"CenCVar":0,"CenQgen":0},{"id":1010.0,"time":87,"bus_id":56,"name":"SOL_DE_DESIERTO_FV","CenPgen":190.396,"value":190.396,"CenCVar":0,"CenQgen":0},{"id":1010.0,"time":88,"bus_id":56,"name":"SOL_DE_DESIERTO_FV","CenPgen":190.396,"value":190.396,"CenCVar":0,"CenQgen":0},{"id":1010.0,"time":89,"bus_id":56,"name":"SOL_DE_DESIERTO_FV","CenPgen":115.432,"value":115.432,"CenCVar":0,"CenQgen":0},{"id":1010.0,"time":90,"bus_id":56,"name":"SOL_DE_DESIERTO_FV","CenPgen":115.432,"value":115.432,"CenCVar":0,"CenQgen":0},{"id":1010.0,"time":91,"bus_id":56,"name":"SOL_DE_DESIERTO_FV","CenPgen":0.509,"value":0.509,"CenCVar":0,"CenQgen":0},{"id":1010.0,"time":92,"bus_id":56,"name":"SOL_DE_DESIERTO_FV","CenPgen":0.0,"value":0.0,"CenCVar":0,"CenQgen":0},{"id":1010.0,"time":93,"bus_id":56,"name":"SOL_DE_DESIERTO_FV","CenPgen":0.0,"value":0.0,"CenCVar":0,"CenQgen":0},{"id":1010.0,"time":94,"bus_id":56,"name":"SOL_DE_DESIERTO_FV","CenPgen":0.0,"value":0.0,"CenCVar":0,"CenQgen":0},{"id":1010.0,"time":95,"bus_id":56,"name":"SOL_DE_DESIERTO_FV","CenPgen":0.0,"value":0.0,"CenCVar":0,"CenQgen":0},{"id":1010.0,"time":96,"bus_id":56,"name":"SOL_DE_DESIERTO_FV","CenPgen":0.0,"value":0.0,"CenCVar":0,"CenQgen":0},{"id":1010.0,"time":97,"bus_id":56,"name":"SOL_DE_DESIERTO_FV","CenPgen":0.0,"value":0.0,"CenCVar":0,"CenQgen":0},{"id":1010.0,"time":98,"bus_id":56,"name":"SOL_DE_DESIERTO_FV","CenPgen":0.0,"value":0.0,"CenCVar":0,"CenQgen":0},{"id":1010.0,"time":99,"bus_id":56,"name":"SOL_DE_DESIERTO_FV","CenPgen":0.0,"value":0.0,"CenCVar":0,"CenQgen":0},{"id":1010.0,"time":100,"bus_id":56,"name":"SOL_DE_DESIERTO_FV","CenPgen":0.0,"value":0.0,"CenCVar":0,"CenQgen":0},{"id":1010.0,"time":101,"bus_id":56,"name":"SOL_DE_DESIERTO_FV","CenPgen":10.95968,"value":10.95968,"CenCVar":0,"CenQgen":0},{"id":1010.0,"time":102,"bus_id":56,"name":"SOL_DE_DESIERTO_FV","CenPgen":10.95968,"value":10.95968,"CenCVar":0,"CenQgen":0},{"id":1010.0,"time":103,"bus_id":56,"name":"SOL_DE_DESIERTO_FV","CenPgen":10.95968,"value":10.95968,"CenCVar":0,"CenQgen":0},{"id":1010.0,"time":104,"bus_id":56,"name":"SOL_DE_DESIERTO_FV","CenPgen":10.95968,"value":10.95968,"CenCVar":0,"CenQgen":0},{"id":1010.0,"time":105,"bus_id":56,"name":"SOL_DE_DESIERTO_FV","CenPgen":10.95968,"value":10.95968,"CenCVar":0,"CenQgen":0},{"id":1010.0,"time":106,"bus_id":56,"name":"SOL_DE_DESIERTO_FV","CenPgen":179.867,"value":179.867,"CenCVar":0,"CenQgen":0},{"id":1010.0,"time":107,"bus_id":56,"name":"SOL_DE_DESIERTO_FV","CenPgen":185.9375,"value":185.9375,"CenCVar":0,"CenQgen":0},{"id":1010.0,"time":108,"bus_id":56,"name":"SOL_DE_DESIERTO_FV","CenPgen":185.9375,"value":185.9375,"CenCVar":0,"CenQgen":0},{"id":1010.0,"time":109,"bus_id":56,"name":"SOL_DE_DESIERTO_FV","CenPgen":163.609,"value":163.609,"CenCVar":0,"CenQgen":0},{"id":1010.0,"time":110,"bus_id":56,"name":"SOL_DE_DESIERTO_FV","CenPgen":163.609,"value":163.609,"CenCVar":0,"CenQgen":0},{"id":1010.0,"time":111,"bus_id":56,"name":"SOL_DE_DESIERTO_FV","CenPgen":163.609,"value":163.609,"CenCVar":0,"CenQgen":0},{"id":1010.0,"time":112,"bus_id":56,"name":"SOL_DE_DESIERTO_FV","CenPgen":163.609,"value":163.609,"CenCVar":0,"CenQgen":0},{"id":1010.0,"time":113,"bus_id":56,"name":"SOL_DE_DESIERTO_FV","CenPgen":163.609,"value":163.609,"CenCVar":0,"CenQgen":0},{"id":1010.0,"time":114,"bus_id":56,"name":"SOL_DE_DESIERTO_FV","CenPgen":163.609,"value":163.609,"CenCVar":0,"CenQgen":0},{"id":1010.0,"time":115,"bus_id":56,"name":"SOL_DE_DESIERTO_FV","CenPgen":3.116,"value":3.116,"CenCVar":0,"CenQgen":0},{"id":1010.0,"time":116,"bus_id":56,"name":"SOL_DE_DESIERTO_FV","CenPgen":0.0,"value":0.0,"CenCVar":0,"CenQgen":0},{"id":1010.0,"time":117,"bus_id":56,"name":"SOL_DE_DESIERTO_FV","CenPgen":0.0,"value":0.0,"CenCVar":0,"CenQgen":0},{"id":1010.0,"time":118,"bus_id":56,"name":"SOL_DE_DESIERTO_FV","CenPgen":0.0,"value":0.0,"CenCVar":0,"CenQgen":0},{"id":1010.0,"time":119,"bus_id":56,"name":"SOL_DE_DESIERTO_FV","CenPgen":0.0,"value":0.0,"CenCVar":0,"CenQgen":0},{"id":1010.0,"time":120,"bus_id":56,"name":"SOL_DE_DESIERTO_FV","CenPgen":0.0,"value":0.0,"CenCVar":0,"CenQgen":0},{"id":1010.0,"time":121,"bus_id":56,"name":"SOL_DE_DESIERTO_FV","CenPgen":0.0,"value":0.0,"CenCVar":0,"CenQgen":0},{"id":1010.0,"time":122,"bus_id":56,"name":"SOL_DE_DESIERTO_FV","CenPgen":0.0,"value":0.0,"CenCVar":0,"CenQgen":0},{"id":1010.0,"time":123,"bus_id":56,"name":"SOL_DE_DESIERTO_FV","CenPgen":0.0,"value":0.0,"CenCVar":0,"CenQgen":0},{"id":1010.0,"time":124,"bus_id":56,"name":"SOL_DE_DESIERTO_FV","CenPgen":0.0,"value":0.0,"CenCVar":0,"CenQgen":0},{"id":1010.0,"time":125,"bus_id":56,"name":"SOL_DE_DESIERTO_FV","CenPgen":0.0,"value":0.0,"CenCVar":0,"CenQgen":0},{"id":1010.0,"time":126,"bus_id":56,"name":"SOL_DE_DESIERTO_FV","CenPgen":0.0,"value":0.0,"CenCVar":0,"CenQgen":0},{"id":1010.0,"time":127,"bus_id":56,"name":"SOL_DE_DESIERTO_FV","CenPgen":0.0,"value":0.0,"CenCVar":0,"CenQgen":0},{"id":1010.0,"time":128,"bus_id":56,"name":"SOL_DE_DESIERTO_FV","CenPgen":12.445,"value":12.445,"CenCVar":0,"CenQgen":0},{"id":1010.0,"time":129,"bus_id":56,"name":"SOL_DE_DESIERTO_FV","CenPgen":125.698,"value":125.698,"CenCVar":0,"CenQgen":0},{"id":1010.0,"time":130,"bus_id":56,"name":"SOL_DE_DESIERTO_FV","CenPgen":177.651,"value":177.651,"CenCVar":0,"CenQgen":0},{"id":1010.0,"time":131,"bus_id":56,"name":"SOL_DE_DESIERTO_FV","CenPgen":186.185,"value":186.185,"CenCVar":0,"CenQgen":0},{"id":1010.0,"time":132,"bus_id":56,"name":"SOL_DE_DESIERTO_FV","CenPgen":186.185,"value":186.185,"CenCVar":0,"CenQgen":0},{"id":1010.0,"time":133,"bus_id":56,"name":"SOL_DE_DESIERTO_FV","CenPgen":186.185,"value":186.185,"CenCVar":0,"CenQgen":0},{"id":1010.0,"time":134,"bus_id":56,"name":"SOL_DE_DESIERTO_FV","CenPgen":186.185,"value":186.185,"CenCVar":0,"CenQgen":0},{"id":1010.0,"time":135,"bus_id":56,"name":"SOL_DE_DESIERTO_FV","CenPgen":186.185,"value":186.185,"CenCVar":0,"CenQgen":0},{"id":1010.0,"time":136,"bus_id":56,"name":"SOL_DE_DESIERTO_FV","CenPgen":186.409,"value":186.409,"CenCVar":0,"CenQgen":0},{"id":1010.0,"time":137,"bus_id":56,"name":"SOL_DE_DESIERTO_FV","CenPgen":115.1355,"value":115.1355,"CenCVar":0,"CenQgen":0},{"id":1010.0,"time":138,"bus_id":56,"name":"SOL_DE_DESIERTO_FV","CenPgen":115.1355,"value":115.1355,"CenCVar":0,"CenQgen":0},{"id":1010.0,"time":139,"bus_id":56,"name":"SOL_DE_DESIERTO_FV","CenPgen":5.265,"value":5.265,"CenCVar":0,"CenQgen":0},{"id":1010.0,"time":140,"bus_id":56,"name":"SOL_DE_DESIERTO_FV","CenPgen":0.0,"value":0.0,"CenCVar":0,"CenQgen":0},{"id":1010.0,"time":141,"bus_id":56,"name":"SOL_DE_DESIERTO_FV","CenPgen":0.0,"value":0.0,"CenCVar":0,"CenQgen":0},{"id":1010.0,"time":142,"bus_id":56,"name":"SOL_DE_DESIERTO_FV","CenPgen":0.0,"value":0.0,"CenCVar":0,"CenQgen":0},{"id":1010.0,"time":143,"bus_id":56,"name":"SOL_DE_DESIERTO_FV","CenPgen":0.0,"value":0.0,"CenCVar":0,"CenQgen":0},{"id":1010.0,"time":144,"bus_id":56,"name":"SOL_DE_DESIERTO_FV","CenPgen":0.0,"value":0.0,"CenCVar":0,"CenQgen":0},{"id":1010.0,"time":145,"bus_id":56,"name":"SOL_DE_DESIERTO_FV","CenPgen":0.0,"value":0.0,"CenCVar":0,"CenQgen":0},{"id":1010.0,"time":146,"bus_id":56,"name":"SOL_DE_DESIERTO_FV","CenPgen":0.0,"value":0.0,"CenCVar":0,"CenQgen":0},{"id":1010.0,"time":147,"bus_id":56,"name":"SOL_DE_DESIERTO_FV","CenPgen":0.0,"value":0.0,"CenCVar":0,"CenQgen":0},{"id":1010.0,"time":148,"bus_id":56,"name":"SOL_DE_DESIERTO_FV","CenPgen":0.0,"value":0.0,"CenCVar":0,"CenQgen":0},{"id":1010.0,"time":149,"bus_id":56,"name":"SOL_DE_DESIERTO_FV","CenPgen":0.0,"value":0.0,"CenCVar":0,"CenQgen":0},{"id":1010.0,"time":150,"bus_id":56,"name":"SOL_DE_DESIERTO_FV","CenPgen":0.0,"value":0.0,"CenCVar":0,"CenQgen":0},{"id":1010.0,"time":151,"bus_id":56,"name":"SOL_DE_DESIERTO_FV","CenPgen":0.0,"value":0.0,"CenCVar":0,"CenQgen":0},{"id":1010.0,"time":152,"bus_id":56,"name":"SOL_DE_DESIERTO_FV","CenPgen":12.523,"value":12.523,"CenCVar":0,"CenQgen":0},{"id":1010.0,"time":153,"bus_id":56,"name":"SOL_DE_DESIERTO_FV","CenPgen":125.094,"value":125.094,"CenCVar":0,"CenQgen":0},{"id":1010.0,"time":154,"bus_id":56,"name":"SOL_DE_DESIERTO_FV","CenPgen":180.9296666667,"value":180.9296666667,"CenCVar":0,"CenQgen":0},{"id":1010.0,"time":155,"bus_id":56,"name":"SOL_DE_DESIERTO_FV","CenPgen":180.9296666667,"value":180.9296666667,"CenCVar":0,"CenQgen":0},{"id":1010.0,"time":156,"bus_id":56,"name":"SOL_DE_DESIERTO_FV","CenPgen":180.9296666667,"value":180.9296666667,"CenCVar":0,"CenQgen":0},{"id":1010.0,"time":157,"bus_id":56,"name":"SOL_DE_DESIERTO_FV","CenPgen":182.112,"value":182.112,"CenCVar":0,"CenQgen":0},{"id":1010.0,"time":158,"bus_id":56,"name":"SOL_DE_DESIERTO_FV","CenPgen":190.054,"value":190.054,"CenCVar":0,"CenQgen":0},{"id":1010.0,"time":159,"bus_id":56,"name":"SOL_DE_DESIERTO_FV","CenPgen":190.054,"value":190.054,"CenCVar":0,"CenQgen":0},{"id":1010.0,"time":160,"bus_id":56,"name":"SOL_DE_DESIERTO_FV","CenPgen":190.054,"value":190.054,"CenCVar":0,"CenQgen":0},{"id":1010.0,"time":161,"bus_id":56,"name":"SOL_DE_DESIERTO_FV","CenPgen":76.7136666667,"value":76.7136666667,"CenCVar":0,"CenQgen":0},{"id":1010.0,"time":162,"bus_id":56,"name":"SOL_DE_DESIERTO_FV","CenPgen":76.7136666667,"value":76.7136666667,"CenCVar":0,"CenQgen":0},{"id":1010.0,"time":163,"bus_id":56,"name":"SOL_DE_DESIERTO_FV","CenPgen":76.7136666667,"value":76.7136666667,"CenCVar":0,"CenQgen":0},{"id":1010.0,"time":164,"bus_id":56,"name":"SOL_DE_DESIERTO_FV","CenPgen":0.0,"value":0.0,"CenCVar":0,"CenQgen":0},{"id":1010.0,"time":165,"bus_id":56,"name":"SOL_DE_DESIERTO_FV","CenPgen":0.0,"value":0.0,"CenCVar":0,"CenQgen":0},{"id":1010.0,"time":166,"bus_id":56,"name":"SOL_DE_DESIERTO_FV","CenPgen":0.0,"value":0.0,"CenCVar":0,"CenQgen":0},{"id":1010.0,"time":167,"bus_id":56,"name":"SOL_DE_DESIERTO_FV","CenPgen":0.0,"value":0.0,"CenCVar":0,"CenQgen":0},{"id":1010.0,"time":168,"bus_id":56,"name":"SOL_DE_DESIERTO_FV","CenPgen":0.0,"value":0.0,"CenCVar":0,"CenQgen":0}]