[{"id":1122.0,"time":1,"bus_id":12,"name":"VALLE_SOLAR_OESTE_FV","CenPgen":0.0,"value":0.0,"CenCVar":0,"CenQgen":0},{"id":1122.0,"time":2,"bus_id":12,"name":"VALLE_SOLAR_OESTE_FV","CenPgen":0.0,"value":0.0,"CenCVar":0,"CenQgen":0},{"id":1122.0,"time":3,"bus_id":12,"name":"VALLE_SOLAR_OESTE_FV","CenPgen":0.0,"value":0.0,"CenCVar":0,"CenQgen":0},{"id":1122.0,"time":4,"bus_id":12,"name":"VALLE_SOLAR_OESTE_FV","CenPgen":0.0,"value":0.0,"CenCVar":0,"CenQgen":0},{"id":1122.0,"time":5,"bus_id":12,"name":"VALLE_SOLAR_OESTE_FV","CenPgen":0.0,"value":0.0,"CenCVar":0,"CenQgen":0},{"id":1122.0,"time":6,"bus_id":12,"name":"VALLE_SOLAR_OESTE_FV","CenPgen":0.0,"value":0.0,"CenCVar":0,"CenQgen":0},{"id":1122.0,"time":7,"bus_id":12,"name":"VALLE_SOLAR_OESTE_FV","CenPgen":0.0,"value":0.0,"CenCVar":0,"CenQgen":0},{"id":1122.0,"time":8,"bus_id":12,"name":"VALLE_SOLAR_OESTE_FV","CenPgen":0.00346301,"value":0.00346301,"CenCVar":0,"CenQgen":0},{"id":1122.0,"time":9,"bus_id":12,"name":"VALLE_SOLAR_OESTE_FV","CenPgen":0.2044429379,"value":0.2044429379,"CenCVar":0,"CenQgen":0},{"id":1122.0,"time":10,"bus_id":12,"name":"VALLE_SOLAR_OESTE_FV","CenPgen":1.7551601,"value":1.7551601,"CenCVar":0,"CenQgen":0},{"id":1122.0,"time":11,"bus_id":12,"name":"VALLE_SOLAR_OESTE_FV","CenPgen":5.4255570069,"value":5.4255570069,"CenCVar":0,"CenQgen":0},{"id":1122.0,"time":12,"bus_id":12,"name":"VALLE_SOLAR_OESTE_FV","CenPgen":5.25026184,"value":5.25026184,"CenCVar":0,"CenQgen":0},{"id":1122.0,"time":13,"bus_id":12,"name":"VALLE_SOLAR_OESTE_FV","CenPgen":5.12709497,"value":5.12709497,"CenCVar":0,"CenQgen":0},{"id":1122.0,"time":14,"bus_id":12,"name":"VALLE_SOLAR_OESTE_FV","CenPgen":5.1615748291,"value":5.1615748291,"CenCVar":0,"CenQgen":0},{"id":1122.0,"time":15,"bus_id":12,"name":"VALLE_SOLAR_OESTE_FV","CenPgen":5.324850586,"value":5.324850586,"CenCVar":0,"CenQgen":0},{"id":1122.0,"time":16,"bus_id":12,"name":"VALLE_SOLAR_OESTE_FV","CenPgen":5.4135061,"value":5.4135061,"CenCVar":0,"CenQgen":0},{"id":1122.0,"time":17,"bus_id":12,"name":"VALLE_SOLAR_OESTE_FV","CenPgen":4.33825439,"value":4.33825439,"CenCVar":0,"CenQgen":0},{"id":1122.0,"time":18,"bus_id":12,"name":"VALLE_SOLAR_OESTE_FV","CenPgen":0.8399473992,"value":0.8399473992,"CenCVar":0,"CenQgen":0},{"id":1122.0,"time":19,"bus_id":12,"name":"VALLE_SOLAR_OESTE_FV","CenPgen":0.0008483576,"value":0.0008483576,"CenCVar":0,"CenQgen":0},{"id":1122.0,"time":20,"bus_id":12,"name":"VALLE_SOLAR_OESTE_FV","CenPgen":0.0,"value":0.0,"CenCVar":0,"CenQgen":0},{"id":1122.0,"time":21,"bus_id":12,"name":"VALLE_SOLAR_OESTE_FV","CenPgen":0.0,"value":0.0,"CenCVar":0,"CenQgen":0},{"id":1122.0,"time":22,"bus_id":12,"name":"VALLE_SOLAR_OESTE_FV","CenPgen":0.0,"value":0.0,"CenCVar":0,"CenQgen":0},{"id":1122.0,"time":23,"bus_id":12,"name":"VALLE_SOLAR_OESTE_FV","CenPgen":0.0,"value":0.0,"CenCVar":0,"CenQgen":0},{"id":1122.0,"time":24,"bus_id":12,"name":"VALLE_SOLAR_OESTE_FV","CenPgen":0.0,"value":0.0,"CenCVar":0,"CenQgen":0},{"id":1122.0,"time":25,"bus_id":12,"name":"VALLE_SOLAR_OESTE_FV","CenPgen":0.0,"value":0.0,"CenCVar":0,"CenQgen":0},{"id":1122.0,"time":26,"bus_id":12,"name":"VALLE_SOLAR_OESTE_FV","CenPgen":0.0,"value":0.0,"CenCVar":0,"CenQgen":0},{"id":1122.0,"time":27,"bus_id":12,"name":"VALLE_SOLAR_OESTE_FV","CenPgen":0.0,"value":0.0,"CenCVar":0,"CenQgen":0},{"id":1122.0,"time":28,"bus_id":12,"name":"VALLE_SOLAR_OESTE_FV","CenPgen":0.0,"value":0.0,"CenCVar":0,"CenQgen":0},{"id":1122.0,"time":29,"bus_id":12,"name":"VALLE_SOLAR_OESTE_FV","CenPgen":0.0,"value":0.0,"CenCVar":0,"CenQgen":0},{"id":1122.0,"time":30,"bus_id":12,"name":"VALLE_SOLAR_OESTE_FV","CenPgen":0.0,"value":0.0,"CenCVar":0,"CenQgen":0},{"id":1122.0,"time":31,"bus_id":12,"name":"VALLE_SOLAR_OESTE_FV","CenPgen":0.0,"value":0.0,"CenCVar":0,"CenQgen":0},{"id":1122.0,"time":32,"bus_id":12,"name":"VALLE_SOLAR_OESTE_FV","CenPgen":0.09810623,"value":0.09810623,"CenCVar":0,"CenQgen":0},{"id":1122.0,"time":33,"bus_id":12,"name":"VALLE_SOLAR_OESTE_FV","CenPgen":2.8137192994,"value":2.8137192994,"CenCVar":0,"CenQgen":0},{"id":1122.0,"time":34,"bus_id":12,"name":"VALLE_SOLAR_OESTE_FV","CenPgen":4.7198730469,"value":4.7198730469,"CenCVar":0,"CenQgen":0},{"id":1122.0,"time":35,"bus_id":12,"name":"VALLE_SOLAR_OESTE_FV","CenPgen":5.3177603759,"value":5.3177603759,"CenCVar":0,"CenQgen":0},{"id":1122.0,"time":36,"bus_id":12,"name":"VALLE_SOLAR_OESTE_FV","CenPgen":5.0027757162,"value":5.0027757162,"CenCVar":0,"CenQgen":0},{"id":1122.0,"time":37,"bus_id":12,"name":"VALLE_SOLAR_OESTE_FV","CenPgen":5.0027757162,"value":5.0027757162,"CenCVar":0,"CenQgen":0},{"id":1122.0,"time":38,"bus_id":12,"name":"VALLE_SOLAR_OESTE_FV","CenPgen":5.0027757162,"value":5.0027757162,"CenCVar":0,"CenQgen":0},{"id":1122.0,"time":39,"bus_id":12,"name":"VALLE_SOLAR_OESTE_FV","CenPgen":5.3714309082,"value":5.3714309082,"CenCVar":0,"CenQgen":0},{"id":1122.0,"time":40,"bus_id":12,"name":"VALLE_SOLAR_OESTE_FV","CenPgen":5.417796997,"value":5.417796997,"CenCVar":0,"CenQgen":0},{"id":1122.0,"time":41,"bus_id":12,"name":"VALLE_SOLAR_OESTE_FV","CenPgen":4.4067190552,"value":4.4067190552,"CenCVar":0,"CenQgen":0},{"id":1122.0,"time":42,"bus_id":12,"name":"VALLE_SOLAR_OESTE_FV","CenPgen":0.8640347652,"value":0.8640347652,"CenCVar":0,"CenQgen":0},{"id":1122.0,"time":43,"bus_id":12,"name":"VALLE_SOLAR_OESTE_FV","CenPgen":0.0000012057,"value":0.0000012057,"CenCVar":0,"CenQgen":0},{"id":1122.0,"time":44,"bus_id":12,"name":"VALLE_SOLAR_OESTE_FV","CenPgen":0.0,"value":0.0,"CenCVar":0,"CenQgen":0},{"id":1122.0,"time":45,"bus_id":12,"name":"VALLE_SOLAR_OESTE_FV","CenPgen":0.0,"value":0.0,"CenCVar":0,"CenQgen":0},{"id":1122.0,"time":46,"bus_id":12,"name":"VALLE_SOLAR_OESTE_FV","CenPgen":0.0,"value":0.0,"CenCVar":0,"CenQgen":0},{"id":1122.0,"time":47,"bus_id":12,"name":"VALLE_SOLAR_OESTE_FV","CenPgen":0.0,"value":0.0,"CenCVar":0,"CenQgen":0},{"id":1122.0,"time":48,"bus_id":12,"name":"VALLE_SOLAR_OESTE_FV","CenPgen":0.0,"value":0.0,"CenCVar":0,"CenQgen":0},{"id":1122.0,"time":49,"bus_id":12,"name":"VALLE_SOLAR_OESTE_FV","CenPgen":0.0,"value":0.0,"CenCVar":0,"CenQgen":0},{"id":1122.0,"time":50,"bus_id":12,"name":"VALLE_SOLAR_OESTE_FV","CenPgen":0.0,"value":0.0,"CenCVar":0,"CenQgen":0},{"id":1122.0,"time":51,"bus_id":12,"name":"VALLE_SOLAR_OESTE_FV","CenPgen":0.0,"value":0.0,"CenCVar":0,"CenQgen":0},{"id":1122.0,"time":52,"bus_id":12,"name":"VALLE_SOLAR_OESTE_FV","CenPgen":0.0,"value":0.0,"CenCVar":0,"CenQgen":0},{"id":1122.0,"time":53,"bus_id":12,"name":"VALLE_SOLAR_OESTE_FV","CenPgen":0.0,"value":0.0,"CenCVar":0,"CenQgen":0},{"id":1122.0,"time":54,"bus_id":12,"name":"VALLE_SOLAR_OESTE_FV","CenPgen":0.0,"value":0.0,"CenCVar":0,"CenQgen":0},{"id":1122.0,"time":55,"bus_id":12,"name":"VALLE_SOLAR_OESTE_FV","CenPgen":0.0,"value":0.0,"CenCVar":0,"CenQgen":0},{"id":1122.0,"time":56,"bus_id":12,"name":"VALLE_SOLAR_OESTE_FV","CenPgen":0.11810161,"value":0.11810161,"CenCVar":0,"CenQgen":0},{"id":1122.0,"time":57,"bus_id":12,"name":"VALLE_SOLAR_OESTE_FV","CenPgen":0.65972946,"value":0.65972946,"CenCVar":0,"CenQgen":0},{"id":1122.0,"time":58,"bus_id":12,"name":"VALLE_SOLAR_OESTE_FV","CenPgen":1.3425794678,"value":1.3425794678,"CenCVar":0,"CenQgen":0},{"id":1122.0,"time":59,"bus_id":12,"name":"VALLE_SOLAR_OESTE_FV","CenPgen":4.7477709,"value":4.7477709,"CenCVar":0,"CenQgen":0},{"id":1122.0,"time":60,"bus_id":12,"name":"VALLE_SOLAR_OESTE_FV","CenPgen":4.7477709,"value":4.7477709,"CenCVar":0,"CenQgen":0},{"id":1122.0,"time":61,"bus_id":12,"name":"VALLE_SOLAR_OESTE_FV","CenPgen":4.7477709,"value":4.7477709,"CenCVar":0,"CenQgen":0},{"id":1122.0,"time":62,"bus_id":12,"name":"VALLE_SOLAR_OESTE_FV","CenPgen":4.7477709,"value":4.7477709,"CenCVar":0,"CenQgen":0},{"id":1122.0,"time":63,"bus_id":12,"name":"VALLE_SOLAR_OESTE_FV","CenPgen":5.01464282,"value":5.01464282,"CenCVar":0,"CenQgen":0},{"id":1122.0,"time":64,"bus_id":12,"name":"VALLE_SOLAR_OESTE_FV","CenPgen":4.38525769,"value":4.38525769,"CenCVar":0,"CenQgen":0},{"id":1122.0,"time":65,"bus_id":12,"name":"VALLE_SOLAR_OESTE_FV","CenPgen":2.25459146,"value":2.25459146,"CenCVar":0,"CenQgen":0},{"id":1122.0,"time":66,"bus_id":12,"name":"VALLE_SOLAR_OESTE_FV","CenPgen":0.39689734,"value":0.39689734,"CenCVar":0,"CenQgen":0},{"id":1122.0,"time":67,"bus_id":12,"name":"VALLE_SOLAR_OESTE_FV","CenPgen":0.0,"value":0.0,"CenCVar":0,"CenQgen":0},{"id":1122.0,"time":68,"bus_id":12,"name":"VALLE_SOLAR_OESTE_FV","CenPgen":0.0,"value":0.0,"CenCVar":0,"CenQgen":0},{"id":1122.0,"time":69,"bus_id":12,"name":"VALLE_SOLAR_OESTE_FV","CenPgen":0.0,"value":0.0,"CenCVar":0,"CenQgen":0},{"id":1122.0,"time":70,"bus_id":12,"name":"VALLE_SOLAR_OESTE_FV","CenPgen":0.0,"value":0.0,"CenCVar":0,"CenQgen":0},{"id":1122.0,"time":71,"bus_id":12,"name":"VALLE_SOLAR_OESTE_FV","CenPgen":0.0,"value":0.0,"CenCVar":0,"CenQgen":0},{"id":1122.0,"time":72,"bus_id":12,"name":"VALLE_SOLAR_OESTE_FV","CenPgen":0.0,"value":0.0,"CenCVar":0,"CenQgen":0},{"id":1122.0,"time":73,"bus_id":12,"name":"VALLE_SOLAR_OESTE_FV","CenPgen":0.0,"value":0.0,"CenCVar":0,"CenQgen":0},{"id":1122.0,"time":74,"bus_id":12,"name":"VALLE_SOLAR_OESTE_FV","CenPgen":0.0,"value":0.0,"CenCVar":0,"CenQgen":0},{"id":1122.0,"time":75,"bus_id":12,"name":"VALLE_SOLAR_OESTE_FV","CenPgen":0.0,"value":0.0,"CenCVar":0,"CenQgen":0},{"id":1122.0,"time":76,"bus_id":12,"name":"VALLE_SOLAR_OESTE_FV","CenPgen":0.0,"value":0.0,"CenCVar":0,"CenQgen":0},{"id":1122.0,"time":77,"bus_id":12,"name":"VALLE_SOLAR_OESTE_FV","CenPgen":0.0,"value":0.0,"CenCVar":0,"CenQgen":0},{"id":1122.0,"time":78,"bus_id":12,"name":"VALLE_SOLAR_OESTE_FV","CenPgen":0.0,"value":0.0,"CenCVar":0,"CenQgen":0},{"id":1122.0,"time":79,"bus_id":12,"name":"VALLE_SOLAR_OESTE_FV","CenPgen":0.0,"value":0.0,"CenCVar":0,"CenQgen":0},{"id":1122.0,"time":80,"bus_id":12,"name":"VALLE_SOLAR_OESTE_FV","CenPgen":0.0035954998,"value":0.0035954998,"CenCVar":0,"CenQgen":0},{"id":1122.0,"time":81,"bus_id":12,"name":"VALLE_SOLAR_OESTE_FV","CenPgen":0.1266182853,"value":0.1266182853,"CenCVar":0,"CenQgen":0},{"id":1122.0,"time":82,"bus_id":12,"name":"VALLE_SOLAR_OESTE_FV","CenPgen":0.2125626679,"value":0.2125626679,"CenCVar":0,"CenQgen":0},{"id":1122.0,"time":83,"bus_id":12,"name":"VALLE_SOLAR_OESTE_FV","CenPgen":1.06896174,"value":1.06896174,"CenCVar":0,"CenQgen":0},{"id":1122.0,"time":84,"bus_id":12,"name":"VALLE_SOLAR_OESTE_FV","CenPgen":1.06896174,"value":1.06896174,"CenCVar":0,"CenQgen":0},{"id":1122.0,"time":85,"bus_id":12,"name":"VALLE_SOLAR_OESTE_FV","CenPgen":4.53651419,"value":4.53651419,"CenCVar":0,"CenQgen":0},{"id":1122.0,"time":86,"bus_id":12,"name":"VALLE_SOLAR_OESTE_FV","CenPgen":4.53651419,"value":4.53651419,"CenCVar":0,"CenQgen":0},{"id":1122.0,"time":87,"bus_id":12,"name":"VALLE_SOLAR_OESTE_FV","CenPgen":4.53651419,"value":4.53651419,"CenCVar":0,"CenQgen":0},{"id":1122.0,"time":88,"bus_id":12,"name":"VALLE_SOLAR_OESTE_FV","CenPgen":4.53651419,"value":4.53651419,"CenCVar":0,"CenQgen":0},{"id":1122.0,"time":89,"bus_id":12,"name":"VALLE_SOLAR_OESTE_FV","CenPgen":2.5374237572,"value":2.5374237572,"CenCVar":0,"CenQgen":0},{"id":1122.0,"time":90,"bus_id":12,"name":"VALLE_SOLAR_OESTE_FV","CenPgen":2.5374237572,"value":2.5374237572,"CenCVar":0,"CenQgen":0},{"id":1122.0,"time":91,"bus_id":12,"name":"VALLE_SOLAR_OESTE_FV","CenPgen":0.00027308,"value":0.00027308,"CenCVar":0,"CenQgen":0},{"id":1122.0,"time":92,"bus_id":12,"name":"VALLE_SOLAR_OESTE_FV","CenPgen":0.0,"value":0.0,"CenCVar":0,"CenQgen":0},{"id":1122.0,"time":93,"bus_id":12,"name":"VALLE_SOLAR_OESTE_FV","CenPgen":0.0,"value":0.0,"CenCVar":0,"CenQgen":0},{"id":1122.0,"time":94,"bus_id":12,"name":"VALLE_SOLAR_OESTE_FV","CenPgen":0.0,"value":0.0,"CenCVar":0,"CenQgen":0},{"id":1122.0,"time":95,"bus_id":12,"name":"VALLE_SOLAR_OESTE_FV","CenPgen":0.0,"value":0.0,"CenCVar":0,"CenQgen":0},{"id":1122.0,"time":96,"bus_id":12,"name":"VALLE_SOLAR_OESTE_FV","CenPgen":0.0,"value":0.0,"CenCVar":0,"CenQgen":0},{"id":1122.0,"time":97,"bus_id":12,"name":"VALLE_SOLAR_OESTE_FV","CenPgen":0.0,"value":0.0,"CenCVar":0,"CenQgen":0},{"id":1122.0,"time":98,"bus_id":12,"name":"VALLE_SOLAR_OESTE_FV","CenPgen":0.0,"value":0.0,"CenCVar":0,"CenQgen":0},{"id":1122.0,"time":99,"bus_id":12,"name":"VALLE_SOLAR_OESTE_FV","CenPgen":0.0,"value":0.0,"CenCVar":0,"CenQgen":0},{"id":1122.0,"time":100,"bus_id":12,"name":"VALLE_SOLAR_OESTE_FV","CenPgen":0.0,"value":0.0,"CenCVar":0,"CenQgen":0},{"id":1122.0,"time":101,"bus_id":12,"name":"VALLE_SOLAR_OESTE_FV","CenPgen":0.0469828351,"value":0.0469828351,"CenCVar":0,"CenQgen":0},{"id":1122.0,"time":102,"bus_id":12,"name":"VALLE_SOLAR_OESTE_FV","CenPgen":0.0469828351,"value":0.0469828351,"CenCVar":0,"CenQgen":0},{"id":1122.0,"time":103,"bus_id":12,"name":"VALLE_SOLAR_OESTE_FV","CenPgen":0.0469828351,"value":0.0469828351,"CenCVar":0,"CenQgen":0},{"id":1122.0,"time":104,"bus_id":12,"name":"VALLE_SOLAR_OESTE_FV","CenPgen":0.0469828351,"value":0.0469828351,"CenCVar":0,"CenQgen":0},{"id":1122.0,"time":105,"bus_id":12,"name":"VALLE_SOLAR_OESTE_FV","CenPgen":0.0469828351,"value":0.0469828351,"CenCVar":0,"CenQgen":0},{"id":1122.0,"time":106,"bus_id":12,"name":"VALLE_SOLAR_OESTE_FV","CenPgen":4.2158778381,"value":4.2158778381,"CenCVar":0,"CenQgen":0},{"id":1122.0,"time":107,"bus_id":12,"name":"VALLE_SOLAR_OESTE_FV","CenPgen":4.83964532,"value":4.83964532,"CenCVar":0,"CenQgen":0},{"id":1122.0,"time":108,"bus_id":12,"name":"VALLE_SOLAR_OESTE_FV","CenPgen":4.83964532,"value":4.83964532,"CenCVar":0,"CenQgen":0},{"id":1122.0,"time":109,"bus_id":12,"name":"VALLE_SOLAR_OESTE_FV","CenPgen":3.57318104,"value":3.57318104,"CenCVar":0,"CenQgen":0},{"id":1122.0,"time":110,"bus_id":12,"name":"VALLE_SOLAR_OESTE_FV","CenPgen":3.57318104,"value":3.57318104,"CenCVar":0,"CenQgen":0},{"id":1122.0,"time":111,"bus_id":12,"name":"VALLE_SOLAR_OESTE_FV","CenPgen":3.57318104,"value":3.57318104,"CenCVar":0,"CenQgen":0},{"id":1122.0,"time":112,"bus_id":12,"name":"VALLE_SOLAR_OESTE_FV","CenPgen":3.57318104,"value":3.57318104,"CenCVar":0,"CenQgen":0},{"id":1122.0,"time":113,"bus_id":12,"name":"VALLE_SOLAR_OESTE_FV","CenPgen":3.57318104,"value":3.57318104,"CenCVar":0,"CenQgen":0},{"id":1122.0,"time":114,"bus_id":12,"name":"VALLE_SOLAR_OESTE_FV","CenPgen":3.57318104,"value":3.57318104,"CenCVar":0,"CenQgen":0},{"id":1122.0,"time":115,"bus_id":12,"name":"VALLE_SOLAR_OESTE_FV","CenPgen":0.00001293,"value":0.00001293,"CenCVar":0,"CenQgen":0},{"id":1122.0,"time":116,"bus_id":12,"name":"VALLE_SOLAR_OESTE_FV","CenPgen":0.0,"value":0.0,"CenCVar":0,"CenQgen":0},{"id":1122.0,"time":117,"bus_id":12,"name":"VALLE_SOLAR_OESTE_FV","CenPgen":0.0,"value":0.0,"CenCVar":0,"CenQgen":0},{"id":1122.0,"time":118,"bus_id":12,"name":"VALLE_SOLAR_OESTE_FV","CenPgen":0.0,"value":0.0,"CenCVar":0,"CenQgen":0},{"id":1122.0,"time":119,"bus_id":12,"name":"VALLE_SOLAR_OESTE_FV","CenPgen":0.0,"value":0.0,"CenCVar":0,"CenQgen":0},{"id":1122.0,"time":120,"bus_id":12,"name":"VALLE_SOLAR_OESTE_FV","CenPgen":0.0,"value":0.0,"CenCVar":0,"CenQgen":0},{"id":1122.0,"time":121,"bus_id":12,"name":"VALLE_SOLAR_OESTE_FV","CenPgen":0.0,"value":0.0,"CenCVar":0,"CenQgen":0},{"id":1122.0,"time":122,"bus_id":12,"name":"VALLE_SOLAR_OESTE_FV","CenPgen":0.0,"value":0.0,"CenCVar":0,"CenQgen":0},{"id":1122.0,"time":123,"bus_id":12,"name":"VALLE_SOLAR_OESTE_FV","CenPgen":0.0,"value":0.0,"CenCVar":0,"CenQgen":0},{"id":1122.0,"time":124,"bus_id":12,"name":"VALLE_SOLAR_OESTE_FV","CenPgen":0.0,"value":0.0,"CenCVar":0,"CenQgen":0},{"id":1122.0,"time":125,"bus_id":12,"name":"VALLE_SOLAR_OESTE_FV","CenPgen":0.0,"value":0.0,"CenCVar":0,"CenQgen":0},{"id":1122.0,"time":126,"bus_id":12,"name":"VALLE_SOLAR_OESTE_FV","CenPgen":0.0,"value":0.0,"CenCVar":0,"CenQgen":0},{"id":1122.0,"time":127,"bus_id":12,"name":"VALLE_SOLAR_OESTE_FV","CenPgen":0.0,"value":0.0,"CenCVar":0,"CenQgen":0},{"id":1122.0,"time":128,"bus_id":12,"name":"VALLE_SOLAR_OESTE_FV","CenPgen":0.039115088,"value":0.039115088,"CenCVar":0,"CenQgen":0},{"id":1122.0,"time":129,"bus_id":12,"name":"VALLE_SOLAR_OESTE_FV","CenPgen":0.70965594,"value":0.70965594,"CenCVar":0,"CenQgen":0},{"id":1122.0,"time":130,"bus_id":12,"name":"VALLE_SOLAR_OESTE_FV","CenPgen":1.2960764464,"value":1.2960764464,"CenCVar":0,"CenQgen":0},{"id":1122.0,"time":131,"bus_id":12,"name":"VALLE_SOLAR_OESTE_FV","CenPgen":3.45560957,"value":3.45560957,"CenCVar":0,"CenQgen":0},{"id":1122.0,"time":132,"bus_id":12,"name":"VALLE_SOLAR_OESTE_FV","CenPgen":3.45560957,"value":3.45560957,"CenCVar":0,"CenQgen":0},{"id":1122.0,"time":133,"bus_id":12,"name":"VALLE_SOLAR_OESTE_FV","CenPgen":3.45560957,"value":3.45560957,"CenCVar":0,"CenQgen":0},{"id":1122.0,"time":134,"bus_id":12,"name":"VALLE_SOLAR_OESTE_FV","CenPgen":3.45560957,"value":3.45560957,"CenCVar":0,"CenQgen":0},{"id":1122.0,"time":135,"bus_id":12,"name":"VALLE_SOLAR_OESTE_FV","CenPgen":3.45560957,"value":3.45560957,"CenCVar":0,"CenQgen":0},{"id":1122.0,"time":136,"bus_id":12,"name":"VALLE_SOLAR_OESTE_FV","CenPgen":2.32350671,"value":2.32350671,"CenCVar":0,"CenQgen":0},{"id":1122.0,"time":137,"bus_id":12,"name":"VALLE_SOLAR_OESTE_FV","CenPgen":1.23737363,"value":1.23737363,"CenCVar":0,"CenQgen":0},{"id":1122.0,"time":138,"bus_id":12,"name":"VALLE_SOLAR_OESTE_FV","CenPgen":1.23737363,"value":1.23737363,"CenCVar":0,"CenQgen":0},{"id":1122.0,"time":139,"bus_id":12,"name":"VALLE_SOLAR_OESTE_FV","CenPgen":0.0,"value":0.0,"CenCVar":0,"CenQgen":0},{"id":1122.0,"time":140,"bus_id":12,"name":"VALLE_SOLAR_OESTE_FV","CenPgen":0.0,"value":0.0,"CenCVar":0,"CenQgen":0},{"id":1122.0,"time":141,"bus_id":12,"name":"VALLE_SOLAR_OESTE_FV","CenPgen":0.0,"value":0.0,"CenCVar":0,"CenQgen":0},{"id":1122.0,"time":142,"bus_id":12,"name":"VALLE_SOLAR_OESTE_FV","CenPgen":0.0,"value":0.0,"CenCVar":0,"CenQgen":0},{"id":1122.0,"time":143,"bus_id":12,"name":"VALLE_SOLAR_OESTE_FV","CenPgen":0.0,"value":0.0,"CenCVar":0,"CenQgen":0},{"id":1122.0,"time":144,"bus_id":12,"name":"VALLE_SOLAR_OESTE_FV","CenPgen":0.0,"value":0.0,"CenCVar":0,"CenQgen":0},{"id":1122.0,"time":145,"bus_id":12,"name":"VALLE_SOLAR_OESTE_FV","CenPgen":0.0,"value":0.0,"CenCVar":0,"CenQgen":0},{"id":1122.0,"time":146,"bus_id":12,"name":"VALLE_SOLAR_OESTE_FV","CenPgen":0.0,"value":0.0,"CenCVar":0,"CenQgen":0},{"id":1122.0,"time":147,"bus_id":12,"name":"VALLE_SOLAR_OESTE_FV","CenPgen":0.0,"value":0.0,"CenCVar":0,"CenQgen":0},{"id":1122.0,"time":148,"bus_id":12,"name":"VALLE_SOLAR_OESTE_FV","CenPgen":0.0,"value":0.0,"CenCVar":0,"CenQgen":0},{"id":1122.0,"time":149,"bus_id":12,"name":"VALLE_SOLAR_OESTE_FV","CenPgen":0.0,"value":0.0,"CenCVar":0,"CenQgen":0},{"id":1122.0,"time":150,"bus_id":12,"name":"VALLE_SOLAR_OESTE_FV","CenPgen":0.0,"value":0.0,"CenCVar":0,"CenQgen":0},{"id":1122.0,"time":151,"bus_id":12,"name":"VALLE_SOLAR_OESTE_FV","CenPgen":0.0,"value":0.0,"CenCVar":0,"CenQgen":0},{"id":1122.0,"time":152,"bus_id":12,"name":"VALLE_SOLAR_OESTE_FV","CenPgen":0.0,"value":0.0,"CenCVar":0,"CenQgen":0},{"id":1122.0,"time":153,"bus_id":12,"name":"VALLE_SOLAR_OESTE_FV","CenPgen":0.0,"value":0.0,"CenCVar":0,"CenQgen":0},{"id":1122.0,"time":154,"bus_id":12,"name":"VALLE_SOLAR_OESTE_FV","CenPgen":0.0,"value":0.0,"CenCVar":0,"CenQgen":0},{"id":1122.0,"time":155,"bus_id":12,"name":"VALLE_SOLAR_OESTE_FV","CenPgen":0.0,"value":0.0,"CenCVar":0,"CenQgen":0},{"id":1122.0,"time":156,"bus_id":12,"name":"VALLE_SOLAR_OESTE_FV","CenPgen":0.0,"value":0.0,"CenCVar":0,"CenQgen":0},{"id":1122.0,"time":157,"bus_id":12,"name":"VALLE_SOLAR_OESTE_FV","CenPgen":2.17801306,"value":2.17801306,"CenCVar":0,"CenQgen":0},{"id":1122.0,"time":158,"bus_id":12,"name":"VALLE_SOLAR_OESTE_FV","CenPgen":4.09383026,"value":4.09383026,"CenCVar":0,"CenQgen":0},{"id":1122.0,"time":159,"bus_id":12,"name":"VALLE_SOLAR_OESTE_FV","CenPgen":4.09383026,"value":4.09383026,"CenCVar":0,"CenQgen":0},{"id":1122.0,"time":160,"bus_id":12,"name":"VALLE_SOLAR_OESTE_FV","CenPgen":4.09383026,"value":4.09383026,"CenCVar":0,"CenQgen":0},{"id":1122.0,"time":161,"bus_id":12,"name":"VALLE_SOLAR_OESTE_FV","CenPgen":1.5857252482,"value":1.5857252482,"CenCVar":0,"CenQgen":0},{"id":1122.0,"time":162,"bus_id":12,"name":"VALLE_SOLAR_OESTE_FV","CenPgen":1.5857252482,"value":1.5857252482,"CenCVar":0,"CenQgen":0},{"id":1122.0,"time":163,"bus_id":12,"name":"VALLE_SOLAR_OESTE_FV","CenPgen":1.5857252482,"value":1.5857252482,"CenCVar":0,"CenQgen":0},{"id":1122.0,"time":164,"bus_id":12,"name":"VALLE_SOLAR_OESTE_FV","CenPgen":0.0,"value":0.0,"CenCVar":0,"CenQgen":0},{"id":1122.0,"time":165,"bus_id":12,"name":"VALLE_SOLAR_OESTE_FV","CenPgen":0.0,"value":0.0,"CenCVar":0,"CenQgen":0},{"id":1122.0,"time":166,"bus_id":12,"name":"VALLE_SOLAR_OESTE_FV","CenPgen":0.0,"value":0.0,"CenCVar":0,"CenQgen":0},{"id":1122.0,"time":167,"bus_id":12,"name":"VALLE_SOLAR_OESTE_FV","CenPgen":0.0,"value":0.0,"CenCVar":0,"CenQgen":0},{"id":1122.0,"time":168,"bus_id":12,"name":"VALLE_SOLAR_OESTE_FV","CenPgen":0.0,"value":0.0,"CenCVar":0,"CenQgen":0}]