[{"id":1011.0,"time":1,"bus_id":2,"name":"SOL_DE_LILA_FV","CenPgen":0.0,"value":0.0,"CenCVar":0,"CenQgen":0},{"id":1011.0,"time":2,"bus_id":2,"name":"SOL_DE_LILA_FV","CenPgen":0.0,"value":0.0,"CenCVar":0,"CenQgen":0},{"id":1011.0,"time":3,"bus_id":2,"name":"SOL_DE_LILA_FV","CenPgen":0.0,"value":0.0,"CenCVar":0,"CenQgen":0},{"id":1011.0,"time":4,"bus_id":2,"name":"SOL_DE_LILA_FV","CenPgen":0.0,"value":0.0,"CenCVar":0,"CenQgen":0},{"id":1011.0,"time":5,"bus_id":2,"name":"SOL_DE_LILA_FV","CenPgen":0.0,"value":0.0,"CenCVar":0,"CenQgen":0},{"id":1011.0,"time":6,"bus_id":2,"name":"SOL_DE_LILA_FV","CenPgen":0.0,"value":0.0,"CenCVar":0,"CenQgen":0},{"id":1011.0,"time":7,"bus_id":2,"name":"SOL_DE_LILA_FV","CenPgen":0.0,"value":0.0,"CenCVar":0,"CenQgen":0},{"id":1011.0,"time":8,"bus_id":2,"name":"SOL_DE_LILA_FV","CenPgen":16.82,"value":16.82,"CenCVar":0,"CenQgen":0},{"id":1011.0,"time":9,"bus_id":2,"name":"SOL_DE_LILA_FV","CenPgen":67.36,"value":67.36,"CenCVar":0,"CenQgen":0},{"id":1011.0,"time":10,"bus_id":2,"name":"SOL_DE_LILA_FV","CenPgen":102.66,"value":102.66,"CenCVar":0,"CenQgen":0},{"id":1011.0,"time":11,"bus_id":2,"name":"SOL_DE_LILA_FV","CenPgen":107.76,"value":107.76,"CenCVar":0,"CenQgen":0},{"id":1011.0,"time":12,"bus_id":2,"name":"SOL_DE_LILA_FV","CenPgen":108.49,"value":108.49,"CenCVar":0,"CenQgen":0},{"id":1011.0,"time":13,"bus_id":2,"name":"SOL_DE_LILA_FV","CenPgen":108.81,"value":108.81,"CenCVar":0,"CenQgen":0},{"id":1011.0,"time":14,"bus_id":2,"name":"SOL_DE_LILA_FV","CenPgen":106.6,"value":106.6,"CenCVar":0,"CenQgen":0},{"id":1011.0,"time":15,"bus_id":2,"name":"SOL_DE_LILA_FV","CenPgen":101.2,"value":101.2,"CenCVar":0,"CenQgen":0},{"id":1011.0,"time":16,"bus_id":2,"name":"SOL_DE_LILA_FV","CenPgen":96.96,"value":96.96,"CenCVar":0,"CenQgen":0},{"id":1011.0,"time":17,"bus_id":2,"name":"SOL_DE_LILA_FV","CenPgen":82.99,"value":82.99,"CenCVar":0,"CenQgen":0},{"id":1011.0,"time":18,"bus_id":2,"name":"SOL_DE_LILA_FV","CenPgen":36.69,"value":36.69,"CenCVar":0,"CenQgen":0},{"id":1011.0,"time":19,"bus_id":2,"name":"SOL_DE_LILA_FV","CenPgen":0.0,"value":0.0,"CenCVar":0,"CenQgen":0},{"id":1011.0,"time":20,"bus_id":2,"name":"SOL_DE_LILA_FV","CenPgen":0.0,"value":0.0,"CenCVar":0,"CenQgen":0},{"id":1011.0,"time":21,"bus_id":2,"name":"SOL_DE_LILA_FV","CenPgen":0.0,"value":0.0,"CenCVar":0,"CenQgen":0},{"id":1011.0,"time":22,"bus_id":2,"name":"SOL_DE_LILA_FV","CenPgen":0.0,"value":0.0,"CenCVar":0,"CenQgen":0},{"id":1011.0,"time":23,"bus_id":2,"name":"SOL_DE_LILA_FV","CenPgen":0.0,"value":0.0,"CenCVar":0,"CenQgen":0},{"id":1011.0,"time":24,"bus_id":2,"name":"SOL_DE_LILA_FV","CenPgen":0.0,"value":0.0,"CenCVar":0,"CenQgen":0},{"id":1011.0,"time":25,"bus_id":2,"name":"SOL_DE_LILA_FV","CenPgen":0.0,"value":0.0,"CenCVar":0,"CenQgen":0},{"id":1011.0,"time":26,"bus_id":2,"name":"SOL_DE_LILA_FV","CenPgen":0.0,"value":0.0,"CenCVar":0,"CenQgen":0},{"id":1011.0,"time":27,"bus_id":2,"name":"SOL_DE_LILA_FV","CenPgen":0.0,"value":0.0,"CenCVar":0,"CenQgen":0},{"id":1011.0,"time":28,"bus_id":2,"name":"SOL_DE_LILA_FV","CenPgen":0.0,"value":0.0,"CenCVar":0,"CenQgen":0},{"id":1011.0,"time":29,"bus_id":2,"name":"SOL_DE_LILA_FV","CenPgen":0.0,"value":0.0,"CenCVar":0,"CenQgen":0},{"id":1011.0,"time":30,"bus_id":2,"name":"SOL_DE_LILA_FV","CenPgen":0.0,"value":0.0,"CenCVar":0,"CenQgen":0},{"id":1011.0,"time":31,"bus_id":2,"name":"SOL_DE_LILA_FV","CenPgen":0.0,"value":0.0,"CenCVar":0,"CenQgen":0},{"id":1011.0,"time":32,"bus_id":2,"name":"SOL_DE_LILA_FV","CenPgen":13.97,"value":13.97,"CenCVar":0,"CenQgen":0},{"id":1011.0,"time":33,"bus_id":2,"name":"SOL_DE_LILA_FV","CenPgen":63.01,"value":63.01,"CenCVar":0,"CenQgen":0},{"id":1011.0,"time":34,"bus_id":2,"name":"SOL_DE_LILA_FV","CenPgen":100.78,"value":100.78,"CenCVar":0,"CenQgen":0},{"id":1011.0,"time":35,"bus_id":2,"name":"SOL_DE_LILA_FV","CenPgen":106.2,"value":106.2,"CenCVar":0,"CenQgen":0},{"id":1011.0,"time":36,"bus_id":2,"name":"SOL_DE_LILA_FV","CenPgen":107.4333333333,"value":107.4333333333,"CenCVar":0,"CenQgen":0},{"id":1011.0,"time":37,"bus_id":2,"name":"SOL_DE_LILA_FV","CenPgen":107.4333333333,"value":107.4333333333,"CenCVar":0,"CenQgen":0},{"id":1011.0,"time":38,"bus_id":2,"name":"SOL_DE_LILA_FV","CenPgen":107.4333333333,"value":107.4333333333,"CenCVar":0,"CenQgen":0},{"id":1011.0,"time":39,"bus_id":2,"name":"SOL_DE_LILA_FV","CenPgen":99.69,"value":99.69,"CenCVar":0,"CenQgen":0},{"id":1011.0,"time":40,"bus_id":2,"name":"SOL_DE_LILA_FV","CenPgen":92.8,"value":92.8,"CenCVar":0,"CenQgen":0},{"id":1011.0,"time":41,"bus_id":2,"name":"SOL_DE_LILA_FV","CenPgen":76.95,"value":76.95,"CenCVar":0,"CenQgen":0},{"id":1011.0,"time":42,"bus_id":2,"name":"SOL_DE_LILA_FV","CenPgen":33.09,"value":33.09,"CenCVar":0,"CenQgen":0},{"id":1011.0,"time":43,"bus_id":2,"name":"SOL_DE_LILA_FV","CenPgen":1.36,"value":1.36,"CenCVar":0,"CenQgen":0},{"id":1011.0,"time":44,"bus_id":2,"name":"SOL_DE_LILA_FV","CenPgen":0.0,"value":0.0,"CenCVar":0,"CenQgen":0},{"id":1011.0,"time":45,"bus_id":2,"name":"SOL_DE_LILA_FV","CenPgen":0.0,"value":0.0,"CenCVar":0,"CenQgen":0},{"id":1011.0,"time":46,"bus_id":2,"name":"SOL_DE_LILA_FV","CenPgen":0.0,"value":0.0,"CenCVar":0,"CenQgen":0},{"id":1011.0,"time":47,"bus_id":2,"name":"SOL_DE_LILA_FV","CenPgen":0.0,"value":0.0,"CenCVar":0,"CenQgen":0},{"id":1011.0,"time":48,"bus_id":2,"name":"SOL_DE_LILA_FV","CenPgen":0.0,"value":0.0,"CenCVar":0,"CenQgen":0},{"id":1011.0,"time":49,"bus_id":2,"name":"SOL_DE_LILA_FV","CenPgen":0.0,"value":0.0,"CenCVar":0,"CenQgen":0},{"id":1011.0,"time":50,"bus_id":2,"name":"SOL_DE_LILA_FV","CenPgen":0.0,"value":0.0,"CenCVar":0,"CenQgen":0},{"id":1011.0,"time":51,"bus_id":2,"name":"SOL_DE_LILA_FV","CenPgen":0.0,"value":0.0,"CenCVar":0,"CenQgen":0},{"id":1011.0,"time":52,"bus_id":2,"name":"SOL_DE_LILA_FV","CenPgen":0.0,"value":0.0,"CenCVar":0,"CenQgen":0},{"id":1011.0,"time":53,"bus_id":2,"name":"SOL_DE_LILA_FV","CenPgen":0.0,"value":0.0,"CenCVar":0,"CenQgen":0},{"id":1011.0,"time":54,"bus_id":2,"name":"SOL_DE_LILA_FV","CenPgen":0.0,"value":0.0,"CenCVar":0,"CenQgen":0},{"id":1011.0,"time":55,"bus_id":2,"name":"SOL_DE_LILA_FV","CenPgen":0.0,"value":0.0,"CenCVar":0,"CenQgen":0},{"id":1011.0,"time":56,"bus_id":2,"name":"SOL_DE_LILA_FV","CenPgen":14.36,"value":14.36,"CenCVar":0,"CenQgen":0},{"id":1011.0,"time":57,"bus_id":2,"name":"SOL_DE_LILA_FV","CenPgen":64.89,"value":64.89,"CenCVar":0,"CenQgen":0},{"id":1011.0,"time":58,"bus_id":2,"name":"SOL_DE_LILA_FV","CenPgen":104.75,"value":104.75,"CenCVar":0,"CenQgen":0},{"id":1011.0,"time":59,"bus_id":2,"name":"SOL_DE_LILA_FV","CenPgen":113.075,"value":113.075,"CenCVar":0,"CenQgen":0},{"id":1011.0,"time":60,"bus_id":2,"name":"SOL_DE_LILA_FV","CenPgen":113.075,"value":113.075,"CenCVar":0,"CenQgen":0},{"id":1011.0,"time":61,"bus_id":2,"name":"SOL_DE_LILA_FV","CenPgen":113.075,"value":113.075,"CenCVar":0,"CenQgen":0},{"id":1011.0,"time":62,"bus_id":2,"name":"SOL_DE_LILA_FV","CenPgen":113.075,"value":113.075,"CenCVar":0,"CenQgen":0},{"id":1011.0,"time":63,"bus_id":2,"name":"SOL_DE_LILA_FV","CenPgen":110.56,"value":110.56,"CenCVar":0,"CenQgen":0},{"id":1011.0,"time":64,"bus_id":2,"name":"SOL_DE_LILA_FV","CenPgen":103.7,"value":103.7,"CenCVar":0,"CenQgen":0},{"id":1011.0,"time":65,"bus_id":2,"name":"SOL_DE_LILA_FV","CenPgen":87.47,"value":87.47,"CenCVar":0,"CenQgen":0},{"id":1011.0,"time":66,"bus_id":2,"name":"SOL_DE_LILA_FV","CenPgen":40.93,"value":40.93,"CenCVar":0,"CenQgen":0},{"id":1011.0,"time":67,"bus_id":2,"name":"SOL_DE_LILA_FV","CenPgen":2.25,"value":2.25,"CenCVar":0,"CenQgen":0},{"id":1011.0,"time":68,"bus_id":2,"name":"SOL_DE_LILA_FV","CenPgen":0.0,"value":0.0,"CenCVar":0,"CenQgen":0},{"id":1011.0,"time":69,"bus_id":2,"name":"SOL_DE_LILA_FV","CenPgen":0.0,"value":0.0,"CenCVar":0,"CenQgen":0},{"id":1011.0,"time":70,"bus_id":2,"name":"SOL_DE_LILA_FV","CenPgen":0.0,"value":0.0,"CenCVar":0,"CenQgen":0},{"id":1011.0,"time":71,"bus_id":2,"name":"SOL_DE_LILA_FV","CenPgen":0.0,"value":0.0,"CenCVar":0,"CenQgen":0},{"id":1011.0,"time":72,"bus_id":2,"name":"SOL_DE_LILA_FV","CenPgen":0.0,"value":0.0,"CenCVar":0,"CenQgen":0},{"id":1011.0,"time":73,"bus_id":2,"name":"SOL_DE_LILA_FV","CenPgen":0.0,"value":0.0,"CenCVar":0,"CenQgen":0},{"id":1011.0,"time":74,"bus_id":2,"name":"SOL_DE_LILA_FV","CenPgen":0.0,"value":0.0,"CenCVar":0,"CenQgen":0},{"id":1011.0,"time":75,"bus_id":2,"name":"SOL_DE_LILA_FV","CenPgen":0.0,"value":0.0,"CenCVar":0,"CenQgen":0},{"id":1011.0,"time":76,"bus_id":2,"name":"SOL_DE_LILA_FV","CenPgen":0.0,"value":0.0,"CenCVar":0,"CenQgen":0},{"id":1011.0,"time":77,"bus_id":2,"name":"SOL_DE_LILA_FV","CenPgen":0.0,"value":0.0,"CenCVar":0,"CenQgen":0},{"id":1011.0,"time":78,"bus_id":2,"name":"SOL_DE_LILA_FV","CenPgen":0.0,"value":0.0,"CenCVar":0,"CenQgen":0},{"id":1011.0,"time":79,"bus_id":2,"name":"SOL_DE_LILA_FV","CenPgen":0.0,"value":0.0,"CenCVar":0,"CenQgen":0},{"id":1011.0,"time":80,"bus_id":2,"name":"SOL_DE_LILA_FV","CenPgen":14.83,"value":14.83,"CenCVar":0,"CenQgen":0},{"id":1011.0,"time":81,"bus_id":2,"name":"SOL_DE_LILA_FV","CenPgen":63.64,"value":63.64,"CenCVar":0,"CenQgen":0},{"id":1011.0,"time":82,"bus_id":2,"name":"SOL_DE_LILA_FV","CenPgen":102.58,"value":102.58,"CenCVar":0,"CenQgen":0},{"id":1011.0,"time":83,"bus_id":2,"name":"SOL_DE_LILA_FV","CenPgen":111.665,"value":111.665,"CenCVar":0,"CenQgen":0},{"id":1011.0,"time":84,"bus_id":2,"name":"SOL_DE_LILA_FV","CenPgen":111.665,"value":111.665,"CenCVar":0,"CenQgen":0},{"id":1011.0,"time":85,"bus_id":2,"name":"SOL_DE_LILA_FV","CenPgen":110.975,"value":110.975,"CenCVar":0,"CenQgen":0},{"id":1011.0,"time":86,"bus_id":2,"name":"SOL_DE_LILA_FV","CenPgen":110.975,"value":110.975,"CenCVar":0,"CenQgen":0},{"id":1011.0,"time":87,"bus_id":2,"name":"SOL_DE_LILA_FV","CenPgen":110.975,"value":110.975,"CenCVar":0,"CenQgen":0},{"id":1011.0,"time":88,"bus_id":2,"name":"SOL_DE_LILA_FV","CenPgen":110.975,"value":110.975,"CenCVar":0,"CenQgen":0},{"id":1011.0,"time":89,"bus_id":2,"name":"SOL_DE_LILA_FV","CenPgen":66.31,"value":66.31,"CenCVar":0,"CenQgen":0},{"id":1011.0,"time":90,"bus_id":2,"name":"SOL_DE_LILA_FV","CenPgen":66.31,"value":66.31,"CenCVar":0,"CenQgen":0},{"id":1011.0,"time":91,"bus_id":2,"name":"SOL_DE_LILA_FV","CenPgen":3.84,"value":3.84,"CenCVar":0,"CenQgen":0},{"id":1011.0,"time":92,"bus_id":2,"name":"SOL_DE_LILA_FV","CenPgen":0.0,"value":0.0,"CenCVar":0,"CenQgen":0},{"id":1011.0,"time":93,"bus_id":2,"name":"SOL_DE_LILA_FV","CenPgen":0.0,"value":0.0,"CenCVar":0,"CenQgen":0},{"id":1011.0,"time":94,"bus_id":2,"name":"SOL_DE_LILA_FV","CenPgen":0.0,"value":0.0,"CenCVar":0,"CenQgen":0},{"id":1011.0,"time":95,"bus_id":2,"name":"SOL_DE_LILA_FV","CenPgen":0.0,"value":0.0,"CenCVar":0,"CenQgen":0},{"id":1011.0,"time":96,"bus_id":2,"name":"SOL_DE_LILA_FV","CenPgen":0.0,"value":0.0,"CenCVar":0,"CenQgen":0},{"id":1011.0,"time":97,"bus_id":2,"name":"SOL_DE_LILA_FV","CenPgen":0.0,"value":0.0,"CenCVar":0,"CenQgen":0},{"id":1011.0,"time":98,"bus_id":2,"name":"SOL_DE_LILA_FV","CenPgen":0.0,"value":0.0,"CenCVar":0,"CenQgen":0},{"id":1011.0,"time":99,"bus_id":2,"name":"SOL_DE_LILA_FV","CenPgen":0.0,"value":0.0,"CenCVar":0,"CenQgen":0},{"id":1011.0,"time":100,"bus_id":2,"name":"SOL_DE_LILA_FV","CenPgen":0.0,"value":0.0,"CenCVar":0,"CenQgen":0},{"id":1011.0,"time":101,"bus_id":2,"name":"SOL_DE_LILA_FV","CenPgen":6.1664,"value":6.1664,"CenCVar":0,"CenQgen":0},{"id":1011.0,"time":102,"bus_id":2,"name":"SOL_DE_LILA_FV","CenPgen":6.1664,"value":6.1664,"CenCVar":0,"CenQgen":0},{"id":1011.0,"time":103,"bus_id":2,"name":"SOL_DE_LILA_FV","CenPgen":6.1664,"value":6.1664,"CenCVar":0,"CenQgen":0},{"id":1011.0,"time":104,"bus_id":2,"name":"SOL_DE_LILA_FV","CenPgen":6.1664,"value":6.1664,"CenCVar":0,"CenQgen":0},{"id":1011.0,"time":105,"bus_id":2,"name":"SOL_DE_LILA_FV","CenPgen":6.1664,"value":6.1664,"CenCVar":0,"CenQgen":0},{"id":1011.0,"time":106,"bus_id":2,"name":"SOL_DE_LILA_FV","CenPgen":99.75,"value":99.75,"CenCVar":0,"CenQgen":0},{"id":1011.0,"time":107,"bus_id":2,"name":"SOL_DE_LILA_FV","CenPgen":109.95,"value":109.95,"CenCVar":0,"CenQgen":0},{"id":1011.0,"time":108,"bus_id":2,"name":"SOL_DE_LILA_FV","CenPgen":109.95,"value":109.95,"CenCVar":0,"CenQgen":0},{"id":1011.0,"time":109,"bus_id":2,"name":"SOL_DE_LILA_FV","CenPgen":94.85,"value":94.85,"CenCVar":0,"CenQgen":0},{"id":1011.0,"time":110,"bus_id":2,"name":"SOL_DE_LILA_FV","CenPgen":94.85,"value":94.85,"CenCVar":0,"CenQgen":0},{"id":1011.0,"time":111,"bus_id":2,"name":"SOL_DE_LILA_FV","CenPgen":94.85,"value":94.85,"CenCVar":0,"CenQgen":0},{"id":1011.0,"time":112,"bus_id":2,"name":"SOL_DE_LILA_FV","CenPgen":94.85,"value":94.85,"CenCVar":0,"CenQgen":0},{"id":1011.0,"time":113,"bus_id":2,"name":"SOL_DE_LILA_FV","CenPgen":94.85,"value":94.85,"CenCVar":0,"CenQgen":0},{"id":1011.0,"time":114,"bus_id":2,"name":"SOL_DE_LILA_FV","CenPgen":94.85,"value":94.85,"CenCVar":0,"CenQgen":0},{"id":1011.0,"time":115,"bus_id":2,"name":"SOL_DE_LILA_FV","CenPgen":3.17,"value":3.17,"CenCVar":0,"CenQgen":0},{"id":1011.0,"time":116,"bus_id":2,"name":"SOL_DE_LILA_FV","CenPgen":0.0,"value":0.0,"CenCVar":0,"CenQgen":0},{"id":1011.0,"time":117,"bus_id":2,"name":"SOL_DE_LILA_FV","CenPgen":0.0,"value":0.0,"CenCVar":0,"CenQgen":0},{"id":1011.0,"time":118,"bus_id":2,"name":"SOL_DE_LILA_FV","CenPgen":0.0,"value":0.0,"CenCVar":0,"CenQgen":0},{"id":1011.0,"time":119,"bus_id":2,"name":"SOL_DE_LILA_FV","CenPgen":0.0,"value":0.0,"CenCVar":0,"CenQgen":0},{"id":1011.0,"time":120,"bus_id":2,"name":"SOL_DE_LILA_FV","CenPgen":0.0,"value":0.0,"CenCVar":0,"CenQgen":0},{"id":1011.0,"time":121,"bus_id":2,"name":"SOL_DE_LILA_FV","CenPgen":0.0,"value":0.0,"CenCVar":0,"CenQgen":0},{"id":1011.0,"time":122,"bus_id":2,"name":"SOL_DE_LILA_FV","CenPgen":0.0,"value":0.0,"CenCVar":0,"CenQgen":0},{"id":1011.0,"time":123,"bus_id":2,"name":"SOL_DE_LILA_FV","CenPgen":0.0,"value":0.0,"CenCVar":0,"CenQgen":0},{"id":1011.0,"time":124,"bus_id":2,"name":"SOL_DE_LILA_FV","CenPgen":0.0,"value":0.0,"CenCVar":0,"CenQgen":0},{"id":1011.0,"time":125,"bus_id":2,"name":"SOL_DE_LILA_FV","CenPgen":0.0,"value":0.0,"CenCVar":0,"CenQgen":0},{"id":1011.0,"time":126,"bus_id":2,"name":"SOL_DE_LILA_FV","CenPgen":0.0,"value":0.0,"CenCVar":0,"CenQgen":0},{"id":1011.0,"time":127,"bus_id":2,"name":"SOL_DE_LILA_FV","CenPgen":0.0,"value":0.0,"CenCVar":0,"CenQgen":0},{"id":1011.0,"time":128,"bus_id":2,"name":"SOL_DE_LILA_FV","CenPgen":15.49,"value":15.49,"CenCVar":0,"CenQgen":0},{"id":1011.0,"time":129,"bus_id":2,"name":"SOL_DE_LILA_FV","CenPgen":66.28,"value":66.28,"CenCVar":0,"CenQgen":0},{"id":1011.0,"time":130,"bus_id":2,"name":"SOL_DE_LILA_FV","CenPgen":105.91,"value":105.91,"CenCVar":0,"CenQgen":0},{"id":1011.0,"time":131,"bus_id":2,"name":"SOL_DE_LILA_FV","CenPgen":114.324,"value":114.324,"CenCVar":0,"CenQgen":0},{"id":1011.0,"time":132,"bus_id":2,"name":"SOL_DE_LILA_FV","CenPgen":114.324,"value":114.324,"CenCVar":0,"CenQgen":0},{"id":1011.0,"time":133,"bus_id":2,"name":"SOL_DE_LILA_FV","CenPgen":114.324,"value":114.324,"CenCVar":0,"CenQgen":0},{"id":1011.0,"time":134,"bus_id":2,"name":"SOL_DE_LILA_FV","CenPgen":114.324,"value":114.324,"CenCVar":0,"CenQgen":0},{"id":1011.0,"time":135,"bus_id":2,"name":"SOL_DE_LILA_FV","CenPgen":114.324,"value":114.324,"CenCVar":0,"CenQgen":0},{"id":1011.0,"time":136,"bus_id":2,"name":"SOL_DE_LILA_FV","CenPgen":106.2,"value":106.2,"CenCVar":0,"CenQgen":0},{"id":1011.0,"time":137,"bus_id":2,"name":"SOL_DE_LILA_FV","CenPgen":69.895,"value":69.895,"CenCVar":0,"CenQgen":0},{"id":1011.0,"time":138,"bus_id":2,"name":"SOL_DE_LILA_FV","CenPgen":69.895,"value":69.895,"CenCVar":0,"CenQgen":0},{"id":1011.0,"time":139,"bus_id":2,"name":"SOL_DE_LILA_FV","CenPgen":5.68,"value":5.68,"CenCVar":0,"CenQgen":0},{"id":1011.0,"time":140,"bus_id":2,"name":"SOL_DE_LILA_FV","CenPgen":0.0,"value":0.0,"CenCVar":0,"CenQgen":0},{"id":1011.0,"time":141,"bus_id":2,"name":"SOL_DE_LILA_FV","CenPgen":0.0,"value":0.0,"CenCVar":0,"CenQgen":0},{"id":1011.0,"time":142,"bus_id":2,"name":"SOL_DE_LILA_FV","CenPgen":0.0,"value":0.0,"CenCVar":0,"CenQgen":0},{"id":1011.0,"time":143,"bus_id":2,"name":"SOL_DE_LILA_FV","CenPgen":0.0,"value":0.0,"CenCVar":0,"CenQgen":0},{"id":1011.0,"time":144,"bus_id":2,"name":"SOL_DE_LILA_FV","CenPgen":0.0,"value":0.0,"CenCVar":0,"CenQgen":0},{"id":1011.0,"time":145,"bus_id":2,"name":"SOL_DE_LILA_FV","CenPgen":0.0,"value":0.0,"CenCVar":0,"CenQgen":0},{"id":1011.0,"time":146,"bus_id":2,"name":"SOL_DE_LILA_FV","CenPgen":0.0,"value":0.0,"CenCVar":0,"CenQgen":0},{"id":1011.0,"time":147,"bus_id":2,"name":"SOL_DE_LILA_FV","CenPgen":0.0,"value":0.0,"CenCVar":0,"CenQgen":0},{"id":1011.0,"time":148,"bus_id":2,"name":"SOL_DE_LILA_FV","CenPgen":0.0,"value":0.0,"CenCVar":0,"CenQgen":0},{"id":1011.0,"time":149,"bus_id":2,"name":"SOL_DE_LILA_FV","CenPgen":0.0,"value":0.0,"CenCVar":0,"CenQgen":0},{"id":1011.0,"time":150,"bus_id":2,"name":"SOL_DE_LILA_FV","CenPgen":0.0,"value":0.0,"CenCVar":0,"CenQgen":0},{"id":1011.0,"time":151,"bus_id":2,"name":"SOL_DE_LILA_FV","CenPgen":0.0,"value":0.0,"CenCVar":0,"CenQgen":0},{"id":1011.0,"time":152,"bus_id":2,"name":"SOL_DE_LILA_FV","CenPgen":15.3,"value":15.3,"CenCVar":0,"CenQgen":0},{"id":1011.0,"time":153,"bus_id":2,"name":"SOL_DE_LILA_FV","CenPgen":66.24,"value":66.24,"CenCVar":0,"CenQgen":0},{"id":1011.0,"time":154,"bus_id":2,"name":"SOL_DE_LILA_FV","CenPgen":112.3266666667,"value":112.3266666667,"CenCVar":0,"CenQgen":0},{"id":1011.0,"time":155,"bus_id":2,"name":"SOL_DE_LILA_FV","CenPgen":112.3266666667,"value":112.3266666667,"CenCVar":0,"CenQgen":0},{"id":1011.0,"time":156,"bus_id":2,"name":"SOL_DE_LILA_FV","CenPgen":112.3266666667,"value":112.3266666667,"CenCVar":0,"CenQgen":0},{"id":1011.0,"time":157,"bus_id":2,"name":"SOL_DE_LILA_FV","CenPgen":116.57,"value":116.57,"CenCVar":0,"CenQgen":0},{"id":1011.0,"time":158,"bus_id":2,"name":"SOL_DE_LILA_FV","CenPgen":114.7766666667,"value":114.7766666667,"CenCVar":0,"CenQgen":0},{"id":1011.0,"time":159,"bus_id":2,"name":"SOL_DE_LILA_FV","CenPgen":114.7766666667,"value":114.7766666667,"CenCVar":0,"CenQgen":0},{"id":1011.0,"time":160,"bus_id":2,"name":"SOL_DE_LILA_FV","CenPgen":114.7766666667,"value":114.7766666667,"CenCVar":0,"CenQgen":0},{"id":1011.0,"time":161,"bus_id":2,"name":"SOL_DE_LILA_FV","CenPgen":47.7733333333,"value":47.7733333333,"CenCVar":0,"CenQgen":0},{"id":1011.0,"time":162,"bus_id":2,"name":"SOL_DE_LILA_FV","CenPgen":47.7733333333,"value":47.7733333333,"CenCVar":0,"CenQgen":0},{"id":1011.0,"time":163,"bus_id":2,"name":"SOL_DE_LILA_FV","CenPgen":47.7733333333,"value":47.7733333333,"CenCVar":0,"CenQgen":0},{"id":1011.0,"time":164,"bus_id":2,"name":"SOL_DE_LILA_FV","CenPgen":0.0,"value":0.0,"CenCVar":0,"CenQgen":0},{"id":1011.0,"time":165,"bus_id":2,"name":"SOL_DE_LILA_FV","CenPgen":0.0,"value":0.0,"CenCVar":0,"CenQgen":0},{"id":1011.0,"time":166,"bus_id":2,"name":"SOL_DE_LILA_FV","CenPgen":0.0,"value":0.0,"CenCVar":0,"CenQgen":0},{"id":1011.0,"time":167,"bus_id":2,"name":"SOL_DE_LILA_FV","CenPgen":0.0,"value":0.0,"CenCVar":0,"CenQgen":0},{"id":1011.0,"time":168,"bus_id":2,"name":"SOL_DE_LILA_FV","CenPgen":0.0,"value":0.0,"CenCVar":0,"CenQgen":0}]