[{"id":1234.0,"time":1,"bus_id":35,"name":"DON_ENRIQUE_FV","CenPgen":0.0,"value":0.0,"CenCVar":0,"CenQgen":0},{"id":1234.0,"time":2,"bus_id":35,"name":"DON_ENRIQUE_FV","CenPgen":0.0,"value":0.0,"CenCVar":0,"CenQgen":0},{"id":1234.0,"time":3,"bus_id":35,"name":"DON_ENRIQUE_FV","CenPgen":0.0,"value":0.0,"CenCVar":0,"CenQgen":0},{"id":1234.0,"time":4,"bus_id":35,"name":"DON_ENRIQUE_FV","CenPgen":0.0,"value":0.0,"CenCVar":0,"CenQgen":0},{"id":1234.0,"time":5,"bus_id":35,"name":"DON_ENRIQUE_FV","CenPgen":0.0,"value":0.0,"CenCVar":0,"CenQgen":0},{"id":1234.0,"time":6,"bus_id":35,"name":"DON_ENRIQUE_FV","CenPgen":0.0,"value":0.0,"CenCVar":0,"CenQgen":0},{"id":1234.0,"time":7,"bus_id":35,"name":"DON_ENRIQUE_FV","CenPgen":0.0,"value":0.0,"CenCVar":0,"CenQgen":0},{"id":1234.0,"time":8,"bus_id":35,"name":"DON_ENRIQUE_FV","CenPgen":0.0559036162,"value":0.0559036162,"CenCVar":0,"CenQgen":0},{"id":1234.0,"time":9,"bus_id":35,"name":"DON_ENRIQUE_FV","CenPgen":1.28630548,"value":1.28630548,"CenCVar":0,"CenQgen":0},{"id":1234.0,"time":10,"bus_id":35,"name":"DON_ENRIQUE_FV","CenPgen":5.72185168,"value":5.72185168,"CenCVar":0,"CenQgen":0},{"id":1234.0,"time":11,"bus_id":35,"name":"DON_ENRIQUE_FV","CenPgen":7.60876074,"value":7.60876074,"CenCVar":0,"CenQgen":0},{"id":1234.0,"time":12,"bus_id":35,"name":"DON_ENRIQUE_FV","CenPgen":7.7871831054,"value":7.7871831054,"CenCVar":0,"CenQgen":0},{"id":1234.0,"time":13,"bus_id":35,"name":"DON_ENRIQUE_FV","CenPgen":7.7552062988,"value":7.7552062988,"CenCVar":0,"CenQgen":0},{"id":1234.0,"time":14,"bus_id":35,"name":"DON_ENRIQUE_FV","CenPgen":7.81041833,"value":7.81041833,"CenCVar":0,"CenQgen":0},{"id":1234.0,"time":15,"bus_id":35,"name":"DON_ENRIQUE_FV","CenPgen":8.02605676,"value":8.02605676,"CenCVar":0,"CenQgen":0},{"id":1234.0,"time":16,"bus_id":35,"name":"DON_ENRIQUE_FV","CenPgen":7.99395129,"value":7.99395129,"CenCVar":0,"CenQgen":0},{"id":1234.0,"time":17,"bus_id":35,"name":"DON_ENRIQUE_FV","CenPgen":5.32008618,"value":5.32008618,"CenCVar":0,"CenQgen":0},{"id":1234.0,"time":18,"bus_id":35,"name":"DON_ENRIQUE_FV","CenPgen":1.5045702095,"value":1.5045702095,"CenCVar":0,"CenQgen":0},{"id":1234.0,"time":19,"bus_id":35,"name":"DON_ENRIQUE_FV","CenPgen":0.0127257177,"value":0.0127257177,"CenCVar":0,"CenQgen":0},{"id":1234.0,"time":20,"bus_id":35,"name":"DON_ENRIQUE_FV","CenPgen":0.0,"value":0.0,"CenCVar":0,"CenQgen":0},{"id":1234.0,"time":21,"bus_id":35,"name":"DON_ENRIQUE_FV","CenPgen":0.0,"value":0.0,"CenCVar":0,"CenQgen":0},{"id":1234.0,"time":22,"bus_id":35,"name":"DON_ENRIQUE_FV","CenPgen":0.0,"value":0.0,"CenCVar":0,"CenQgen":0},{"id":1234.0,"time":23,"bus_id":35,"name":"DON_ENRIQUE_FV","CenPgen":0.0,"value":0.0,"CenCVar":0,"CenQgen":0},{"id":1234.0,"time":24,"bus_id":35,"name":"DON_ENRIQUE_FV","CenPgen":0.0,"value":0.0,"CenCVar":0,"CenQgen":0},{"id":1234.0,"time":25,"bus_id":35,"name":"DON_ENRIQUE_FV","CenPgen":0.0,"value":0.0,"CenCVar":0,"CenQgen":0},{"id":1234.0,"time":26,"bus_id":35,"name":"DON_ENRIQUE_FV","CenPgen":0.0,"value":0.0,"CenCVar":0,"CenQgen":0},{"id":1234.0,"time":27,"bus_id":35,"name":"DON_ENRIQUE_FV","CenPgen":0.0,"value":0.0,"CenCVar":0,"CenQgen":0},{"id":1234.0,"time":28,"bus_id":35,"name":"DON_ENRIQUE_FV","CenPgen":0.0,"value":0.0,"CenCVar":0,"CenQgen":0},{"id":1234.0,"time":29,"bus_id":35,"name":"DON_ENRIQUE_FV","CenPgen":0.0,"value":0.0,"CenCVar":0,"CenQgen":0},{"id":1234.0,"time":30,"bus_id":35,"name":"DON_ENRIQUE_FV","CenPgen":0.0,"value":0.0,"CenCVar":0,"CenQgen":0},{"id":1234.0,"time":31,"bus_id":35,"name":"DON_ENRIQUE_FV","CenPgen":0.0,"value":0.0,"CenCVar":0,"CenQgen":0},{"id":1234.0,"time":32,"bus_id":35,"name":"DON_ENRIQUE_FV","CenPgen":0.04052202,"value":0.04052202,"CenCVar":0,"CenQgen":0},{"id":1234.0,"time":33,"bus_id":35,"name":"DON_ENRIQUE_FV","CenPgen":1.21709276,"value":1.21709276,"CenCVar":0,"CenQgen":0},{"id":1234.0,"time":34,"bus_id":35,"name":"DON_ENRIQUE_FV","CenPgen":3.0047039184,"value":3.0047039184,"CenCVar":0,"CenQgen":0},{"id":1234.0,"time":35,"bus_id":35,"name":"DON_ENRIQUE_FV","CenPgen":3.81107153,"value":3.81107153,"CenCVar":0,"CenQgen":0},{"id":1234.0,"time":36,"bus_id":35,"name":"DON_ENRIQUE_FV","CenPgen":3.73042875,"value":3.73042875,"CenCVar":0,"CenQgen":0},{"id":1234.0,"time":37,"bus_id":35,"name":"DON_ENRIQUE_FV","CenPgen":3.73042875,"value":3.73042875,"CenCVar":0,"CenQgen":0},{"id":1234.0,"time":38,"bus_id":35,"name":"DON_ENRIQUE_FV","CenPgen":3.73042875,"value":3.73042875,"CenCVar":0,"CenQgen":0},{"id":1234.0,"time":39,"bus_id":35,"name":"DON_ENRIQUE_FV","CenPgen":3.80314935,"value":3.80314935,"CenCVar":0,"CenQgen":0},{"id":1234.0,"time":40,"bus_id":35,"name":"DON_ENRIQUE_FV","CenPgen":3.34724298,"value":3.34724298,"CenCVar":0,"CenQgen":0},{"id":1234.0,"time":41,"bus_id":35,"name":"DON_ENRIQUE_FV","CenPgen":4.2488442994,"value":4.2488442994,"CenCVar":0,"CenQgen":0},{"id":1234.0,"time":42,"bus_id":35,"name":"DON_ENRIQUE_FV","CenPgen":1.23862041,"value":1.23862041,"CenCVar":0,"CenQgen":0},{"id":1234.0,"time":43,"bus_id":35,"name":"DON_ENRIQUE_FV","CenPgen":0.0113151377,"value":0.0113151377,"CenCVar":0,"CenQgen":0},{"id":1234.0,"time":44,"bus_id":35,"name":"DON_ENRIQUE_FV","CenPgen":0.0,"value":0.0,"CenCVar":0,"CenQgen":0},{"id":1234.0,"time":45,"bus_id":35,"name":"DON_ENRIQUE_FV","CenPgen":0.0,"value":0.0,"CenCVar":0,"CenQgen":0},{"id":1234.0,"time":46,"bus_id":35,"name":"DON_ENRIQUE_FV","CenPgen":0.0,"value":0.0,"CenCVar":0,"CenQgen":0},{"id":1234.0,"time":47,"bus_id":35,"name":"DON_ENRIQUE_FV","CenPgen":0.0,"value":0.0,"CenCVar":0,"CenQgen":0},{"id":1234.0,"time":48,"bus_id":35,"name":"DON_ENRIQUE_FV","CenPgen":0.0,"value":0.0,"CenCVar":0,"CenQgen":0},{"id":1234.0,"time":49,"bus_id":35,"name":"DON_ENRIQUE_FV","CenPgen":0.0,"value":0.0,"CenCVar":0,"CenQgen":0},{"id":1234.0,"time":50,"bus_id":35,"name":"DON_ENRIQUE_FV","CenPgen":0.0,"value":0.0,"CenCVar":0,"CenQgen":0},{"id":1234.0,"time":51,"bus_id":35,"name":"DON_ENRIQUE_FV","CenPgen":0.0,"value":0.0,"CenCVar":0,"CenQgen":0},{"id":1234.0,"time":52,"bus_id":35,"name":"DON_ENRIQUE_FV","CenPgen":0.0,"value":0.0,"CenCVar":0,"CenQgen":0},{"id":1234.0,"time":53,"bus_id":35,"name":"DON_ENRIQUE_FV","CenPgen":0.0,"value":0.0,"CenCVar":0,"CenQgen":0},{"id":1234.0,"time":54,"bus_id":35,"name":"DON_ENRIQUE_FV","CenPgen":0.0,"value":0.0,"CenCVar":0,"CenQgen":0},{"id":1234.0,"time":55,"bus_id":35,"name":"DON_ENRIQUE_FV","CenPgen":0.0,"value":0.0,"CenCVar":0,"CenQgen":0},{"id":1234.0,"time":56,"bus_id":35,"name":"DON_ENRIQUE_FV","CenPgen":0.01379466,"value":0.01379466,"CenCVar":0,"CenQgen":0},{"id":1234.0,"time":57,"bus_id":35,"name":"DON_ENRIQUE_FV","CenPgen":0.513909378,"value":0.513909378,"CenCVar":0,"CenQgen":0},{"id":1234.0,"time":58,"bus_id":35,"name":"DON_ENRIQUE_FV","CenPgen":3.14074435,"value":3.14074435,"CenCVar":0,"CenQgen":0},{"id":1234.0,"time":59,"bus_id":35,"name":"DON_ENRIQUE_FV","CenPgen":4.39845268,"value":4.39845268,"CenCVar":0,"CenQgen":0},{"id":1234.0,"time":60,"bus_id":35,"name":"DON_ENRIQUE_FV","CenPgen":4.39845268,"value":4.39845268,"CenCVar":0,"CenQgen":0},{"id":1234.0,"time":61,"bus_id":35,"name":"DON_ENRIQUE_FV","CenPgen":4.39845268,"value":4.39845268,"CenCVar":0,"CenQgen":0},{"id":1234.0,"time":62,"bus_id":35,"name":"DON_ENRIQUE_FV","CenPgen":4.39845268,"value":4.39845268,"CenCVar":0,"CenQgen":0},{"id":1234.0,"time":63,"bus_id":35,"name":"DON_ENRIQUE_FV","CenPgen":5.1142303468,"value":5.1142303468,"CenCVar":0,"CenQgen":0},{"id":1234.0,"time":64,"bus_id":35,"name":"DON_ENRIQUE_FV","CenPgen":5.5153536377,"value":5.5153536377,"CenCVar":0,"CenQgen":0},{"id":1234.0,"time":65,"bus_id":35,"name":"DON_ENRIQUE_FV","CenPgen":3.3822893677,"value":3.3822893677,"CenCVar":0,"CenQgen":0},{"id":1234.0,"time":66,"bus_id":35,"name":"DON_ENRIQUE_FV","CenPgen":1.0298526688,"value":1.0298526688,"CenCVar":0,"CenQgen":0},{"id":1234.0,"time":67,"bus_id":35,"name":"DON_ENRIQUE_FV","CenPgen":0.02110864,"value":0.02110864,"CenCVar":0,"CenQgen":0},{"id":1234.0,"time":68,"bus_id":35,"name":"DON_ENRIQUE_FV","CenPgen":0.0,"value":0.0,"CenCVar":0,"CenQgen":0},{"id":1234.0,"time":69,"bus_id":35,"name":"DON_ENRIQUE_FV","CenPgen":0.0,"value":0.0,"CenCVar":0,"CenQgen":0},{"id":1234.0,"time":70,"bus_id":35,"name":"DON_ENRIQUE_FV","CenPgen":0.0,"value":0.0,"CenCVar":0,"CenQgen":0},{"id":1234.0,"time":71,"bus_id":35,"name":"DON_ENRIQUE_FV","CenPgen":0.0,"value":0.0,"CenCVar":0,"CenQgen":0},{"id":1234.0,"time":72,"bus_id":35,"name":"DON_ENRIQUE_FV","CenPgen":0.0,"value":0.0,"CenCVar":0,"CenQgen":0},{"id":1234.0,"time":73,"bus_id":35,"name":"DON_ENRIQUE_FV","CenPgen":0.0,"value":0.0,"CenCVar":0,"CenQgen":0},{"id":1234.0,"time":74,"bus_id":35,"name":"DON_ENRIQUE_FV","CenPgen":0.0,"value":0.0,"CenCVar":0,"CenQgen":0},{"id":1234.0,"time":75,"bus_id":35,"name":"DON_ENRIQUE_FV","CenPgen":0.0,"value":0.0,"CenCVar":0,"CenQgen":0},{"id":1234.0,"time":76,"bus_id":35,"name":"DON_ENRIQUE_FV","CenPgen":0.0,"value":0.0,"CenCVar":0,"CenQgen":0},{"id":1234.0,"time":77,"bus_id":35,"name":"DON_ENRIQUE_FV","CenPgen":0.0,"value":0.0,"CenCVar":0,"CenQgen":0},{"id":1234.0,"time":78,"bus_id":35,"name":"DON_ENRIQUE_FV","CenPgen":0.0,"value":0.0,"CenCVar":0,"CenQgen":0},{"id":1234.0,"time":79,"bus_id":35,"name":"DON_ENRIQUE_FV","CenPgen":0.0,"value":0.0,"CenCVar":0,"CenQgen":0},{"id":1234.0,"time":80,"bus_id":35,"name":"DON_ENRIQUE_FV","CenPgen":0.0031523585,"value":0.0031523585,"CenCVar":0,"CenQgen":0},{"id":1234.0,"time":81,"bus_id":35,"name":"DON_ENRIQUE_FV","CenPgen":0.1375294686,"value":0.1375294686,"CenCVar":0,"CenQgen":0},{"id":1234.0,"time":82,"bus_id":35,"name":"DON_ENRIQUE_FV","CenPgen":0.2664956894,"value":0.2664956894,"CenCVar":0,"CenQgen":0},{"id":1234.0,"time":83,"bus_id":35,"name":"DON_ENRIQUE_FV","CenPgen":1.08307857,"value":1.08307857,"CenCVar":0,"CenQgen":0},{"id":1234.0,"time":84,"bus_id":35,"name":"DON_ENRIQUE_FV","CenPgen":1.08307857,"value":1.08307857,"CenCVar":0,"CenQgen":0},{"id":1234.0,"time":85,"bus_id":35,"name":"DON_ENRIQUE_FV","CenPgen":4.32899691,"value":4.32899691,"CenCVar":0,"CenQgen":0},{"id":1234.0,"time":86,"bus_id":35,"name":"DON_ENRIQUE_FV","CenPgen":4.32899691,"value":4.32899691,"CenCVar":0,"CenQgen":0},{"id":1234.0,"time":87,"bus_id":35,"name":"DON_ENRIQUE_FV","CenPgen":4.32899691,"value":4.32899691,"CenCVar":0,"CenQgen":0},{"id":1234.0,"time":88,"bus_id":35,"name":"DON_ENRIQUE_FV","CenPgen":4.32899691,"value":4.32899691,"CenCVar":0,"CenQgen":0},{"id":1234.0,"time":89,"bus_id":35,"name":"DON_ENRIQUE_FV","CenPgen":0.79585706,"value":0.79585706,"CenCVar":0,"CenQgen":0},{"id":1234.0,"time":90,"bus_id":35,"name":"DON_ENRIQUE_FV","CenPgen":0.79585706,"value":0.79585706,"CenCVar":0,"CenQgen":0},{"id":1234.0,"time":91,"bus_id":35,"name":"DON_ENRIQUE_FV","CenPgen":0.0002963162,"value":0.0002963162,"CenCVar":0,"CenQgen":0},{"id":1234.0,"time":92,"bus_id":35,"name":"DON_ENRIQUE_FV","CenPgen":0.0,"value":0.0,"CenCVar":0,"CenQgen":0},{"id":1234.0,"time":93,"bus_id":35,"name":"DON_ENRIQUE_FV","CenPgen":0.0,"value":0.0,"CenCVar":0,"CenQgen":0},{"id":1234.0,"time":94,"bus_id":35,"name":"DON_ENRIQUE_FV","CenPgen":0.0,"value":0.0,"CenCVar":0,"CenQgen":0},{"id":1234.0,"time":95,"bus_id":35,"name":"DON_ENRIQUE_FV","CenPgen":0.0,"value":0.0,"CenCVar":0,"CenQgen":0},{"id":1234.0,"time":96,"bus_id":35,"name":"DON_ENRIQUE_FV","CenPgen":0.0,"value":0.0,"CenCVar":0,"CenQgen":0},{"id":1234.0,"time":97,"bus_id":35,"name":"DON_ENRIQUE_FV","CenPgen":0.0,"value":0.0,"CenCVar":0,"CenQgen":0},{"id":1234.0,"time":98,"bus_id":35,"name":"DON_ENRIQUE_FV","CenPgen":0.0,"value":0.0,"CenCVar":0,"CenQgen":0},{"id":1234.0,"time":99,"bus_id":35,"name":"DON_ENRIQUE_FV","CenPgen":0.0,"value":0.0,"CenCVar":0,"CenQgen":0},{"id":1234.0,"time":100,"bus_id":35,"name":"DON_ENRIQUE_FV","CenPgen":0.0,"value":0.0,"CenCVar":0,"CenQgen":0},{"id":1234.0,"time":101,"bus_id":35,"name":"DON_ENRIQUE_FV","CenPgen":0.1013795787,"value":0.1013795787,"CenCVar":0,"CenQgen":0},{"id":1234.0,"time":102,"bus_id":35,"name":"DON_ENRIQUE_FV","CenPgen":0.1013795787,"value":0.1013795787,"CenCVar":0,"CenQgen":0},{"id":1234.0,"time":103,"bus_id":35,"name":"DON_ENRIQUE_FV","CenPgen":0.1013795787,"value":0.1013795787,"CenCVar":0,"CenQgen":0},{"id":1234.0,"time":104,"bus_id":35,"name":"DON_ENRIQUE_FV","CenPgen":0.1013795787,"value":0.1013795787,"CenCVar":0,"CenQgen":0},{"id":1234.0,"time":105,"bus_id":35,"name":"DON_ENRIQUE_FV","CenPgen":0.1013795787,"value":0.1013795787,"CenCVar":0,"CenQgen":0},{"id":1234.0,"time":106,"bus_id":35,"name":"DON_ENRIQUE_FV","CenPgen":2.7227196655,"value":2.7227196655,"CenCVar":0,"CenQgen":0},{"id":1234.0,"time":107,"bus_id":35,"name":"DON_ENRIQUE_FV","CenPgen":6.3735700073,"value":6.3735700073,"CenCVar":0,"CenQgen":0},{"id":1234.0,"time":108,"bus_id":35,"name":"DON_ENRIQUE_FV","CenPgen":6.3735700073,"value":6.3735700073,"CenCVar":0,"CenQgen":0},{"id":1234.0,"time":109,"bus_id":35,"name":"DON_ENRIQUE_FV","CenPgen":3.7371910467,"value":3.7371910467,"CenCVar":0,"CenQgen":0},{"id":1234.0,"time":110,"bus_id":35,"name":"DON_ENRIQUE_FV","CenPgen":3.7371910467,"value":3.7371910467,"CenCVar":0,"CenQgen":0},{"id":1234.0,"time":111,"bus_id":35,"name":"DON_ENRIQUE_FV","CenPgen":3.7371910467,"value":3.7371910467,"CenCVar":0,"CenQgen":0},{"id":1234.0,"time":112,"bus_id":35,"name":"DON_ENRIQUE_FV","CenPgen":3.7371910467,"value":3.7371910467,"CenCVar":0,"CenQgen":0},{"id":1234.0,"time":113,"bus_id":35,"name":"DON_ENRIQUE_FV","CenPgen":3.7371910467,"value":3.7371910467,"CenCVar":0,"CenQgen":0},{"id":1234.0,"time":114,"bus_id":35,"name":"DON_ENRIQUE_FV","CenPgen":3.7371910467,"value":3.7371910467,"CenCVar":0,"CenQgen":0},{"id":1234.0,"time":115,"bus_id":35,"name":"DON_ENRIQUE_FV","CenPgen":0.0012185971,"value":0.0012185971,"CenCVar":0,"CenQgen":0},{"id":1234.0,"time":116,"bus_id":35,"name":"DON_ENRIQUE_FV","CenPgen":0.0,"value":0.0,"CenCVar":0,"CenQgen":0},{"id":1234.0,"time":117,"bus_id":35,"name":"DON_ENRIQUE_FV","CenPgen":0.0,"value":0.0,"CenCVar":0,"CenQgen":0},{"id":1234.0,"time":118,"bus_id":35,"name":"DON_ENRIQUE_FV","CenPgen":0.0,"value":0.0,"CenCVar":0,"CenQgen":0},{"id":1234.0,"time":119,"bus_id":35,"name":"DON_ENRIQUE_FV","CenPgen":0.0,"value":0.0,"CenCVar":0,"CenQgen":0},{"id":1234.0,"time":120,"bus_id":35,"name":"DON_ENRIQUE_FV","CenPgen":0.0,"value":0.0,"CenCVar":0,"CenQgen":0},{"id":1234.0,"time":121,"bus_id":35,"name":"DON_ENRIQUE_FV","CenPgen":0.0,"value":0.0,"CenCVar":0,"CenQgen":0},{"id":1234.0,"time":122,"bus_id":35,"name":"DON_ENRIQUE_FV","CenPgen":0.0,"value":0.0,"CenCVar":0,"CenQgen":0},{"id":1234.0,"time":123,"bus_id":35,"name":"DON_ENRIQUE_FV","CenPgen":0.0,"value":0.0,"CenCVar":0,"CenQgen":0},{"id":1234.0,"time":124,"bus_id":35,"name":"DON_ENRIQUE_FV","CenPgen":0.0,"value":0.0,"CenCVar":0,"CenQgen":0},{"id":1234.0,"time":125,"bus_id":35,"name":"DON_ENRIQUE_FV","CenPgen":0.0,"value":0.0,"CenCVar":0,"CenQgen":0},{"id":1234.0,"time":126,"bus_id":35,"name":"DON_ENRIQUE_FV","CenPgen":0.0,"value":0.0,"CenCVar":0,"CenQgen":0},{"id":1234.0,"time":127,"bus_id":35,"name":"DON_ENRIQUE_FV","CenPgen":0.0,"value":0.0,"CenCVar":0,"CenQgen":0},{"id":1234.0,"time":128,"bus_id":35,"name":"DON_ENRIQUE_FV","CenPgen":0.0178215058,"value":0.0178215058,"CenCVar":0,"CenQgen":0},{"id":1234.0,"time":129,"bus_id":35,"name":"DON_ENRIQUE_FV","CenPgen":0.4323178977,"value":0.4323178977,"CenCVar":0,"CenQgen":0},{"id":1234.0,"time":130,"bus_id":35,"name":"DON_ENRIQUE_FV","CenPgen":1.202783,"value":1.202783,"CenCVar":0,"CenQgen":0},{"id":1234.0,"time":131,"bus_id":35,"name":"DON_ENRIQUE_FV","CenPgen":4.2119737854,"value":4.2119737854,"CenCVar":0,"CenQgen":0},{"id":1234.0,"time":132,"bus_id":35,"name":"DON_ENRIQUE_FV","CenPgen":4.2119737854,"value":4.2119737854,"CenCVar":0,"CenQgen":0},{"id":1234.0,"time":133,"bus_id":35,"name":"DON_ENRIQUE_FV","CenPgen":4.2119737854,"value":4.2119737854,"CenCVar":0,"CenQgen":0},{"id":1234.0,"time":134,"bus_id":35,"name":"DON_ENRIQUE_FV","CenPgen":4.2119737854,"value":4.2119737854,"CenCVar":0,"CenQgen":0},{"id":1234.0,"time":135,"bus_id":35,"name":"DON_ENRIQUE_FV","CenPgen":4.2119737854,"value":4.2119737854,"CenCVar":0,"CenQgen":0},{"id":1234.0,"time":136,"bus_id":35,"name":"DON_ENRIQUE_FV","CenPgen":2.6964048462,"value":2.6964048462,"CenCVar":0,"CenQgen":0},{"id":1234.0,"time":137,"bus_id":35,"name":"DON_ENRIQUE_FV","CenPgen":0.8462454352,"value":0.8462454352,"CenCVar":0,"CenQgen":0},{"id":1234.0,"time":138,"bus_id":35,"name":"DON_ENRIQUE_FV","CenPgen":0.8462454352,"value":0.8462454352,"CenCVar":0,"CenQgen":0},{"id":1234.0,"time":139,"bus_id":35,"name":"DON_ENRIQUE_FV","CenPgen":0.0000171198,"value":0.0000171198,"CenCVar":0,"CenQgen":0},{"id":1234.0,"time":140,"bus_id":35,"name":"DON_ENRIQUE_FV","CenPgen":0.0,"value":0.0,"CenCVar":0,"CenQgen":0},{"id":1234.0,"time":141,"bus_id":35,"name":"DON_ENRIQUE_FV","CenPgen":0.0,"value":0.0,"CenCVar":0,"CenQgen":0},{"id":1234.0,"time":142,"bus_id":35,"name":"DON_ENRIQUE_FV","CenPgen":0.0,"value":0.0,"CenCVar":0,"CenQgen":0},{"id":1234.0,"time":143,"bus_id":35,"name":"DON_ENRIQUE_FV","CenPgen":0.0,"value":0.0,"CenCVar":0,"CenQgen":0},{"id":1234.0,"time":144,"bus_id":35,"name":"DON_ENRIQUE_FV","CenPgen":0.0,"value":0.0,"CenCVar":0,"CenQgen":0},{"id":1234.0,"time":145,"bus_id":35,"name":"DON_ENRIQUE_FV","CenPgen":0.0,"value":0.0,"CenCVar":0,"CenQgen":0},{"id":1234.0,"time":146,"bus_id":35,"name":"DON_ENRIQUE_FV","CenPgen":0.0,"value":0.0,"CenCVar":0,"CenQgen":0},{"id":1234.0,"time":147,"bus_id":35,"name":"DON_ENRIQUE_FV","CenPgen":0.0,"value":0.0,"CenCVar":0,"CenQgen":0},{"id":1234.0,"time":148,"bus_id":35,"name":"DON_ENRIQUE_FV","CenPgen":0.0,"value":0.0,"CenCVar":0,"CenQgen":0},{"id":1234.0,"time":149,"bus_id":35,"name":"DON_ENRIQUE_FV","CenPgen":0.0,"value":0.0,"CenCVar":0,"CenQgen":0},{"id":1234.0,"time":150,"bus_id":35,"name":"DON_ENRIQUE_FV","CenPgen":0.0,"value":0.0,"CenCVar":0,"CenQgen":0},{"id":1234.0,"time":151,"bus_id":35,"name":"DON_ENRIQUE_FV","CenPgen":0.0,"value":0.0,"CenCVar":0,"CenQgen":0},{"id":1234.0,"time":152,"bus_id":35,"name":"DON_ENRIQUE_FV","CenPgen":0.02334493,"value":0.02334493,"CenCVar":0,"CenQgen":0},{"id":1234.0,"time":153,"bus_id":35,"name":"DON_ENRIQUE_FV","CenPgen":2.39688792,"value":2.39688792,"CenCVar":0,"CenQgen":0},{"id":1234.0,"time":154,"bus_id":35,"name":"DON_ENRIQUE_FV","CenPgen":7.46418762,"value":7.46418762,"CenCVar":0,"CenQgen":0},{"id":1234.0,"time":155,"bus_id":35,"name":"DON_ENRIQUE_FV","CenPgen":7.46418762,"value":7.46418762,"CenCVar":0,"CenQgen":0},{"id":1234.0,"time":156,"bus_id":35,"name":"DON_ENRIQUE_FV","CenPgen":7.46418762,"value":7.46418762,"CenCVar":0,"CenQgen":0},{"id":1234.0,"time":157,"bus_id":35,"name":"DON_ENRIQUE_FV","CenPgen":7.4937103272,"value":7.4937103272,"CenCVar":0,"CenQgen":0},{"id":1234.0,"time":158,"bus_id":35,"name":"DON_ENRIQUE_FV","CenPgen":7.03911324,"value":7.03911324,"CenCVar":0,"CenQgen":0},{"id":1234.0,"time":159,"bus_id":35,"name":"DON_ENRIQUE_FV","CenPgen":7.03911324,"value":7.03911324,"CenCVar":0,"CenQgen":0},{"id":1234.0,"time":160,"bus_id":35,"name":"DON_ENRIQUE_FV","CenPgen":7.03911324,"value":7.03911324,"CenCVar":0,"CenQgen":0},{"id":1234.0,"time":161,"bus_id":35,"name":"DON_ENRIQUE_FV","CenPgen":1.27859399,"value":1.27859399,"CenCVar":0,"CenQgen":0},{"id":1234.0,"time":162,"bus_id":35,"name":"DON_ENRIQUE_FV","CenPgen":1.27859399,"value":1.27859399,"CenCVar":0,"CenQgen":0},{"id":1234.0,"time":163,"bus_id":35,"name":"DON_ENRIQUE_FV","CenPgen":1.27859399,"value":1.27859399,"CenCVar":0,"CenQgen":0},{"id":1234.0,"time":164,"bus_id":35,"name":"DON_ENRIQUE_FV","CenPgen":0.0,"value":0.0,"CenCVar":0,"CenQgen":0},{"id":1234.0,"time":165,"bus_id":35,"name":"DON_ENRIQUE_FV","CenPgen":0.0,"value":0.0,"CenCVar":0,"CenQgen":0},{"id":1234.0,"time":166,"bus_id":35,"name":"DON_ENRIQUE_FV","CenPgen":0.0,"value":0.0,"CenCVar":0,"CenQgen":0},{"id":1234.0,"time":167,"bus_id":35,"name":"DON_ENRIQUE_FV","CenPgen":0.0,"value":0.0,"CenCVar":0,"CenQgen":0},{"id":1234.0,"time":168,"bus_id":35,"name":"DON_ENRIQUE_FV","CenPgen":0.0,"value":0.0,"CenCVar":0,"CenQgen":0}]