[{"id":1039.0,"time":1,"bus_id":9,"name":"TALTAL_EO","CenPgen":45.695,"value":45.695,"CenCVar":0,"CenQgen":0},{"id":1039.0,"time":2,"bus_id":9,"name":"TALTAL_EO","CenPgen":49.811,"value":49.811,"CenCVar":0,"CenQgen":0},{"id":1039.0,"time":3,"bus_id":9,"name":"TALTAL_EO","CenPgen":54.15,"value":54.15,"CenCVar":0,"CenQgen":0},{"id":1039.0,"time":4,"bus_id":9,"name":"TALTAL_EO","CenPgen":57.205,"value":57.205,"CenCVar":0,"CenQgen":0},{"id":1039.0,"time":5,"bus_id":9,"name":"TALTAL_EO","CenPgen":60.64,"value":60.64,"CenCVar":0,"CenQgen":0},{"id":1039.0,"time":6,"bus_id":9,"name":"TALTAL_EO","CenPgen":56.4066,"value":56.4066,"CenCVar":0,"CenQgen":0},{"id":1039.0,"time":7,"bus_id":9,"name":"TALTAL_EO","CenPgen":48.5152,"value":48.5152,"CenCVar":0,"CenQgen":0},{"id":1039.0,"time":8,"bus_id":9,"name":"TALTAL_EO","CenPgen":46.8152,"value":46.8152,"CenCVar":0,"CenQgen":0},{"id":1039.0,"time":9,"bus_id":9,"name":"TALTAL_EO","CenPgen":43.7072,"value":43.7072,"CenCVar":0,"CenQgen":0},{"id":1039.0,"time":10,"bus_id":9,"name":"TALTAL_EO","CenPgen":39.987,"value":39.987,"CenCVar":0,"CenQgen":0},{"id":1039.0,"time":11,"bus_id":9,"name":"TALTAL_EO","CenPgen":43.07025,"value":43.07025,"CenCVar":0,"CenQgen":0},{"id":1039.0,"time":12,"bus_id":9,"name":"TALTAL_EO","CenPgen":44.0424,"value":44.0424,"CenCVar":0,"CenQgen":0},{"id":1039.0,"time":13,"bus_id":9,"name":"TALTAL_EO","CenPgen":32.5556,"value":32.5556,"CenCVar":0,"CenQgen":0},{"id":1039.0,"time":14,"bus_id":9,"name":"TALTAL_EO","CenPgen":0.0,"value":0.0,"CenCVar":0,"CenQgen":0},{"id":1039.0,"time":15,"bus_id":9,"name":"TALTAL_EO","CenPgen":0.0,"value":0.0,"CenCVar":0,"CenQgen":0},{"id":1039.0,"time":16,"bus_id":9,"name":"TALTAL_EO","CenPgen":0.0,"value":0.0,"CenCVar":0,"CenQgen":0},{"id":1039.0,"time":17,"bus_id":9,"name":"TALTAL_EO","CenPgen":15.0344,"value":15.0344,"CenCVar":0,"CenQgen":0},{"id":1039.0,"time":18,"bus_id":9,"name":"TALTAL_EO","CenPgen":11.03725,"value":11.03725,"CenCVar":0,"CenQgen":0},{"id":1039.0,"time":19,"bus_id":9,"name":"TALTAL_EO","CenPgen":6.25855,"value":6.25855,"CenCVar":0,"CenQgen":0},{"id":1039.0,"time":20,"bus_id":9,"name":"TALTAL_EO","CenPgen":5.04165,"value":5.04165,"CenCVar":0,"CenQgen":0},{"id":1039.0,"time":21,"bus_id":9,"name":"TALTAL_EO","CenPgen":7.9724,"value":7.9724,"CenCVar":0,"CenQgen":0},{"id":1039.0,"time":22,"bus_id":9,"name":"TALTAL_EO","CenPgen":17.20545,"value":17.20545,"CenCVar":0,"CenQgen":0},{"id":1039.0,"time":23,"bus_id":9,"name":"TALTAL_EO","CenPgen":35.23075,"value":35.23075,"CenCVar":0,"CenQgen":0},{"id":1039.0,"time":24,"bus_id":9,"name":"TALTAL_EO","CenPgen":49.64605,"value":49.64605,"CenCVar":0,"CenQgen":0},{"id":1039.0,"time":25,"bus_id":9,"name":"TALTAL_EO","CenPgen":60.674,"value":60.674,"CenCVar":0,"CenQgen":0},{"id":1039.0,"time":26,"bus_id":9,"name":"TALTAL_EO","CenPgen":60.955,"value":60.955,"CenCVar":0,"CenQgen":0},{"id":1039.0,"time":27,"bus_id":9,"name":"TALTAL_EO","CenPgen":56.315,"value":56.315,"CenCVar":0,"CenQgen":0},{"id":1039.0,"time":28,"bus_id":9,"name":"TALTAL_EO","CenPgen":51.9651,"value":51.9651,"CenCVar":0,"CenQgen":0},{"id":1039.0,"time":29,"bus_id":9,"name":"TALTAL_EO","CenPgen":51.9651,"value":51.9651,"CenCVar":0,"CenQgen":0},{"id":1039.0,"time":30,"bus_id":9,"name":"TALTAL_EO","CenPgen":51.9651,"value":51.9651,"CenCVar":0,"CenQgen":0},{"id":1039.0,"time":31,"bus_id":9,"name":"TALTAL_EO","CenPgen":32.7992,"value":32.7992,"CenCVar":0,"CenQgen":0},{"id":1039.0,"time":32,"bus_id":9,"name":"TALTAL_EO","CenPgen":26.6944,"value":26.6944,"CenCVar":0,"CenQgen":0},{"id":1039.0,"time":33,"bus_id":9,"name":"TALTAL_EO","CenPgen":23.2384,"value":23.2384,"CenCVar":0,"CenQgen":0},{"id":1039.0,"time":34,"bus_id":9,"name":"TALTAL_EO","CenPgen":20.60175,"value":20.60175,"CenCVar":0,"CenQgen":0},{"id":1039.0,"time":35,"bus_id":9,"name":"TALTAL_EO","CenPgen":29.55975,"value":29.55975,"CenCVar":0,"CenQgen":0},{"id":1039.0,"time":36,"bus_id":9,"name":"TALTAL_EO","CenPgen":27.8667,"value":27.8667,"CenCVar":0,"CenQgen":0},{"id":1039.0,"time":37,"bus_id":9,"name":"TALTAL_EO","CenPgen":27.8667,"value":27.8667,"CenCVar":0,"CenQgen":0},{"id":1039.0,"time":38,"bus_id":9,"name":"TALTAL_EO","CenPgen":27.8667,"value":27.8667,"CenCVar":0,"CenQgen":0},{"id":1039.0,"time":39,"bus_id":9,"name":"TALTAL_EO","CenPgen":16.5032,"value":16.5032,"CenCVar":0,"CenQgen":0},{"id":1039.0,"time":40,"bus_id":9,"name":"TALTAL_EO","CenPgen":16.6088,"value":16.6088,"CenCVar":0,"CenQgen":0},{"id":1039.0,"time":41,"bus_id":9,"name":"TALTAL_EO","CenPgen":14.3544,"value":14.3544,"CenCVar":0,"CenQgen":0},{"id":1039.0,"time":42,"bus_id":9,"name":"TALTAL_EO","CenPgen":10.49495,"value":10.49495,"CenCVar":0,"CenQgen":0},{"id":1039.0,"time":43,"bus_id":9,"name":"TALTAL_EO","CenPgen":6.2985,"value":6.2985,"CenCVar":0,"CenQgen":0},{"id":1039.0,"time":44,"bus_id":9,"name":"TALTAL_EO","CenPgen":8.56045,"value":8.56045,"CenCVar":0,"CenQgen":0},{"id":1039.0,"time":45,"bus_id":9,"name":"TALTAL_EO","CenPgen":12.3899,"value":12.3899,"CenCVar":0,"CenQgen":0},{"id":1039.0,"time":46,"bus_id":9,"name":"TALTAL_EO","CenPgen":17.38405,"value":17.38405,"CenCVar":0,"CenQgen":0},{"id":1039.0,"time":47,"bus_id":9,"name":"TALTAL_EO","CenPgen":21.36075,"value":21.36075,"CenCVar":0,"CenQgen":0},{"id":1039.0,"time":48,"bus_id":9,"name":"TALTAL_EO","CenPgen":23.7291,"value":23.7291,"CenCVar":0,"CenQgen":0},{"id":1039.0,"time":49,"bus_id":9,"name":"TALTAL_EO","CenPgen":28.899,"value":28.899,"CenCVar":0,"CenQgen":0},{"id":1039.0,"time":50,"bus_id":9,"name":"TALTAL_EO","CenPgen":28.211,"value":28.211,"CenCVar":0,"CenQgen":0},{"id":1039.0,"time":51,"bus_id":9,"name":"TALTAL_EO","CenPgen":25.61,"value":25.61,"CenCVar":0,"CenQgen":0},{"id":1039.0,"time":52,"bus_id":9,"name":"TALTAL_EO","CenPgen":24.495,"value":24.495,"CenCVar":0,"CenQgen":0},{"id":1039.0,"time":53,"bus_id":9,"name":"TALTAL_EO","CenPgen":24.495,"value":24.495,"CenCVar":0,"CenQgen":0},{"id":1039.0,"time":54,"bus_id":9,"name":"TALTAL_EO","CenPgen":20.997,"value":20.997,"CenCVar":0,"CenQgen":0},{"id":1039.0,"time":55,"bus_id":9,"name":"TALTAL_EO","CenPgen":17.0424,"value":17.0424,"CenCVar":0,"CenQgen":0},{"id":1039.0,"time":56,"bus_id":9,"name":"TALTAL_EO","CenPgen":16.1216,"value":16.1216,"CenCVar":0,"CenQgen":0},{"id":1039.0,"time":57,"bus_id":9,"name":"TALTAL_EO","CenPgen":13.624,"value":13.624,"CenCVar":0,"CenQgen":0},{"id":1039.0,"time":58,"bus_id":9,"name":"TALTAL_EO","CenPgen":9.8655,"value":9.8655,"CenCVar":0,"CenQgen":0},{"id":1039.0,"time":59,"bus_id":9,"name":"TALTAL_EO","CenPgen":6.0083875,"value":6.0083875,"CenCVar":0,"CenQgen":0},{"id":1039.0,"time":60,"bus_id":9,"name":"TALTAL_EO","CenPgen":6.0083875,"value":6.0083875,"CenCVar":0,"CenQgen":0},{"id":1039.0,"time":61,"bus_id":9,"name":"TALTAL_EO","CenPgen":6.0083875,"value":6.0083875,"CenCVar":0,"CenQgen":0},{"id":1039.0,"time":62,"bus_id":9,"name":"TALTAL_EO","CenPgen":6.0083875,"value":6.0083875,"CenCVar":0,"CenQgen":0},{"id":1039.0,"time":63,"bus_id":9,"name":"TALTAL_EO","CenPgen":7.1848,"value":7.1848,"CenCVar":0,"CenQgen":0},{"id":1039.0,"time":64,"bus_id":9,"name":"TALTAL_EO","CenPgen":12.688,"value":12.688,"CenCVar":0,"CenQgen":0},{"id":1039.0,"time":65,"bus_id":9,"name":"TALTAL_EO","CenPgen":13.68,"value":13.68,"CenCVar":0,"CenQgen":0},{"id":1039.0,"time":66,"bus_id":9,"name":"TALTAL_EO","CenPgen":9.77075,"value":9.77075,"CenCVar":0,"CenQgen":0},{"id":1039.0,"time":67,"bus_id":9,"name":"TALTAL_EO","CenPgen":5.117,"value":5.117,"CenCVar":0,"CenQgen":0},{"id":1039.0,"time":68,"bus_id":9,"name":"TALTAL_EO","CenPgen":3.1654,"value":3.1654,"CenCVar":0,"CenQgen":0},{"id":1039.0,"time":69,"bus_id":9,"name":"TALTAL_EO","CenPgen":1.94085,"value":1.94085,"CenCVar":0,"CenQgen":0},{"id":1039.0,"time":70,"bus_id":9,"name":"TALTAL_EO","CenPgen":1.92185,"value":1.92185,"CenCVar":0,"CenQgen":0},{"id":1039.0,"time":71,"bus_id":9,"name":"TALTAL_EO","CenPgen":3.2908,"value":3.2908,"CenCVar":0,"CenQgen":0},{"id":1039.0,"time":72,"bus_id":9,"name":"TALTAL_EO","CenPgen":5.1623,"value":5.1623,"CenCVar":0,"CenQgen":0},{"id":1039.0,"time":73,"bus_id":9,"name":"TALTAL_EO","CenPgen":6.646,"value":6.646,"CenCVar":0,"CenQgen":0},{"id":1039.0,"time":74,"bus_id":9,"name":"TALTAL_EO","CenPgen":7.428,"value":7.428,"CenCVar":0,"CenQgen":0},{"id":1039.0,"time":75,"bus_id":9,"name":"TALTAL_EO","CenPgen":7.086,"value":7.086,"CenCVar":0,"CenQgen":0},{"id":1039.0,"time":76,"bus_id":9,"name":"TALTAL_EO","CenPgen":6.2617,"value":6.2617,"CenCVar":0,"CenQgen":0},{"id":1039.0,"time":77,"bus_id":9,"name":"TALTAL_EO","CenPgen":6.2617,"value":6.2617,"CenCVar":0,"CenQgen":0},{"id":1039.0,"time":78,"bus_id":9,"name":"TALTAL_EO","CenPgen":6.2617,"value":6.2617,"CenCVar":0,"CenQgen":0},{"id":1039.0,"time":79,"bus_id":9,"name":"TALTAL_EO","CenPgen":6.2617,"value":6.2617,"CenCVar":0,"CenQgen":0},{"id":1039.0,"time":80,"bus_id":9,"name":"TALTAL_EO","CenPgen":4.9416,"value":4.9416,"CenCVar":0,"CenQgen":0},{"id":1039.0,"time":81,"bus_id":9,"name":"TALTAL_EO","CenPgen":4.1656,"value":4.1656,"CenCVar":0,"CenQgen":0},{"id":1039.0,"time":82,"bus_id":9,"name":"TALTAL_EO","CenPgen":2.8005,"value":2.8005,"CenCVar":0,"CenQgen":0},{"id":1039.0,"time":83,"bus_id":9,"name":"TALTAL_EO","CenPgen":2.0457,"value":2.0457,"CenCVar":0,"CenQgen":0},{"id":1039.0,"time":84,"bus_id":9,"name":"TALTAL_EO","CenPgen":2.0457,"value":2.0457,"CenCVar":0,"CenQgen":0},{"id":1039.0,"time":85,"bus_id":9,"name":"TALTAL_EO","CenPgen":9.784975,"value":9.784975,"CenCVar":0,"CenQgen":0},{"id":1039.0,"time":86,"bus_id":9,"name":"TALTAL_EO","CenPgen":9.784975,"value":9.784975,"CenCVar":0,"CenQgen":0},{"id":1039.0,"time":87,"bus_id":9,"name":"TALTAL_EO","CenPgen":9.784975,"value":9.784975,"CenCVar":0,"CenQgen":0},{"id":1039.0,"time":88,"bus_id":9,"name":"TALTAL_EO","CenPgen":9.784975,"value":9.784975,"CenCVar":0,"CenQgen":0},{"id":1039.0,"time":89,"bus_id":9,"name":"TALTAL_EO","CenPgen":12.674325,"value":12.674325,"CenCVar":0,"CenQgen":0},{"id":1039.0,"time":90,"bus_id":9,"name":"TALTAL_EO","CenPgen":12.674325,"value":12.674325,"CenCVar":0,"CenQgen":0},{"id":1039.0,"time":91,"bus_id":9,"name":"TALTAL_EO","CenPgen":4.7515,"value":4.7515,"CenCVar":0,"CenQgen":0},{"id":1039.0,"time":92,"bus_id":9,"name":"TALTAL_EO","CenPgen":2.4624,"value":2.4624,"CenCVar":0,"CenQgen":0},{"id":1039.0,"time":93,"bus_id":9,"name":"TALTAL_EO","CenPgen":1.9329333333,"value":1.9329333333,"CenCVar":0,"CenQgen":0},{"id":1039.0,"time":94,"bus_id":9,"name":"TALTAL_EO","CenPgen":1.9329333333,"value":1.9329333333,"CenCVar":0,"CenQgen":0},{"id":1039.0,"time":95,"bus_id":9,"name":"TALTAL_EO","CenPgen":1.9329333333,"value":1.9329333333,"CenCVar":0,"CenQgen":0},{"id":1039.0,"time":96,"bus_id":9,"name":"TALTAL_EO","CenPgen":3.7487,"value":3.7487,"CenCVar":0,"CenQgen":0},{"id":1039.0,"time":97,"bus_id":9,"name":"TALTAL_EO","CenPgen":4.752,"value":4.752,"CenCVar":0,"CenQgen":0},{"id":1039.0,"time":98,"bus_id":9,"name":"TALTAL_EO","CenPgen":5.548,"value":5.548,"CenCVar":0,"CenQgen":0},{"id":1039.0,"time":99,"bus_id":9,"name":"TALTAL_EO","CenPgen":5.4455,"value":5.4455,"CenCVar":0,"CenQgen":0},{"id":1039.0,"time":100,"bus_id":9,"name":"TALTAL_EO","CenPgen":5.4455,"value":5.4455,"CenCVar":0,"CenQgen":0},{"id":1039.0,"time":101,"bus_id":9,"name":"TALTAL_EO","CenPgen":5.01956,"value":5.01956,"CenCVar":0,"CenQgen":0},{"id":1039.0,"time":102,"bus_id":9,"name":"TALTAL_EO","CenPgen":5.01956,"value":5.01956,"CenCVar":0,"CenQgen":0},{"id":1039.0,"time":103,"bus_id":9,"name":"TALTAL_EO","CenPgen":5.01956,"value":5.01956,"CenCVar":0,"CenQgen":0},{"id":1039.0,"time":104,"bus_id":9,"name":"TALTAL_EO","CenPgen":5.01956,"value":5.01956,"CenCVar":0,"CenQgen":0},{"id":1039.0,"time":105,"bus_id":9,"name":"TALTAL_EO","CenPgen":5.01956,"value":5.01956,"CenCVar":0,"CenQgen":0},{"id":1039.0,"time":106,"bus_id":9,"name":"TALTAL_EO","CenPgen":3.19125,"value":3.19125,"CenCVar":0,"CenQgen":0},{"id":1039.0,"time":107,"bus_id":9,"name":"TALTAL_EO","CenPgen":2.7759,"value":2.7759,"CenCVar":0,"CenQgen":0},{"id":1039.0,"time":108,"bus_id":9,"name":"TALTAL_EO","CenPgen":2.7759,"value":2.7759,"CenCVar":0,"CenQgen":0},{"id":1039.0,"time":109,"bus_id":9,"name":"TALTAL_EO","CenPgen":10.5230583333,"value":10.5230583333,"CenCVar":0,"CenQgen":0},{"id":1039.0,"time":110,"bus_id":9,"name":"TALTAL_EO","CenPgen":10.5230583333,"value":10.5230583333,"CenCVar":0,"CenQgen":0},{"id":1039.0,"time":111,"bus_id":9,"name":"TALTAL_EO","CenPgen":10.5230583333,"value":10.5230583333,"CenCVar":0,"CenQgen":0},{"id":1039.0,"time":112,"bus_id":9,"name":"TALTAL_EO","CenPgen":10.5230583333,"value":10.5230583333,"CenCVar":0,"CenQgen":0},{"id":1039.0,"time":113,"bus_id":9,"name":"TALTAL_EO","CenPgen":10.5230583333,"value":10.5230583333,"CenCVar":0,"CenQgen":0},{"id":1039.0,"time":114,"bus_id":9,"name":"TALTAL_EO","CenPgen":10.5230583333,"value":10.5230583333,"CenCVar":0,"CenQgen":0},{"id":1039.0,"time":115,"bus_id":9,"name":"TALTAL_EO","CenPgen":3.86495,"value":3.86495,"CenCVar":0,"CenQgen":0},{"id":1039.0,"time":116,"bus_id":9,"name":"TALTAL_EO","CenPgen":2.03205,"value":2.03205,"CenCVar":0,"CenQgen":0},{"id":1039.0,"time":117,"bus_id":9,"name":"TALTAL_EO","CenPgen":1.7689,"value":1.7689,"CenCVar":0,"CenQgen":0},{"id":1039.0,"time":118,"bus_id":9,"name":"TALTAL_EO","CenPgen":3.199125,"value":3.199125,"CenCVar":0,"CenQgen":0},{"id":1039.0,"time":119,"bus_id":9,"name":"TALTAL_EO","CenPgen":3.199125,"value":3.199125,"CenCVar":0,"CenQgen":0},{"id":1039.0,"time":120,"bus_id":9,"name":"TALTAL_EO","CenPgen":5.43685,"value":5.43685,"CenCVar":0,"CenQgen":0},{"id":1039.0,"time":121,"bus_id":9,"name":"TALTAL_EO","CenPgen":5.402,"value":5.402,"CenCVar":0,"CenQgen":0},{"id":1039.0,"time":122,"bus_id":9,"name":"TALTAL_EO","CenPgen":5.114,"value":5.114,"CenCVar":0,"CenQgen":0},{"id":1039.0,"time":123,"bus_id":9,"name":"TALTAL_EO","CenPgen":4.8,"value":4.8,"CenCVar":0,"CenQgen":0},{"id":1039.0,"time":124,"bus_id":9,"name":"TALTAL_EO","CenPgen":4.2556666667,"value":4.2556666667,"CenCVar":0,"CenQgen":0},{"id":1039.0,"time":125,"bus_id":9,"name":"TALTAL_EO","CenPgen":4.2556666667,"value":4.2556666667,"CenCVar":0,"CenQgen":0},{"id":1039.0,"time":126,"bus_id":9,"name":"TALTAL_EO","CenPgen":4.2556666667,"value":4.2556666667,"CenCVar":0,"CenQgen":0},{"id":1039.0,"time":127,"bus_id":9,"name":"TALTAL_EO","CenPgen":3.656,"value":3.656,"CenCVar":0,"CenQgen":0},{"id":1039.0,"time":128,"bus_id":9,"name":"TALTAL_EO","CenPgen":3.8264,"value":3.8264,"CenCVar":0,"CenQgen":0},{"id":1039.0,"time":129,"bus_id":9,"name":"TALTAL_EO","CenPgen":3.7984,"value":3.7984,"CenCVar":0,"CenQgen":0},{"id":1039.0,"time":130,"bus_id":9,"name":"TALTAL_EO","CenPgen":2.68875,"value":2.68875,"CenCVar":0,"CenQgen":0},{"id":1039.0,"time":131,"bus_id":9,"name":"TALTAL_EO","CenPgen":7.85677,"value":7.85677,"CenCVar":0,"CenQgen":0},{"id":1039.0,"time":132,"bus_id":9,"name":"TALTAL_EO","CenPgen":7.85677,"value":7.85677,"CenCVar":0,"CenQgen":0},{"id":1039.0,"time":133,"bus_id":9,"name":"TALTAL_EO","CenPgen":7.85677,"value":7.85677,"CenCVar":0,"CenQgen":0},{"id":1039.0,"time":134,"bus_id":9,"name":"TALTAL_EO","CenPgen":7.85677,"value":7.85677,"CenCVar":0,"CenQgen":0},{"id":1039.0,"time":135,"bus_id":9,"name":"TALTAL_EO","CenPgen":7.85677,"value":7.85677,"CenCVar":0,"CenQgen":0},{"id":1039.0,"time":136,"bus_id":9,"name":"TALTAL_EO","CenPgen":14.7584,"value":14.7584,"CenCVar":0,"CenQgen":0},{"id":1039.0,"time":137,"bus_id":9,"name":"TALTAL_EO","CenPgen":10.957475,"value":10.957475,"CenCVar":0,"CenQgen":0},{"id":1039.0,"time":138,"bus_id":9,"name":"TALTAL_EO","CenPgen":10.957475,"value":10.957475,"CenCVar":0,"CenQgen":0},{"id":1039.0,"time":139,"bus_id":9,"name":"TALTAL_EO","CenPgen":3.41785,"value":3.41785,"CenCVar":0,"CenQgen":0},{"id":1039.0,"time":140,"bus_id":9,"name":"TALTAL_EO","CenPgen":2.3351,"value":2.3351,"CenCVar":0,"CenQgen":0},{"id":1039.0,"time":141,"bus_id":9,"name":"TALTAL_EO","CenPgen":3.4231666667,"value":3.4231666667,"CenCVar":0,"CenQgen":0},{"id":1039.0,"time":142,"bus_id":9,"name":"TALTAL_EO","CenPgen":3.4231666667,"value":3.4231666667,"CenCVar":0,"CenQgen":0},{"id":1039.0,"time":143,"bus_id":9,"name":"TALTAL_EO","CenPgen":3.4231666667,"value":3.4231666667,"CenCVar":0,"CenQgen":0},{"id":1039.0,"time":144,"bus_id":9,"name":"TALTAL_EO","CenPgen":5.8463,"value":5.8463,"CenCVar":0,"CenQgen":0},{"id":1039.0,"time":145,"bus_id":9,"name":"TALTAL_EO","CenPgen":6.141,"value":6.141,"CenCVar":0,"CenQgen":0},{"id":1039.0,"time":146,"bus_id":9,"name":"TALTAL_EO","CenPgen":6.256,"value":6.256,"CenCVar":0,"CenQgen":0},{"id":1039.0,"time":147,"bus_id":9,"name":"TALTAL_EO","CenPgen":6.9023,"value":6.9023,"CenCVar":0,"CenQgen":0},{"id":1039.0,"time":148,"bus_id":9,"name":"TALTAL_EO","CenPgen":6.9023,"value":6.9023,"CenCVar":0,"CenQgen":0},{"id":1039.0,"time":149,"bus_id":9,"name":"TALTAL_EO","CenPgen":6.9023,"value":6.9023,"CenCVar":0,"CenQgen":0},{"id":1039.0,"time":150,"bus_id":9,"name":"TALTAL_EO","CenPgen":6.9023,"value":6.9023,"CenCVar":0,"CenQgen":0},{"id":1039.0,"time":151,"bus_id":9,"name":"TALTAL_EO","CenPgen":6.8552,"value":6.8552,"CenCVar":0,"CenQgen":0},{"id":1039.0,"time":152,"bus_id":9,"name":"TALTAL_EO","CenPgen":7.1496,"value":7.1496,"CenCVar":0,"CenQgen":0},{"id":1039.0,"time":153,"bus_id":9,"name":"TALTAL_EO","CenPgen":5.5048,"value":5.5048,"CenCVar":0,"CenQgen":0},{"id":1039.0,"time":154,"bus_id":9,"name":"TALTAL_EO","CenPgen":4.2324833333,"value":4.2324833333,"CenCVar":0,"CenQgen":0},{"id":1039.0,"time":155,"bus_id":9,"name":"TALTAL_EO","CenPgen":4.2324833333,"value":4.2324833333,"CenCVar":0,"CenQgen":0},{"id":1039.0,"time":156,"bus_id":9,"name":"TALTAL_EO","CenPgen":4.2324833333,"value":4.2324833333,"CenCVar":0,"CenQgen":0},{"id":1039.0,"time":157,"bus_id":9,"name":"TALTAL_EO","CenPgen":6.5086,"value":6.5086,"CenCVar":0,"CenQgen":0},{"id":1039.0,"time":158,"bus_id":9,"name":"TALTAL_EO","CenPgen":10.9417333333,"value":10.9417333333,"CenCVar":0,"CenQgen":0},{"id":1039.0,"time":159,"bus_id":9,"name":"TALTAL_EO","CenPgen":10.9417333333,"value":10.9417333333,"CenCVar":0,"CenQgen":0},{"id":1039.0,"time":160,"bus_id":9,"name":"TALTAL_EO","CenPgen":10.9417333333,"value":10.9417333333,"CenCVar":0,"CenQgen":0},{"id":1039.0,"time":161,"bus_id":9,"name":"TALTAL_EO","CenPgen":7.46255,"value":7.46255,"CenCVar":0,"CenQgen":0},{"id":1039.0,"time":162,"bus_id":9,"name":"TALTAL_EO","CenPgen":7.46255,"value":7.46255,"CenCVar":0,"CenQgen":0},{"id":1039.0,"time":163,"bus_id":9,"name":"TALTAL_EO","CenPgen":7.46255,"value":7.46255,"CenCVar":0,"CenQgen":0},{"id":1039.0,"time":164,"bus_id":9,"name":"TALTAL_EO","CenPgen":2.74455,"value":2.74455,"CenCVar":0,"CenQgen":0},{"id":1039.0,"time":165,"bus_id":9,"name":"TALTAL_EO","CenPgen":5.9017166667,"value":5.9017166667,"CenCVar":0,"CenQgen":0},{"id":1039.0,"time":166,"bus_id":9,"name":"TALTAL_EO","CenPgen":5.9017166667,"value":5.9017166667,"CenCVar":0,"CenQgen":0},{"id":1039.0,"time":167,"bus_id":9,"name":"TALTAL_EO","CenPgen":5.9017166667,"value":5.9017166667,"CenCVar":0,"CenQgen":0},{"id":1039.0,"time":168,"bus_id":9,"name":"TALTAL_EO","CenPgen":12.26355,"value":12.26355,"CenCVar":0,"CenQgen":0}]