[{"id":1171.0,"time":1,"bus_id":52,"name":"CABILDO_FV","CenPgen":0.0,"value":0.0,"CenCVar":0,"CenQgen":0},{"id":1171.0,"time":2,"bus_id":52,"name":"CABILDO_FV","CenPgen":0.0,"value":0.0,"CenCVar":0,"CenQgen":0},{"id":1171.0,"time":3,"bus_id":52,"name":"CABILDO_FV","CenPgen":0.0,"value":0.0,"CenCVar":0,"CenQgen":0},{"id":1171.0,"time":4,"bus_id":52,"name":"CABILDO_FV","CenPgen":0.0,"value":0.0,"CenCVar":0,"CenQgen":0},{"id":1171.0,"time":5,"bus_id":52,"name":"CABILDO_FV","CenPgen":0.0,"value":0.0,"CenCVar":0,"CenQgen":0},{"id":1171.0,"time":6,"bus_id":52,"name":"CABILDO_FV","CenPgen":0.0,"value":0.0,"CenCVar":0,"CenQgen":0},{"id":1171.0,"time":7,"bus_id":52,"name":"CABILDO_FV","CenPgen":0.0,"value":0.0,"CenCVar":0,"CenQgen":0},{"id":1171.0,"time":8,"bus_id":52,"name":"CABILDO_FV","CenPgen":0.00861977,"value":0.00861977,"CenCVar":0,"CenQgen":0},{"id":1171.0,"time":9,"bus_id":52,"name":"CABILDO_FV","CenPgen":1.70999367,"value":1.70999367,"CenCVar":0,"CenQgen":0},{"id":1171.0,"time":10,"bus_id":52,"name":"CABILDO_FV","CenPgen":5.6272304687,"value":5.6272304687,"CenCVar":0,"CenQgen":0},{"id":1171.0,"time":11,"bus_id":52,"name":"CABILDO_FV","CenPgen":5.89782678,"value":5.89782678,"CenCVar":0,"CenQgen":0},{"id":1171.0,"time":12,"bus_id":52,"name":"CABILDO_FV","CenPgen":5.71929602,"value":5.71929602,"CenCVar":0,"CenQgen":0},{"id":1171.0,"time":13,"bus_id":52,"name":"CABILDO_FV","CenPgen":5.6359007569,"value":5.6359007569,"CenCVar":0,"CenQgen":0},{"id":1171.0,"time":14,"bus_id":52,"name":"CABILDO_FV","CenPgen":5.78362988,"value":5.78362988,"CenCVar":0,"CenQgen":0},{"id":1171.0,"time":15,"bus_id":52,"name":"CABILDO_FV","CenPgen":6.030480957,"value":6.030480957,"CenCVar":0,"CenQgen":0},{"id":1171.0,"time":16,"bus_id":52,"name":"CABILDO_FV","CenPgen":6.07881274,"value":6.07881274,"CenCVar":0,"CenQgen":0},{"id":1171.0,"time":17,"bus_id":52,"name":"CABILDO_FV","CenPgen":3.7312692261,"value":3.7312692261,"CenCVar":0,"CenQgen":0},{"id":1171.0,"time":18,"bus_id":52,"name":"CABILDO_FV","CenPgen":0.16211112,"value":0.16211112,"CenCVar":0,"CenQgen":0},{"id":1171.0,"time":19,"bus_id":52,"name":"CABILDO_FV","CenPgen":0.0006737455,"value":0.0006737455,"CenCVar":0,"CenQgen":0},{"id":1171.0,"time":20,"bus_id":52,"name":"CABILDO_FV","CenPgen":0.0,"value":0.0,"CenCVar":0,"CenQgen":0},{"id":1171.0,"time":21,"bus_id":52,"name":"CABILDO_FV","CenPgen":0.0,"value":0.0,"CenCVar":0,"CenQgen":0},{"id":1171.0,"time":22,"bus_id":52,"name":"CABILDO_FV","CenPgen":0.0,"value":0.0,"CenCVar":0,"CenQgen":0},{"id":1171.0,"time":23,"bus_id":52,"name":"CABILDO_FV","CenPgen":0.0,"value":0.0,"CenCVar":0,"CenQgen":0},{"id":1171.0,"time":24,"bus_id":52,"name":"CABILDO_FV","CenPgen":0.0,"value":0.0,"CenCVar":0,"CenQgen":0},{"id":1171.0,"time":25,"bus_id":52,"name":"CABILDO_FV","CenPgen":0.0,"value":0.0,"CenCVar":0,"CenQgen":0},{"id":1171.0,"time":26,"bus_id":52,"name":"CABILDO_FV","CenPgen":0.0,"value":0.0,"CenCVar":0,"CenQgen":0},{"id":1171.0,"time":27,"bus_id":52,"name":"CABILDO_FV","CenPgen":0.0,"value":0.0,"CenCVar":0,"CenQgen":0},{"id":1171.0,"time":28,"bus_id":52,"name":"CABILDO_FV","CenPgen":0.0,"value":0.0,"CenCVar":0,"CenQgen":0},{"id":1171.0,"time":29,"bus_id":52,"name":"CABILDO_FV","CenPgen":0.0,"value":0.0,"CenCVar":0,"CenQgen":0},{"id":1171.0,"time":30,"bus_id":52,"name":"CABILDO_FV","CenPgen":0.0,"value":0.0,"CenCVar":0,"CenQgen":0},{"id":1171.0,"time":31,"bus_id":52,"name":"CABILDO_FV","CenPgen":0.0,"value":0.0,"CenCVar":0,"CenQgen":0},{"id":1171.0,"time":32,"bus_id":52,"name":"CABILDO_FV","CenPgen":0.0290390672,"value":0.0290390672,"CenCVar":0,"CenQgen":0},{"id":1171.0,"time":33,"bus_id":52,"name":"CABILDO_FV","CenPgen":0.5006366196,"value":0.5006366196,"CenCVar":0,"CenQgen":0},{"id":1171.0,"time":34,"bus_id":52,"name":"CABILDO_FV","CenPgen":1.39429489,"value":1.39429489,"CenCVar":0,"CenQgen":0},{"id":1171.0,"time":35,"bus_id":52,"name":"CABILDO_FV","CenPgen":1.70972662,"value":1.70972662,"CenCVar":0,"CenQgen":0},{"id":1171.0,"time":36,"bus_id":52,"name":"CABILDO_FV","CenPgen":3.8438966573,"value":3.8438966573,"CenCVar":0,"CenQgen":0},{"id":1171.0,"time":37,"bus_id":52,"name":"CABILDO_FV","CenPgen":3.8438966573,"value":3.8438966573,"CenCVar":0,"CenQgen":0},{"id":1171.0,"time":38,"bus_id":52,"name":"CABILDO_FV","CenPgen":3.8438966573,"value":3.8438966573,"CenCVar":0,"CenQgen":0},{"id":1171.0,"time":39,"bus_id":52,"name":"CABILDO_FV","CenPgen":1.9533677673,"value":1.9533677673,"CenCVar":0,"CenQgen":0},{"id":1171.0,"time":40,"bus_id":52,"name":"CABILDO_FV","CenPgen":1.42991769,"value":1.42991769,"CenCVar":0,"CenQgen":0},{"id":1171.0,"time":41,"bus_id":52,"name":"CABILDO_FV","CenPgen":1.7387711792,"value":1.7387711792,"CenCVar":0,"CenQgen":0},{"id":1171.0,"time":42,"bus_id":52,"name":"CABILDO_FV","CenPgen":0.2624028687,"value":0.2624028687,"CenCVar":0,"CenQgen":0},{"id":1171.0,"time":43,"bus_id":52,"name":"CABILDO_FV","CenPgen":0.0,"value":0.0,"CenCVar":0,"CenQgen":0},{"id":1171.0,"time":44,"bus_id":52,"name":"CABILDO_FV","CenPgen":0.0,"value":0.0,"CenCVar":0,"CenQgen":0},{"id":1171.0,"time":45,"bus_id":52,"name":"CABILDO_FV","CenPgen":0.0,"value":0.0,"CenCVar":0,"CenQgen":0},{"id":1171.0,"time":46,"bus_id":52,"name":"CABILDO_FV","CenPgen":0.0,"value":0.0,"CenCVar":0,"CenQgen":0},{"id":1171.0,"time":47,"bus_id":52,"name":"CABILDO_FV","CenPgen":0.0,"value":0.0,"CenCVar":0,"CenQgen":0},{"id":1171.0,"time":48,"bus_id":52,"name":"CABILDO_FV","CenPgen":0.0,"value":0.0,"CenCVar":0,"CenQgen":0},{"id":1171.0,"time":49,"bus_id":52,"name":"CABILDO_FV","CenPgen":0.0,"value":0.0,"CenCVar":0,"CenQgen":0},{"id":1171.0,"time":50,"bus_id":52,"name":"CABILDO_FV","CenPgen":0.0,"value":0.0,"CenCVar":0,"CenQgen":0},{"id":1171.0,"time":51,"bus_id":52,"name":"CABILDO_FV","CenPgen":0.0,"value":0.0,"CenCVar":0,"CenQgen":0},{"id":1171.0,"time":52,"bus_id":52,"name":"CABILDO_FV","CenPgen":0.0,"value":0.0,"CenCVar":0,"CenQgen":0},{"id":1171.0,"time":53,"bus_id":52,"name":"CABILDO_FV","CenPgen":0.0,"value":0.0,"CenCVar":0,"CenQgen":0},{"id":1171.0,"time":54,"bus_id":52,"name":"CABILDO_FV","CenPgen":0.0,"value":0.0,"CenCVar":0,"CenQgen":0},{"id":1171.0,"time":55,"bus_id":52,"name":"CABILDO_FV","CenPgen":0.0,"value":0.0,"CenCVar":0,"CenQgen":0},{"id":1171.0,"time":56,"bus_id":52,"name":"CABILDO_FV","CenPgen":0.0,"value":0.0,"CenCVar":0,"CenQgen":0},{"id":1171.0,"time":57,"bus_id":52,"name":"CABILDO_FV","CenPgen":0.1180346488,"value":0.1180346488,"CenCVar":0,"CenQgen":0},{"id":1171.0,"time":58,"bus_id":52,"name":"CABILDO_FV","CenPgen":0.31985717,"value":0.31985717,"CenCVar":0,"CenQgen":0},{"id":1171.0,"time":59,"bus_id":52,"name":"CABILDO_FV","CenPgen":1.4115397072,"value":1.4115397072,"CenCVar":0,"CenQgen":0},{"id":1171.0,"time":60,"bus_id":52,"name":"CABILDO_FV","CenPgen":1.4115397072,"value":1.4115397072,"CenCVar":0,"CenQgen":0},{"id":1171.0,"time":61,"bus_id":52,"name":"CABILDO_FV","CenPgen":1.4115397072,"value":1.4115397072,"CenCVar":0,"CenQgen":0},{"id":1171.0,"time":62,"bus_id":52,"name":"CABILDO_FV","CenPgen":1.4115397072,"value":1.4115397072,"CenCVar":0,"CenQgen":0},{"id":1171.0,"time":63,"bus_id":52,"name":"CABILDO_FV","CenPgen":1.9234197692,"value":1.9234197692,"CenCVar":0,"CenQgen":0},{"id":1171.0,"time":64,"bus_id":52,"name":"CABILDO_FV","CenPgen":1.63213336,"value":1.63213336,"CenCVar":0,"CenQgen":0},{"id":1171.0,"time":65,"bus_id":52,"name":"CABILDO_FV","CenPgen":2.1835635682,"value":2.1835635682,"CenCVar":0,"CenQgen":0},{"id":1171.0,"time":66,"bus_id":52,"name":"CABILDO_FV","CenPgen":0.3094029279,"value":0.3094029279,"CenCVar":0,"CenQgen":0},{"id":1171.0,"time":67,"bus_id":52,"name":"CABILDO_FV","CenPgen":0.0003331,"value":0.0003331,"CenCVar":0,"CenQgen":0},{"id":1171.0,"time":68,"bus_id":52,"name":"CABILDO_FV","CenPgen":0.0,"value":0.0,"CenCVar":0,"CenQgen":0},{"id":1171.0,"time":69,"bus_id":52,"name":"CABILDO_FV","CenPgen":0.0,"value":0.0,"CenCVar":0,"CenQgen":0},{"id":1171.0,"time":70,"bus_id":52,"name":"CABILDO_FV","CenPgen":0.0,"value":0.0,"CenCVar":0,"CenQgen":0},{"id":1171.0,"time":71,"bus_id":52,"name":"CABILDO_FV","CenPgen":0.0,"value":0.0,"CenCVar":0,"CenQgen":0},{"id":1171.0,"time":72,"bus_id":52,"name":"CABILDO_FV","CenPgen":0.0,"value":0.0,"CenCVar":0,"CenQgen":0},{"id":1171.0,"time":73,"bus_id":52,"name":"CABILDO_FV","CenPgen":0.0,"value":0.0,"CenCVar":0,"CenQgen":0},{"id":1171.0,"time":74,"bus_id":52,"name":"CABILDO_FV","CenPgen":0.0,"value":0.0,"CenCVar":0,"CenQgen":0},{"id":1171.0,"time":75,"bus_id":52,"name":"CABILDO_FV","CenPgen":0.0,"value":0.0,"CenCVar":0,"CenQgen":0},{"id":1171.0,"time":76,"bus_id":52,"name":"CABILDO_FV","CenPgen":0.0,"value":0.0,"CenCVar":0,"CenQgen":0},{"id":1171.0,"time":77,"bus_id":52,"name":"CABILDO_FV","CenPgen":0.0,"value":0.0,"CenCVar":0,"CenQgen":0},{"id":1171.0,"time":78,"bus_id":52,"name":"CABILDO_FV","CenPgen":0.0,"value":0.0,"CenCVar":0,"CenQgen":0},{"id":1171.0,"time":79,"bus_id":52,"name":"CABILDO_FV","CenPgen":0.0,"value":0.0,"CenCVar":0,"CenQgen":0},{"id":1171.0,"time":80,"bus_id":52,"name":"CABILDO_FV","CenPgen":0.0,"value":0.0,"CenCVar":0,"CenQgen":0},{"id":1171.0,"time":81,"bus_id":52,"name":"CABILDO_FV","CenPgen":0.1300270958,"value":0.1300270958,"CenCVar":0,"CenQgen":0},{"id":1171.0,"time":82,"bus_id":52,"name":"CABILDO_FV","CenPgen":0.3125219993,"value":0.3125219993,"CenCVar":0,"CenQgen":0},{"id":1171.0,"time":83,"bus_id":52,"name":"CABILDO_FV","CenPgen":1.05107741,"value":1.05107741,"CenCVar":0,"CenQgen":0},{"id":1171.0,"time":84,"bus_id":52,"name":"CABILDO_FV","CenPgen":1.05107741,"value":1.05107741,"CenCVar":0,"CenQgen":0},{"id":1171.0,"time":85,"bus_id":52,"name":"CABILDO_FV","CenPgen":1.0070914679,"value":1.0070914679,"CenCVar":0,"CenQgen":0},{"id":1171.0,"time":86,"bus_id":52,"name":"CABILDO_FV","CenPgen":1.0070914679,"value":1.0070914679,"CenCVar":0,"CenQgen":0},{"id":1171.0,"time":87,"bus_id":52,"name":"CABILDO_FV","CenPgen":1.0070914679,"value":1.0070914679,"CenCVar":0,"CenQgen":0},{"id":1171.0,"time":88,"bus_id":52,"name":"CABILDO_FV","CenPgen":1.0070914679,"value":1.0070914679,"CenCVar":0,"CenQgen":0},{"id":1171.0,"time":89,"bus_id":52,"name":"CABILDO_FV","CenPgen":0.1615920355,"value":0.1615920355,"CenCVar":0,"CenQgen":0},{"id":1171.0,"time":90,"bus_id":52,"name":"CABILDO_FV","CenPgen":0.1615920355,"value":0.1615920355,"CenCVar":0,"CenQgen":0},{"id":1171.0,"time":91,"bus_id":52,"name":"CABILDO_FV","CenPgen":0.0,"value":0.0,"CenCVar":0,"CenQgen":0},{"id":1171.0,"time":92,"bus_id":52,"name":"CABILDO_FV","CenPgen":0.0,"value":0.0,"CenCVar":0,"CenQgen":0},{"id":1171.0,"time":93,"bus_id":52,"name":"CABILDO_FV","CenPgen":0.0,"value":0.0,"CenCVar":0,"CenQgen":0},{"id":1171.0,"time":94,"bus_id":52,"name":"CABILDO_FV","CenPgen":0.0,"value":0.0,"CenCVar":0,"CenQgen":0},{"id":1171.0,"time":95,"bus_id":52,"name":"CABILDO_FV","CenPgen":0.0,"value":0.0,"CenCVar":0,"CenQgen":0},{"id":1171.0,"time":96,"bus_id":52,"name":"CABILDO_FV","CenPgen":0.0,"value":0.0,"CenCVar":0,"CenQgen":0},{"id":1171.0,"time":97,"bus_id":52,"name":"CABILDO_FV","CenPgen":0.0,"value":0.0,"CenCVar":0,"CenQgen":0},{"id":1171.0,"time":98,"bus_id":52,"name":"CABILDO_FV","CenPgen":0.0,"value":0.0,"CenCVar":0,"CenQgen":0},{"id":1171.0,"time":99,"bus_id":52,"name":"CABILDO_FV","CenPgen":0.0,"value":0.0,"CenCVar":0,"CenQgen":0},{"id":1171.0,"time":100,"bus_id":52,"name":"CABILDO_FV","CenPgen":0.0,"value":0.0,"CenCVar":0,"CenQgen":0},{"id":1171.0,"time":101,"bus_id":52,"name":"CABILDO_FV","CenPgen":0.0377291296,"value":0.0377291296,"CenCVar":0,"CenQgen":0},{"id":1171.0,"time":102,"bus_id":52,"name":"CABILDO_FV","CenPgen":0.0377291296,"value":0.0377291296,"CenCVar":0,"CenQgen":0},{"id":1171.0,"time":103,"bus_id":52,"name":"CABILDO_FV","CenPgen":0.0377291296,"value":0.0377291296,"CenCVar":0,"CenQgen":0},{"id":1171.0,"time":104,"bus_id":52,"name":"CABILDO_FV","CenPgen":0.0377291296,"value":0.0377291296,"CenCVar":0,"CenQgen":0},{"id":1171.0,"time":105,"bus_id":52,"name":"CABILDO_FV","CenPgen":0.0377291296,"value":0.0377291296,"CenCVar":0,"CenQgen":0},{"id":1171.0,"time":106,"bus_id":52,"name":"CABILDO_FV","CenPgen":1.4760127258,"value":1.4760127258,"CenCVar":0,"CenQgen":0},{"id":1171.0,"time":107,"bus_id":52,"name":"CABILDO_FV","CenPgen":4.608752655,"value":4.608752655,"CenCVar":0,"CenQgen":0},{"id":1171.0,"time":108,"bus_id":52,"name":"CABILDO_FV","CenPgen":4.608752655,"value":4.608752655,"CenCVar":0,"CenQgen":0},{"id":1171.0,"time":109,"bus_id":52,"name":"CABILDO_FV","CenPgen":2.4634320571,"value":2.4634320571,"CenCVar":0,"CenQgen":0},{"id":1171.0,"time":110,"bus_id":52,"name":"CABILDO_FV","CenPgen":2.4634320571,"value":2.4634320571,"CenCVar":0,"CenQgen":0},{"id":1171.0,"time":111,"bus_id":52,"name":"CABILDO_FV","CenPgen":2.4634320571,"value":2.4634320571,"CenCVar":0,"CenQgen":0},{"id":1171.0,"time":112,"bus_id":52,"name":"CABILDO_FV","CenPgen":2.4634320571,"value":2.4634320571,"CenCVar":0,"CenQgen":0},{"id":1171.0,"time":113,"bus_id":52,"name":"CABILDO_FV","CenPgen":2.4634320571,"value":2.4634320571,"CenCVar":0,"CenQgen":0},{"id":1171.0,"time":114,"bus_id":52,"name":"CABILDO_FV","CenPgen":2.4634320571,"value":2.4634320571,"CenCVar":0,"CenQgen":0},{"id":1171.0,"time":115,"bus_id":52,"name":"CABILDO_FV","CenPgen":0.0,"value":0.0,"CenCVar":0,"CenQgen":0},{"id":1171.0,"time":116,"bus_id":52,"name":"CABILDO_FV","CenPgen":0.0,"value":0.0,"CenCVar":0,"CenQgen":0},{"id":1171.0,"time":117,"bus_id":52,"name":"CABILDO_FV","CenPgen":0.0,"value":0.0,"CenCVar":0,"CenQgen":0},{"id":1171.0,"time":118,"bus_id":52,"name":"CABILDO_FV","CenPgen":0.0,"value":0.0,"CenCVar":0,"CenQgen":0},{"id":1171.0,"time":119,"bus_id":52,"name":"CABILDO_FV","CenPgen":0.0,"value":0.0,"CenCVar":0,"CenQgen":0},{"id":1171.0,"time":120,"bus_id":52,"name":"CABILDO_FV","CenPgen":0.0,"value":0.0,"CenCVar":0,"CenQgen":0},{"id":1171.0,"time":121,"bus_id":52,"name":"CABILDO_FV","CenPgen":0.0,"value":0.0,"CenCVar":0,"CenQgen":0},{"id":1171.0,"time":122,"bus_id":52,"name":"CABILDO_FV","CenPgen":0.0,"value":0.0,"CenCVar":0,"CenQgen":0},{"id":1171.0,"time":123,"bus_id":52,"name":"CABILDO_FV","CenPgen":0.0,"value":0.0,"CenCVar":0,"CenQgen":0},{"id":1171.0,"time":124,"bus_id":52,"name":"CABILDO_FV","CenPgen":0.0,"value":0.0,"CenCVar":0,"CenQgen":0},{"id":1171.0,"time":125,"bus_id":52,"name":"CABILDO_FV","CenPgen":0.0,"value":0.0,"CenCVar":0,"CenQgen":0},{"id":1171.0,"time":126,"bus_id":52,"name":"CABILDO_FV","CenPgen":0.0,"value":0.0,"CenCVar":0,"CenQgen":0},{"id":1171.0,"time":127,"bus_id":52,"name":"CABILDO_FV","CenPgen":0.0,"value":0.0,"CenCVar":0,"CenQgen":0},{"id":1171.0,"time":128,"bus_id":52,"name":"CABILDO_FV","CenPgen":0.00254051,"value":0.00254051,"CenCVar":0,"CenQgen":0},{"id":1171.0,"time":129,"bus_id":52,"name":"CABILDO_FV","CenPgen":0.32536348,"value":0.32536348,"CenCVar":0,"CenQgen":0},{"id":1171.0,"time":130,"bus_id":52,"name":"CABILDO_FV","CenPgen":0.9485745698,"value":0.9485745698,"CenCVar":0,"CenQgen":0},{"id":1171.0,"time":131,"bus_id":52,"name":"CABILDO_FV","CenPgen":2.993274469,"value":2.993274469,"CenCVar":0,"CenQgen":0},{"id":1171.0,"time":132,"bus_id":52,"name":"CABILDO_FV","CenPgen":2.993274469,"value":2.993274469,"CenCVar":0,"CenQgen":0},{"id":1171.0,"time":133,"bus_id":52,"name":"CABILDO_FV","CenPgen":2.993274469,"value":2.993274469,"CenCVar":0,"CenQgen":0},{"id":1171.0,"time":134,"bus_id":52,"name":"CABILDO_FV","CenPgen":2.993274469,"value":2.993274469,"CenCVar":0,"CenQgen":0},{"id":1171.0,"time":135,"bus_id":52,"name":"CABILDO_FV","CenPgen":2.993274469,"value":2.993274469,"CenCVar":0,"CenQgen":0},{"id":1171.0,"time":136,"bus_id":52,"name":"CABILDO_FV","CenPgen":2.0557523192,"value":2.0557523192,"CenCVar":0,"CenQgen":0},{"id":1171.0,"time":137,"bus_id":52,"name":"CABILDO_FV","CenPgen":0.83149484,"value":0.83149484,"CenCVar":0,"CenQgen":0},{"id":1171.0,"time":138,"bus_id":52,"name":"CABILDO_FV","CenPgen":0.83149484,"value":0.83149484,"CenCVar":0,"CenQgen":0},{"id":1171.0,"time":139,"bus_id":52,"name":"CABILDO_FV","CenPgen":0.0,"value":0.0,"CenCVar":0,"CenQgen":0},{"id":1171.0,"time":140,"bus_id":52,"name":"CABILDO_FV","CenPgen":0.0,"value":0.0,"CenCVar":0,"CenQgen":0},{"id":1171.0,"time":141,"bus_id":52,"name":"CABILDO_FV","CenPgen":0.0,"value":0.0,"CenCVar":0,"CenQgen":0},{"id":1171.0,"time":142,"bus_id":52,"name":"CABILDO_FV","CenPgen":0.0,"value":0.0,"CenCVar":0,"CenQgen":0},{"id":1171.0,"time":143,"bus_id":52,"name":"CABILDO_FV","CenPgen":0.0,"value":0.0,"CenCVar":0,"CenQgen":0},{"id":1171.0,"time":144,"bus_id":52,"name":"CABILDO_FV","CenPgen":0.0,"value":0.0,"CenCVar":0,"CenQgen":0},{"id":1171.0,"time":145,"bus_id":52,"name":"CABILDO_FV","CenPgen":0.0,"value":0.0,"CenCVar":0,"CenQgen":0},{"id":1171.0,"time":146,"bus_id":52,"name":"CABILDO_FV","CenPgen":0.0,"value":0.0,"CenCVar":0,"CenQgen":0},{"id":1171.0,"time":147,"bus_id":52,"name":"CABILDO_FV","CenPgen":0.0,"value":0.0,"CenCVar":0,"CenQgen":0},{"id":1171.0,"time":148,"bus_id":52,"name":"CABILDO_FV","CenPgen":0.0,"value":0.0,"CenCVar":0,"CenQgen":0},{"id":1171.0,"time":149,"bus_id":52,"name":"CABILDO_FV","CenPgen":0.0,"value":0.0,"CenCVar":0,"CenQgen":0},{"id":1171.0,"time":150,"bus_id":52,"name":"CABILDO_FV","CenPgen":0.0,"value":0.0,"CenCVar":0,"CenQgen":0},{"id":1171.0,"time":151,"bus_id":52,"name":"CABILDO_FV","CenPgen":0.0,"value":0.0,"CenCVar":0,"CenQgen":0},{"id":1171.0,"time":152,"bus_id":52,"name":"CABILDO_FV","CenPgen":0.01076909,"value":0.01076909,"CenCVar":0,"CenQgen":0},{"id":1171.0,"time":153,"bus_id":52,"name":"CABILDO_FV","CenPgen":0.29346624,"value":0.29346624,"CenCVar":0,"CenQgen":0},{"id":1171.0,"time":154,"bus_id":52,"name":"CABILDO_FV","CenPgen":2.9967743581,"value":2.9967743581,"CenCVar":0,"CenQgen":0},{"id":1171.0,"time":155,"bus_id":52,"name":"CABILDO_FV","CenPgen":2.9967743581,"value":2.9967743581,"CenCVar":0,"CenQgen":0},{"id":1171.0,"time":156,"bus_id":52,"name":"CABILDO_FV","CenPgen":2.9967743581,"value":2.9967743581,"CenCVar":0,"CenQgen":0},{"id":1171.0,"time":157,"bus_id":52,"name":"CABILDO_FV","CenPgen":5.1730777587,"value":5.1730777587,"CenCVar":0,"CenQgen":0},{"id":1171.0,"time":158,"bus_id":52,"name":"CABILDO_FV","CenPgen":3.10703719,"value":3.10703719,"CenCVar":0,"CenQgen":0},{"id":1171.0,"time":159,"bus_id":52,"name":"CABILDO_FV","CenPgen":3.10703719,"value":3.10703719,"CenCVar":0,"CenQgen":0},{"id":1171.0,"time":160,"bus_id":52,"name":"CABILDO_FV","CenPgen":3.10703719,"value":3.10703719,"CenCVar":0,"CenQgen":0},{"id":1171.0,"time":161,"bus_id":52,"name":"CABILDO_FV","CenPgen":0.2045851235,"value":0.2045851235,"CenCVar":0,"CenQgen":0},{"id":1171.0,"time":162,"bus_id":52,"name":"CABILDO_FV","CenPgen":0.2045851235,"value":0.2045851235,"CenCVar":0,"CenQgen":0},{"id":1171.0,"time":163,"bus_id":52,"name":"CABILDO_FV","CenPgen":0.2045851235,"value":0.2045851235,"CenCVar":0,"CenQgen":0},{"id":1171.0,"time":164,"bus_id":52,"name":"CABILDO_FV","CenPgen":0.0,"value":0.0,"CenCVar":0,"CenQgen":0},{"id":1171.0,"time":165,"bus_id":52,"name":"CABILDO_FV","CenPgen":0.0,"value":0.0,"CenCVar":0,"CenQgen":0},{"id":1171.0,"time":166,"bus_id":52,"name":"CABILDO_FV","CenPgen":0.0,"value":0.0,"CenCVar":0,"CenQgen":0},{"id":1171.0,"time":167,"bus_id":52,"name":"CABILDO_FV","CenPgen":0.0,"value":0.0,"CenCVar":0,"CenQgen":0},{"id":1171.0,"time":168,"bus_id":52,"name":"CABILDO_FV","CenPgen":0.0,"value":0.0,"CenCVar":0,"CenQgen":0}]