[{"id":1080.0,"time":1,"bus_id":158,"name":"TOLPAN_SUR_EO","CenPgen":0.912,"value":0.912,"CenCVar":0,"CenQgen":0},{"id":1080.0,"time":2,"bus_id":158,"name":"TOLPAN_SUR_EO","CenPgen":1.322,"value":1.322,"CenCVar":0,"CenQgen":0},{"id":1080.0,"time":3,"bus_id":158,"name":"TOLPAN_SUR_EO","CenPgen":1.923,"value":1.923,"CenCVar":0,"CenQgen":0},{"id":1080.0,"time":4,"bus_id":158,"name":"TOLPAN_SUR_EO","CenPgen":3.235,"value":3.235,"CenCVar":0,"CenQgen":0},{"id":1080.0,"time":5,"bus_id":158,"name":"TOLPAN_SUR_EO","CenPgen":5.019,"value":5.019,"CenCVar":0,"CenQgen":0},{"id":1080.0,"time":6,"bus_id":158,"name":"TOLPAN_SUR_EO","CenPgen":5.9661,"value":5.9661,"CenCVar":0,"CenQgen":0},{"id":1080.0,"time":7,"bus_id":158,"name":"TOLPAN_SUR_EO","CenPgen":8.0704,"value":8.0704,"CenCVar":0,"CenQgen":0},{"id":1080.0,"time":8,"bus_id":158,"name":"TOLPAN_SUR_EO","CenPgen":9.0528,"value":9.0528,"CenCVar":0,"CenQgen":0},{"id":1080.0,"time":9,"bus_id":158,"name":"TOLPAN_SUR_EO","CenPgen":10.1336,"value":10.1336,"CenCVar":0,"CenQgen":0},{"id":1080.0,"time":10,"bus_id":158,"name":"TOLPAN_SUR_EO","CenPgen":10.86675,"value":10.86675,"CenCVar":0,"CenQgen":0},{"id":1080.0,"time":11,"bus_id":158,"name":"TOLPAN_SUR_EO","CenPgen":13.44975,"value":13.44975,"CenCVar":0,"CenQgen":0},{"id":1080.0,"time":12,"bus_id":158,"name":"TOLPAN_SUR_EO","CenPgen":17.8472,"value":17.8472,"CenCVar":0,"CenQgen":0},{"id":1080.0,"time":13,"bus_id":158,"name":"TOLPAN_SUR_EO","CenPgen":19.6896,"value":19.6896,"CenCVar":0,"CenQgen":0},{"id":1080.0,"time":14,"bus_id":158,"name":"TOLPAN_SUR_EO","CenPgen":22.9096,"value":22.9096,"CenCVar":0,"CenQgen":0},{"id":1080.0,"time":15,"bus_id":158,"name":"TOLPAN_SUR_EO","CenPgen":22.792,"value":22.792,"CenCVar":0,"CenQgen":0},{"id":1080.0,"time":16,"bus_id":158,"name":"TOLPAN_SUR_EO","CenPgen":26.2632,"value":26.2632,"CenCVar":0,"CenQgen":0},{"id":1080.0,"time":17,"bus_id":158,"name":"TOLPAN_SUR_EO","CenPgen":23.208,"value":23.208,"CenCVar":0,"CenQgen":0},{"id":1080.0,"time":18,"bus_id":158,"name":"TOLPAN_SUR_EO","CenPgen":19.92485,"value":19.92485,"CenCVar":0,"CenQgen":0},{"id":1080.0,"time":19,"bus_id":158,"name":"TOLPAN_SUR_EO","CenPgen":15.88735,"value":15.88735,"CenCVar":0,"CenQgen":0},{"id":1080.0,"time":20,"bus_id":158,"name":"TOLPAN_SUR_EO","CenPgen":14.49225,"value":14.49225,"CenCVar":0,"CenQgen":0},{"id":1080.0,"time":21,"bus_id":158,"name":"TOLPAN_SUR_EO","CenPgen":12.45545,"value":12.45545,"CenCVar":0,"CenQgen":0},{"id":1080.0,"time":22,"bus_id":158,"name":"TOLPAN_SUR_EO","CenPgen":11.72015,"value":11.72015,"CenCVar":0,"CenQgen":0},{"id":1080.0,"time":23,"bus_id":158,"name":"TOLPAN_SUR_EO","CenPgen":11.1188,"value":11.1188,"CenCVar":0,"CenQgen":0},{"id":1080.0,"time":24,"bus_id":158,"name":"TOLPAN_SUR_EO","CenPgen":7.7482,"value":7.7482,"CenCVar":0,"CenQgen":0},{"id":1080.0,"time":25,"bus_id":158,"name":"TOLPAN_SUR_EO","CenPgen":4.603,"value":4.603,"CenCVar":0,"CenQgen":0},{"id":1080.0,"time":26,"bus_id":158,"name":"TOLPAN_SUR_EO","CenPgen":2.855,"value":2.855,"CenCVar":0,"CenQgen":0},{"id":1080.0,"time":27,"bus_id":158,"name":"TOLPAN_SUR_EO","CenPgen":1.915,"value":1.915,"CenCVar":0,"CenQgen":0},{"id":1080.0,"time":28,"bus_id":158,"name":"TOLPAN_SUR_EO","CenPgen":0.8665,"value":0.8665,"CenCVar":0,"CenQgen":0},{"id":1080.0,"time":29,"bus_id":158,"name":"TOLPAN_SUR_EO","CenPgen":0.8665,"value":0.8665,"CenCVar":0,"CenQgen":0},{"id":1080.0,"time":30,"bus_id":158,"name":"TOLPAN_SUR_EO","CenPgen":0.8665,"value":0.8665,"CenCVar":0,"CenQgen":0},{"id":1080.0,"time":31,"bus_id":158,"name":"TOLPAN_SUR_EO","CenPgen":0.5496,"value":0.5496,"CenCVar":0,"CenQgen":0},{"id":1080.0,"time":32,"bus_id":158,"name":"TOLPAN_SUR_EO","CenPgen":0.4384,"value":0.4384,"CenCVar":0,"CenQgen":0},{"id":1080.0,"time":33,"bus_id":158,"name":"TOLPAN_SUR_EO","CenPgen":0.6248,"value":0.6248,"CenCVar":0,"CenQgen":0},{"id":1080.0,"time":34,"bus_id":158,"name":"TOLPAN_SUR_EO","CenPgen":0.40575,"value":0.40575,"CenCVar":0,"CenQgen":0},{"id":1080.0,"time":35,"bus_id":158,"name":"TOLPAN_SUR_EO","CenPgen":0.40575,"value":0.40575,"CenCVar":0,"CenQgen":0},{"id":1080.0,"time":36,"bus_id":158,"name":"TOLPAN_SUR_EO","CenPgen":0.4380666667,"value":0.4380666667,"CenCVar":0,"CenQgen":0},{"id":1080.0,"time":37,"bus_id":158,"name":"TOLPAN_SUR_EO","CenPgen":0.4380666667,"value":0.4380666667,"CenCVar":0,"CenQgen":0},{"id":1080.0,"time":38,"bus_id":158,"name":"TOLPAN_SUR_EO","CenPgen":0.4380666667,"value":0.4380666667,"CenCVar":0,"CenQgen":0},{"id":1080.0,"time":39,"bus_id":158,"name":"TOLPAN_SUR_EO","CenPgen":0.4823,"value":0.4823,"CenCVar":0,"CenQgen":0},{"id":1080.0,"time":40,"bus_id":158,"name":"TOLPAN_SUR_EO","CenPgen":0.6,"value":0.6,"CenCVar":0,"CenQgen":0},{"id":1080.0,"time":41,"bus_id":158,"name":"TOLPAN_SUR_EO","CenPgen":0.6568,"value":0.6568,"CenCVar":0,"CenQgen":0},{"id":1080.0,"time":42,"bus_id":158,"name":"TOLPAN_SUR_EO","CenPgen":1.09905,"value":1.09905,"CenCVar":0,"CenQgen":0},{"id":1080.0,"time":43,"bus_id":158,"name":"TOLPAN_SUR_EO","CenPgen":1.47645,"value":1.47645,"CenCVar":0,"CenQgen":0},{"id":1080.0,"time":44,"bus_id":158,"name":"TOLPAN_SUR_EO","CenPgen":2.9754,"value":2.9754,"CenCVar":0,"CenQgen":0},{"id":1080.0,"time":45,"bus_id":158,"name":"TOLPAN_SUR_EO","CenPgen":3.40385,"value":3.40385,"CenCVar":0,"CenQgen":0},{"id":1080.0,"time":46,"bus_id":158,"name":"TOLPAN_SUR_EO","CenPgen":4.0736,"value":4.0736,"CenCVar":0,"CenQgen":0},{"id":1080.0,"time":47,"bus_id":158,"name":"TOLPAN_SUR_EO","CenPgen":4.9552,"value":4.9552,"CenCVar":0,"CenQgen":0},{"id":1080.0,"time":48,"bus_id":158,"name":"TOLPAN_SUR_EO","CenPgen":5.54135,"value":5.54135,"CenCVar":0,"CenQgen":0},{"id":1080.0,"time":49,"bus_id":158,"name":"TOLPAN_SUR_EO","CenPgen":6.415,"value":6.415,"CenCVar":0,"CenQgen":0},{"id":1080.0,"time":50,"bus_id":158,"name":"TOLPAN_SUR_EO","CenPgen":7.735,"value":7.735,"CenCVar":0,"CenQgen":0},{"id":1080.0,"time":51,"bus_id":158,"name":"TOLPAN_SUR_EO","CenPgen":7.657,"value":7.657,"CenCVar":0,"CenQgen":0},{"id":1080.0,"time":52,"bus_id":158,"name":"TOLPAN_SUR_EO","CenPgen":6.154,"value":6.154,"CenCVar":0,"CenQgen":0},{"id":1080.0,"time":53,"bus_id":158,"name":"TOLPAN_SUR_EO","CenPgen":6.154,"value":6.154,"CenCVar":0,"CenQgen":0},{"id":1080.0,"time":54,"bus_id":158,"name":"TOLPAN_SUR_EO","CenPgen":4.3461,"value":4.3461,"CenCVar":0,"CenQgen":0},{"id":1080.0,"time":55,"bus_id":158,"name":"TOLPAN_SUR_EO","CenPgen":3.1472,"value":3.1472,"CenCVar":0,"CenQgen":0},{"id":1080.0,"time":56,"bus_id":158,"name":"TOLPAN_SUR_EO","CenPgen":1.744,"value":1.744,"CenCVar":0,"CenQgen":0},{"id":1080.0,"time":57,"bus_id":158,"name":"TOLPAN_SUR_EO","CenPgen":1.4016,"value":1.4016,"CenCVar":0,"CenQgen":0},{"id":1080.0,"time":58,"bus_id":158,"name":"TOLPAN_SUR_EO","CenPgen":0.7005,"value":0.7005,"CenCVar":0,"CenQgen":0},{"id":1080.0,"time":59,"bus_id":158,"name":"TOLPAN_SUR_EO","CenPgen":0.78945,"value":0.78945,"CenCVar":0,"CenQgen":0},{"id":1080.0,"time":60,"bus_id":158,"name":"TOLPAN_SUR_EO","CenPgen":0.78945,"value":0.78945,"CenCVar":0,"CenQgen":0},{"id":1080.0,"time":61,"bus_id":158,"name":"TOLPAN_SUR_EO","CenPgen":0.78945,"value":0.78945,"CenCVar":0,"CenQgen":0},{"id":1080.0,"time":62,"bus_id":158,"name":"TOLPAN_SUR_EO","CenPgen":0.78945,"value":0.78945,"CenCVar":0,"CenQgen":0},{"id":1080.0,"time":63,"bus_id":158,"name":"TOLPAN_SUR_EO","CenPgen":1.3118,"value":1.3118,"CenCVar":0,"CenQgen":0},{"id":1080.0,"time":64,"bus_id":158,"name":"TOLPAN_SUR_EO","CenPgen":1.8272,"value":1.8272,"CenCVar":0,"CenQgen":0},{"id":1080.0,"time":65,"bus_id":158,"name":"TOLPAN_SUR_EO","CenPgen":2.872,"value":2.872,"CenCVar":0,"CenQgen":0},{"id":1080.0,"time":66,"bus_id":158,"name":"TOLPAN_SUR_EO","CenPgen":3.8777,"value":3.8777,"CenCVar":0,"CenQgen":0},{"id":1080.0,"time":67,"bus_id":158,"name":"TOLPAN_SUR_EO","CenPgen":3.9253,"value":3.9253,"CenCVar":0,"CenQgen":0},{"id":1080.0,"time":68,"bus_id":158,"name":"TOLPAN_SUR_EO","CenPgen":5.24305,"value":5.24305,"CenCVar":0,"CenQgen":0},{"id":1080.0,"time":69,"bus_id":158,"name":"TOLPAN_SUR_EO","CenPgen":5.4473,"value":5.4473,"CenCVar":0,"CenQgen":0},{"id":1080.0,"time":70,"bus_id":158,"name":"TOLPAN_SUR_EO","CenPgen":5.3371,"value":5.3371,"CenCVar":0,"CenQgen":0},{"id":1080.0,"time":71,"bus_id":158,"name":"TOLPAN_SUR_EO","CenPgen":5.41215,"value":5.41215,"CenCVar":0,"CenQgen":0},{"id":1080.0,"time":72,"bus_id":158,"name":"TOLPAN_SUR_EO","CenPgen":5.2858,"value":5.2858,"CenCVar":0,"CenQgen":0},{"id":1080.0,"time":73,"bus_id":158,"name":"TOLPAN_SUR_EO","CenPgen":5.777,"value":5.777,"CenCVar":0,"CenQgen":0},{"id":1080.0,"time":74,"bus_id":158,"name":"TOLPAN_SUR_EO","CenPgen":6.525,"value":6.525,"CenCVar":0,"CenQgen":0},{"id":1080.0,"time":75,"bus_id":158,"name":"TOLPAN_SUR_EO","CenPgen":7.038,"value":7.038,"CenCVar":0,"CenQgen":0},{"id":1080.0,"time":76,"bus_id":158,"name":"TOLPAN_SUR_EO","CenPgen":7.6928,"value":7.6928,"CenCVar":0,"CenQgen":0},{"id":1080.0,"time":77,"bus_id":158,"name":"TOLPAN_SUR_EO","CenPgen":7.6928,"value":7.6928,"CenCVar":0,"CenQgen":0},{"id":1080.0,"time":78,"bus_id":158,"name":"TOLPAN_SUR_EO","CenPgen":7.6928,"value":7.6928,"CenCVar":0,"CenQgen":0},{"id":1080.0,"time":79,"bus_id":158,"name":"TOLPAN_SUR_EO","CenPgen":7.6928,"value":7.6928,"CenCVar":0,"CenQgen":0},{"id":1080.0,"time":80,"bus_id":158,"name":"TOLPAN_SUR_EO","CenPgen":6.992,"value":6.992,"CenCVar":0,"CenQgen":0},{"id":1080.0,"time":81,"bus_id":158,"name":"TOLPAN_SUR_EO","CenPgen":7.4208,"value":7.4208,"CenCVar":0,"CenQgen":0},{"id":1080.0,"time":82,"bus_id":158,"name":"TOLPAN_SUR_EO","CenPgen":7.176,"value":7.176,"CenCVar":0,"CenQgen":0},{"id":1080.0,"time":83,"bus_id":158,"name":"TOLPAN_SUR_EO","CenPgen":8.92385,"value":8.92385,"CenCVar":0,"CenQgen":0},{"id":1080.0,"time":84,"bus_id":158,"name":"TOLPAN_SUR_EO","CenPgen":8.92385,"value":8.92385,"CenCVar":0,"CenQgen":0},{"id":1080.0,"time":85,"bus_id":158,"name":"TOLPAN_SUR_EO","CenPgen":10.7214,"value":10.7214,"CenCVar":0,"CenQgen":0},{"id":1080.0,"time":86,"bus_id":158,"name":"TOLPAN_SUR_EO","CenPgen":10.7214,"value":10.7214,"CenCVar":0,"CenQgen":0},{"id":1080.0,"time":87,"bus_id":158,"name":"TOLPAN_SUR_EO","CenPgen":10.7214,"value":10.7214,"CenCVar":0,"CenQgen":0},{"id":1080.0,"time":88,"bus_id":158,"name":"TOLPAN_SUR_EO","CenPgen":10.7214,"value":10.7214,"CenCVar":0,"CenQgen":0},{"id":1080.0,"time":89,"bus_id":158,"name":"TOLPAN_SUR_EO","CenPgen":14.1227,"value":14.1227,"CenCVar":0,"CenQgen":0},{"id":1080.0,"time":90,"bus_id":158,"name":"TOLPAN_SUR_EO","CenPgen":14.1227,"value":14.1227,"CenCVar":0,"CenQgen":0},{"id":1080.0,"time":91,"bus_id":158,"name":"TOLPAN_SUR_EO","CenPgen":14.90305,"value":14.90305,"CenCVar":0,"CenQgen":0},{"id":1080.0,"time":92,"bus_id":158,"name":"TOLPAN_SUR_EO","CenPgen":17.0924,"value":17.0924,"CenCVar":0,"CenQgen":0},{"id":1080.0,"time":93,"bus_id":158,"name":"TOLPAN_SUR_EO","CenPgen":14.2658333333,"value":14.2658333333,"CenCVar":0,"CenQgen":0},{"id":1080.0,"time":94,"bus_id":158,"name":"TOLPAN_SUR_EO","CenPgen":14.2658333333,"value":14.2658333333,"CenCVar":0,"CenQgen":0},{"id":1080.0,"time":95,"bus_id":158,"name":"TOLPAN_SUR_EO","CenPgen":14.2658333333,"value":14.2658333333,"CenCVar":0,"CenQgen":0},{"id":1080.0,"time":96,"bus_id":158,"name":"TOLPAN_SUR_EO","CenPgen":10.4291,"value":10.4291,"CenCVar":0,"CenQgen":0},{"id":1080.0,"time":97,"bus_id":158,"name":"TOLPAN_SUR_EO","CenPgen":8.855,"value":8.855,"CenCVar":0,"CenQgen":0},{"id":1080.0,"time":98,"bus_id":158,"name":"TOLPAN_SUR_EO","CenPgen":8.567,"value":8.567,"CenCVar":0,"CenQgen":0},{"id":1080.0,"time":99,"bus_id":158,"name":"TOLPAN_SUR_EO","CenPgen":7.677,"value":7.677,"CenCVar":0,"CenQgen":0},{"id":1080.0,"time":100,"bus_id":158,"name":"TOLPAN_SUR_EO","CenPgen":7.677,"value":7.677,"CenCVar":0,"CenQgen":0},{"id":1080.0,"time":101,"bus_id":158,"name":"TOLPAN_SUR_EO","CenPgen":5.96838,"value":5.96838,"CenCVar":0,"CenQgen":0},{"id":1080.0,"time":102,"bus_id":158,"name":"TOLPAN_SUR_EO","CenPgen":5.96838,"value":5.96838,"CenCVar":0,"CenQgen":0},{"id":1080.0,"time":103,"bus_id":158,"name":"TOLPAN_SUR_EO","CenPgen":5.96838,"value":5.96838,"CenCVar":0,"CenQgen":0},{"id":1080.0,"time":104,"bus_id":158,"name":"TOLPAN_SUR_EO","CenPgen":5.96838,"value":5.96838,"CenCVar":0,"CenQgen":0},{"id":1080.0,"time":105,"bus_id":158,"name":"TOLPAN_SUR_EO","CenPgen":5.96838,"value":5.96838,"CenCVar":0,"CenQgen":0},{"id":1080.0,"time":106,"bus_id":158,"name":"TOLPAN_SUR_EO","CenPgen":4.6455,"value":4.6455,"CenCVar":0,"CenQgen":0},{"id":1080.0,"time":107,"bus_id":158,"name":"TOLPAN_SUR_EO","CenPgen":5.31895,"value":5.31895,"CenCVar":0,"CenQgen":0},{"id":1080.0,"time":108,"bus_id":158,"name":"TOLPAN_SUR_EO","CenPgen":5.31895,"value":5.31895,"CenCVar":0,"CenQgen":0},{"id":1080.0,"time":109,"bus_id":158,"name":"TOLPAN_SUR_EO","CenPgen":10.8505083333,"value":10.8505083333,"CenCVar":0,"CenQgen":0},{"id":1080.0,"time":110,"bus_id":158,"name":"TOLPAN_SUR_EO","CenPgen":10.8505083333,"value":10.8505083333,"CenCVar":0,"CenQgen":0},{"id":1080.0,"time":111,"bus_id":158,"name":"TOLPAN_SUR_EO","CenPgen":10.8505083333,"value":10.8505083333,"CenCVar":0,"CenQgen":0},{"id":1080.0,"time":112,"bus_id":158,"name":"TOLPAN_SUR_EO","CenPgen":10.8505083333,"value":10.8505083333,"CenCVar":0,"CenQgen":0},{"id":1080.0,"time":113,"bus_id":158,"name":"TOLPAN_SUR_EO","CenPgen":10.8505083333,"value":10.8505083333,"CenCVar":0,"CenQgen":0},{"id":1080.0,"time":114,"bus_id":158,"name":"TOLPAN_SUR_EO","CenPgen":10.8505083333,"value":10.8505083333,"CenCVar":0,"CenQgen":0},{"id":1080.0,"time":115,"bus_id":158,"name":"TOLPAN_SUR_EO","CenPgen":21.2041,"value":21.2041,"CenCVar":0,"CenQgen":0},{"id":1080.0,"time":116,"bus_id":158,"name":"TOLPAN_SUR_EO","CenPgen":27.4018,"value":27.4018,"CenCVar":0,"CenQgen":0},{"id":1080.0,"time":117,"bus_id":158,"name":"TOLPAN_SUR_EO","CenPgen":30.33635,"value":30.33635,"CenCVar":0,"CenQgen":0},{"id":1080.0,"time":118,"bus_id":158,"name":"TOLPAN_SUR_EO","CenPgen":33.967725,"value":33.967725,"CenCVar":0,"CenQgen":0},{"id":1080.0,"time":119,"bus_id":158,"name":"TOLPAN_SUR_EO","CenPgen":33.967725,"value":33.967725,"CenCVar":0,"CenQgen":0},{"id":1080.0,"time":120,"bus_id":158,"name":"TOLPAN_SUR_EO","CenPgen":35.7998,"value":35.7998,"CenCVar":0,"CenQgen":0},{"id":1080.0,"time":121,"bus_id":158,"name":"TOLPAN_SUR_EO","CenPgen":38.274,"value":38.274,"CenCVar":0,"CenQgen":0},{"id":1080.0,"time":122,"bus_id":158,"name":"TOLPAN_SUR_EO","CenPgen":38.721,"value":38.721,"CenCVar":0,"CenQgen":0},{"id":1080.0,"time":123,"bus_id":158,"name":"TOLPAN_SUR_EO","CenPgen":41.05,"value":41.05,"CenCVar":0,"CenQgen":0},{"id":1080.0,"time":124,"bus_id":158,"name":"TOLPAN_SUR_EO","CenPgen":41.3490333333,"value":41.3490333333,"CenCVar":0,"CenQgen":0},{"id":1080.0,"time":125,"bus_id":158,"name":"TOLPAN_SUR_EO","CenPgen":41.3490333333,"value":41.3490333333,"CenCVar":0,"CenQgen":0},{"id":1080.0,"time":126,"bus_id":158,"name":"TOLPAN_SUR_EO","CenPgen":41.3490333333,"value":41.3490333333,"CenCVar":0,"CenQgen":0},{"id":1080.0,"time":127,"bus_id":158,"name":"TOLPAN_SUR_EO","CenPgen":32.1368,"value":32.1368,"CenCVar":0,"CenQgen":0},{"id":1080.0,"time":128,"bus_id":158,"name":"TOLPAN_SUR_EO","CenPgen":31.7456,"value":31.7456,"CenCVar":0,"CenQgen":0},{"id":1080.0,"time":129,"bus_id":158,"name":"TOLPAN_SUR_EO","CenPgen":28.9176,"value":28.9176,"CenCVar":0,"CenQgen":0},{"id":1080.0,"time":130,"bus_id":158,"name":"TOLPAN_SUR_EO","CenPgen":23.9085,"value":23.9085,"CenCVar":0,"CenQgen":0},{"id":1080.0,"time":131,"bus_id":158,"name":"TOLPAN_SUR_EO","CenPgen":18.77079,"value":18.77079,"CenCVar":0,"CenQgen":0},{"id":1080.0,"time":132,"bus_id":158,"name":"TOLPAN_SUR_EO","CenPgen":18.77079,"value":18.77079,"CenCVar":0,"CenQgen":0},{"id":1080.0,"time":133,"bus_id":158,"name":"TOLPAN_SUR_EO","CenPgen":18.77079,"value":18.77079,"CenCVar":0,"CenQgen":0},{"id":1080.0,"time":134,"bus_id":158,"name":"TOLPAN_SUR_EO","CenPgen":18.77079,"value":18.77079,"CenCVar":0,"CenQgen":0},{"id":1080.0,"time":135,"bus_id":158,"name":"TOLPAN_SUR_EO","CenPgen":18.77079,"value":18.77079,"CenCVar":0,"CenQgen":0},{"id":1080.0,"time":136,"bus_id":158,"name":"TOLPAN_SUR_EO","CenPgen":18.04,"value":18.04,"CenCVar":0,"CenQgen":0},{"id":1080.0,"time":137,"bus_id":158,"name":"TOLPAN_SUR_EO","CenPgen":19.480375,"value":19.480375,"CenCVar":0,"CenQgen":0},{"id":1080.0,"time":138,"bus_id":158,"name":"TOLPAN_SUR_EO","CenPgen":19.480375,"value":19.480375,"CenCVar":0,"CenQgen":0},{"id":1080.0,"time":139,"bus_id":158,"name":"TOLPAN_SUR_EO","CenPgen":18.8394,"value":18.8394,"CenCVar":0,"CenQgen":0},{"id":1080.0,"time":140,"bus_id":158,"name":"TOLPAN_SUR_EO","CenPgen":19.2337,"value":19.2337,"CenCVar":0,"CenQgen":0},{"id":1080.0,"time":141,"bus_id":158,"name":"TOLPAN_SUR_EO","CenPgen":16.7082833333,"value":16.7082833333,"CenCVar":0,"CenQgen":0},{"id":1080.0,"time":142,"bus_id":158,"name":"TOLPAN_SUR_EO","CenPgen":16.7082833333,"value":16.7082833333,"CenCVar":0,"CenQgen":0},{"id":1080.0,"time":143,"bus_id":158,"name":"TOLPAN_SUR_EO","CenPgen":16.7082833333,"value":16.7082833333,"CenCVar":0,"CenQgen":0},{"id":1080.0,"time":144,"bus_id":158,"name":"TOLPAN_SUR_EO","CenPgen":14.37065,"value":14.37065,"CenCVar":0,"CenQgen":0},{"id":1080.0,"time":145,"bus_id":158,"name":"TOLPAN_SUR_EO","CenPgen":13.987,"value":13.987,"CenCVar":0,"CenQgen":0},{"id":1080.0,"time":146,"bus_id":158,"name":"TOLPAN_SUR_EO","CenPgen":14.139,"value":14.139,"CenCVar":0,"CenQgen":0},{"id":1080.0,"time":147,"bus_id":158,"name":"TOLPAN_SUR_EO","CenPgen":16.1512,"value":16.1512,"CenCVar":0,"CenQgen":0},{"id":1080.0,"time":148,"bus_id":158,"name":"TOLPAN_SUR_EO","CenPgen":16.1512,"value":16.1512,"CenCVar":0,"CenQgen":0},{"id":1080.0,"time":149,"bus_id":158,"name":"TOLPAN_SUR_EO","CenPgen":16.1512,"value":16.1512,"CenCVar":0,"CenQgen":0},{"id":1080.0,"time":150,"bus_id":158,"name":"TOLPAN_SUR_EO","CenPgen":16.1512,"value":16.1512,"CenCVar":0,"CenQgen":0},{"id":1080.0,"time":151,"bus_id":158,"name":"TOLPAN_SUR_EO","CenPgen":16.34,"value":16.34,"CenCVar":0,"CenQgen":0},{"id":1080.0,"time":152,"bus_id":158,"name":"TOLPAN_SUR_EO","CenPgen":15.9088,"value":15.9088,"CenCVar":0,"CenQgen":0},{"id":1080.0,"time":153,"bus_id":158,"name":"TOLPAN_SUR_EO","CenPgen":16.836,"value":16.836,"CenCVar":0,"CenQgen":0},{"id":1080.0,"time":154,"bus_id":158,"name":"TOLPAN_SUR_EO","CenPgen":17.9912666667,"value":17.9912666667,"CenCVar":0,"CenQgen":0},{"id":1080.0,"time":155,"bus_id":158,"name":"TOLPAN_SUR_EO","CenPgen":17.9912666667,"value":17.9912666667,"CenCVar":0,"CenQgen":0},{"id":1080.0,"time":156,"bus_id":158,"name":"TOLPAN_SUR_EO","CenPgen":17.9912666667,"value":17.9912666667,"CenCVar":0,"CenQgen":0},{"id":1080.0,"time":157,"bus_id":158,"name":"TOLPAN_SUR_EO","CenPgen":16.9792,"value":16.9792,"CenCVar":0,"CenQgen":0},{"id":1080.0,"time":158,"bus_id":158,"name":"TOLPAN_SUR_EO","CenPgen":19.2907,"value":19.2907,"CenCVar":0,"CenQgen":0},{"id":1080.0,"time":159,"bus_id":158,"name":"TOLPAN_SUR_EO","CenPgen":19.2907,"value":19.2907,"CenCVar":0,"CenQgen":0},{"id":1080.0,"time":160,"bus_id":158,"name":"TOLPAN_SUR_EO","CenPgen":19.2907,"value":19.2907,"CenCVar":0,"CenQgen":0},{"id":1080.0,"time":161,"bus_id":158,"name":"TOLPAN_SUR_EO","CenPgen":29.24865,"value":29.24865,"CenCVar":0,"CenQgen":0},{"id":1080.0,"time":162,"bus_id":158,"name":"TOLPAN_SUR_EO","CenPgen":29.24865,"value":29.24865,"CenCVar":0,"CenQgen":0},{"id":1080.0,"time":163,"bus_id":158,"name":"TOLPAN_SUR_EO","CenPgen":29.24865,"value":29.24865,"CenCVar":0,"CenQgen":0},{"id":1080.0,"time":164,"bus_id":158,"name":"TOLPAN_SUR_EO","CenPgen":40.78255,"value":40.78255,"CenCVar":0,"CenQgen":0},{"id":1080.0,"time":165,"bus_id":158,"name":"TOLPAN_SUR_EO","CenPgen":43.6037333333,"value":43.6037333333,"CenCVar":0,"CenQgen":0},{"id":1080.0,"time":166,"bus_id":158,"name":"TOLPAN_SUR_EO","CenPgen":43.6037333333,"value":43.6037333333,"CenCVar":0,"CenQgen":0},{"id":1080.0,"time":167,"bus_id":158,"name":"TOLPAN_SUR_EO","CenPgen":43.6037333333,"value":43.6037333333,"CenCVar":0,"CenQgen":0},{"id":1080.0,"time":168,"bus_id":158,"name":"TOLPAN_SUR_EO","CenPgen":44.1408,"value":44.1408,"CenCVar":0,"CenQgen":0}]