[{"id":1241.0,"time":1,"bus_id":184,"name":"COLCHAGUA_FV","CenPgen":0.0,"value":0.0,"CenCVar":0,"CenQgen":0},{"id":1241.0,"time":2,"bus_id":184,"name":"COLCHAGUA_FV","CenPgen":0.0,"value":0.0,"CenCVar":0,"CenQgen":0},{"id":1241.0,"time":3,"bus_id":184,"name":"COLCHAGUA_FV","CenPgen":0.0,"value":0.0,"CenCVar":0,"CenQgen":0},{"id":1241.0,"time":4,"bus_id":184,"name":"COLCHAGUA_FV","CenPgen":0.0,"value":0.0,"CenCVar":0,"CenQgen":0},{"id":1241.0,"time":5,"bus_id":184,"name":"COLCHAGUA_FV","CenPgen":0.0,"value":0.0,"CenCVar":0,"CenQgen":0},{"id":1241.0,"time":6,"bus_id":184,"name":"COLCHAGUA_FV","CenPgen":0.0,"value":0.0,"CenCVar":0,"CenQgen":0},{"id":1241.0,"time":7,"bus_id":184,"name":"COLCHAGUA_FV","CenPgen":0.0,"value":0.0,"CenCVar":0,"CenQgen":0},{"id":1241.0,"time":8,"bus_id":184,"name":"COLCHAGUA_FV","CenPgen":0.0054147,"value":0.0054147,"CenCVar":0,"CenQgen":0},{"id":1241.0,"time":9,"bus_id":184,"name":"COLCHAGUA_FV","CenPgen":0.34592911,"value":0.34592911,"CenCVar":0,"CenQgen":0},{"id":1241.0,"time":10,"bus_id":184,"name":"COLCHAGUA_FV","CenPgen":0.7676218873,"value":0.7676218873,"CenCVar":0,"CenQgen":0},{"id":1241.0,"time":11,"bus_id":184,"name":"COLCHAGUA_FV","CenPgen":1.6826069,"value":1.6826069,"CenCVar":0,"CenQgen":0},{"id":1241.0,"time":12,"bus_id":184,"name":"COLCHAGUA_FV","CenPgen":1.50031082,"value":1.50031082,"CenCVar":0,"CenQgen":0},{"id":1241.0,"time":13,"bus_id":184,"name":"COLCHAGUA_FV","CenPgen":1.593486206,"value":1.593486206,"CenCVar":0,"CenQgen":0},{"id":1241.0,"time":14,"bus_id":184,"name":"COLCHAGUA_FV","CenPgen":1.654142456,"value":1.654142456,"CenCVar":0,"CenQgen":0},{"id":1241.0,"time":15,"bus_id":184,"name":"COLCHAGUA_FV","CenPgen":1.73658984,"value":1.73658984,"CenCVar":0,"CenQgen":0},{"id":1241.0,"time":16,"bus_id":184,"name":"COLCHAGUA_FV","CenPgen":1.77547714,"value":1.77547714,"CenCVar":0,"CenQgen":0},{"id":1241.0,"time":17,"bus_id":184,"name":"COLCHAGUA_FV","CenPgen":1.124896347,"value":1.124896347,"CenCVar":0,"CenQgen":0},{"id":1241.0,"time":18,"bus_id":184,"name":"COLCHAGUA_FV","CenPgen":0.19262292,"value":0.19262292,"CenCVar":0,"CenQgen":0},{"id":1241.0,"time":19,"bus_id":184,"name":"COLCHAGUA_FV","CenPgen":0.0000295166,"value":0.0000295166,"CenCVar":0,"CenQgen":0},{"id":1241.0,"time":20,"bus_id":184,"name":"COLCHAGUA_FV","CenPgen":0.0,"value":0.0,"CenCVar":0,"CenQgen":0},{"id":1241.0,"time":21,"bus_id":184,"name":"COLCHAGUA_FV","CenPgen":0.0,"value":0.0,"CenCVar":0,"CenQgen":0},{"id":1241.0,"time":22,"bus_id":184,"name":"COLCHAGUA_FV","CenPgen":0.0,"value":0.0,"CenCVar":0,"CenQgen":0},{"id":1241.0,"time":23,"bus_id":184,"name":"COLCHAGUA_FV","CenPgen":0.0,"value":0.0,"CenCVar":0,"CenQgen":0},{"id":1241.0,"time":24,"bus_id":184,"name":"COLCHAGUA_FV","CenPgen":0.0,"value":0.0,"CenCVar":0,"CenQgen":0},{"id":1241.0,"time":25,"bus_id":184,"name":"COLCHAGUA_FV","CenPgen":0.0,"value":0.0,"CenCVar":0,"CenQgen":0},{"id":1241.0,"time":26,"bus_id":184,"name":"COLCHAGUA_FV","CenPgen":0.0,"value":0.0,"CenCVar":0,"CenQgen":0},{"id":1241.0,"time":27,"bus_id":184,"name":"COLCHAGUA_FV","CenPgen":0.0,"value":0.0,"CenCVar":0,"CenQgen":0},{"id":1241.0,"time":28,"bus_id":184,"name":"COLCHAGUA_FV","CenPgen":0.0,"value":0.0,"CenCVar":0,"CenQgen":0},{"id":1241.0,"time":29,"bus_id":184,"name":"COLCHAGUA_FV","CenPgen":0.0,"value":0.0,"CenCVar":0,"CenQgen":0},{"id":1241.0,"time":30,"bus_id":184,"name":"COLCHAGUA_FV","CenPgen":0.0,"value":0.0,"CenCVar":0,"CenQgen":0},{"id":1241.0,"time":31,"bus_id":184,"name":"COLCHAGUA_FV","CenPgen":0.0,"value":0.0,"CenCVar":0,"CenQgen":0},{"id":1241.0,"time":32,"bus_id":184,"name":"COLCHAGUA_FV","CenPgen":0.003984996,"value":0.003984996,"CenCVar":0,"CenQgen":0},{"id":1241.0,"time":33,"bus_id":184,"name":"COLCHAGUA_FV","CenPgen":0.1528752651,"value":0.1528752651,"CenCVar":0,"CenQgen":0},{"id":1241.0,"time":34,"bus_id":184,"name":"COLCHAGUA_FV","CenPgen":0.3254113,"value":0.3254113,"CenCVar":0,"CenQgen":0},{"id":1241.0,"time":35,"bus_id":184,"name":"COLCHAGUA_FV","CenPgen":0.28162244,"value":0.28162244,"CenCVar":0,"CenQgen":0},{"id":1241.0,"time":36,"bus_id":184,"name":"COLCHAGUA_FV","CenPgen":0.5211323255,"value":0.5211323255,"CenCVar":0,"CenQgen":0},{"id":1241.0,"time":37,"bus_id":184,"name":"COLCHAGUA_FV","CenPgen":0.5211323255,"value":0.5211323255,"CenCVar":0,"CenQgen":0},{"id":1241.0,"time":38,"bus_id":184,"name":"COLCHAGUA_FV","CenPgen":0.5211323255,"value":0.5211323255,"CenCVar":0,"CenQgen":0},{"id":1241.0,"time":39,"bus_id":184,"name":"COLCHAGUA_FV","CenPgen":0.8272826691,"value":0.8272826691,"CenCVar":0,"CenQgen":0},{"id":1241.0,"time":40,"bus_id":184,"name":"COLCHAGUA_FV","CenPgen":0.436518097,"value":0.436518097,"CenCVar":0,"CenQgen":0},{"id":1241.0,"time":41,"bus_id":184,"name":"COLCHAGUA_FV","CenPgen":0.27239612,"value":0.27239612,"CenCVar":0,"CenQgen":0},{"id":1241.0,"time":42,"bus_id":184,"name":"COLCHAGUA_FV","CenPgen":0.0646723098,"value":0.0646723098,"CenCVar":0,"CenQgen":0},{"id":1241.0,"time":43,"bus_id":184,"name":"COLCHAGUA_FV","CenPgen":0.0001633958,"value":0.0001633958,"CenCVar":0,"CenQgen":0},{"id":1241.0,"time":44,"bus_id":184,"name":"COLCHAGUA_FV","CenPgen":0.0,"value":0.0,"CenCVar":0,"CenQgen":0},{"id":1241.0,"time":45,"bus_id":184,"name":"COLCHAGUA_FV","CenPgen":0.0,"value":0.0,"CenCVar":0,"CenQgen":0},{"id":1241.0,"time":46,"bus_id":184,"name":"COLCHAGUA_FV","CenPgen":0.0,"value":0.0,"CenCVar":0,"CenQgen":0},{"id":1241.0,"time":47,"bus_id":184,"name":"COLCHAGUA_FV","CenPgen":0.0,"value":0.0,"CenCVar":0,"CenQgen":0},{"id":1241.0,"time":48,"bus_id":184,"name":"COLCHAGUA_FV","CenPgen":0.0,"value":0.0,"CenCVar":0,"CenQgen":0},{"id":1241.0,"time":49,"bus_id":184,"name":"COLCHAGUA_FV","CenPgen":0.0,"value":0.0,"CenCVar":0,"CenQgen":0},{"id":1241.0,"time":50,"bus_id":184,"name":"COLCHAGUA_FV","CenPgen":0.0,"value":0.0,"CenCVar":0,"CenQgen":0},{"id":1241.0,"time":51,"bus_id":184,"name":"COLCHAGUA_FV","CenPgen":0.0,"value":0.0,"CenCVar":0,"CenQgen":0},{"id":1241.0,"time":52,"bus_id":184,"name":"COLCHAGUA_FV","CenPgen":0.0,"value":0.0,"CenCVar":0,"CenQgen":0},{"id":1241.0,"time":53,"bus_id":184,"name":"COLCHAGUA_FV","CenPgen":0.0,"value":0.0,"CenCVar":0,"CenQgen":0},{"id":1241.0,"time":54,"bus_id":184,"name":"COLCHAGUA_FV","CenPgen":0.0,"value":0.0,"CenCVar":0,"CenQgen":0},{"id":1241.0,"time":55,"bus_id":184,"name":"COLCHAGUA_FV","CenPgen":0.0,"value":0.0,"CenCVar":0,"CenQgen":0},{"id":1241.0,"time":56,"bus_id":184,"name":"COLCHAGUA_FV","CenPgen":0.0,"value":0.0,"CenCVar":0,"CenQgen":0},{"id":1241.0,"time":57,"bus_id":184,"name":"COLCHAGUA_FV","CenPgen":0.05236539,"value":0.05236539,"CenCVar":0,"CenQgen":0},{"id":1241.0,"time":58,"bus_id":184,"name":"COLCHAGUA_FV","CenPgen":0.147683445,"value":0.147683445,"CenCVar":0,"CenQgen":0},{"id":1241.0,"time":59,"bus_id":184,"name":"COLCHAGUA_FV","CenPgen":0.48719211,"value":0.48719211,"CenCVar":0,"CenQgen":0},{"id":1241.0,"time":60,"bus_id":184,"name":"COLCHAGUA_FV","CenPgen":0.48719211,"value":0.48719211,"CenCVar":0,"CenQgen":0},{"id":1241.0,"time":61,"bus_id":184,"name":"COLCHAGUA_FV","CenPgen":0.48719211,"value":0.48719211,"CenCVar":0,"CenQgen":0},{"id":1241.0,"time":62,"bus_id":184,"name":"COLCHAGUA_FV","CenPgen":0.48719211,"value":0.48719211,"CenCVar":0,"CenQgen":0},{"id":1241.0,"time":63,"bus_id":184,"name":"COLCHAGUA_FV","CenPgen":0.97614429,"value":0.97614429,"CenCVar":0,"CenQgen":0},{"id":1241.0,"time":64,"bus_id":184,"name":"COLCHAGUA_FV","CenPgen":1.7258915099,"value":1.7258915099,"CenCVar":0,"CenQgen":0},{"id":1241.0,"time":65,"bus_id":184,"name":"COLCHAGUA_FV","CenPgen":0.95160979,"value":0.95160979,"CenCVar":0,"CenQgen":0},{"id":1241.0,"time":66,"bus_id":184,"name":"COLCHAGUA_FV","CenPgen":0.1215372,"value":0.1215372,"CenCVar":0,"CenQgen":0},{"id":1241.0,"time":67,"bus_id":184,"name":"COLCHAGUA_FV","CenPgen":0.0,"value":0.0,"CenCVar":0,"CenQgen":0},{"id":1241.0,"time":68,"bus_id":184,"name":"COLCHAGUA_FV","CenPgen":0.0,"value":0.0,"CenCVar":0,"CenQgen":0},{"id":1241.0,"time":69,"bus_id":184,"name":"COLCHAGUA_FV","CenPgen":0.0,"value":0.0,"CenCVar":0,"CenQgen":0},{"id":1241.0,"time":70,"bus_id":184,"name":"COLCHAGUA_FV","CenPgen":0.0,"value":0.0,"CenCVar":0,"CenQgen":0},{"id":1241.0,"time":71,"bus_id":184,"name":"COLCHAGUA_FV","CenPgen":0.0,"value":0.0,"CenCVar":0,"CenQgen":0},{"id":1241.0,"time":72,"bus_id":184,"name":"COLCHAGUA_FV","CenPgen":0.0,"value":0.0,"CenCVar":0,"CenQgen":0},{"id":1241.0,"time":73,"bus_id":184,"name":"COLCHAGUA_FV","CenPgen":0.0,"value":0.0,"CenCVar":0,"CenQgen":0},{"id":1241.0,"time":74,"bus_id":184,"name":"COLCHAGUA_FV","CenPgen":0.0,"value":0.0,"CenCVar":0,"CenQgen":0},{"id":1241.0,"time":75,"bus_id":184,"name":"COLCHAGUA_FV","CenPgen":0.0,"value":0.0,"CenCVar":0,"CenQgen":0},{"id":1241.0,"time":76,"bus_id":184,"name":"COLCHAGUA_FV","CenPgen":0.0,"value":0.0,"CenCVar":0,"CenQgen":0},{"id":1241.0,"time":77,"bus_id":184,"name":"COLCHAGUA_FV","CenPgen":0.0,"value":0.0,"CenCVar":0,"CenQgen":0},{"id":1241.0,"time":78,"bus_id":184,"name":"COLCHAGUA_FV","CenPgen":0.0,"value":0.0,"CenCVar":0,"CenQgen":0},{"id":1241.0,"time":79,"bus_id":184,"name":"COLCHAGUA_FV","CenPgen":0.0,"value":0.0,"CenCVar":0,"CenQgen":0},{"id":1241.0,"time":80,"bus_id":184,"name":"COLCHAGUA_FV","CenPgen":0.0,"value":0.0,"CenCVar":0,"CenQgen":0},{"id":1241.0,"time":81,"bus_id":184,"name":"COLCHAGUA_FV","CenPgen":0.0078699571,"value":0.0078699571,"CenCVar":0,"CenQgen":0},{"id":1241.0,"time":82,"bus_id":184,"name":"COLCHAGUA_FV","CenPgen":0.0231831988,"value":0.0231831988,"CenCVar":0,"CenQgen":0},{"id":1241.0,"time":83,"bus_id":184,"name":"COLCHAGUA_FV","CenPgen":0.0864715857,"value":0.0864715857,"CenCVar":0,"CenQgen":0},{"id":1241.0,"time":84,"bus_id":184,"name":"COLCHAGUA_FV","CenPgen":0.0864715857,"value":0.0864715857,"CenCVar":0,"CenQgen":0},{"id":1241.0,"time":85,"bus_id":184,"name":"COLCHAGUA_FV","CenPgen":0.113060616,"value":0.113060616,"CenCVar":0,"CenQgen":0},{"id":1241.0,"time":86,"bus_id":184,"name":"COLCHAGUA_FV","CenPgen":0.113060616,"value":0.113060616,"CenCVar":0,"CenQgen":0},{"id":1241.0,"time":87,"bus_id":184,"name":"COLCHAGUA_FV","CenPgen":0.113060616,"value":0.113060616,"CenCVar":0,"CenQgen":0},{"id":1241.0,"time":88,"bus_id":184,"name":"COLCHAGUA_FV","CenPgen":0.113060616,"value":0.113060616,"CenCVar":0,"CenQgen":0},{"id":1241.0,"time":89,"bus_id":184,"name":"COLCHAGUA_FV","CenPgen":0.03096848,"value":0.03096848,"CenCVar":0,"CenQgen":0},{"id":1241.0,"time":90,"bus_id":184,"name":"COLCHAGUA_FV","CenPgen":0.03096848,"value":0.03096848,"CenCVar":0,"CenQgen":0},{"id":1241.0,"time":91,"bus_id":184,"name":"COLCHAGUA_FV","CenPgen":0.0,"value":0.0,"CenCVar":0,"CenQgen":0},{"id":1241.0,"time":92,"bus_id":184,"name":"COLCHAGUA_FV","CenPgen":0.0,"value":0.0,"CenCVar":0,"CenQgen":0},{"id":1241.0,"time":93,"bus_id":184,"name":"COLCHAGUA_FV","CenPgen":0.0,"value":0.0,"CenCVar":0,"CenQgen":0},{"id":1241.0,"time":94,"bus_id":184,"name":"COLCHAGUA_FV","CenPgen":0.0,"value":0.0,"CenCVar":0,"CenQgen":0},{"id":1241.0,"time":95,"bus_id":184,"name":"COLCHAGUA_FV","CenPgen":0.0,"value":0.0,"CenCVar":0,"CenQgen":0},{"id":1241.0,"time":96,"bus_id":184,"name":"COLCHAGUA_FV","CenPgen":0.0,"value":0.0,"CenCVar":0,"CenQgen":0},{"id":1241.0,"time":97,"bus_id":184,"name":"COLCHAGUA_FV","CenPgen":0.0,"value":0.0,"CenCVar":0,"CenQgen":0},{"id":1241.0,"time":98,"bus_id":184,"name":"COLCHAGUA_FV","CenPgen":0.0,"value":0.0,"CenCVar":0,"CenQgen":0},{"id":1241.0,"time":99,"bus_id":184,"name":"COLCHAGUA_FV","CenPgen":0.0,"value":0.0,"CenCVar":0,"CenQgen":0},{"id":1241.0,"time":100,"bus_id":184,"name":"COLCHAGUA_FV","CenPgen":0.0,"value":0.0,"CenCVar":0,"CenQgen":0},{"id":1241.0,"time":101,"bus_id":184,"name":"COLCHAGUA_FV","CenPgen":0.0137897113,"value":0.0137897113,"CenCVar":0,"CenQgen":0},{"id":1241.0,"time":102,"bus_id":184,"name":"COLCHAGUA_FV","CenPgen":0.0137897113,"value":0.0137897113,"CenCVar":0,"CenQgen":0},{"id":1241.0,"time":103,"bus_id":184,"name":"COLCHAGUA_FV","CenPgen":0.0137897113,"value":0.0137897113,"CenCVar":0,"CenQgen":0},{"id":1241.0,"time":104,"bus_id":184,"name":"COLCHAGUA_FV","CenPgen":0.0137897113,"value":0.0137897113,"CenCVar":0,"CenQgen":0},{"id":1241.0,"time":105,"bus_id":184,"name":"COLCHAGUA_FV","CenPgen":0.0137897113,"value":0.0137897113,"CenCVar":0,"CenQgen":0},{"id":1241.0,"time":106,"bus_id":184,"name":"COLCHAGUA_FV","CenPgen":0.67651273,"value":0.67651273,"CenCVar":0,"CenQgen":0},{"id":1241.0,"time":107,"bus_id":184,"name":"COLCHAGUA_FV","CenPgen":1.1814013595,"value":1.1814013595,"CenCVar":0,"CenQgen":0},{"id":1241.0,"time":108,"bus_id":184,"name":"COLCHAGUA_FV","CenPgen":1.1814013595,"value":1.1814013595,"CenCVar":0,"CenQgen":0},{"id":1241.0,"time":109,"bus_id":184,"name":"COLCHAGUA_FV","CenPgen":0.8730144,"value":0.8730144,"CenCVar":0,"CenQgen":0},{"id":1241.0,"time":110,"bus_id":184,"name":"COLCHAGUA_FV","CenPgen":0.8730144,"value":0.8730144,"CenCVar":0,"CenQgen":0},{"id":1241.0,"time":111,"bus_id":184,"name":"COLCHAGUA_FV","CenPgen":0.8730144,"value":0.8730144,"CenCVar":0,"CenQgen":0},{"id":1241.0,"time":112,"bus_id":184,"name":"COLCHAGUA_FV","CenPgen":0.8730144,"value":0.8730144,"CenCVar":0,"CenQgen":0},{"id":1241.0,"time":113,"bus_id":184,"name":"COLCHAGUA_FV","CenPgen":0.8730144,"value":0.8730144,"CenCVar":0,"CenQgen":0},{"id":1241.0,"time":114,"bus_id":184,"name":"COLCHAGUA_FV","CenPgen":0.8730144,"value":0.8730144,"CenCVar":0,"CenQgen":0},{"id":1241.0,"time":115,"bus_id":184,"name":"COLCHAGUA_FV","CenPgen":0.0,"value":0.0,"CenCVar":0,"CenQgen":0},{"id":1241.0,"time":116,"bus_id":184,"name":"COLCHAGUA_FV","CenPgen":0.0,"value":0.0,"CenCVar":0,"CenQgen":0},{"id":1241.0,"time":117,"bus_id":184,"name":"COLCHAGUA_FV","CenPgen":0.0,"value":0.0,"CenCVar":0,"CenQgen":0},{"id":1241.0,"time":118,"bus_id":184,"name":"COLCHAGUA_FV","CenPgen":0.0,"value":0.0,"CenCVar":0,"CenQgen":0},{"id":1241.0,"time":119,"bus_id":184,"name":"COLCHAGUA_FV","CenPgen":0.0,"value":0.0,"CenCVar":0,"CenQgen":0},{"id":1241.0,"time":120,"bus_id":184,"name":"COLCHAGUA_FV","CenPgen":0.0,"value":0.0,"CenCVar":0,"CenQgen":0},{"id":1241.0,"time":121,"bus_id":184,"name":"COLCHAGUA_FV","CenPgen":0.0,"value":0.0,"CenCVar":0,"CenQgen":0},{"id":1241.0,"time":122,"bus_id":184,"name":"COLCHAGUA_FV","CenPgen":0.0,"value":0.0,"CenCVar":0,"CenQgen":0},{"id":1241.0,"time":123,"bus_id":184,"name":"COLCHAGUA_FV","CenPgen":0.0,"value":0.0,"CenCVar":0,"CenQgen":0},{"id":1241.0,"time":124,"bus_id":184,"name":"COLCHAGUA_FV","CenPgen":0.0,"value":0.0,"CenCVar":0,"CenQgen":0},{"id":1241.0,"time":125,"bus_id":184,"name":"COLCHAGUA_FV","CenPgen":0.0,"value":0.0,"CenCVar":0,"CenQgen":0},{"id":1241.0,"time":126,"bus_id":184,"name":"COLCHAGUA_FV","CenPgen":0.0,"value":0.0,"CenCVar":0,"CenQgen":0},{"id":1241.0,"time":127,"bus_id":184,"name":"COLCHAGUA_FV","CenPgen":0.0,"value":0.0,"CenCVar":0,"CenQgen":0},{"id":1241.0,"time":128,"bus_id":184,"name":"COLCHAGUA_FV","CenPgen":0.0001945675,"value":0.0001945675,"CenCVar":0,"CenQgen":0},{"id":1241.0,"time":129,"bus_id":184,"name":"COLCHAGUA_FV","CenPgen":0.09289668,"value":0.09289668,"CenCVar":0,"CenQgen":0},{"id":1241.0,"time":130,"bus_id":184,"name":"COLCHAGUA_FV","CenPgen":0.5788095474,"value":0.5788095474,"CenCVar":0,"CenQgen":0},{"id":1241.0,"time":131,"bus_id":184,"name":"COLCHAGUA_FV","CenPgen":0.8179154,"value":0.8179154,"CenCVar":0,"CenQgen":0},{"id":1241.0,"time":132,"bus_id":184,"name":"COLCHAGUA_FV","CenPgen":0.8179154,"value":0.8179154,"CenCVar":0,"CenQgen":0},{"id":1241.0,"time":133,"bus_id":184,"name":"COLCHAGUA_FV","CenPgen":0.8179154,"value":0.8179154,"CenCVar":0,"CenQgen":0},{"id":1241.0,"time":134,"bus_id":184,"name":"COLCHAGUA_FV","CenPgen":0.8179154,"value":0.8179154,"CenCVar":0,"CenQgen":0},{"id":1241.0,"time":135,"bus_id":184,"name":"COLCHAGUA_FV","CenPgen":0.8179154,"value":0.8179154,"CenCVar":0,"CenQgen":0},{"id":1241.0,"time":136,"bus_id":184,"name":"COLCHAGUA_FV","CenPgen":1.11484593,"value":1.11484593,"CenCVar":0,"CenQgen":0},{"id":1241.0,"time":137,"bus_id":184,"name":"COLCHAGUA_FV","CenPgen":0.2146194876,"value":0.2146194876,"CenCVar":0,"CenQgen":0},{"id":1241.0,"time":138,"bus_id":184,"name":"COLCHAGUA_FV","CenPgen":0.2146194876,"value":0.2146194876,"CenCVar":0,"CenQgen":0},{"id":1241.0,"time":139,"bus_id":184,"name":"COLCHAGUA_FV","CenPgen":0.0,"value":0.0,"CenCVar":0,"CenQgen":0},{"id":1241.0,"time":140,"bus_id":184,"name":"COLCHAGUA_FV","CenPgen":0.0,"value":0.0,"CenCVar":0,"CenQgen":0},{"id":1241.0,"time":141,"bus_id":184,"name":"COLCHAGUA_FV","CenPgen":0.0,"value":0.0,"CenCVar":0,"CenQgen":0},{"id":1241.0,"time":142,"bus_id":184,"name":"COLCHAGUA_FV","CenPgen":0.0,"value":0.0,"CenCVar":0,"CenQgen":0},{"id":1241.0,"time":143,"bus_id":184,"name":"COLCHAGUA_FV","CenPgen":0.0,"value":0.0,"CenCVar":0,"CenQgen":0},{"id":1241.0,"time":144,"bus_id":184,"name":"COLCHAGUA_FV","CenPgen":0.0,"value":0.0,"CenCVar":0,"CenQgen":0},{"id":1241.0,"time":145,"bus_id":184,"name":"COLCHAGUA_FV","CenPgen":0.0,"value":0.0,"CenCVar":0,"CenQgen":0},{"id":1241.0,"time":146,"bus_id":184,"name":"COLCHAGUA_FV","CenPgen":0.0,"value":0.0,"CenCVar":0,"CenQgen":0},{"id":1241.0,"time":147,"bus_id":184,"name":"COLCHAGUA_FV","CenPgen":0.0,"value":0.0,"CenCVar":0,"CenQgen":0},{"id":1241.0,"time":148,"bus_id":184,"name":"COLCHAGUA_FV","CenPgen":0.0,"value":0.0,"CenCVar":0,"CenQgen":0},{"id":1241.0,"time":149,"bus_id":184,"name":"COLCHAGUA_FV","CenPgen":0.0,"value":0.0,"CenCVar":0,"CenQgen":0},{"id":1241.0,"time":150,"bus_id":184,"name":"COLCHAGUA_FV","CenPgen":0.0,"value":0.0,"CenCVar":0,"CenQgen":0},{"id":1241.0,"time":151,"bus_id":184,"name":"COLCHAGUA_FV","CenPgen":0.0,"value":0.0,"CenCVar":0,"CenQgen":0},{"id":1241.0,"time":152,"bus_id":184,"name":"COLCHAGUA_FV","CenPgen":0.0011382288,"value":0.0011382288,"CenCVar":0,"CenQgen":0},{"id":1241.0,"time":153,"bus_id":184,"name":"COLCHAGUA_FV","CenPgen":0.09768046,"value":0.09768046,"CenCVar":0,"CenQgen":0},{"id":1241.0,"time":154,"bus_id":184,"name":"COLCHAGUA_FV","CenPgen":0.3704550374,"value":0.3704550374,"CenCVar":0,"CenQgen":0},{"id":1241.0,"time":155,"bus_id":184,"name":"COLCHAGUA_FV","CenPgen":0.3704550374,"value":0.3704550374,"CenCVar":0,"CenQgen":0},{"id":1241.0,"time":156,"bus_id":184,"name":"COLCHAGUA_FV","CenPgen":0.3704550374,"value":0.3704550374,"CenCVar":0,"CenQgen":0},{"id":1241.0,"time":157,"bus_id":184,"name":"COLCHAGUA_FV","CenPgen":0.4987615052,"value":0.4987615052,"CenCVar":0,"CenQgen":0},{"id":1241.0,"time":158,"bus_id":184,"name":"COLCHAGUA_FV","CenPgen":0.38290809,"value":0.38290809,"CenCVar":0,"CenQgen":0},{"id":1241.0,"time":159,"bus_id":184,"name":"COLCHAGUA_FV","CenPgen":0.38290809,"value":0.38290809,"CenCVar":0,"CenQgen":0},{"id":1241.0,"time":160,"bus_id":184,"name":"COLCHAGUA_FV","CenPgen":0.38290809,"value":0.38290809,"CenCVar":0,"CenQgen":0},{"id":1241.0,"time":161,"bus_id":184,"name":"COLCHAGUA_FV","CenPgen":0.0242970485,"value":0.0242970485,"CenCVar":0,"CenQgen":0},{"id":1241.0,"time":162,"bus_id":184,"name":"COLCHAGUA_FV","CenPgen":0.0242970485,"value":0.0242970485,"CenCVar":0,"CenQgen":0},{"id":1241.0,"time":163,"bus_id":184,"name":"COLCHAGUA_FV","CenPgen":0.0242970485,"value":0.0242970485,"CenCVar":0,"CenQgen":0},{"id":1241.0,"time":164,"bus_id":184,"name":"COLCHAGUA_FV","CenPgen":0.0,"value":0.0,"CenCVar":0,"CenQgen":0},{"id":1241.0,"time":165,"bus_id":184,"name":"COLCHAGUA_FV","CenPgen":0.0,"value":0.0,"CenCVar":0,"CenQgen":0},{"id":1241.0,"time":166,"bus_id":184,"name":"COLCHAGUA_FV","CenPgen":0.0,"value":0.0,"CenCVar":0,"CenQgen":0},{"id":1241.0,"time":167,"bus_id":184,"name":"COLCHAGUA_FV","CenPgen":0.0,"value":0.0,"CenCVar":0,"CenQgen":0},{"id":1241.0,"time":168,"bus_id":184,"name":"COLCHAGUA_FV","CenPgen":0.0,"value":0.0,"CenCVar":0,"CenQgen":0}]