[{"id":1214.0,"time":1,"bus_id":153,"name":"IDAHUE_DEL_VERANO_FV","CenPgen":0.0,"value":0.0,"CenCVar":0,"CenQgen":0},{"id":1214.0,"time":2,"bus_id":153,"name":"IDAHUE_DEL_VERANO_FV","CenPgen":0.0,"value":0.0,"CenCVar":0,"CenQgen":0},{"id":1214.0,"time":3,"bus_id":153,"name":"IDAHUE_DEL_VERANO_FV","CenPgen":0.0,"value":0.0,"CenCVar":0,"CenQgen":0},{"id":1214.0,"time":4,"bus_id":153,"name":"IDAHUE_DEL_VERANO_FV","CenPgen":0.0,"value":0.0,"CenCVar":0,"CenQgen":0},{"id":1214.0,"time":5,"bus_id":153,"name":"IDAHUE_DEL_VERANO_FV","CenPgen":0.0,"value":0.0,"CenCVar":0,"CenQgen":0},{"id":1214.0,"time":6,"bus_id":153,"name":"IDAHUE_DEL_VERANO_FV","CenPgen":0.0,"value":0.0,"CenCVar":0,"CenQgen":0},{"id":1214.0,"time":7,"bus_id":153,"name":"IDAHUE_DEL_VERANO_FV","CenPgen":0.0,"value":0.0,"CenCVar":0,"CenQgen":0},{"id":1214.0,"time":8,"bus_id":153,"name":"IDAHUE_DEL_VERANO_FV","CenPgen":0.00228454,"value":0.00228454,"CenCVar":0,"CenQgen":0},{"id":1214.0,"time":9,"bus_id":153,"name":"IDAHUE_DEL_VERANO_FV","CenPgen":0.18794901,"value":0.18794901,"CenCVar":0,"CenQgen":0},{"id":1214.0,"time":10,"bus_id":153,"name":"IDAHUE_DEL_VERANO_FV","CenPgen":0.39088153,"value":0.39088153,"CenCVar":0,"CenQgen":0},{"id":1214.0,"time":11,"bus_id":153,"name":"IDAHUE_DEL_VERANO_FV","CenPgen":0.62421648,"value":0.62421648,"CenCVar":0,"CenQgen":0},{"id":1214.0,"time":12,"bus_id":153,"name":"IDAHUE_DEL_VERANO_FV","CenPgen":1.09842665,"value":1.09842665,"CenCVar":0,"CenQgen":0},{"id":1214.0,"time":13,"bus_id":153,"name":"IDAHUE_DEL_VERANO_FV","CenPgen":1.43256622,"value":1.43256622,"CenCVar":0,"CenQgen":0},{"id":1214.0,"time":14,"bus_id":153,"name":"IDAHUE_DEL_VERANO_FV","CenPgen":1.60427487,"value":1.60427487,"CenCVar":0,"CenQgen":0},{"id":1214.0,"time":15,"bus_id":153,"name":"IDAHUE_DEL_VERANO_FV","CenPgen":1.6930317078,"value":1.6930317078,"CenCVar":0,"CenQgen":0},{"id":1214.0,"time":16,"bus_id":153,"name":"IDAHUE_DEL_VERANO_FV","CenPgen":1.71864627,"value":1.71864627,"CenCVar":0,"CenQgen":0},{"id":1214.0,"time":17,"bus_id":153,"name":"IDAHUE_DEL_VERANO_FV","CenPgen":1.05935672,"value":1.05935672,"CenCVar":0,"CenQgen":0},{"id":1214.0,"time":18,"bus_id":153,"name":"IDAHUE_DEL_VERANO_FV","CenPgen":0.115485815,"value":0.115485815,"CenCVar":0,"CenQgen":0},{"id":1214.0,"time":19,"bus_id":153,"name":"IDAHUE_DEL_VERANO_FV","CenPgen":0.0000030184,"value":0.0000030184,"CenCVar":0,"CenQgen":0},{"id":1214.0,"time":20,"bus_id":153,"name":"IDAHUE_DEL_VERANO_FV","CenPgen":0.0,"value":0.0,"CenCVar":0,"CenQgen":0},{"id":1214.0,"time":21,"bus_id":153,"name":"IDAHUE_DEL_VERANO_FV","CenPgen":0.0,"value":0.0,"CenCVar":0,"CenQgen":0},{"id":1214.0,"time":22,"bus_id":153,"name":"IDAHUE_DEL_VERANO_FV","CenPgen":0.0,"value":0.0,"CenCVar":0,"CenQgen":0},{"id":1214.0,"time":23,"bus_id":153,"name":"IDAHUE_DEL_VERANO_FV","CenPgen":0.0,"value":0.0,"CenCVar":0,"CenQgen":0},{"id":1214.0,"time":24,"bus_id":153,"name":"IDAHUE_DEL_VERANO_FV","CenPgen":0.0,"value":0.0,"CenCVar":0,"CenQgen":0},{"id":1214.0,"time":25,"bus_id":153,"name":"IDAHUE_DEL_VERANO_FV","CenPgen":0.0,"value":0.0,"CenCVar":0,"CenQgen":0},{"id":1214.0,"time":26,"bus_id":153,"name":"IDAHUE_DEL_VERANO_FV","CenPgen":0.0,"value":0.0,"CenCVar":0,"CenQgen":0},{"id":1214.0,"time":27,"bus_id":153,"name":"IDAHUE_DEL_VERANO_FV","CenPgen":0.0,"value":0.0,"CenCVar":0,"CenQgen":0},{"id":1214.0,"time":28,"bus_id":153,"name":"IDAHUE_DEL_VERANO_FV","CenPgen":0.0,"value":0.0,"CenCVar":0,"CenQgen":0},{"id":1214.0,"time":29,"bus_id":153,"name":"IDAHUE_DEL_VERANO_FV","CenPgen":0.0,"value":0.0,"CenCVar":0,"CenQgen":0},{"id":1214.0,"time":30,"bus_id":153,"name":"IDAHUE_DEL_VERANO_FV","CenPgen":0.0,"value":0.0,"CenCVar":0,"CenQgen":0},{"id":1214.0,"time":31,"bus_id":153,"name":"IDAHUE_DEL_VERANO_FV","CenPgen":0.0,"value":0.0,"CenCVar":0,"CenQgen":0},{"id":1214.0,"time":32,"bus_id":153,"name":"IDAHUE_DEL_VERANO_FV","CenPgen":0.00166631,"value":0.00166631,"CenCVar":0,"CenQgen":0},{"id":1214.0,"time":33,"bus_id":153,"name":"IDAHUE_DEL_VERANO_FV","CenPgen":0.0966399994,"value":0.0966399994,"CenCVar":0,"CenQgen":0},{"id":1214.0,"time":34,"bus_id":153,"name":"IDAHUE_DEL_VERANO_FV","CenPgen":0.31874387,"value":0.31874387,"CenCVar":0,"CenQgen":0},{"id":1214.0,"time":35,"bus_id":153,"name":"IDAHUE_DEL_VERANO_FV","CenPgen":0.33931536,"value":0.33931536,"CenCVar":0,"CenQgen":0},{"id":1214.0,"time":36,"bus_id":153,"name":"IDAHUE_DEL_VERANO_FV","CenPgen":0.3855462,"value":0.3855462,"CenCVar":0,"CenQgen":0},{"id":1214.0,"time":37,"bus_id":153,"name":"IDAHUE_DEL_VERANO_FV","CenPgen":0.3855462,"value":0.3855462,"CenCVar":0,"CenQgen":0},{"id":1214.0,"time":38,"bus_id":153,"name":"IDAHUE_DEL_VERANO_FV","CenPgen":0.3855462,"value":0.3855462,"CenCVar":0,"CenQgen":0},{"id":1214.0,"time":39,"bus_id":153,"name":"IDAHUE_DEL_VERANO_FV","CenPgen":0.4050862579,"value":0.4050862579,"CenCVar":0,"CenQgen":0},{"id":1214.0,"time":40,"bus_id":153,"name":"IDAHUE_DEL_VERANO_FV","CenPgen":0.2593740386,"value":0.2593740386,"CenCVar":0,"CenQgen":0},{"id":1214.0,"time":41,"bus_id":153,"name":"IDAHUE_DEL_VERANO_FV","CenPgen":0.1634368,"value":0.1634368,"CenCVar":0,"CenQgen":0},{"id":1214.0,"time":42,"bus_id":153,"name":"IDAHUE_DEL_VERANO_FV","CenPgen":0.0520119289,"value":0.0520119289,"CenCVar":0,"CenQgen":0},{"id":1214.0,"time":43,"bus_id":153,"name":"IDAHUE_DEL_VERANO_FV","CenPgen":0.0,"value":0.0,"CenCVar":0,"CenQgen":0},{"id":1214.0,"time":44,"bus_id":153,"name":"IDAHUE_DEL_VERANO_FV","CenPgen":0.0,"value":0.0,"CenCVar":0,"CenQgen":0},{"id":1214.0,"time":45,"bus_id":153,"name":"IDAHUE_DEL_VERANO_FV","CenPgen":0.0,"value":0.0,"CenCVar":0,"CenQgen":0},{"id":1214.0,"time":46,"bus_id":153,"name":"IDAHUE_DEL_VERANO_FV","CenPgen":0.0,"value":0.0,"CenCVar":0,"CenQgen":0},{"id":1214.0,"time":47,"bus_id":153,"name":"IDAHUE_DEL_VERANO_FV","CenPgen":0.0,"value":0.0,"CenCVar":0,"CenQgen":0},{"id":1214.0,"time":48,"bus_id":153,"name":"IDAHUE_DEL_VERANO_FV","CenPgen":0.0,"value":0.0,"CenCVar":0,"CenQgen":0},{"id":1214.0,"time":49,"bus_id":153,"name":"IDAHUE_DEL_VERANO_FV","CenPgen":0.0,"value":0.0,"CenCVar":0,"CenQgen":0},{"id":1214.0,"time":50,"bus_id":153,"name":"IDAHUE_DEL_VERANO_FV","CenPgen":0.0,"value":0.0,"CenCVar":0,"CenQgen":0},{"id":1214.0,"time":51,"bus_id":153,"name":"IDAHUE_DEL_VERANO_FV","CenPgen":0.0,"value":0.0,"CenCVar":0,"CenQgen":0},{"id":1214.0,"time":52,"bus_id":153,"name":"IDAHUE_DEL_VERANO_FV","CenPgen":0.0,"value":0.0,"CenCVar":0,"CenQgen":0},{"id":1214.0,"time":53,"bus_id":153,"name":"IDAHUE_DEL_VERANO_FV","CenPgen":0.0,"value":0.0,"CenCVar":0,"CenQgen":0},{"id":1214.0,"time":54,"bus_id":153,"name":"IDAHUE_DEL_VERANO_FV","CenPgen":0.0,"value":0.0,"CenCVar":0,"CenQgen":0},{"id":1214.0,"time":55,"bus_id":153,"name":"IDAHUE_DEL_VERANO_FV","CenPgen":0.0,"value":0.0,"CenCVar":0,"CenQgen":0},{"id":1214.0,"time":56,"bus_id":153,"name":"IDAHUE_DEL_VERANO_FV","CenPgen":0.0,"value":0.0,"CenCVar":0,"CenQgen":0},{"id":1214.0,"time":57,"bus_id":153,"name":"IDAHUE_DEL_VERANO_FV","CenPgen":0.01529133,"value":0.01529133,"CenCVar":0,"CenQgen":0},{"id":1214.0,"time":58,"bus_id":153,"name":"IDAHUE_DEL_VERANO_FV","CenPgen":0.0880199584,"value":0.0880199584,"CenCVar":0,"CenQgen":0},{"id":1214.0,"time":59,"bus_id":153,"name":"IDAHUE_DEL_VERANO_FV","CenPgen":0.5707204671,"value":0.5707204671,"CenCVar":0,"CenQgen":0},{"id":1214.0,"time":60,"bus_id":153,"name":"IDAHUE_DEL_VERANO_FV","CenPgen":0.5707204671,"value":0.5707204671,"CenCVar":0,"CenQgen":0},{"id":1214.0,"time":61,"bus_id":153,"name":"IDAHUE_DEL_VERANO_FV","CenPgen":0.5707204671,"value":0.5707204671,"CenCVar":0,"CenQgen":0},{"id":1214.0,"time":62,"bus_id":153,"name":"IDAHUE_DEL_VERANO_FV","CenPgen":0.5707204671,"value":0.5707204671,"CenCVar":0,"CenQgen":0},{"id":1214.0,"time":63,"bus_id":153,"name":"IDAHUE_DEL_VERANO_FV","CenPgen":0.7535762787,"value":0.7535762787,"CenCVar":0,"CenQgen":0},{"id":1214.0,"time":64,"bus_id":153,"name":"IDAHUE_DEL_VERANO_FV","CenPgen":0.5142667389,"value":0.5142667389,"CenCVar":0,"CenQgen":0},{"id":1214.0,"time":65,"bus_id":153,"name":"IDAHUE_DEL_VERANO_FV","CenPgen":0.36507366,"value":0.36507366,"CenCVar":0,"CenQgen":0},{"id":1214.0,"time":66,"bus_id":153,"name":"IDAHUE_DEL_VERANO_FV","CenPgen":0.1215187,"value":0.1215187,"CenCVar":0,"CenQgen":0},{"id":1214.0,"time":67,"bus_id":153,"name":"IDAHUE_DEL_VERANO_FV","CenPgen":0.0,"value":0.0,"CenCVar":0,"CenQgen":0},{"id":1214.0,"time":68,"bus_id":153,"name":"IDAHUE_DEL_VERANO_FV","CenPgen":0.0,"value":0.0,"CenCVar":0,"CenQgen":0},{"id":1214.0,"time":69,"bus_id":153,"name":"IDAHUE_DEL_VERANO_FV","CenPgen":0.0,"value":0.0,"CenCVar":0,"CenQgen":0},{"id":1214.0,"time":70,"bus_id":153,"name":"IDAHUE_DEL_VERANO_FV","CenPgen":0.0,"value":0.0,"CenCVar":0,"CenQgen":0},{"id":1214.0,"time":71,"bus_id":153,"name":"IDAHUE_DEL_VERANO_FV","CenPgen":0.0,"value":0.0,"CenCVar":0,"CenQgen":0},{"id":1214.0,"time":72,"bus_id":153,"name":"IDAHUE_DEL_VERANO_FV","CenPgen":0.0,"value":0.0,"CenCVar":0,"CenQgen":0},{"id":1214.0,"time":73,"bus_id":153,"name":"IDAHUE_DEL_VERANO_FV","CenPgen":0.0,"value":0.0,"CenCVar":0,"CenQgen":0},{"id":1214.0,"time":74,"bus_id":153,"name":"IDAHUE_DEL_VERANO_FV","CenPgen":0.0,"value":0.0,"CenCVar":0,"CenQgen":0},{"id":1214.0,"time":75,"bus_id":153,"name":"IDAHUE_DEL_VERANO_FV","CenPgen":0.0,"value":0.0,"CenCVar":0,"CenQgen":0},{"id":1214.0,"time":76,"bus_id":153,"name":"IDAHUE_DEL_VERANO_FV","CenPgen":0.0,"value":0.0,"CenCVar":0,"CenQgen":0},{"id":1214.0,"time":77,"bus_id":153,"name":"IDAHUE_DEL_VERANO_FV","CenPgen":0.0,"value":0.0,"CenCVar":0,"CenQgen":0},{"id":1214.0,"time":78,"bus_id":153,"name":"IDAHUE_DEL_VERANO_FV","CenPgen":0.0,"value":0.0,"CenCVar":0,"CenQgen":0},{"id":1214.0,"time":79,"bus_id":153,"name":"IDAHUE_DEL_VERANO_FV","CenPgen":0.0,"value":0.0,"CenCVar":0,"CenQgen":0},{"id":1214.0,"time":80,"bus_id":153,"name":"IDAHUE_DEL_VERANO_FV","CenPgen":0.00001125,"value":0.00001125,"CenCVar":0,"CenQgen":0},{"id":1214.0,"time":81,"bus_id":153,"name":"IDAHUE_DEL_VERANO_FV","CenPgen":0.0483498296,"value":0.0483498296,"CenCVar":0,"CenQgen":0},{"id":1214.0,"time":82,"bus_id":153,"name":"IDAHUE_DEL_VERANO_FV","CenPgen":0.14415865,"value":0.14415865,"CenCVar":0,"CenQgen":0},{"id":1214.0,"time":83,"bus_id":153,"name":"IDAHUE_DEL_VERANO_FV","CenPgen":0.2171570796,"value":0.2171570796,"CenCVar":0,"CenQgen":0},{"id":1214.0,"time":84,"bus_id":153,"name":"IDAHUE_DEL_VERANO_FV","CenPgen":0.2171570796,"value":0.2171570796,"CenCVar":0,"CenQgen":0},{"id":1214.0,"time":85,"bus_id":153,"name":"IDAHUE_DEL_VERANO_FV","CenPgen":0.1757068174,"value":0.1757068174,"CenCVar":0,"CenQgen":0},{"id":1214.0,"time":86,"bus_id":153,"name":"IDAHUE_DEL_VERANO_FV","CenPgen":0.1757068174,"value":0.1757068174,"CenCVar":0,"CenQgen":0},{"id":1214.0,"time":87,"bus_id":153,"name":"IDAHUE_DEL_VERANO_FV","CenPgen":0.1757068174,"value":0.1757068174,"CenCVar":0,"CenQgen":0},{"id":1214.0,"time":88,"bus_id":153,"name":"IDAHUE_DEL_VERANO_FV","CenPgen":0.1757068174,"value":0.1757068174,"CenCVar":0,"CenQgen":0},{"id":1214.0,"time":89,"bus_id":153,"name":"IDAHUE_DEL_VERANO_FV","CenPgen":0.02856794,"value":0.02856794,"CenCVar":0,"CenQgen":0},{"id":1214.0,"time":90,"bus_id":153,"name":"IDAHUE_DEL_VERANO_FV","CenPgen":0.02856794,"value":0.02856794,"CenCVar":0,"CenQgen":0},{"id":1214.0,"time":91,"bus_id":153,"name":"IDAHUE_DEL_VERANO_FV","CenPgen":0.0,"value":0.0,"CenCVar":0,"CenQgen":0},{"id":1214.0,"time":92,"bus_id":153,"name":"IDAHUE_DEL_VERANO_FV","CenPgen":0.0,"value":0.0,"CenCVar":0,"CenQgen":0},{"id":1214.0,"time":93,"bus_id":153,"name":"IDAHUE_DEL_VERANO_FV","CenPgen":0.0,"value":0.0,"CenCVar":0,"CenQgen":0},{"id":1214.0,"time":94,"bus_id":153,"name":"IDAHUE_DEL_VERANO_FV","CenPgen":0.0,"value":0.0,"CenCVar":0,"CenQgen":0},{"id":1214.0,"time":95,"bus_id":153,"name":"IDAHUE_DEL_VERANO_FV","CenPgen":0.0,"value":0.0,"CenCVar":0,"CenQgen":0},{"id":1214.0,"time":96,"bus_id":153,"name":"IDAHUE_DEL_VERANO_FV","CenPgen":0.0,"value":0.0,"CenCVar":0,"CenQgen":0},{"id":1214.0,"time":97,"bus_id":153,"name":"IDAHUE_DEL_VERANO_FV","CenPgen":0.0,"value":0.0,"CenCVar":0,"CenQgen":0},{"id":1214.0,"time":98,"bus_id":153,"name":"IDAHUE_DEL_VERANO_FV","CenPgen":0.0,"value":0.0,"CenCVar":0,"CenQgen":0},{"id":1214.0,"time":99,"bus_id":153,"name":"IDAHUE_DEL_VERANO_FV","CenPgen":0.0,"value":0.0,"CenCVar":0,"CenQgen":0},{"id":1214.0,"time":100,"bus_id":153,"name":"IDAHUE_DEL_VERANO_FV","CenPgen":0.0,"value":0.0,"CenCVar":0,"CenQgen":0},{"id":1214.0,"time":101,"bus_id":153,"name":"IDAHUE_DEL_VERANO_FV","CenPgen":0.0112067531,"value":0.0112067531,"CenCVar":0,"CenQgen":0},{"id":1214.0,"time":102,"bus_id":153,"name":"IDAHUE_DEL_VERANO_FV","CenPgen":0.0112067531,"value":0.0112067531,"CenCVar":0,"CenQgen":0},{"id":1214.0,"time":103,"bus_id":153,"name":"IDAHUE_DEL_VERANO_FV","CenPgen":0.0112067531,"value":0.0112067531,"CenCVar":0,"CenQgen":0},{"id":1214.0,"time":104,"bus_id":153,"name":"IDAHUE_DEL_VERANO_FV","CenPgen":0.0112067531,"value":0.0112067531,"CenCVar":0,"CenQgen":0},{"id":1214.0,"time":105,"bus_id":153,"name":"IDAHUE_DEL_VERANO_FV","CenPgen":0.0112067531,"value":0.0112067531,"CenCVar":0,"CenQgen":0},{"id":1214.0,"time":106,"bus_id":153,"name":"IDAHUE_DEL_VERANO_FV","CenPgen":0.57449359,"value":0.57449359,"CenCVar":0,"CenQgen":0},{"id":1214.0,"time":107,"bus_id":153,"name":"IDAHUE_DEL_VERANO_FV","CenPgen":0.92009241,"value":0.92009241,"CenCVar":0,"CenQgen":0},{"id":1214.0,"time":108,"bus_id":153,"name":"IDAHUE_DEL_VERANO_FV","CenPgen":0.92009241,"value":0.92009241,"CenCVar":0,"CenQgen":0},{"id":1214.0,"time":109,"bus_id":153,"name":"IDAHUE_DEL_VERANO_FV","CenPgen":0.7422388986,"value":0.7422388986,"CenCVar":0,"CenQgen":0},{"id":1214.0,"time":110,"bus_id":153,"name":"IDAHUE_DEL_VERANO_FV","CenPgen":0.7422388986,"value":0.7422388986,"CenCVar":0,"CenQgen":0},{"id":1214.0,"time":111,"bus_id":153,"name":"IDAHUE_DEL_VERANO_FV","CenPgen":0.7422388986,"value":0.7422388986,"CenCVar":0,"CenQgen":0},{"id":1214.0,"time":112,"bus_id":153,"name":"IDAHUE_DEL_VERANO_FV","CenPgen":0.7422388986,"value":0.7422388986,"CenCVar":0,"CenQgen":0},{"id":1214.0,"time":113,"bus_id":153,"name":"IDAHUE_DEL_VERANO_FV","CenPgen":0.7422388986,"value":0.7422388986,"CenCVar":0,"CenQgen":0},{"id":1214.0,"time":114,"bus_id":153,"name":"IDAHUE_DEL_VERANO_FV","CenPgen":0.7422388986,"value":0.7422388986,"CenCVar":0,"CenQgen":0},{"id":1214.0,"time":115,"bus_id":153,"name":"IDAHUE_DEL_VERANO_FV","CenPgen":0.0,"value":0.0,"CenCVar":0,"CenQgen":0},{"id":1214.0,"time":116,"bus_id":153,"name":"IDAHUE_DEL_VERANO_FV","CenPgen":0.0,"value":0.0,"CenCVar":0,"CenQgen":0},{"id":1214.0,"time":117,"bus_id":153,"name":"IDAHUE_DEL_VERANO_FV","CenPgen":0.0,"value":0.0,"CenCVar":0,"CenQgen":0},{"id":1214.0,"time":118,"bus_id":153,"name":"IDAHUE_DEL_VERANO_FV","CenPgen":0.0,"value":0.0,"CenCVar":0,"CenQgen":0},{"id":1214.0,"time":119,"bus_id":153,"name":"IDAHUE_DEL_VERANO_FV","CenPgen":0.0,"value":0.0,"CenCVar":0,"CenQgen":0},{"id":1214.0,"time":120,"bus_id":153,"name":"IDAHUE_DEL_VERANO_FV","CenPgen":0.0,"value":0.0,"CenCVar":0,"CenQgen":0},{"id":1214.0,"time":121,"bus_id":153,"name":"IDAHUE_DEL_VERANO_FV","CenPgen":0.0,"value":0.0,"CenCVar":0,"CenQgen":0},{"id":1214.0,"time":122,"bus_id":153,"name":"IDAHUE_DEL_VERANO_FV","CenPgen":0.0,"value":0.0,"CenCVar":0,"CenQgen":0},{"id":1214.0,"time":123,"bus_id":153,"name":"IDAHUE_DEL_VERANO_FV","CenPgen":0.0,"value":0.0,"CenCVar":0,"CenQgen":0},{"id":1214.0,"time":124,"bus_id":153,"name":"IDAHUE_DEL_VERANO_FV","CenPgen":0.0,"value":0.0,"CenCVar":0,"CenQgen":0},{"id":1214.0,"time":125,"bus_id":153,"name":"IDAHUE_DEL_VERANO_FV","CenPgen":0.0,"value":0.0,"CenCVar":0,"CenQgen":0},{"id":1214.0,"time":126,"bus_id":153,"name":"IDAHUE_DEL_VERANO_FV","CenPgen":0.0,"value":0.0,"CenCVar":0,"CenQgen":0},{"id":1214.0,"time":127,"bus_id":153,"name":"IDAHUE_DEL_VERANO_FV","CenPgen":0.0,"value":0.0,"CenCVar":0,"CenQgen":0},{"id":1214.0,"time":128,"bus_id":153,"name":"IDAHUE_DEL_VERANO_FV","CenPgen":0.0,"value":0.0,"CenCVar":0,"CenQgen":0},{"id":1214.0,"time":129,"bus_id":153,"name":"IDAHUE_DEL_VERANO_FV","CenPgen":0.0738613897,"value":0.0738613897,"CenCVar":0,"CenQgen":0},{"id":1214.0,"time":130,"bus_id":153,"name":"IDAHUE_DEL_VERANO_FV","CenPgen":0.2841223792,"value":0.2841223792,"CenCVar":0,"CenQgen":0},{"id":1214.0,"time":131,"bus_id":153,"name":"IDAHUE_DEL_VERANO_FV","CenPgen":0.83030602,"value":0.83030602,"CenCVar":0,"CenQgen":0},{"id":1214.0,"time":132,"bus_id":153,"name":"IDAHUE_DEL_VERANO_FV","CenPgen":0.83030602,"value":0.83030602,"CenCVar":0,"CenQgen":0},{"id":1214.0,"time":133,"bus_id":153,"name":"IDAHUE_DEL_VERANO_FV","CenPgen":0.83030602,"value":0.83030602,"CenCVar":0,"CenQgen":0},{"id":1214.0,"time":134,"bus_id":153,"name":"IDAHUE_DEL_VERANO_FV","CenPgen":0.83030602,"value":0.83030602,"CenCVar":0,"CenQgen":0},{"id":1214.0,"time":135,"bus_id":153,"name":"IDAHUE_DEL_VERANO_FV","CenPgen":0.83030602,"value":0.83030602,"CenCVar":0,"CenQgen":0},{"id":1214.0,"time":136,"bus_id":153,"name":"IDAHUE_DEL_VERANO_FV","CenPgen":0.7234120255,"value":0.7234120255,"CenCVar":0,"CenQgen":0},{"id":1214.0,"time":137,"bus_id":153,"name":"IDAHUE_DEL_VERANO_FV","CenPgen":0.14424747,"value":0.14424747,"CenCVar":0,"CenQgen":0},{"id":1214.0,"time":138,"bus_id":153,"name":"IDAHUE_DEL_VERANO_FV","CenPgen":0.14424747,"value":0.14424747,"CenCVar":0,"CenQgen":0},{"id":1214.0,"time":139,"bus_id":153,"name":"IDAHUE_DEL_VERANO_FV","CenPgen":0.0,"value":0.0,"CenCVar":0,"CenQgen":0},{"id":1214.0,"time":140,"bus_id":153,"name":"IDAHUE_DEL_VERANO_FV","CenPgen":0.0,"value":0.0,"CenCVar":0,"CenQgen":0},{"id":1214.0,"time":141,"bus_id":153,"name":"IDAHUE_DEL_VERANO_FV","CenPgen":0.0,"value":0.0,"CenCVar":0,"CenQgen":0},{"id":1214.0,"time":142,"bus_id":153,"name":"IDAHUE_DEL_VERANO_FV","CenPgen":0.0,"value":0.0,"CenCVar":0,"CenQgen":0},{"id":1214.0,"time":143,"bus_id":153,"name":"IDAHUE_DEL_VERANO_FV","CenPgen":0.0,"value":0.0,"CenCVar":0,"CenQgen":0},{"id":1214.0,"time":144,"bus_id":153,"name":"IDAHUE_DEL_VERANO_FV","CenPgen":0.0,"value":0.0,"CenCVar":0,"CenQgen":0},{"id":1214.0,"time":145,"bus_id":153,"name":"IDAHUE_DEL_VERANO_FV","CenPgen":0.0,"value":0.0,"CenCVar":0,"CenQgen":0},{"id":1214.0,"time":146,"bus_id":153,"name":"IDAHUE_DEL_VERANO_FV","CenPgen":0.0,"value":0.0,"CenCVar":0,"CenQgen":0},{"id":1214.0,"time":147,"bus_id":153,"name":"IDAHUE_DEL_VERANO_FV","CenPgen":0.0,"value":0.0,"CenCVar":0,"CenQgen":0},{"id":1214.0,"time":148,"bus_id":153,"name":"IDAHUE_DEL_VERANO_FV","CenPgen":0.0,"value":0.0,"CenCVar":0,"CenQgen":0},{"id":1214.0,"time":149,"bus_id":153,"name":"IDAHUE_DEL_VERANO_FV","CenPgen":0.0,"value":0.0,"CenCVar":0,"CenQgen":0},{"id":1214.0,"time":150,"bus_id":153,"name":"IDAHUE_DEL_VERANO_FV","CenPgen":0.0,"value":0.0,"CenCVar":0,"CenQgen":0},{"id":1214.0,"time":151,"bus_id":153,"name":"IDAHUE_DEL_VERANO_FV","CenPgen":0.0,"value":0.0,"CenCVar":0,"CenQgen":0},{"id":1214.0,"time":152,"bus_id":153,"name":"IDAHUE_DEL_VERANO_FV","CenPgen":0.0001918276,"value":0.0001918276,"CenCVar":0,"CenQgen":0},{"id":1214.0,"time":153,"bus_id":153,"name":"IDAHUE_DEL_VERANO_FV","CenPgen":0.070811,"value":0.070811,"CenCVar":0,"CenQgen":0},{"id":1214.0,"time":154,"bus_id":153,"name":"IDAHUE_DEL_VERANO_FV","CenPgen":0.28159121,"value":0.28159121,"CenCVar":0,"CenQgen":0},{"id":1214.0,"time":155,"bus_id":153,"name":"IDAHUE_DEL_VERANO_FV","CenPgen":0.28159121,"value":0.28159121,"CenCVar":0,"CenQgen":0},{"id":1214.0,"time":156,"bus_id":153,"name":"IDAHUE_DEL_VERANO_FV","CenPgen":0.28159121,"value":0.28159121,"CenCVar":0,"CenQgen":0},{"id":1214.0,"time":157,"bus_id":153,"name":"IDAHUE_DEL_VERANO_FV","CenPgen":0.31053149,"value":0.31053149,"CenCVar":0,"CenQgen":0},{"id":1214.0,"time":158,"bus_id":153,"name":"IDAHUE_DEL_VERANO_FV","CenPgen":0.33519615,"value":0.33519615,"CenCVar":0,"CenQgen":0},{"id":1214.0,"time":159,"bus_id":153,"name":"IDAHUE_DEL_VERANO_FV","CenPgen":0.33519615,"value":0.33519615,"CenCVar":0,"CenQgen":0},{"id":1214.0,"time":160,"bus_id":153,"name":"IDAHUE_DEL_VERANO_FV","CenPgen":0.33519615,"value":0.33519615,"CenCVar":0,"CenQgen":0},{"id":1214.0,"time":161,"bus_id":153,"name":"IDAHUE_DEL_VERANO_FV","CenPgen":0.0214167171,"value":0.0214167171,"CenCVar":0,"CenQgen":0},{"id":1214.0,"time":162,"bus_id":153,"name":"IDAHUE_DEL_VERANO_FV","CenPgen":0.0214167171,"value":0.0214167171,"CenCVar":0,"CenQgen":0},{"id":1214.0,"time":163,"bus_id":153,"name":"IDAHUE_DEL_VERANO_FV","CenPgen":0.0214167171,"value":0.0214167171,"CenCVar":0,"CenQgen":0},{"id":1214.0,"time":164,"bus_id":153,"name":"IDAHUE_DEL_VERANO_FV","CenPgen":0.0,"value":0.0,"CenCVar":0,"CenQgen":0},{"id":1214.0,"time":165,"bus_id":153,"name":"IDAHUE_DEL_VERANO_FV","CenPgen":0.0,"value":0.0,"CenCVar":0,"CenQgen":0},{"id":1214.0,"time":166,"bus_id":153,"name":"IDAHUE_DEL_VERANO_FV","CenPgen":0.0,"value":0.0,"CenCVar":0,"CenQgen":0},{"id":1214.0,"time":167,"bus_id":153,"name":"IDAHUE_DEL_VERANO_FV","CenPgen":0.0,"value":0.0,"CenCVar":0,"CenQgen":0},{"id":1214.0,"time":168,"bus_id":153,"name":"IDAHUE_DEL_VERANO_FV","CenPgen":0.0,"value":0.0,"CenCVar":0,"CenQgen":0}]