[{"id":23,"time":1,"name":"Cumbres500","marginal_cost":130.0316864514,"value":130.0316864514,"DemBarE":0,"DemBarP":0,"BarRetP":0},{"id":23,"time":2,"name":"Cumbres500","marginal_cost":126.6332059638,"value":126.6332059638,"DemBarE":0,"DemBarP":0,"BarRetP":0},{"id":23,"time":3,"name":"Cumbres500","marginal_cost":127.8735490018,"value":127.8735490018,"DemBarE":0,"DemBarP":0,"BarRetP":0},{"id":23,"time":4,"name":"Cumbres500","marginal_cost":128.3021999394,"value":128.3021999394,"DemBarE":0,"DemBarP":0,"BarRetP":0},{"id":23,"time":5,"name":"Cumbres500","marginal_cost":128.8749755888,"value":128.8749755888,"DemBarE":0,"DemBarP":0,"BarRetP":0},{"id":23,"time":6,"name":"Cumbres500","marginal_cost":95.6678538447,"value":95.6678538447,"DemBarE":0,"DemBarP":0,"BarRetP":0},{"id":23,"time":7,"name":"Cumbres500","marginal_cost":130.4382710009,"value":130.4382710009,"DemBarE":0,"DemBarP":0,"BarRetP":0},{"id":23,"time":8,"name":"Cumbres500","marginal_cost":158.5773097515,"value":158.5773097515,"DemBarE":0,"DemBarP":0,"BarRetP":0},{"id":23,"time":9,"name":"Cumbres500","marginal_cost":119.053399674,"value":119.053399674,"DemBarE":0,"DemBarP":0,"BarRetP":0},{"id":23,"time":10,"name":"Cumbres500","marginal_cost":82.165484294,"value":82.165484294,"DemBarE":0,"DemBarP":0,"BarRetP":0},{"id":23,"time":11,"name":"Cumbres500","marginal_cost":77.9682941065,"value":77.9682941065,"DemBarE":0,"DemBarP":0,"BarRetP":0},{"id":23,"time":12,"name":"Cumbres500","marginal_cost":68.7325528155,"value":68.7325528155,"DemBarE":0,"DemBarP":0,"BarRetP":0},{"id":23,"time":13,"name":"Cumbres500","marginal_cost":46.9824217939,"value":46.9824217939,"DemBarE":0,"DemBarP":0,"BarRetP":0},{"id":23,"time":14,"name":"Cumbres500","marginal_cost":-1.8758908817,"value":-1.8758908817,"DemBarE":0,"DemBarP":0,"BarRetP":0},{"id":23,"time":15,"name":"Cumbres500","marginal_cost":-1.5449717643,"value":-1.5449717643,"DemBarE":0,"DemBarP":0,"BarRetP":0},{"id":23,"time":16,"name":"Cumbres500","marginal_cost":-1.5428861087,"value":-1.5428861087,"DemBarE":0,"DemBarP":0,"BarRetP":0},{"id":23,"time":17,"name":"Cumbres500","marginal_cost":100.3540782888,"value":100.3540782888,"DemBarE":0,"DemBarP":0,"BarRetP":0},{"id":23,"time":18,"name":"Cumbres500","marginal_cost":138.9752053067,"value":138.9752053067,"DemBarE":0,"DemBarP":0,"BarRetP":0},{"id":23,"time":19,"name":"Cumbres500","marginal_cost":168.6687673545,"value":168.6687673545,"DemBarE":0,"DemBarP":0,"BarRetP":0},{"id":23,"time":20,"name":"Cumbres500","marginal_cost":170.037997637,"value":170.037997637,"DemBarE":0,"DemBarP":0,"BarRetP":0},{"id":23,"time":21,"name":"Cumbres500","marginal_cost":163.7458804908,"value":163.7458804908,"DemBarE":0,"DemBarP":0,"BarRetP":0},{"id":23,"time":22,"name":"Cumbres500","marginal_cost":158.9201007674,"value":158.9201007674,"DemBarE":0,"DemBarP":0,"BarRetP":0},{"id":23,"time":23,"name":"Cumbres500","marginal_cost":156.4217321206,"value":156.4217321206,"DemBarE":0,"DemBarP":0,"BarRetP":0},{"id":23,"time":24,"name":"Cumbres500","marginal_cost":155.8959718591,"value":155.8959718591,"DemBarE":0,"DemBarP":0,"BarRetP":0},{"id":23,"time":25,"name":"Cumbres500","marginal_cost":152.6988513501,"value":152.6988513501,"DemBarE":0,"DemBarP":0,"BarRetP":0},{"id":23,"time":26,"name":"Cumbres500","marginal_cost":151.4924940444,"value":151.4924940444,"DemBarE":0,"DemBarP":0,"BarRetP":0},{"id":23,"time":27,"name":"Cumbres500","marginal_cost":151.8959721348,"value":151.8959721348,"DemBarE":0,"DemBarP":0,"BarRetP":0},{"id":23,"time":28,"name":"Cumbres500","marginal_cost":151.7861975664,"value":151.7861975664,"DemBarE":0,"DemBarP":0,"BarRetP":0},{"id":23,"time":29,"name":"Cumbres500","marginal_cost":150.6346897463,"value":150.6346897463,"DemBarE":0,"DemBarP":0,"BarRetP":0},{"id":23,"time":30,"name":"Cumbres500","marginal_cost":151.8110175838,"value":151.8110175838,"DemBarE":0,"DemBarP":0,"BarRetP":0},{"id":23,"time":31,"name":"Cumbres500","marginal_cost":158.6992076759,"value":158.6992076759,"DemBarE":0,"DemBarP":0,"BarRetP":0},{"id":23,"time":32,"name":"Cumbres500","marginal_cost":158.0307767308,"value":158.0307767308,"DemBarE":0,"DemBarP":0,"BarRetP":0},{"id":23,"time":33,"name":"Cumbres500","marginal_cost":133.408046585,"value":133.408046585,"DemBarE":0,"DemBarP":0,"BarRetP":0},{"id":23,"time":34,"name":"Cumbres500","marginal_cost":88.3212645757,"value":88.3212645757,"DemBarE":0,"DemBarP":0,"BarRetP":0},{"id":23,"time":35,"name":"Cumbres500","marginal_cost":84.3261253613,"value":84.3261253613,"DemBarE":0,"DemBarP":0,"BarRetP":0},{"id":23,"time":36,"name":"Cumbres500","marginal_cost":84.3461556205,"value":84.3461556205,"DemBarE":0,"DemBarP":0,"BarRetP":0},{"id":23,"time":37,"name":"Cumbres500","marginal_cost":83.3673804473,"value":83.3673804473,"DemBarE":0,"DemBarP":0,"BarRetP":0},{"id":23,"time":38,"name":"Cumbres500","marginal_cost":83.3673804473,"value":83.3673804473,"DemBarE":0,"DemBarP":0,"BarRetP":0},{"id":23,"time":39,"name":"Cumbres500","marginal_cost":83.3673804473,"value":83.3673804473,"DemBarE":0,"DemBarP":0,"BarRetP":0},{"id":23,"time":40,"name":"Cumbres500","marginal_cost":83.3673804473,"value":83.3673804473,"DemBarE":0,"DemBarP":0,"BarRetP":0},{"id":23,"time":41,"name":"Cumbres500","marginal_cost":103.1569624036,"value":103.1569624036,"DemBarE":0,"DemBarP":0,"BarRetP":0},{"id":23,"time":42,"name":"Cumbres500","marginal_cost":140.714896419,"value":140.714896419,"DemBarE":0,"DemBarP":0,"BarRetP":0},{"id":23,"time":43,"name":"Cumbres500","marginal_cost":157.8292789922,"value":157.8292789922,"DemBarE":0,"DemBarP":0,"BarRetP":0},{"id":23,"time":44,"name":"Cumbres500","marginal_cost":157.8292789922,"value":157.8292789922,"DemBarE":0,"DemBarP":0,"BarRetP":0},{"id":23,"time":45,"name":"Cumbres500","marginal_cost":158.4547488575,"value":158.4547488575,"DemBarE":0,"DemBarP":0,"BarRetP":0},{"id":23,"time":46,"name":"Cumbres500","marginal_cost":157.4199883956,"value":157.4199883956,"DemBarE":0,"DemBarP":0,"BarRetP":0},{"id":23,"time":47,"name":"Cumbres500","marginal_cost":154.473871388,"value":154.473871388,"DemBarE":0,"DemBarP":0,"BarRetP":0},{"id":23,"time":48,"name":"Cumbres500","marginal_cost":152.2214803326,"value":152.2214803326,"DemBarE":0,"DemBarP":0,"BarRetP":0},{"id":23,"time":49,"name":"Cumbres500","marginal_cost":145.2441077711,"value":145.2441077711,"DemBarE":0,"DemBarP":0,"BarRetP":0},{"id":23,"time":50,"name":"Cumbres500","marginal_cost":147.911523699,"value":147.911523699,"DemBarE":0,"DemBarP":0,"BarRetP":0},{"id":23,"time":51,"name":"Cumbres500","marginal_cost":149.3856194225,"value":149.3856194225,"DemBarE":0,"DemBarP":0,"BarRetP":0},{"id":23,"time":52,"name":"Cumbres500","marginal_cost":133.2758536888,"value":133.2758536888,"DemBarE":0,"DemBarP":0,"BarRetP":0},{"id":23,"time":53,"name":"Cumbres500","marginal_cost":133.2758536888,"value":133.2758536888,"DemBarE":0,"DemBarP":0,"BarRetP":0},{"id":23,"time":54,"name":"Cumbres500","marginal_cost":132.6812175643,"value":132.6812175643,"DemBarE":0,"DemBarP":0,"BarRetP":0},{"id":23,"time":55,"name":"Cumbres500","marginal_cost":132.5441398841,"value":132.5441398841,"DemBarE":0,"DemBarP":0,"BarRetP":0},{"id":23,"time":56,"name":"Cumbres500","marginal_cost":129.8202018071,"value":129.8202018071,"DemBarE":0,"DemBarP":0,"BarRetP":0},{"id":23,"time":57,"name":"Cumbres500","marginal_cost":107.9333905539,"value":107.9333905539,"DemBarE":0,"DemBarP":0,"BarRetP":0},{"id":23,"time":58,"name":"Cumbres500","marginal_cost":84.6349158546,"value":84.6349158546,"DemBarE":0,"DemBarP":0,"BarRetP":0},{"id":23,"time":59,"name":"Cumbres500","marginal_cost":83.1270830223,"value":83.1270830223,"DemBarE":0,"DemBarP":0,"BarRetP":0},{"id":23,"time":60,"name":"Cumbres500","marginal_cost":82.2252433859,"value":82.2252433859,"DemBarE":0,"DemBarP":0,"BarRetP":0},{"id":23,"time":61,"name":"Cumbres500","marginal_cost":-2.1580998634,"value":-2.1580998634,"DemBarE":0,"DemBarP":0,"BarRetP":0},{"id":23,"time":62,"name":"Cumbres500","marginal_cost":-2.1580998634,"value":-2.1580998634,"DemBarE":0,"DemBarP":0,"BarRetP":0},{"id":23,"time":63,"name":"Cumbres500","marginal_cost":-1.8305286856,"value":-1.8305286856,"DemBarE":0,"DemBarP":0,"BarRetP":0},{"id":23,"time":64,"name":"Cumbres500","marginal_cost":-1.244510756,"value":-1.244510756,"DemBarE":0,"DemBarP":0,"BarRetP":0},{"id":23,"time":65,"name":"Cumbres500","marginal_cost":115.9576227949,"value":115.9576227949,"DemBarE":0,"DemBarP":0,"BarRetP":0},{"id":23,"time":66,"name":"Cumbres500","marginal_cost":115.9576227949,"value":115.9576227949,"DemBarE":0,"DemBarP":0,"BarRetP":0},{"id":23,"time":67,"name":"Cumbres500","marginal_cost":158.7635466612,"value":158.7635466612,"DemBarE":0,"DemBarP":0,"BarRetP":0},{"id":23,"time":68,"name":"Cumbres500","marginal_cost":154.2577312937,"value":154.2577312937,"DemBarE":0,"DemBarP":0,"BarRetP":0},{"id":23,"time":69,"name":"Cumbres500","marginal_cost":154.2577312937,"value":154.2577312937,"DemBarE":0,"DemBarP":0,"BarRetP":0},{"id":23,"time":70,"name":"Cumbres500","marginal_cost":154.6383935027,"value":154.6383935027,"DemBarE":0,"DemBarP":0,"BarRetP":0},{"id":23,"time":71,"name":"Cumbres500","marginal_cost":147.3922707368,"value":147.3922707368,"DemBarE":0,"DemBarP":0,"BarRetP":0},{"id":23,"time":72,"name":"Cumbres500","marginal_cost":146.0022035201,"value":146.0022035201,"DemBarE":0,"DemBarP":0,"BarRetP":0},{"id":23,"time":73,"name":"Cumbres500","marginal_cost":145.1799367488,"value":145.1799367488,"DemBarE":0,"DemBarP":0,"BarRetP":0},{"id":23,"time":74,"name":"Cumbres500","marginal_cost":144.7331493073,"value":144.7331493073,"DemBarE":0,"DemBarP":0,"BarRetP":0},{"id":23,"time":75,"name":"Cumbres500","marginal_cost":131.7532839309,"value":131.7532839309,"DemBarE":0,"DemBarP":0,"BarRetP":0},{"id":23,"time":76,"name":"Cumbres500","marginal_cost":131.7532839309,"value":131.7532839309,"DemBarE":0,"DemBarP":0,"BarRetP":0},{"id":23,"time":77,"name":"Cumbres500","marginal_cost":131.7532839309,"value":131.7532839309,"DemBarE":0,"DemBarP":0,"BarRetP":0},{"id":23,"time":78,"name":"Cumbres500","marginal_cost":131.7532839309,"value":131.7532839309,"DemBarE":0,"DemBarP":0,"BarRetP":0},{"id":23,"time":79,"name":"Cumbres500","marginal_cost":131.7532839309,"value":131.7532839309,"DemBarE":0,"DemBarP":0,"BarRetP":0},{"id":23,"time":80,"name":"Cumbres500","marginal_cost":120.0281709432,"value":120.0281709432,"DemBarE":0,"DemBarP":0,"BarRetP":0},{"id":23,"time":81,"name":"Cumbres500","marginal_cost":120.0281709432,"value":120.0281709432,"DemBarE":0,"DemBarP":0,"BarRetP":0},{"id":23,"time":82,"name":"Cumbres500","marginal_cost":83.3742693646,"value":83.3742693646,"DemBarE":0,"DemBarP":0,"BarRetP":0},{"id":23,"time":83,"name":"Cumbres500","marginal_cost":83.3742693646,"value":83.3742693646,"DemBarE":0,"DemBarP":0,"BarRetP":0},{"id":23,"time":84,"name":"Cumbres500","marginal_cost":79.166684114,"value":79.166684114,"DemBarE":0,"DemBarP":0,"BarRetP":0},{"id":23,"time":85,"name":"Cumbres500","marginal_cost":79.166684114,"value":79.166684114,"DemBarE":0,"DemBarP":0,"BarRetP":0},{"id":23,"time":86,"name":"Cumbres500","marginal_cost":81.4273670574,"value":81.4273670574,"DemBarE":0,"DemBarP":0,"BarRetP":0},{"id":23,"time":87,"name":"Cumbres500","marginal_cost":81.4273670574,"value":81.4273670574,"DemBarE":0,"DemBarP":0,"BarRetP":0},{"id":23,"time":88,"name":"Cumbres500","marginal_cost":81.4273670574,"value":81.4273670574,"DemBarE":0,"DemBarP":0,"BarRetP":0},{"id":23,"time":89,"name":"Cumbres500","marginal_cost":81.4273670574,"value":81.4273670574,"DemBarE":0,"DemBarP":0,"BarRetP":0},{"id":23,"time":90,"name":"Cumbres500","marginal_cost":81.4273670574,"value":81.4273670574,"DemBarE":0,"DemBarP":0,"BarRetP":0},{"id":23,"time":91,"name":"Cumbres500","marginal_cost":144.5845723656,"value":144.5845723656,"DemBarE":0,"DemBarP":0,"BarRetP":0},{"id":23,"time":92,"name":"Cumbres500","marginal_cost":144.5845723656,"value":144.5845723656,"DemBarE":0,"DemBarP":0,"BarRetP":0},{"id":23,"time":93,"name":"Cumbres500","marginal_cost":147.7625577006,"value":147.7625577006,"DemBarE":0,"DemBarP":0,"BarRetP":0},{"id":23,"time":94,"name":"Cumbres500","marginal_cost":145.854924535,"value":145.854924535,"DemBarE":0,"DemBarP":0,"BarRetP":0},{"id":23,"time":95,"name":"Cumbres500","marginal_cost":144.7382449434,"value":144.7382449434,"DemBarE":0,"DemBarP":0,"BarRetP":0},{"id":23,"time":96,"name":"Cumbres500","marginal_cost":145.278915177,"value":145.278915177,"DemBarE":0,"DemBarP":0,"BarRetP":0},{"id":23,"time":97,"name":"Cumbres500","marginal_cost":145.6677272178,"value":145.6677272178,"DemBarE":0,"DemBarP":0,"BarRetP":0},{"id":23,"time":98,"name":"Cumbres500","marginal_cost":141.9242441957,"value":141.9242441957,"DemBarE":0,"DemBarP":0,"BarRetP":0},{"id":23,"time":99,"name":"Cumbres500","marginal_cost":143.3861429414,"value":143.3861429414,"DemBarE":0,"DemBarP":0,"BarRetP":0},{"id":23,"time":100,"name":"Cumbres500","marginal_cost":144.2294833111,"value":144.2294833111,"DemBarE":0,"DemBarP":0,"BarRetP":0},{"id":23,"time":101,"name":"Cumbres500","marginal_cost":144.2294833111,"value":144.2294833111,"DemBarE":0,"DemBarP":0,"BarRetP":0},{"id":23,"time":102,"name":"Cumbres500","marginal_cost":144.2294833111,"value":144.2294833111,"DemBarE":0,"DemBarP":0,"BarRetP":0},{"id":23,"time":103,"name":"Cumbres500","marginal_cost":147.8640768664,"value":147.8640768664,"DemBarE":0,"DemBarP":0,"BarRetP":0},{"id":23,"time":104,"name":"Cumbres500","marginal_cost":134.3723280844,"value":134.3723280844,"DemBarE":0,"DemBarP":0,"BarRetP":0},{"id":23,"time":105,"name":"Cumbres500","marginal_cost":134.3723280844,"value":134.3723280844,"DemBarE":0,"DemBarP":0,"BarRetP":0},{"id":23,"time":106,"name":"Cumbres500","marginal_cost":85.0716722311,"value":85.0716722311,"DemBarE":0,"DemBarP":0,"BarRetP":0},{"id":23,"time":107,"name":"Cumbres500","marginal_cost":84.8205854104,"value":84.8205854104,"DemBarE":0,"DemBarP":0,"BarRetP":0},{"id":23,"time":108,"name":"Cumbres500","marginal_cost":84.3255745549,"value":84.3255745549,"DemBarE":0,"DemBarP":0,"BarRetP":0},{"id":23,"time":109,"name":"Cumbres500","marginal_cost":84.3255745549,"value":84.3255745549,"DemBarE":0,"DemBarP":0,"BarRetP":0},{"id":23,"time":110,"name":"Cumbres500","marginal_cost":85.0748035029,"value":85.0748035029,"DemBarE":0,"DemBarP":0,"BarRetP":0},{"id":23,"time":111,"name":"Cumbres500","marginal_cost":85.0146227428,"value":85.0146227428,"DemBarE":0,"DemBarP":0,"BarRetP":0},{"id":23,"time":112,"name":"Cumbres500","marginal_cost":85.0146227428,"value":85.0146227428,"DemBarE":0,"DemBarP":0,"BarRetP":0},{"id":23,"time":113,"name":"Cumbres500","marginal_cost":135.6942161783,"value":135.6942161783,"DemBarE":0,"DemBarP":0,"BarRetP":0},{"id":23,"time":114,"name":"Cumbres500","marginal_cost":135.6942161783,"value":135.6942161783,"DemBarE":0,"DemBarP":0,"BarRetP":0},{"id":23,"time":115,"name":"Cumbres500","marginal_cost":135.6942161783,"value":135.6942161783,"DemBarE":0,"DemBarP":0,"BarRetP":0},{"id":23,"time":116,"name":"Cumbres500","marginal_cost":151.6485877888,"value":151.6485877888,"DemBarE":0,"DemBarP":0,"BarRetP":0},{"id":23,"time":117,"name":"Cumbres500","marginal_cost":151.6485877888,"value":151.6485877888,"DemBarE":0,"DemBarP":0,"BarRetP":0},{"id":23,"time":118,"name":"Cumbres500","marginal_cost":151.6485877888,"value":151.6485877888,"DemBarE":0,"DemBarP":0,"BarRetP":0},{"id":23,"time":119,"name":"Cumbres500","marginal_cost":151.9536404146,"value":151.9536404146,"DemBarE":0,"DemBarP":0,"BarRetP":0},{"id":23,"time":120,"name":"Cumbres500","marginal_cost":149.2309037645,"value":149.2309037645,"DemBarE":0,"DemBarP":0,"BarRetP":0},{"id":23,"time":121,"name":"Cumbres500","marginal_cost":148.1076775175,"value":148.1076775175,"DemBarE":0,"DemBarP":0,"BarRetP":0},{"id":23,"time":122,"name":"Cumbres500","marginal_cost":148.3722053598,"value":148.3722053598,"DemBarE":0,"DemBarP":0,"BarRetP":0},{"id":23,"time":123,"name":"Cumbres500","marginal_cost":142.5768071935,"value":142.5768071935,"DemBarE":0,"DemBarP":0,"BarRetP":0},{"id":23,"time":124,"name":"Cumbres500","marginal_cost":142.5768071935,"value":142.5768071935,"DemBarE":0,"DemBarP":0,"BarRetP":0},{"id":23,"time":125,"name":"Cumbres500","marginal_cost":142.5768071935,"value":142.5768071935,"DemBarE":0,"DemBarP":0,"BarRetP":0},{"id":23,"time":126,"name":"Cumbres500","marginal_cost":142.5768071935,"value":142.5768071935,"DemBarE":0,"DemBarP":0,"BarRetP":0},{"id":23,"time":127,"name":"Cumbres500","marginal_cost":146.1390455571,"value":146.1390455571,"DemBarE":0,"DemBarP":0,"BarRetP":0},{"id":23,"time":128,"name":"Cumbres500","marginal_cost":147.2734383513,"value":147.2734383513,"DemBarE":0,"DemBarP":0,"BarRetP":0},{"id":23,"time":129,"name":"Cumbres500","marginal_cost":128.1689294437,"value":128.1689294437,"DemBarE":0,"DemBarP":0,"BarRetP":0},{"id":23,"time":130,"name":"Cumbres500","marginal_cost":100.9471923642,"value":100.9471923642,"DemBarE":0,"DemBarP":0,"BarRetP":0},{"id":23,"time":131,"name":"Cumbres500","marginal_cost":83.185200186,"value":83.185200186,"DemBarE":0,"DemBarP":0,"BarRetP":0},{"id":23,"time":132,"name":"Cumbres500","marginal_cost":84.8910989571,"value":84.8910989571,"DemBarE":0,"DemBarP":0,"BarRetP":0},{"id":23,"time":133,"name":"Cumbres500","marginal_cost":85.1676203555,"value":85.1676203555,"DemBarE":0,"DemBarP":0,"BarRetP":0},{"id":23,"time":134,"name":"Cumbres500","marginal_cost":85.1676203555,"value":85.1676203555,"DemBarE":0,"DemBarP":0,"BarRetP":0},{"id":23,"time":135,"name":"Cumbres500","marginal_cost":85.1676203555,"value":85.1676203555,"DemBarE":0,"DemBarP":0,"BarRetP":0},{"id":23,"time":136,"name":"Cumbres500","marginal_cost":85.1676203555,"value":85.1676203555,"DemBarE":0,"DemBarP":0,"BarRetP":0},{"id":23,"time":137,"name":"Cumbres500","marginal_cost":146.6222420713,"value":146.6222420713,"DemBarE":0,"DemBarP":0,"BarRetP":0},{"id":23,"time":138,"name":"Cumbres500","marginal_cost":146.6222420713,"value":146.6222420713,"DemBarE":0,"DemBarP":0,"BarRetP":0},{"id":23,"time":139,"name":"Cumbres500","marginal_cost":146.6222420713,"value":146.6222420713,"DemBarE":0,"DemBarP":0,"BarRetP":0},{"id":23,"time":140,"name":"Cumbres500","marginal_cost":146.6222420713,"value":146.6222420713,"DemBarE":0,"DemBarP":0,"BarRetP":0},{"id":23,"time":141,"name":"Cumbres500","marginal_cost":146.6222420713,"value":146.6222420713,"DemBarE":0,"DemBarP":0,"BarRetP":0},{"id":23,"time":142,"name":"Cumbres500","marginal_cost":146.6222420713,"value":146.6222420713,"DemBarE":0,"DemBarP":0,"BarRetP":0},{"id":23,"time":143,"name":"Cumbres500","marginal_cost":150.101272364,"value":150.101272364,"DemBarE":0,"DemBarP":0,"BarRetP":0},{"id":23,"time":144,"name":"Cumbres500","marginal_cost":149.8981827629,"value":149.8981827629,"DemBarE":0,"DemBarP":0,"BarRetP":0},{"id":23,"time":145,"name":"Cumbres500","marginal_cost":149.7640165835,"value":149.7640165835,"DemBarE":0,"DemBarP":0,"BarRetP":0},{"id":23,"time":146,"name":"Cumbres500","marginal_cost":147.3954819422,"value":147.3954819422,"DemBarE":0,"DemBarP":0,"BarRetP":0},{"id":23,"time":147,"name":"Cumbres500","marginal_cost":146.3265084992,"value":146.3265084992,"DemBarE":0,"DemBarP":0,"BarRetP":0},{"id":23,"time":148,"name":"Cumbres500","marginal_cost":146.3265084992,"value":146.3265084992,"DemBarE":0,"DemBarP":0,"BarRetP":0},{"id":23,"time":149,"name":"Cumbres500","marginal_cost":146.3265084992,"value":146.3265084992,"DemBarE":0,"DemBarP":0,"BarRetP":0},{"id":23,"time":150,"name":"Cumbres500","marginal_cost":146.3265084992,"value":146.3265084992,"DemBarE":0,"DemBarP":0,"BarRetP":0},{"id":23,"time":151,"name":"Cumbres500","marginal_cost":147.7230597932,"value":147.7230597932,"DemBarE":0,"DemBarP":0,"BarRetP":0},{"id":23,"time":152,"name":"Cumbres500","marginal_cost":136.9447196781,"value":136.9447196781,"DemBarE":0,"DemBarP":0,"BarRetP":0},{"id":23,"time":153,"name":"Cumbres500","marginal_cost":136.9447196781,"value":136.9447196781,"DemBarE":0,"DemBarP":0,"BarRetP":0},{"id":23,"time":154,"name":"Cumbres500","marginal_cost":100.7772203715,"value":100.7772203715,"DemBarE":0,"DemBarP":0,"BarRetP":0},{"id":23,"time":155,"name":"Cumbres500","marginal_cost":100.7772203715,"value":100.7772203715,"DemBarE":0,"DemBarP":0,"BarRetP":0},{"id":23,"time":156,"name":"Cumbres500","marginal_cost":100.3249211242,"value":100.3249211242,"DemBarE":0,"DemBarP":0,"BarRetP":0},{"id":23,"time":157,"name":"Cumbres500","marginal_cost":86.2680407761,"value":86.2680407761,"DemBarE":0,"DemBarP":0,"BarRetP":0},{"id":23,"time":158,"name":"Cumbres500","marginal_cost":86.2680407761,"value":86.2680407761,"DemBarE":0,"DemBarP":0,"BarRetP":0},{"id":23,"time":159,"name":"Cumbres500","marginal_cost":86.2680407761,"value":86.2680407761,"DemBarE":0,"DemBarP":0,"BarRetP":0},{"id":23,"time":160,"name":"Cumbres500","marginal_cost":102.188331102,"value":102.188331102,"DemBarE":0,"DemBarP":0,"BarRetP":0},{"id":23,"time":161,"name":"Cumbres500","marginal_cost":102.188331102,"value":102.188331102,"DemBarE":0,"DemBarP":0,"BarRetP":0},{"id":23,"time":162,"name":"Cumbres500","marginal_cost":138.4489904134,"value":138.4489904134,"DemBarE":0,"DemBarP":0,"BarRetP":0},{"id":23,"time":163,"name":"Cumbres500","marginal_cost":151.2515663361,"value":151.2515663361,"DemBarE":0,"DemBarP":0,"BarRetP":0},{"id":23,"time":164,"name":"Cumbres500","marginal_cost":151.2515663361,"value":151.2515663361,"DemBarE":0,"DemBarP":0,"BarRetP":0},{"id":23,"time":165,"name":"Cumbres500","marginal_cost":151.2515663361,"value":151.2515663361,"DemBarE":0,"DemBarP":0,"BarRetP":0},{"id":23,"time":166,"name":"Cumbres500","marginal_cost":151.2515663361,"value":151.2515663361,"DemBarE":0,"DemBarP":0,"BarRetP":0},{"id":23,"time":167,"name":"Cumbres500","marginal_cost":149.7160691461,"value":149.7160691461,"DemBarE":0,"DemBarP":0,"BarRetP":0},{"id":23,"time":168,"name":"Cumbres500","marginal_cost":149.5607785901,"value":149.5607785901,"DemBarE":0,"DemBarP":0,"BarRetP":0}]