[{"id":83,"time":1,"name":"S-Km6100","marginal_cost":0.0,"value":0.0,"DemBarE":0,"DemBarP":0,"BarRetP":0},{"id":83,"time":2,"name":"S-Km6100","marginal_cost":0.0,"value":0.0,"DemBarE":0,"DemBarP":0,"BarRetP":0},{"id":83,"time":3,"name":"S-Km6100","marginal_cost":0.0,"value":0.0,"DemBarE":0,"DemBarP":0,"BarRetP":0},{"id":83,"time":4,"name":"S-Km6100","marginal_cost":0.0,"value":0.0,"DemBarE":0,"DemBarP":0,"BarRetP":0},{"id":83,"time":5,"name":"S-Km6100","marginal_cost":0.0,"value":0.0,"DemBarE":0,"DemBarP":0,"BarRetP":0},{"id":83,"time":6,"name":"S-Km6100","marginal_cost":0.0,"value":0.0,"DemBarE":0,"DemBarP":0,"BarRetP":0},{"id":83,"time":7,"name":"S-Km6100","marginal_cost":0.0,"value":0.0,"DemBarE":0,"DemBarP":0,"BarRetP":0},{"id":83,"time":8,"name":"S-Km6100","marginal_cost":0.0,"value":0.0,"DemBarE":0,"DemBarP":0,"BarRetP":0},{"id":83,"time":9,"name":"S-Km6100","marginal_cost":0.0,"value":0.0,"DemBarE":0,"DemBarP":0,"BarRetP":0},{"id":83,"time":10,"name":"S-Km6100","marginal_cost":0.0,"value":0.0,"DemBarE":0,"DemBarP":0,"BarRetP":0},{"id":83,"time":11,"name":"S-Km6100","marginal_cost":0.0,"value":0.0,"DemBarE":0,"DemBarP":0,"BarRetP":0},{"id":83,"time":12,"name":"S-Km6100","marginal_cost":0.0,"value":0.0,"DemBarE":0,"DemBarP":0,"BarRetP":0},{"id":83,"time":13,"name":"S-Km6100","marginal_cost":0.0,"value":0.0,"DemBarE":0,"DemBarP":0,"BarRetP":0},{"id":83,"time":14,"name":"S-Km6100","marginal_cost":0.0,"value":0.0,"DemBarE":0,"DemBarP":0,"BarRetP":0},{"id":83,"time":15,"name":"S-Km6100","marginal_cost":0.0,"value":0.0,"DemBarE":0,"DemBarP":0,"BarRetP":0},{"id":83,"time":16,"name":"S-Km6100","marginal_cost":0.0,"value":0.0,"DemBarE":0,"DemBarP":0,"BarRetP":0},{"id":83,"time":17,"name":"S-Km6100","marginal_cost":0.0,"value":0.0,"DemBarE":0,"DemBarP":0,"BarRetP":0},{"id":83,"time":18,"name":"S-Km6100","marginal_cost":0.0,"value":0.0,"DemBarE":0,"DemBarP":0,"BarRetP":0},{"id":83,"time":19,"name":"S-Km6100","marginal_cost":0.0,"value":0.0,"DemBarE":0,"DemBarP":0,"BarRetP":0},{"id":83,"time":20,"name":"S-Km6100","marginal_cost":0.0,"value":0.0,"DemBarE":0,"DemBarP":0,"BarRetP":0},{"id":83,"time":21,"name":"S-Km6100","marginal_cost":0.0,"value":0.0,"DemBarE":0,"DemBarP":0,"BarRetP":0},{"id":83,"time":22,"name":"S-Km6100","marginal_cost":0.0,"value":0.0,"DemBarE":0,"DemBarP":0,"BarRetP":0},{"id":83,"time":23,"name":"S-Km6100","marginal_cost":0.0,"value":0.0,"DemBarE":0,"DemBarP":0,"BarRetP":0},{"id":83,"time":24,"name":"S-Km6100","marginal_cost":0.0,"value":0.0,"DemBarE":0,"DemBarP":0,"BarRetP":0},{"id":83,"time":25,"name":"S-Km6100","marginal_cost":0.0,"value":0.0,"DemBarE":0,"DemBarP":0,"BarRetP":0},{"id":83,"time":26,"name":"S-Km6100","marginal_cost":0.0,"value":0.0,"DemBarE":0,"DemBarP":0,"BarRetP":0},{"id":83,"time":27,"name":"S-Km6100","marginal_cost":0.0,"value":0.0,"DemBarE":0,"DemBarP":0,"BarRetP":0},{"id":83,"time":28,"name":"S-Km6100","marginal_cost":0.0,"value":0.0,"DemBarE":0,"DemBarP":0,"BarRetP":0},{"id":83,"time":29,"name":"S-Km6100","marginal_cost":0.0,"value":0.0,"DemBarE":0,"DemBarP":0,"BarRetP":0},{"id":83,"time":30,"name":"S-Km6100","marginal_cost":0.0,"value":0.0,"DemBarE":0,"DemBarP":0,"BarRetP":0},{"id":83,"time":31,"name":"S-Km6100","marginal_cost":0.0,"value":0.0,"DemBarE":0,"DemBarP":0,"BarRetP":0},{"id":83,"time":32,"name":"S-Km6100","marginal_cost":0.0,"value":0.0,"DemBarE":0,"DemBarP":0,"BarRetP":0},{"id":83,"time":33,"name":"S-Km6100","marginal_cost":0.0,"value":0.0,"DemBarE":0,"DemBarP":0,"BarRetP":0},{"id":83,"time":34,"name":"S-Km6100","marginal_cost":0.0,"value":0.0,"DemBarE":0,"DemBarP":0,"BarRetP":0},{"id":83,"time":35,"name":"S-Km6100","marginal_cost":0.0,"value":0.0,"DemBarE":0,"DemBarP":0,"BarRetP":0},{"id":83,"time":36,"name":"S-Km6100","marginal_cost":0.0,"value":0.0,"DemBarE":0,"DemBarP":0,"BarRetP":0},{"id":83,"time":37,"name":"S-Km6100","marginal_cost":0.0,"value":0.0,"DemBarE":0,"DemBarP":0,"BarRetP":0},{"id":83,"time":38,"name":"S-Km6100","marginal_cost":0.0,"value":0.0,"DemBarE":0,"DemBarP":0,"BarRetP":0},{"id":83,"time":39,"name":"S-Km6100","marginal_cost":0.0,"value":0.0,"DemBarE":0,"DemBarP":0,"BarRetP":0},{"id":83,"time":40,"name":"S-Km6100","marginal_cost":0.0,"value":0.0,"DemBarE":0,"DemBarP":0,"BarRetP":0},{"id":83,"time":41,"name":"S-Km6100","marginal_cost":0.0,"value":0.0,"DemBarE":0,"DemBarP":0,"BarRetP":0},{"id":83,"time":42,"name":"S-Km6100","marginal_cost":0.0,"value":0.0,"DemBarE":0,"DemBarP":0,"BarRetP":0},{"id":83,"time":43,"name":"S-Km6100","marginal_cost":0.0,"value":0.0,"DemBarE":0,"DemBarP":0,"BarRetP":0},{"id":83,"time":44,"name":"S-Km6100","marginal_cost":0.0,"value":0.0,"DemBarE":0,"DemBarP":0,"BarRetP":0},{"id":83,"time":45,"name":"S-Km6100","marginal_cost":0.0,"value":0.0,"DemBarE":0,"DemBarP":0,"BarRetP":0},{"id":83,"time":46,"name":"S-Km6100","marginal_cost":0.0,"value":0.0,"DemBarE":0,"DemBarP":0,"BarRetP":0},{"id":83,"time":47,"name":"S-Km6100","marginal_cost":0.0,"value":0.0,"DemBarE":0,"DemBarP":0,"BarRetP":0},{"id":83,"time":48,"name":"S-Km6100","marginal_cost":0.0,"value":0.0,"DemBarE":0,"DemBarP":0,"BarRetP":0},{"id":83,"time":49,"name":"S-Km6100","marginal_cost":0.0,"value":0.0,"DemBarE":0,"DemBarP":0,"BarRetP":0},{"id":83,"time":50,"name":"S-Km6100","marginal_cost":0.0,"value":0.0,"DemBarE":0,"DemBarP":0,"BarRetP":0},{"id":83,"time":51,"name":"S-Km6100","marginal_cost":0.0,"value":0.0,"DemBarE":0,"DemBarP":0,"BarRetP":0},{"id":83,"time":52,"name":"S-Km6100","marginal_cost":0.0,"value":0.0,"DemBarE":0,"DemBarP":0,"BarRetP":0},{"id":83,"time":53,"name":"S-Km6100","marginal_cost":0.0,"value":0.0,"DemBarE":0,"DemBarP":0,"BarRetP":0},{"id":83,"time":54,"name":"S-Km6100","marginal_cost":0.0,"value":0.0,"DemBarE":0,"DemBarP":0,"BarRetP":0},{"id":83,"time":55,"name":"S-Km6100","marginal_cost":0.0,"value":0.0,"DemBarE":0,"DemBarP":0,"BarRetP":0},{"id":83,"time":56,"name":"S-Km6100","marginal_cost":0.0,"value":0.0,"DemBarE":0,"DemBarP":0,"BarRetP":0},{"id":83,"time":57,"name":"S-Km6100","marginal_cost":0.0,"value":0.0,"DemBarE":0,"DemBarP":0,"BarRetP":0},{"id":83,"time":58,"name":"S-Km6100","marginal_cost":0.0,"value":0.0,"DemBarE":0,"DemBarP":0,"BarRetP":0},{"id":83,"time":59,"name":"S-Km6100","marginal_cost":0.0,"value":0.0,"DemBarE":0,"DemBarP":0,"BarRetP":0},{"id":83,"time":60,"name":"S-Km6100","marginal_cost":0.0,"value":0.0,"DemBarE":0,"DemBarP":0,"BarRetP":0},{"id":83,"time":61,"name":"S-Km6100","marginal_cost":0.0,"value":0.0,"DemBarE":0,"DemBarP":0,"BarRetP":0},{"id":83,"time":62,"name":"S-Km6100","marginal_cost":0.0,"value":0.0,"DemBarE":0,"DemBarP":0,"BarRetP":0},{"id":83,"time":63,"name":"S-Km6100","marginal_cost":0.0,"value":0.0,"DemBarE":0,"DemBarP":0,"BarRetP":0},{"id":83,"time":64,"name":"S-Km6100","marginal_cost":0.0,"value":0.0,"DemBarE":0,"DemBarP":0,"BarRetP":0},{"id":83,"time":65,"name":"S-Km6100","marginal_cost":0.0,"value":0.0,"DemBarE":0,"DemBarP":0,"BarRetP":0},{"id":83,"time":66,"name":"S-Km6100","marginal_cost":0.0,"value":0.0,"DemBarE":0,"DemBarP":0,"BarRetP":0},{"id":83,"time":67,"name":"S-Km6100","marginal_cost":0.0,"value":0.0,"DemBarE":0,"DemBarP":0,"BarRetP":0},{"id":83,"time":68,"name":"S-Km6100","marginal_cost":0.0,"value":0.0,"DemBarE":0,"DemBarP":0,"BarRetP":0},{"id":83,"time":69,"name":"S-Km6100","marginal_cost":0.0,"value":0.0,"DemBarE":0,"DemBarP":0,"BarRetP":0},{"id":83,"time":70,"name":"S-Km6100","marginal_cost":0.0,"value":0.0,"DemBarE":0,"DemBarP":0,"BarRetP":0},{"id":83,"time":71,"name":"S-Km6100","marginal_cost":0.0,"value":0.0,"DemBarE":0,"DemBarP":0,"BarRetP":0},{"id":83,"time":72,"name":"S-Km6100","marginal_cost":0.0,"value":0.0,"DemBarE":0,"DemBarP":0,"BarRetP":0},{"id":83,"time":73,"name":"S-Km6100","marginal_cost":0.0,"value":0.0,"DemBarE":0,"DemBarP":0,"BarRetP":0},{"id":83,"time":74,"name":"S-Km6100","marginal_cost":0.0,"value":0.0,"DemBarE":0,"DemBarP":0,"BarRetP":0},{"id":83,"time":75,"name":"S-Km6100","marginal_cost":0.0,"value":0.0,"DemBarE":0,"DemBarP":0,"BarRetP":0},{"id":83,"time":76,"name":"S-Km6100","marginal_cost":0.0,"value":0.0,"DemBarE":0,"DemBarP":0,"BarRetP":0},{"id":83,"time":77,"name":"S-Km6100","marginal_cost":0.0,"value":0.0,"DemBarE":0,"DemBarP":0,"BarRetP":0},{"id":83,"time":78,"name":"S-Km6100","marginal_cost":0.0,"value":0.0,"DemBarE":0,"DemBarP":0,"BarRetP":0},{"id":83,"time":79,"name":"S-Km6100","marginal_cost":0.0,"value":0.0,"DemBarE":0,"DemBarP":0,"BarRetP":0},{"id":83,"time":80,"name":"S-Km6100","marginal_cost":0.0,"value":0.0,"DemBarE":0,"DemBarP":0,"BarRetP":0},{"id":83,"time":81,"name":"S-Km6100","marginal_cost":0.0,"value":0.0,"DemBarE":0,"DemBarP":0,"BarRetP":0},{"id":83,"time":82,"name":"S-Km6100","marginal_cost":0.0,"value":0.0,"DemBarE":0,"DemBarP":0,"BarRetP":0},{"id":83,"time":83,"name":"S-Km6100","marginal_cost":0.0,"value":0.0,"DemBarE":0,"DemBarP":0,"BarRetP":0},{"id":83,"time":84,"name":"S-Km6100","marginal_cost":0.0,"value":0.0,"DemBarE":0,"DemBarP":0,"BarRetP":0},{"id":83,"time":85,"name":"S-Km6100","marginal_cost":0.0,"value":0.0,"DemBarE":0,"DemBarP":0,"BarRetP":0},{"id":83,"time":86,"name":"S-Km6100","marginal_cost":0.0,"value":0.0,"DemBarE":0,"DemBarP":0,"BarRetP":0},{"id":83,"time":87,"name":"S-Km6100","marginal_cost":0.0,"value":0.0,"DemBarE":0,"DemBarP":0,"BarRetP":0},{"id":83,"time":88,"name":"S-Km6100","marginal_cost":0.0,"value":0.0,"DemBarE":0,"DemBarP":0,"BarRetP":0},{"id":83,"time":89,"name":"S-Km6100","marginal_cost":0.0,"value":0.0,"DemBarE":0,"DemBarP":0,"BarRetP":0},{"id":83,"time":90,"name":"S-Km6100","marginal_cost":0.0,"value":0.0,"DemBarE":0,"DemBarP":0,"BarRetP":0},{"id":83,"time":91,"name":"S-Km6100","marginal_cost":0.0,"value":0.0,"DemBarE":0,"DemBarP":0,"BarRetP":0},{"id":83,"time":92,"name":"S-Km6100","marginal_cost":0.0,"value":0.0,"DemBarE":0,"DemBarP":0,"BarRetP":0},{"id":83,"time":93,"name":"S-Km6100","marginal_cost":0.0,"value":0.0,"DemBarE":0,"DemBarP":0,"BarRetP":0},{"id":83,"time":94,"name":"S-Km6100","marginal_cost":0.0,"value":0.0,"DemBarE":0,"DemBarP":0,"BarRetP":0},{"id":83,"time":95,"name":"S-Km6100","marginal_cost":0.0,"value":0.0,"DemBarE":0,"DemBarP":0,"BarRetP":0},{"id":83,"time":96,"name":"S-Km6100","marginal_cost":0.0,"value":0.0,"DemBarE":0,"DemBarP":0,"BarRetP":0},{"id":83,"time":97,"name":"S-Km6100","marginal_cost":0.0,"value":0.0,"DemBarE":0,"DemBarP":0,"BarRetP":0},{"id":83,"time":98,"name":"S-Km6100","marginal_cost":0.0,"value":0.0,"DemBarE":0,"DemBarP":0,"BarRetP":0},{"id":83,"time":99,"name":"S-Km6100","marginal_cost":0.0,"value":0.0,"DemBarE":0,"DemBarP":0,"BarRetP":0},{"id":83,"time":100,"name":"S-Km6100","marginal_cost":0.0,"value":0.0,"DemBarE":0,"DemBarP":0,"BarRetP":0},{"id":83,"time":101,"name":"S-Km6100","marginal_cost":0.0,"value":0.0,"DemBarE":0,"DemBarP":0,"BarRetP":0},{"id":83,"time":102,"name":"S-Km6100","marginal_cost":0.0,"value":0.0,"DemBarE":0,"DemBarP":0,"BarRetP":0},{"id":83,"time":103,"name":"S-Km6100","marginal_cost":0.0,"value":0.0,"DemBarE":0,"DemBarP":0,"BarRetP":0},{"id":83,"time":104,"name":"S-Km6100","marginal_cost":0.0,"value":0.0,"DemBarE":0,"DemBarP":0,"BarRetP":0},{"id":83,"time":105,"name":"S-Km6100","marginal_cost":0.0,"value":0.0,"DemBarE":0,"DemBarP":0,"BarRetP":0},{"id":83,"time":106,"name":"S-Km6100","marginal_cost":0.0,"value":0.0,"DemBarE":0,"DemBarP":0,"BarRetP":0},{"id":83,"time":107,"name":"S-Km6100","marginal_cost":0.0,"value":0.0,"DemBarE":0,"DemBarP":0,"BarRetP":0},{"id":83,"time":108,"name":"S-Km6100","marginal_cost":0.0,"value":0.0,"DemBarE":0,"DemBarP":0,"BarRetP":0},{"id":83,"time":109,"name":"S-Km6100","marginal_cost":0.0,"value":0.0,"DemBarE":0,"DemBarP":0,"BarRetP":0},{"id":83,"time":110,"name":"S-Km6100","marginal_cost":0.0,"value":0.0,"DemBarE":0,"DemBarP":0,"BarRetP":0},{"id":83,"time":111,"name":"S-Km6100","marginal_cost":0.0,"value":0.0,"DemBarE":0,"DemBarP":0,"BarRetP":0},{"id":83,"time":112,"name":"S-Km6100","marginal_cost":0.0,"value":0.0,"DemBarE":0,"DemBarP":0,"BarRetP":0},{"id":83,"time":113,"name":"S-Km6100","marginal_cost":0.0,"value":0.0,"DemBarE":0,"DemBarP":0,"BarRetP":0},{"id":83,"time":114,"name":"S-Km6100","marginal_cost":0.0,"value":0.0,"DemBarE":0,"DemBarP":0,"BarRetP":0},{"id":83,"time":115,"name":"S-Km6100","marginal_cost":0.0,"value":0.0,"DemBarE":0,"DemBarP":0,"BarRetP":0},{"id":83,"time":116,"name":"S-Km6100","marginal_cost":0.0,"value":0.0,"DemBarE":0,"DemBarP":0,"BarRetP":0},{"id":83,"time":117,"name":"S-Km6100","marginal_cost":0.0,"value":0.0,"DemBarE":0,"DemBarP":0,"BarRetP":0},{"id":83,"time":118,"name":"S-Km6100","marginal_cost":0.0,"value":0.0,"DemBarE":0,"DemBarP":0,"BarRetP":0},{"id":83,"time":119,"name":"S-Km6100","marginal_cost":0.0,"value":0.0,"DemBarE":0,"DemBarP":0,"BarRetP":0},{"id":83,"time":120,"name":"S-Km6100","marginal_cost":0.0,"value":0.0,"DemBarE":0,"DemBarP":0,"BarRetP":0},{"id":83,"time":121,"name":"S-Km6100","marginal_cost":0.0,"value":0.0,"DemBarE":0,"DemBarP":0,"BarRetP":0},{"id":83,"time":122,"name":"S-Km6100","marginal_cost":0.0,"value":0.0,"DemBarE":0,"DemBarP":0,"BarRetP":0},{"id":83,"time":123,"name":"S-Km6100","marginal_cost":0.0,"value":0.0,"DemBarE":0,"DemBarP":0,"BarRetP":0},{"id":83,"time":124,"name":"S-Km6100","marginal_cost":0.0,"value":0.0,"DemBarE":0,"DemBarP":0,"BarRetP":0},{"id":83,"time":125,"name":"S-Km6100","marginal_cost":0.0,"value":0.0,"DemBarE":0,"DemBarP":0,"BarRetP":0},{"id":83,"time":126,"name":"S-Km6100","marginal_cost":0.0,"value":0.0,"DemBarE":0,"DemBarP":0,"BarRetP":0},{"id":83,"time":127,"name":"S-Km6100","marginal_cost":0.0,"value":0.0,"DemBarE":0,"DemBarP":0,"BarRetP":0},{"id":83,"time":128,"name":"S-Km6100","marginal_cost":0.0,"value":0.0,"DemBarE":0,"DemBarP":0,"BarRetP":0},{"id":83,"time":129,"name":"S-Km6100","marginal_cost":0.0,"value":0.0,"DemBarE":0,"DemBarP":0,"BarRetP":0},{"id":83,"time":130,"name":"S-Km6100","marginal_cost":0.0,"value":0.0,"DemBarE":0,"DemBarP":0,"BarRetP":0},{"id":83,"time":131,"name":"S-Km6100","marginal_cost":0.0,"value":0.0,"DemBarE":0,"DemBarP":0,"BarRetP":0},{"id":83,"time":132,"name":"S-Km6100","marginal_cost":0.0,"value":0.0,"DemBarE":0,"DemBarP":0,"BarRetP":0},{"id":83,"time":133,"name":"S-Km6100","marginal_cost":0.0,"value":0.0,"DemBarE":0,"DemBarP":0,"BarRetP":0},{"id":83,"time":134,"name":"S-Km6100","marginal_cost":0.0,"value":0.0,"DemBarE":0,"DemBarP":0,"BarRetP":0},{"id":83,"time":135,"name":"S-Km6100","marginal_cost":0.0,"value":0.0,"DemBarE":0,"DemBarP":0,"BarRetP":0},{"id":83,"time":136,"name":"S-Km6100","marginal_cost":0.0,"value":0.0,"DemBarE":0,"DemBarP":0,"BarRetP":0},{"id":83,"time":137,"name":"S-Km6100","marginal_cost":0.0,"value":0.0,"DemBarE":0,"DemBarP":0,"BarRetP":0},{"id":83,"time":138,"name":"S-Km6100","marginal_cost":0.0,"value":0.0,"DemBarE":0,"DemBarP":0,"BarRetP":0},{"id":83,"time":139,"name":"S-Km6100","marginal_cost":0.0,"value":0.0,"DemBarE":0,"DemBarP":0,"BarRetP":0},{"id":83,"time":140,"name":"S-Km6100","marginal_cost":0.0,"value":0.0,"DemBarE":0,"DemBarP":0,"BarRetP":0},{"id":83,"time":141,"name":"S-Km6100","marginal_cost":0.0,"value":0.0,"DemBarE":0,"DemBarP":0,"BarRetP":0},{"id":83,"time":142,"name":"S-Km6100","marginal_cost":0.0,"value":0.0,"DemBarE":0,"DemBarP":0,"BarRetP":0},{"id":83,"time":143,"name":"S-Km6100","marginal_cost":0.0,"value":0.0,"DemBarE":0,"DemBarP":0,"BarRetP":0},{"id":83,"time":144,"name":"S-Km6100","marginal_cost":0.0,"value":0.0,"DemBarE":0,"DemBarP":0,"BarRetP":0},{"id":83,"time":145,"name":"S-Km6100","marginal_cost":0.0,"value":0.0,"DemBarE":0,"DemBarP":0,"BarRetP":0},{"id":83,"time":146,"name":"S-Km6100","marginal_cost":0.0,"value":0.0,"DemBarE":0,"DemBarP":0,"BarRetP":0},{"id":83,"time":147,"name":"S-Km6100","marginal_cost":0.0,"value":0.0,"DemBarE":0,"DemBarP":0,"BarRetP":0},{"id":83,"time":148,"name":"S-Km6100","marginal_cost":0.0,"value":0.0,"DemBarE":0,"DemBarP":0,"BarRetP":0},{"id":83,"time":149,"name":"S-Km6100","marginal_cost":0.0,"value":0.0,"DemBarE":0,"DemBarP":0,"BarRetP":0},{"id":83,"time":150,"name":"S-Km6100","marginal_cost":0.0,"value":0.0,"DemBarE":0,"DemBarP":0,"BarRetP":0},{"id":83,"time":151,"name":"S-Km6100","marginal_cost":0.0,"value":0.0,"DemBarE":0,"DemBarP":0,"BarRetP":0},{"id":83,"time":152,"name":"S-Km6100","marginal_cost":0.0,"value":0.0,"DemBarE":0,"DemBarP":0,"BarRetP":0},{"id":83,"time":153,"name":"S-Km6100","marginal_cost":0.0,"value":0.0,"DemBarE":0,"DemBarP":0,"BarRetP":0},{"id":83,"time":154,"name":"S-Km6100","marginal_cost":0.0,"value":0.0,"DemBarE":0,"DemBarP":0,"BarRetP":0},{"id":83,"time":155,"name":"S-Km6100","marginal_cost":0.0,"value":0.0,"DemBarE":0,"DemBarP":0,"BarRetP":0},{"id":83,"time":156,"name":"S-Km6100","marginal_cost":0.0,"value":0.0,"DemBarE":0,"DemBarP":0,"BarRetP":0},{"id":83,"time":157,"name":"S-Km6100","marginal_cost":0.0,"value":0.0,"DemBarE":0,"DemBarP":0,"BarRetP":0},{"id":83,"time":158,"name":"S-Km6100","marginal_cost":0.0,"value":0.0,"DemBarE":0,"DemBarP":0,"BarRetP":0},{"id":83,"time":159,"name":"S-Km6100","marginal_cost":0.0,"value":0.0,"DemBarE":0,"DemBarP":0,"BarRetP":0},{"id":83,"time":160,"name":"S-Km6100","marginal_cost":0.0,"value":0.0,"DemBarE":0,"DemBarP":0,"BarRetP":0},{"id":83,"time":161,"name":"S-Km6100","marginal_cost":0.0,"value":0.0,"DemBarE":0,"DemBarP":0,"BarRetP":0},{"id":83,"time":162,"name":"S-Km6100","marginal_cost":0.0,"value":0.0,"DemBarE":0,"DemBarP":0,"BarRetP":0},{"id":83,"time":163,"name":"S-Km6100","marginal_cost":0.0,"value":0.0,"DemBarE":0,"DemBarP":0,"BarRetP":0},{"id":83,"time":164,"name":"S-Km6100","marginal_cost":0.0,"value":0.0,"DemBarE":0,"DemBarP":0,"BarRetP":0},{"id":83,"time":165,"name":"S-Km6100","marginal_cost":0.0,"value":0.0,"DemBarE":0,"DemBarP":0,"BarRetP":0},{"id":83,"time":166,"name":"S-Km6100","marginal_cost":0.0,"value":0.0,"DemBarE":0,"DemBarP":0,"BarRetP":0},{"id":83,"time":167,"name":"S-Km6100","marginal_cost":0.0,"value":0.0,"DemBarE":0,"DemBarP":0,"BarRetP":0},{"id":83,"time":168,"name":"S-Km6100","marginal_cost":0.0,"value":0.0,"DemBarE":0,"DemBarP":0,"BarRetP":0}]