[{"id":16,"time":1,"name":"Chuquicamata220","marginal_cost":139.6624669965,"value":139.6624669965,"DemBarE":0,"DemBarP":0,"BarRetP":0},{"id":16,"time":2,"name":"Chuquicamata220","marginal_cost":135.8730686605,"value":135.8730686605,"DemBarE":0,"DemBarP":0,"BarRetP":0},{"id":16,"time":3,"name":"Chuquicamata220","marginal_cost":136.7614570061,"value":136.7614570061,"DemBarE":0,"DemBarP":0,"BarRetP":0},{"id":16,"time":4,"name":"Chuquicamata220","marginal_cost":137.1028409227,"value":137.1028409227,"DemBarE":0,"DemBarP":0,"BarRetP":0},{"id":16,"time":5,"name":"Chuquicamata220","marginal_cost":137.1659494113,"value":137.1659494113,"DemBarE":0,"DemBarP":0,"BarRetP":0},{"id":16,"time":6,"name":"Chuquicamata220","marginal_cost":101.5549324205,"value":101.5549324205,"DemBarE":0,"DemBarP":0,"BarRetP":0},{"id":16,"time":7,"name":"Chuquicamata220","marginal_cost":138.1333461784,"value":138.1333461784,"DemBarE":0,"DemBarP":0,"BarRetP":0},{"id":16,"time":8,"name":"Chuquicamata220","marginal_cost":161.5692033861,"value":161.5692033861,"DemBarE":0,"DemBarP":0,"BarRetP":0},{"id":16,"time":9,"name":"Chuquicamata220","marginal_cost":109.9792063715,"value":109.9792063715,"DemBarE":0,"DemBarP":0,"BarRetP":0},{"id":16,"time":10,"name":"Chuquicamata220","marginal_cost":75.4645811598,"value":75.4645811598,"DemBarE":0,"DemBarP":0,"BarRetP":0},{"id":16,"time":11,"name":"Chuquicamata220","marginal_cost":74.0052893912,"value":74.0052893912,"DemBarE":0,"DemBarP":0,"BarRetP":0},{"id":16,"time":12,"name":"Chuquicamata220","marginal_cost":65.3426244222,"value":65.3426244222,"DemBarE":0,"DemBarP":0,"BarRetP":0},{"id":16,"time":13,"name":"Chuquicamata220","marginal_cost":44.8178588327,"value":44.8178588327,"DemBarE":0,"DemBarP":0,"BarRetP":0},{"id":16,"time":14,"name":"Chuquicamata220","marginal_cost":-1.7891117675,"value":-1.7891117675,"DemBarE":0,"DemBarP":0,"BarRetP":0},{"id":16,"time":15,"name":"Chuquicamata220","marginal_cost":-1.4714891956,"value":-1.4714891956,"DemBarE":0,"DemBarP":0,"BarRetP":0},{"id":16,"time":16,"name":"Chuquicamata220","marginal_cost":-1.4779403152,"value":-1.4779403152,"DemBarE":0,"DemBarP":0,"BarRetP":0},{"id":16,"time":17,"name":"Chuquicamata220","marginal_cost":93.8939752653,"value":93.8939752653,"DemBarE":0,"DemBarP":0,"BarRetP":0},{"id":16,"time":18,"name":"Chuquicamata220","marginal_cost":136.4577763196,"value":136.4577763196,"DemBarE":0,"DemBarP":0,"BarRetP":0},{"id":16,"time":19,"name":"Chuquicamata220","marginal_cost":176.5032386606,"value":176.5032386606,"DemBarE":0,"DemBarP":0,"BarRetP":0},{"id":16,"time":20,"name":"Chuquicamata220","marginal_cost":176.5357252005,"value":176.5357252005,"DemBarE":0,"DemBarP":0,"BarRetP":0},{"id":16,"time":21,"name":"Chuquicamata220","marginal_cost":171.2697738539,"value":171.2697738539,"DemBarE":0,"DemBarP":0,"BarRetP":0},{"id":16,"time":22,"name":"Chuquicamata220","marginal_cost":165.8621937013,"value":165.8621937013,"DemBarE":0,"DemBarP":0,"BarRetP":0},{"id":16,"time":23,"name":"Chuquicamata220","marginal_cost":161.6967493257,"value":161.6967493257,"DemBarE":0,"DemBarP":0,"BarRetP":0},{"id":16,"time":24,"name":"Chuquicamata220","marginal_cost":160.5615059976,"value":160.5615059976,"DemBarE":0,"DemBarP":0,"BarRetP":0},{"id":16,"time":25,"name":"Chuquicamata220","marginal_cost":160.2638441694,"value":160.2638441694,"DemBarE":0,"DemBarP":0,"BarRetP":0},{"id":16,"time":26,"name":"Chuquicamata220","marginal_cost":157.8742893794,"value":157.8742893794,"DemBarE":0,"DemBarP":0,"BarRetP":0},{"id":16,"time":27,"name":"Chuquicamata220","marginal_cost":159.1975418671,"value":159.1975418671,"DemBarE":0,"DemBarP":0,"BarRetP":0},{"id":16,"time":28,"name":"Chuquicamata220","marginal_cost":158.3509890575,"value":158.3509890575,"DemBarE":0,"DemBarP":0,"BarRetP":0},{"id":16,"time":29,"name":"Chuquicamata220","marginal_cost":156.9290601578,"value":156.9290601578,"DemBarE":0,"DemBarP":0,"BarRetP":0},{"id":16,"time":30,"name":"Chuquicamata220","marginal_cost":157.7736685207,"value":157.7736685207,"DemBarE":0,"DemBarP":0,"BarRetP":0},{"id":16,"time":31,"name":"Chuquicamata220","marginal_cost":165.1199318285,"value":165.1199318285,"DemBarE":0,"DemBarP":0,"BarRetP":0},{"id":16,"time":32,"name":"Chuquicamata220","marginal_cost":158.9914145068,"value":158.9914145068,"DemBarE":0,"DemBarP":0,"BarRetP":0},{"id":16,"time":33,"name":"Chuquicamata220","marginal_cost":123.6947861076,"value":123.6947861076,"DemBarE":0,"DemBarP":0,"BarRetP":0},{"id":16,"time":34,"name":"Chuquicamata220","marginal_cost":82.2829844172,"value":82.2829844172,"DemBarE":0,"DemBarP":0,"BarRetP":0},{"id":16,"time":35,"name":"Chuquicamata220","marginal_cost":78.6749228709,"value":78.6749228709,"DemBarE":0,"DemBarP":0,"BarRetP":0},{"id":16,"time":36,"name":"Chuquicamata220","marginal_cost":78.5768856499,"value":78.5768856499,"DemBarE":0,"DemBarP":0,"BarRetP":0},{"id":16,"time":37,"name":"Chuquicamata220","marginal_cost":76.8020515538,"value":76.8020515538,"DemBarE":0,"DemBarP":0,"BarRetP":0},{"id":16,"time":38,"name":"Chuquicamata220","marginal_cost":76.8020515538,"value":76.8020515538,"DemBarE":0,"DemBarP":0,"BarRetP":0},{"id":16,"time":39,"name":"Chuquicamata220","marginal_cost":76.8020515538,"value":76.8020515538,"DemBarE":0,"DemBarP":0,"BarRetP":0},{"id":16,"time":40,"name":"Chuquicamata220","marginal_cost":76.8020515538,"value":76.8020515538,"DemBarE":0,"DemBarP":0,"BarRetP":0},{"id":16,"time":41,"name":"Chuquicamata220","marginal_cost":96.964346768,"value":96.964346768,"DemBarE":0,"DemBarP":0,"BarRetP":0},{"id":16,"time":42,"name":"Chuquicamata220","marginal_cost":140.8193125436,"value":140.8193125436,"DemBarE":0,"DemBarP":0,"BarRetP":0},{"id":16,"time":43,"name":"Chuquicamata220","marginal_cost":168.1612128451,"value":168.1612128451,"DemBarE":0,"DemBarP":0,"BarRetP":0},{"id":16,"time":44,"name":"Chuquicamata220","marginal_cost":168.1612128451,"value":168.1612128451,"DemBarE":0,"DemBarP":0,"BarRetP":0},{"id":16,"time":45,"name":"Chuquicamata220","marginal_cost":170.0387706051,"value":170.0387706051,"DemBarE":0,"DemBarP":0,"BarRetP":0},{"id":16,"time":46,"name":"Chuquicamata220","marginal_cost":169.0266371567,"value":169.0266371567,"DemBarE":0,"DemBarP":0,"BarRetP":0},{"id":16,"time":47,"name":"Chuquicamata220","marginal_cost":165.0479584769,"value":165.0479584769,"DemBarE":0,"DemBarP":0,"BarRetP":0},{"id":16,"time":48,"name":"Chuquicamata220","marginal_cost":161.6218728996,"value":161.6218728996,"DemBarE":0,"DemBarP":0,"BarRetP":0},{"id":16,"time":49,"name":"Chuquicamata220","marginal_cost":154.421722753,"value":154.421722753,"DemBarE":0,"DemBarP":0,"BarRetP":0},{"id":16,"time":50,"name":"Chuquicamata220","marginal_cost":157.1518063163,"value":157.1518063163,"DemBarE":0,"DemBarP":0,"BarRetP":0},{"id":16,"time":51,"name":"Chuquicamata220","marginal_cost":159.6116335092,"value":159.6116335092,"DemBarE":0,"DemBarP":0,"BarRetP":0},{"id":16,"time":52,"name":"Chuquicamata220","marginal_cost":143.7063227798,"value":143.7063227798,"DemBarE":0,"DemBarP":0,"BarRetP":0},{"id":16,"time":53,"name":"Chuquicamata220","marginal_cost":143.7063227798,"value":143.7063227798,"DemBarE":0,"DemBarP":0,"BarRetP":0},{"id":16,"time":54,"name":"Chuquicamata220","marginal_cost":142.3541141406,"value":142.3541141406,"DemBarE":0,"DemBarP":0,"BarRetP":0},{"id":16,"time":55,"name":"Chuquicamata220","marginal_cost":141.2750492854,"value":141.2750492854,"DemBarE":0,"DemBarP":0,"BarRetP":0},{"id":16,"time":56,"name":"Chuquicamata220","marginal_cost":136.3605415788,"value":136.3605415788,"DemBarE":0,"DemBarP":0,"BarRetP":0},{"id":16,"time":57,"name":"Chuquicamata220","marginal_cost":101.9708842757,"value":101.9708842757,"DemBarE":0,"DemBarP":0,"BarRetP":0},{"id":16,"time":58,"name":"Chuquicamata220","marginal_cost":79.7318672771,"value":79.7318672771,"DemBarE":0,"DemBarP":0,"BarRetP":0},{"id":16,"time":59,"name":"Chuquicamata220","marginal_cost":78.3791407829,"value":78.3791407829,"DemBarE":0,"DemBarP":0,"BarRetP":0},{"id":16,"time":60,"name":"Chuquicamata220","marginal_cost":77.7002623114,"value":77.7002623114,"DemBarE":0,"DemBarP":0,"BarRetP":0},{"id":16,"time":61,"name":"Chuquicamata220","marginal_cost":-2.0924557202,"value":-2.0924557202,"DemBarE":0,"DemBarP":0,"BarRetP":0},{"id":16,"time":62,"name":"Chuquicamata220","marginal_cost":-2.0924557202,"value":-2.0924557202,"DemBarE":0,"DemBarP":0,"BarRetP":0},{"id":16,"time":63,"name":"Chuquicamata220","marginal_cost":-1.7966630991,"value":-1.7966630991,"DemBarE":0,"DemBarP":0,"BarRetP":0},{"id":16,"time":64,"name":"Chuquicamata220","marginal_cost":-1.2247495297,"value":-1.2247495297,"DemBarE":0,"DemBarP":0,"BarRetP":0},{"id":16,"time":65,"name":"Chuquicamata220","marginal_cost":114.4781307751,"value":114.4781307751,"DemBarE":0,"DemBarP":0,"BarRetP":0},{"id":16,"time":66,"name":"Chuquicamata220","marginal_cost":114.4781307751,"value":114.4781307751,"DemBarE":0,"DemBarP":0,"BarRetP":0},{"id":16,"time":67,"name":"Chuquicamata220","marginal_cost":168.9289539491,"value":168.9289539491,"DemBarE":0,"DemBarP":0,"BarRetP":0},{"id":16,"time":68,"name":"Chuquicamata220","marginal_cost":165.4509271102,"value":165.4509271102,"DemBarE":0,"DemBarP":0,"BarRetP":0},{"id":16,"time":69,"name":"Chuquicamata220","marginal_cost":165.4509271102,"value":165.4509271102,"DemBarE":0,"DemBarP":0,"BarRetP":0},{"id":16,"time":70,"name":"Chuquicamata220","marginal_cost":166.5385417162,"value":166.5385417162,"DemBarE":0,"DemBarP":0,"BarRetP":0},{"id":16,"time":71,"name":"Chuquicamata220","marginal_cost":158.1808836463,"value":158.1808836463,"DemBarE":0,"DemBarP":0,"BarRetP":0},{"id":16,"time":72,"name":"Chuquicamata220","marginal_cost":155.7320399596,"value":155.7320399596,"DemBarE":0,"DemBarP":0,"BarRetP":0},{"id":16,"time":73,"name":"Chuquicamata220","marginal_cost":153.7181500572,"value":153.7181500572,"DemBarE":0,"DemBarP":0,"BarRetP":0},{"id":16,"time":74,"name":"Chuquicamata220","marginal_cost":154.2223428461,"value":154.2223428461,"DemBarE":0,"DemBarP":0,"BarRetP":0},{"id":16,"time":75,"name":"Chuquicamata220","marginal_cost":141.6609769036,"value":141.6609769036,"DemBarE":0,"DemBarP":0,"BarRetP":0},{"id":16,"time":76,"name":"Chuquicamata220","marginal_cost":141.6609769036,"value":141.6609769036,"DemBarE":0,"DemBarP":0,"BarRetP":0},{"id":16,"time":77,"name":"Chuquicamata220","marginal_cost":141.6609769036,"value":141.6609769036,"DemBarE":0,"DemBarP":0,"BarRetP":0},{"id":16,"time":78,"name":"Chuquicamata220","marginal_cost":141.6609769036,"value":141.6609769036,"DemBarE":0,"DemBarP":0,"BarRetP":0},{"id":16,"time":79,"name":"Chuquicamata220","marginal_cost":141.6609769036,"value":141.6609769036,"DemBarE":0,"DemBarP":0,"BarRetP":0},{"id":16,"time":80,"name":"Chuquicamata220","marginal_cost":122.9632832976,"value":122.9632832976,"DemBarE":0,"DemBarP":0,"BarRetP":0},{"id":16,"time":81,"name":"Chuquicamata220","marginal_cost":122.9632832976,"value":122.9632832976,"DemBarE":0,"DemBarP":0,"BarRetP":0},{"id":16,"time":82,"name":"Chuquicamata220","marginal_cost":79.237357655,"value":79.237357655,"DemBarE":0,"DemBarP":0,"BarRetP":0},{"id":16,"time":83,"name":"Chuquicamata220","marginal_cost":79.237357655,"value":79.237357655,"DemBarE":0,"DemBarP":0,"BarRetP":0},{"id":16,"time":84,"name":"Chuquicamata220","marginal_cost":76.043051483,"value":76.043051483,"DemBarE":0,"DemBarP":0,"BarRetP":0},{"id":16,"time":85,"name":"Chuquicamata220","marginal_cost":76.043051483,"value":76.043051483,"DemBarE":0,"DemBarP":0,"BarRetP":0},{"id":16,"time":86,"name":"Chuquicamata220","marginal_cost":78.5624049806,"value":78.5624049806,"DemBarE":0,"DemBarP":0,"BarRetP":0},{"id":16,"time":87,"name":"Chuquicamata220","marginal_cost":78.5624049806,"value":78.5624049806,"DemBarE":0,"DemBarP":0,"BarRetP":0},{"id":16,"time":88,"name":"Chuquicamata220","marginal_cost":78.5624049806,"value":78.5624049806,"DemBarE":0,"DemBarP":0,"BarRetP":0},{"id":16,"time":89,"name":"Chuquicamata220","marginal_cost":78.5624049806,"value":78.5624049806,"DemBarE":0,"DemBarP":0,"BarRetP":0},{"id":16,"time":90,"name":"Chuquicamata220","marginal_cost":78.5624049806,"value":78.5624049806,"DemBarE":0,"DemBarP":0,"BarRetP":0},{"id":16,"time":91,"name":"Chuquicamata220","marginal_cost":151.4490144614,"value":151.4490144614,"DemBarE":0,"DemBarP":0,"BarRetP":0},{"id":16,"time":92,"name":"Chuquicamata220","marginal_cost":151.4490144614,"value":151.4490144614,"DemBarE":0,"DemBarP":0,"BarRetP":0},{"id":16,"time":93,"name":"Chuquicamata220","marginal_cost":155.8818298598,"value":155.8818298598,"DemBarE":0,"DemBarP":0,"BarRetP":0},{"id":16,"time":94,"name":"Chuquicamata220","marginal_cost":154.2671246617,"value":154.2671246617,"DemBarE":0,"DemBarP":0,"BarRetP":0},{"id":16,"time":95,"name":"Chuquicamata220","marginal_cost":152.8964570755,"value":152.8964570755,"DemBarE":0,"DemBarP":0,"BarRetP":0},{"id":16,"time":96,"name":"Chuquicamata220","marginal_cost":153.5445723833,"value":153.5445723833,"DemBarE":0,"DemBarP":0,"BarRetP":0},{"id":16,"time":97,"name":"Chuquicamata220","marginal_cost":153.1365195826,"value":153.1365195826,"DemBarE":0,"DemBarP":0,"BarRetP":0},{"id":16,"time":98,"name":"Chuquicamata220","marginal_cost":150.236965422,"value":150.236965422,"DemBarE":0,"DemBarP":0,"BarRetP":0},{"id":16,"time":99,"name":"Chuquicamata220","marginal_cost":153.1918766815,"value":153.1918766815,"DemBarE":0,"DemBarP":0,"BarRetP":0},{"id":16,"time":100,"name":"Chuquicamata220","marginal_cost":154.5880224242,"value":154.5880224242,"DemBarE":0,"DemBarP":0,"BarRetP":0},{"id":16,"time":101,"name":"Chuquicamata220","marginal_cost":154.5880224242,"value":154.5880224242,"DemBarE":0,"DemBarP":0,"BarRetP":0},{"id":16,"time":102,"name":"Chuquicamata220","marginal_cost":154.5880224242,"value":154.5880224242,"DemBarE":0,"DemBarP":0,"BarRetP":0},{"id":16,"time":103,"name":"Chuquicamata220","marginal_cost":153.8498056058,"value":153.8498056058,"DemBarE":0,"DemBarP":0,"BarRetP":0},{"id":16,"time":104,"name":"Chuquicamata220","marginal_cost":128.9087797068,"value":128.9087797068,"DemBarE":0,"DemBarP":0,"BarRetP":0},{"id":16,"time":105,"name":"Chuquicamata220","marginal_cost":128.9087797068,"value":128.9087797068,"DemBarE":0,"DemBarP":0,"BarRetP":0},{"id":16,"time":106,"name":"Chuquicamata220","marginal_cost":81.0734249246,"value":81.0734249246,"DemBarE":0,"DemBarP":0,"BarRetP":0},{"id":16,"time":107,"name":"Chuquicamata220","marginal_cost":80.4915006351,"value":80.4915006351,"DemBarE":0,"DemBarP":0,"BarRetP":0},{"id":16,"time":108,"name":"Chuquicamata220","marginal_cost":79.4268270968,"value":79.4268270968,"DemBarE":0,"DemBarP":0,"BarRetP":0},{"id":16,"time":109,"name":"Chuquicamata220","marginal_cost":79.4268270968,"value":79.4268270968,"DemBarE":0,"DemBarP":0,"BarRetP":0},{"id":16,"time":110,"name":"Chuquicamata220","marginal_cost":79.0295050659,"value":79.0295050659,"DemBarE":0,"DemBarP":0,"BarRetP":0},{"id":16,"time":111,"name":"Chuquicamata220","marginal_cost":79.050740153,"value":79.050740153,"DemBarE":0,"DemBarP":0,"BarRetP":0},{"id":16,"time":112,"name":"Chuquicamata220","marginal_cost":79.050740153,"value":79.050740153,"DemBarE":0,"DemBarP":0,"BarRetP":0},{"id":16,"time":113,"name":"Chuquicamata220","marginal_cost":132.0945724715,"value":132.0945724715,"DemBarE":0,"DemBarP":0,"BarRetP":0},{"id":16,"time":114,"name":"Chuquicamata220","marginal_cost":132.0945724715,"value":132.0945724715,"DemBarE":0,"DemBarP":0,"BarRetP":0},{"id":16,"time":115,"name":"Chuquicamata220","marginal_cost":132.0945724715,"value":132.0945724715,"DemBarE":0,"DemBarP":0,"BarRetP":0},{"id":16,"time":116,"name":"Chuquicamata220","marginal_cost":159.1888741599,"value":159.1888741599,"DemBarE":0,"DemBarP":0,"BarRetP":0},{"id":16,"time":117,"name":"Chuquicamata220","marginal_cost":159.1888741599,"value":159.1888741599,"DemBarE":0,"DemBarP":0,"BarRetP":0},{"id":16,"time":118,"name":"Chuquicamata220","marginal_cost":159.1888741599,"value":159.1888741599,"DemBarE":0,"DemBarP":0,"BarRetP":0},{"id":16,"time":119,"name":"Chuquicamata220","marginal_cost":159.4234081631,"value":159.4234081631,"DemBarE":0,"DemBarP":0,"BarRetP":0},{"id":16,"time":120,"name":"Chuquicamata220","marginal_cost":155.7658538851,"value":155.7658538851,"DemBarE":0,"DemBarP":0,"BarRetP":0},{"id":16,"time":121,"name":"Chuquicamata220","marginal_cost":155.7198662564,"value":155.7198662564,"DemBarE":0,"DemBarP":0,"BarRetP":0},{"id":16,"time":122,"name":"Chuquicamata220","marginal_cost":155.8938526214,"value":155.8938526214,"DemBarE":0,"DemBarP":0,"BarRetP":0},{"id":16,"time":123,"name":"Chuquicamata220","marginal_cost":148.2417087644,"value":148.2417087644,"DemBarE":0,"DemBarP":0,"BarRetP":0},{"id":16,"time":124,"name":"Chuquicamata220","marginal_cost":148.2417087644,"value":148.2417087644,"DemBarE":0,"DemBarP":0,"BarRetP":0},{"id":16,"time":125,"name":"Chuquicamata220","marginal_cost":148.2417087644,"value":148.2417087644,"DemBarE":0,"DemBarP":0,"BarRetP":0},{"id":16,"time":126,"name":"Chuquicamata220","marginal_cost":148.2417087644,"value":148.2417087644,"DemBarE":0,"DemBarP":0,"BarRetP":0},{"id":16,"time":127,"name":"Chuquicamata220","marginal_cost":148.5489954415,"value":148.5489954415,"DemBarE":0,"DemBarP":0,"BarRetP":0},{"id":16,"time":128,"name":"Chuquicamata220","marginal_cost":146.0877437766,"value":146.0877437766,"DemBarE":0,"DemBarP":0,"BarRetP":0},{"id":16,"time":129,"name":"Chuquicamata220","marginal_cost":125.6588173587,"value":125.6588173587,"DemBarE":0,"DemBarP":0,"BarRetP":0},{"id":16,"time":130,"name":"Chuquicamata220","marginal_cost":95.5118827408,"value":95.5118827408,"DemBarE":0,"DemBarP":0,"BarRetP":0},{"id":16,"time":131,"name":"Chuquicamata220","marginal_cost":79.3394795926,"value":79.3394795926,"DemBarE":0,"DemBarP":0,"BarRetP":0},{"id":16,"time":132,"name":"Chuquicamata220","marginal_cost":80.6578293728,"value":80.6578293728,"DemBarE":0,"DemBarP":0,"BarRetP":0},{"id":16,"time":133,"name":"Chuquicamata220","marginal_cost":79.7617716315,"value":79.7617716315,"DemBarE":0,"DemBarP":0,"BarRetP":0},{"id":16,"time":134,"name":"Chuquicamata220","marginal_cost":79.7617716315,"value":79.7617716315,"DemBarE":0,"DemBarP":0,"BarRetP":0},{"id":16,"time":135,"name":"Chuquicamata220","marginal_cost":79.7617716315,"value":79.7617716315,"DemBarE":0,"DemBarP":0,"BarRetP":0},{"id":16,"time":136,"name":"Chuquicamata220","marginal_cost":79.7617716315,"value":79.7617716315,"DemBarE":0,"DemBarP":0,"BarRetP":0},{"id":16,"time":137,"name":"Chuquicamata220","marginal_cost":147.5145427568,"value":147.5145427568,"DemBarE":0,"DemBarP":0,"BarRetP":0},{"id":16,"time":138,"name":"Chuquicamata220","marginal_cost":147.5145427568,"value":147.5145427568,"DemBarE":0,"DemBarP":0,"BarRetP":0},{"id":16,"time":139,"name":"Chuquicamata220","marginal_cost":147.5145427568,"value":147.5145427568,"DemBarE":0,"DemBarP":0,"BarRetP":0},{"id":16,"time":140,"name":"Chuquicamata220","marginal_cost":147.5145427568,"value":147.5145427568,"DemBarE":0,"DemBarP":0,"BarRetP":0},{"id":16,"time":141,"name":"Chuquicamata220","marginal_cost":147.5145427568,"value":147.5145427568,"DemBarE":0,"DemBarP":0,"BarRetP":0},{"id":16,"time":142,"name":"Chuquicamata220","marginal_cost":147.5145427568,"value":147.5145427568,"DemBarE":0,"DemBarP":0,"BarRetP":0},{"id":16,"time":143,"name":"Chuquicamata220","marginal_cost":155.2383887805,"value":155.2383887805,"DemBarE":0,"DemBarP":0,"BarRetP":0},{"id":16,"time":144,"name":"Chuquicamata220","marginal_cost":154.2322537531,"value":154.2322537531,"DemBarE":0,"DemBarP":0,"BarRetP":0},{"id":16,"time":145,"name":"Chuquicamata220","marginal_cost":155.1545258167,"value":155.1545258167,"DemBarE":0,"DemBarP":0,"BarRetP":0},{"id":16,"time":146,"name":"Chuquicamata220","marginal_cost":151.645868929,"value":151.645868929,"DemBarE":0,"DemBarP":0,"BarRetP":0},{"id":16,"time":147,"name":"Chuquicamata220","marginal_cost":150.6951530299,"value":150.6951530299,"DemBarE":0,"DemBarP":0,"BarRetP":0},{"id":16,"time":148,"name":"Chuquicamata220","marginal_cost":150.6951530299,"value":150.6951530299,"DemBarE":0,"DemBarP":0,"BarRetP":0},{"id":16,"time":149,"name":"Chuquicamata220","marginal_cost":150.6951530299,"value":150.6951530299,"DemBarE":0,"DemBarP":0,"BarRetP":0},{"id":16,"time":150,"name":"Chuquicamata220","marginal_cost":150.6951530299,"value":150.6951530299,"DemBarE":0,"DemBarP":0,"BarRetP":0},{"id":16,"time":151,"name":"Chuquicamata220","marginal_cost":150.5881358959,"value":150.5881358959,"DemBarE":0,"DemBarP":0,"BarRetP":0},{"id":16,"time":152,"name":"Chuquicamata220","marginal_cost":129.0500270735,"value":129.0500270735,"DemBarE":0,"DemBarP":0,"BarRetP":0},{"id":16,"time":153,"name":"Chuquicamata220","marginal_cost":129.0500270735,"value":129.0500270735,"DemBarE":0,"DemBarP":0,"BarRetP":0},{"id":16,"time":154,"name":"Chuquicamata220","marginal_cost":95.1253988571,"value":95.1253988571,"DemBarE":0,"DemBarP":0,"BarRetP":0},{"id":16,"time":155,"name":"Chuquicamata220","marginal_cost":95.1253988571,"value":95.1253988571,"DemBarE":0,"DemBarP":0,"BarRetP":0},{"id":16,"time":156,"name":"Chuquicamata220","marginal_cost":94.1466720909,"value":94.1466720909,"DemBarE":0,"DemBarP":0,"BarRetP":0},{"id":16,"time":157,"name":"Chuquicamata220","marginal_cost":79.9570884034,"value":79.9570884034,"DemBarE":0,"DemBarP":0,"BarRetP":0},{"id":16,"time":158,"name":"Chuquicamata220","marginal_cost":79.9570884034,"value":79.9570884034,"DemBarE":0,"DemBarP":0,"BarRetP":0},{"id":16,"time":159,"name":"Chuquicamata220","marginal_cost":79.9570884034,"value":79.9570884034,"DemBarE":0,"DemBarP":0,"BarRetP":0},{"id":16,"time":160,"name":"Chuquicamata220","marginal_cost":95.4412913408,"value":95.4412913408,"DemBarE":0,"DemBarP":0,"BarRetP":0},{"id":16,"time":161,"name":"Chuquicamata220","marginal_cost":95.4412913408,"value":95.4412913408,"DemBarE":0,"DemBarP":0,"BarRetP":0},{"id":16,"time":162,"name":"Chuquicamata220","marginal_cost":131.7479439006,"value":131.7479439006,"DemBarE":0,"DemBarP":0,"BarRetP":0},{"id":16,"time":163,"name":"Chuquicamata220","marginal_cost":155.3115115638,"value":155.3115115638,"DemBarE":0,"DemBarP":0,"BarRetP":0},{"id":16,"time":164,"name":"Chuquicamata220","marginal_cost":155.3115115638,"value":155.3115115638,"DemBarE":0,"DemBarP":0,"BarRetP":0},{"id":16,"time":165,"name":"Chuquicamata220","marginal_cost":155.3115115638,"value":155.3115115638,"DemBarE":0,"DemBarP":0,"BarRetP":0},{"id":16,"time":166,"name":"Chuquicamata220","marginal_cost":155.3115115638,"value":155.3115115638,"DemBarE":0,"DemBarP":0,"BarRetP":0},{"id":16,"time":167,"name":"Chuquicamata220","marginal_cost":154.3609059582,"value":154.3609059582,"DemBarE":0,"DemBarP":0,"BarRetP":0},{"id":16,"time":168,"name":"Chuquicamata220","marginal_cost":153.9703063645,"value":153.9703063645,"DemBarE":0,"DemBarP":0,"BarRetP":0}]