[{"id":195,"time":1,"name":"SCristobal110","marginal_cost":161.8538211309,"value":161.8538211309,"DemBarE":0,"DemBarP":0,"BarRetP":0},{"id":195,"time":2,"name":"SCristobal110","marginal_cost":161.8625712785,"value":161.8625712785,"DemBarE":0,"DemBarP":0,"BarRetP":0},{"id":195,"time":3,"name":"SCristobal110","marginal_cost":160.4367957204,"value":160.4367957204,"DemBarE":0,"DemBarP":0,"BarRetP":0},{"id":195,"time":4,"name":"SCristobal110","marginal_cost":159.3279202367,"value":159.3279202367,"DemBarE":0,"DemBarP":0,"BarRetP":0},{"id":195,"time":5,"name":"SCristobal110","marginal_cost":141.190702312,"value":141.190702312,"DemBarE":0,"DemBarP":0,"BarRetP":0},{"id":195,"time":6,"name":"SCristobal110","marginal_cost":123.452765916,"value":123.452765916,"DemBarE":0,"DemBarP":0,"BarRetP":0},{"id":195,"time":7,"name":"SCristobal110","marginal_cost":168.8836529938,"value":168.8836529938,"DemBarE":0,"DemBarP":0,"BarRetP":0},{"id":195,"time":8,"name":"SCristobal110","marginal_cost":172.9394908878,"value":172.9394908878,"DemBarE":0,"DemBarP":0,"BarRetP":0},{"id":195,"time":9,"name":"SCristobal110","marginal_cost":162.7469194702,"value":162.7469194702,"DemBarE":0,"DemBarP":0,"BarRetP":0},{"id":195,"time":10,"name":"SCristobal110","marginal_cost":162.0816525335,"value":162.0816525335,"DemBarE":0,"DemBarP":0,"BarRetP":0},{"id":195,"time":11,"name":"SCristobal110","marginal_cost":162.4318761857,"value":162.4318761857,"DemBarE":0,"DemBarP":0,"BarRetP":0},{"id":195,"time":12,"name":"SCristobal110","marginal_cost":163.1736967002,"value":163.1736967002,"DemBarE":0,"DemBarP":0,"BarRetP":0},{"id":195,"time":13,"name":"SCristobal110","marginal_cost":162.6987525601,"value":162.6987525601,"DemBarE":0,"DemBarP":0,"BarRetP":0},{"id":195,"time":14,"name":"SCristobal110","marginal_cost":162.3914281916,"value":162.3914281916,"DemBarE":0,"DemBarP":0,"BarRetP":0},{"id":195,"time":15,"name":"SCristobal110","marginal_cost":162.8932319971,"value":162.8932319971,"DemBarE":0,"DemBarP":0,"BarRetP":0},{"id":195,"time":16,"name":"SCristobal110","marginal_cost":162.4134685687,"value":162.4134685687,"DemBarE":0,"DemBarP":0,"BarRetP":0},{"id":195,"time":17,"name":"SCristobal110","marginal_cost":162.6629421818,"value":162.6629421818,"DemBarE":0,"DemBarP":0,"BarRetP":0},{"id":195,"time":18,"name":"SCristobal110","marginal_cost":164.1155935522,"value":164.1155935522,"DemBarE":0,"DemBarP":0,"BarRetP":0},{"id":195,"time":19,"name":"SCristobal110","marginal_cost":184.5497600482,"value":184.5497600482,"DemBarE":0,"DemBarP":0,"BarRetP":0},{"id":195,"time":20,"name":"SCristobal110","marginal_cost":186.3190333691,"value":186.3190333691,"DemBarE":0,"DemBarP":0,"BarRetP":0},{"id":195,"time":21,"name":"SCristobal110","marginal_cost":176.5909539616,"value":176.5909539616,"DemBarE":0,"DemBarP":0,"BarRetP":0},{"id":195,"time":22,"name":"SCristobal110","marginal_cost":174.5263986865,"value":174.5263986865,"DemBarE":0,"DemBarP":0,"BarRetP":0},{"id":195,"time":23,"name":"SCristobal110","marginal_cost":171.7246718743,"value":171.7246718743,"DemBarE":0,"DemBarP":0,"BarRetP":0},{"id":195,"time":24,"name":"SCristobal110","marginal_cost":170.9204763326,"value":170.9204763326,"DemBarE":0,"DemBarP":0,"BarRetP":0},{"id":195,"time":25,"name":"SCristobal110","marginal_cost":160.9297386431,"value":160.9297386431,"DemBarE":0,"DemBarP":0,"BarRetP":0},{"id":195,"time":26,"name":"SCristobal110","marginal_cost":160.6173957904,"value":160.6173957904,"DemBarE":0,"DemBarP":0,"BarRetP":0},{"id":195,"time":27,"name":"SCristobal110","marginal_cost":160.247018485,"value":160.247018485,"DemBarE":0,"DemBarP":0,"BarRetP":0},{"id":195,"time":28,"name":"SCristobal110","marginal_cost":160.0906095913,"value":160.0906095913,"DemBarE":0,"DemBarP":0,"BarRetP":0},{"id":195,"time":29,"name":"SCristobal110","marginal_cost":159.0322268269,"value":159.0322268269,"DemBarE":0,"DemBarP":0,"BarRetP":0},{"id":195,"time":30,"name":"SCristobal110","marginal_cost":160.5830329992,"value":160.5830329992,"DemBarE":0,"DemBarP":0,"BarRetP":0},{"id":195,"time":31,"name":"SCristobal110","marginal_cost":167.2220764046,"value":167.2220764046,"DemBarE":0,"DemBarP":0,"BarRetP":0},{"id":195,"time":32,"name":"SCristobal110","marginal_cost":173.7299463261,"value":173.7299463261,"DemBarE":0,"DemBarP":0,"BarRetP":0},{"id":195,"time":33,"name":"SCristobal110","marginal_cost":162.1231028218,"value":162.1231028218,"DemBarE":0,"DemBarP":0,"BarRetP":0},{"id":195,"time":34,"name":"SCristobal110","marginal_cost":162.8572393214,"value":162.8572393214,"DemBarE":0,"DemBarP":0,"BarRetP":0},{"id":195,"time":35,"name":"SCristobal110","marginal_cost":163.2831277513,"value":163.2831277513,"DemBarE":0,"DemBarP":0,"BarRetP":0},{"id":195,"time":36,"name":"SCristobal110","marginal_cost":163.4924714376,"value":163.4924714376,"DemBarE":0,"DemBarP":0,"BarRetP":0},{"id":195,"time":37,"name":"SCristobal110","marginal_cost":163.1721513126,"value":163.1721513126,"DemBarE":0,"DemBarP":0,"BarRetP":0},{"id":195,"time":38,"name":"SCristobal110","marginal_cost":163.1721513126,"value":163.1721513126,"DemBarE":0,"DemBarP":0,"BarRetP":0},{"id":195,"time":39,"name":"SCristobal110","marginal_cost":163.1721513126,"value":163.1721513126,"DemBarE":0,"DemBarP":0,"BarRetP":0},{"id":195,"time":40,"name":"SCristobal110","marginal_cost":163.1721513126,"value":163.1721513126,"DemBarE":0,"DemBarP":0,"BarRetP":0},{"id":195,"time":41,"name":"SCristobal110","marginal_cost":162.843335198,"value":162.843335198,"DemBarE":0,"DemBarP":0,"BarRetP":0},{"id":195,"time":42,"name":"SCristobal110","marginal_cost":162.4240559587,"value":162.4240559587,"DemBarE":0,"DemBarP":0,"BarRetP":0},{"id":195,"time":43,"name":"SCristobal110","marginal_cost":167.9647469821,"value":167.9647469821,"DemBarE":0,"DemBarP":0,"BarRetP":0},{"id":195,"time":44,"name":"SCristobal110","marginal_cost":167.9647469821,"value":167.9647469821,"DemBarE":0,"DemBarP":0,"BarRetP":0},{"id":195,"time":45,"name":"SCristobal110","marginal_cost":167.7858345366,"value":167.7858345366,"DemBarE":0,"DemBarP":0,"BarRetP":0},{"id":195,"time":46,"name":"SCristobal110","marginal_cost":166.2301426863,"value":166.2301426863,"DemBarE":0,"DemBarP":0,"BarRetP":0},{"id":195,"time":47,"name":"SCristobal110","marginal_cost":163.3578354386,"value":163.3578354386,"DemBarE":0,"DemBarP":0,"BarRetP":0},{"id":195,"time":48,"name":"SCristobal110","marginal_cost":161.3129093798,"value":161.3129093798,"DemBarE":0,"DemBarP":0,"BarRetP":0},{"id":195,"time":49,"name":"SCristobal110","marginal_cost":152.7722524972,"value":152.7722524972,"DemBarE":0,"DemBarP":0,"BarRetP":0},{"id":195,"time":50,"name":"SCristobal110","marginal_cost":155.3682744885,"value":155.3682744885,"DemBarE":0,"DemBarP":0,"BarRetP":0},{"id":195,"time":51,"name":"SCristobal110","marginal_cost":155.9891035745,"value":155.9891035745,"DemBarE":0,"DemBarP":0,"BarRetP":0},{"id":195,"time":52,"name":"SCristobal110","marginal_cost":137.8645159096,"value":137.8645159096,"DemBarE":0,"DemBarP":0,"BarRetP":0},{"id":195,"time":53,"name":"SCristobal110","marginal_cost":137.8645159096,"value":137.8645159096,"DemBarE":0,"DemBarP":0,"BarRetP":0},{"id":195,"time":54,"name":"SCristobal110","marginal_cost":137.9044087357,"value":137.9044087357,"DemBarE":0,"DemBarP":0,"BarRetP":0},{"id":195,"time":55,"name":"SCristobal110","marginal_cost":138.7038477998,"value":138.7038477998,"DemBarE":0,"DemBarP":0,"BarRetP":0},{"id":195,"time":56,"name":"SCristobal110","marginal_cost":138.8229521234,"value":138.8229521234,"DemBarE":0,"DemBarP":0,"BarRetP":0},{"id":195,"time":57,"name":"SCristobal110","marginal_cost":125.9794847424,"value":125.9794847424,"DemBarE":0,"DemBarP":0,"BarRetP":0},{"id":195,"time":58,"name":"SCristobal110","marginal_cost":139.9100293409,"value":139.9100293409,"DemBarE":0,"DemBarP":0,"BarRetP":0},{"id":195,"time":59,"name":"SCristobal110","marginal_cost":109.4342893432,"value":109.4342893432,"DemBarE":0,"DemBarP":0,"BarRetP":0},{"id":195,"time":60,"name":"SCristobal110","marginal_cost":138.9335738807,"value":138.9335738807,"DemBarE":0,"DemBarP":0,"BarRetP":0},{"id":195,"time":61,"name":"SCristobal110","marginal_cost":138.4881723019,"value":138.4881723019,"DemBarE":0,"DemBarP":0,"BarRetP":0},{"id":195,"time":62,"name":"SCristobal110","marginal_cost":138.4881723019,"value":138.4881723019,"DemBarE":0,"DemBarP":0,"BarRetP":0},{"id":195,"time":63,"name":"SCristobal110","marginal_cost":121.7542185345,"value":121.7542185345,"DemBarE":0,"DemBarP":0,"BarRetP":0},{"id":195,"time":64,"name":"SCristobal110","marginal_cost":139.2901329372,"value":139.2901329372,"DemBarE":0,"DemBarP":0,"BarRetP":0},{"id":195,"time":65,"name":"SCristobal110","marginal_cost":139.3429570288,"value":139.3429570288,"DemBarE":0,"DemBarP":0,"BarRetP":0},{"id":195,"time":66,"name":"SCristobal110","marginal_cost":139.3429570288,"value":139.3429570288,"DemBarE":0,"DemBarP":0,"BarRetP":0},{"id":195,"time":67,"name":"SCristobal110","marginal_cost":173.2160795338,"value":173.2160795338,"DemBarE":0,"DemBarP":0,"BarRetP":0},{"id":195,"time":68,"name":"SCristobal110","marginal_cost":167.0800324893,"value":167.0800324893,"DemBarE":0,"DemBarP":0,"BarRetP":0},{"id":195,"time":69,"name":"SCristobal110","marginal_cost":167.0800324893,"value":167.0800324893,"DemBarE":0,"DemBarP":0,"BarRetP":0},{"id":195,"time":70,"name":"SCristobal110","marginal_cost":166.5871072504,"value":166.5871072504,"DemBarE":0,"DemBarP":0,"BarRetP":0},{"id":195,"time":71,"name":"SCristobal110","marginal_cost":158.6809767721,"value":158.6809767721,"DemBarE":0,"DemBarP":0,"BarRetP":0},{"id":195,"time":72,"name":"SCristobal110","marginal_cost":157.2156066331,"value":157.2156066331,"DemBarE":0,"DemBarP":0,"BarRetP":0},{"id":195,"time":73,"name":"SCristobal110","marginal_cost":156.7899163075,"value":156.7899163075,"DemBarE":0,"DemBarP":0,"BarRetP":0},{"id":195,"time":74,"name":"SCristobal110","marginal_cost":154.2804973075,"value":154.2804973075,"DemBarE":0,"DemBarP":0,"BarRetP":0},{"id":195,"time":75,"name":"SCristobal110","marginal_cost":138.9902378393,"value":138.9902378393,"DemBarE":0,"DemBarP":0,"BarRetP":0},{"id":195,"time":76,"name":"SCristobal110","marginal_cost":138.9902378393,"value":138.9902378393,"DemBarE":0,"DemBarP":0,"BarRetP":0},{"id":195,"time":77,"name":"SCristobal110","marginal_cost":138.9902378393,"value":138.9902378393,"DemBarE":0,"DemBarP":0,"BarRetP":0},{"id":195,"time":78,"name":"SCristobal110","marginal_cost":138.9902378393,"value":138.9902378393,"DemBarE":0,"DemBarP":0,"BarRetP":0},{"id":195,"time":79,"name":"SCristobal110","marginal_cost":138.9902378393,"value":138.9902378393,"DemBarE":0,"DemBarP":0,"BarRetP":0},{"id":195,"time":80,"name":"SCristobal110","marginal_cost":129.216640993,"value":129.216640993,"DemBarE":0,"DemBarP":0,"BarRetP":0},{"id":195,"time":81,"name":"SCristobal110","marginal_cost":129.216640993,"value":129.216640993,"DemBarE":0,"DemBarP":0,"BarRetP":0},{"id":195,"time":82,"name":"SCristobal110","marginal_cost":99.583848726,"value":99.583848726,"DemBarE":0,"DemBarP":0,"BarRetP":0},{"id":195,"time":83,"name":"SCristobal110","marginal_cost":99.583848726,"value":99.583848726,"DemBarE":0,"DemBarP":0,"BarRetP":0},{"id":195,"time":84,"name":"SCristobal110","marginal_cost":126.9020365255,"value":126.9020365255,"DemBarE":0,"DemBarP":0,"BarRetP":0},{"id":195,"time":85,"name":"SCristobal110","marginal_cost":126.9020365255,"value":126.9020365255,"DemBarE":0,"DemBarP":0,"BarRetP":0},{"id":195,"time":86,"name":"SCristobal110","marginal_cost":138.4039160077,"value":138.4039160077,"DemBarE":0,"DemBarP":0,"BarRetP":0},{"id":195,"time":87,"name":"SCristobal110","marginal_cost":138.4039160077,"value":138.4039160077,"DemBarE":0,"DemBarP":0,"BarRetP":0},{"id":195,"time":88,"name":"SCristobal110","marginal_cost":138.4039160077,"value":138.4039160077,"DemBarE":0,"DemBarP":0,"BarRetP":0},{"id":195,"time":89,"name":"SCristobal110","marginal_cost":138.4039160077,"value":138.4039160077,"DemBarE":0,"DemBarP":0,"BarRetP":0},{"id":195,"time":90,"name":"SCristobal110","marginal_cost":138.4039160077,"value":138.4039160077,"DemBarE":0,"DemBarP":0,"BarRetP":0},{"id":195,"time":91,"name":"SCristobal110","marginal_cost":161.3417103364,"value":161.3417103364,"DemBarE":0,"DemBarP":0,"BarRetP":0},{"id":195,"time":92,"name":"SCristobal110","marginal_cost":161.3417103364,"value":161.3417103364,"DemBarE":0,"DemBarP":0,"BarRetP":0},{"id":195,"time":93,"name":"SCristobal110","marginal_cost":164.0528719198,"value":164.0528719198,"DemBarE":0,"DemBarP":0,"BarRetP":0},{"id":195,"time":94,"name":"SCristobal110","marginal_cost":160.7781135725,"value":160.7781135725,"DemBarE":0,"DemBarP":0,"BarRetP":0},{"id":195,"time":95,"name":"SCristobal110","marginal_cost":158.7509828171,"value":158.7509828171,"DemBarE":0,"DemBarP":0,"BarRetP":0},{"id":195,"time":96,"name":"SCristobal110","marginal_cost":158.5542687056,"value":158.5542687056,"DemBarE":0,"DemBarP":0,"BarRetP":0},{"id":195,"time":97,"name":"SCristobal110","marginal_cost":158.3010648054,"value":158.3010648054,"DemBarE":0,"DemBarP":0,"BarRetP":0},{"id":195,"time":98,"name":"SCristobal110","marginal_cost":152.4578342026,"value":152.4578342026,"DemBarE":0,"DemBarP":0,"BarRetP":0},{"id":195,"time":99,"name":"SCristobal110","marginal_cost":151.8050492692,"value":151.8050492692,"DemBarE":0,"DemBarP":0,"BarRetP":0},{"id":195,"time":100,"name":"SCristobal110","marginal_cost":151.9531082953,"value":151.9531082953,"DemBarE":0,"DemBarP":0,"BarRetP":0},{"id":195,"time":101,"name":"SCristobal110","marginal_cost":151.9531082953,"value":151.9531082953,"DemBarE":0,"DemBarP":0,"BarRetP":0},{"id":195,"time":102,"name":"SCristobal110","marginal_cost":151.9531082953,"value":151.9531082953,"DemBarE":0,"DemBarP":0,"BarRetP":0},{"id":195,"time":103,"name":"SCristobal110","marginal_cost":160.2974431614,"value":160.2974431614,"DemBarE":0,"DemBarP":0,"BarRetP":0},{"id":195,"time":104,"name":"SCristobal110","marginal_cost":161.1910497962,"value":161.1910497962,"DemBarE":0,"DemBarP":0,"BarRetP":0},{"id":195,"time":105,"name":"SCristobal110","marginal_cost":161.1910497962,"value":161.1910497962,"DemBarE":0,"DemBarP":0,"BarRetP":0},{"id":195,"time":106,"name":"SCristobal110","marginal_cost":159.086736748,"value":159.086736748,"DemBarE":0,"DemBarP":0,"BarRetP":0},{"id":195,"time":107,"name":"SCristobal110","marginal_cost":159.4520417157,"value":159.4520417157,"DemBarE":0,"DemBarP":0,"BarRetP":0},{"id":195,"time":108,"name":"SCristobal110","marginal_cost":160.3533872232,"value":160.3533872232,"DemBarE":0,"DemBarP":0,"BarRetP":0},{"id":195,"time":109,"name":"SCristobal110","marginal_cost":160.3533872232,"value":160.3533872232,"DemBarE":0,"DemBarP":0,"BarRetP":0},{"id":195,"time":110,"name":"SCristobal110","marginal_cost":160.9428513487,"value":160.9428513487,"DemBarE":0,"DemBarP":0,"BarRetP":0},{"id":195,"time":111,"name":"SCristobal110","marginal_cost":161.0060856783,"value":161.0060856783,"DemBarE":0,"DemBarP":0,"BarRetP":0},{"id":195,"time":112,"name":"SCristobal110","marginal_cost":161.0060856783,"value":161.0060856783,"DemBarE":0,"DemBarP":0,"BarRetP":0},{"id":195,"time":113,"name":"SCristobal110","marginal_cost":163.6286182243,"value":163.6286182243,"DemBarE":0,"DemBarP":0,"BarRetP":0},{"id":195,"time":114,"name":"SCristobal110","marginal_cost":163.6286182243,"value":163.6286182243,"DemBarE":0,"DemBarP":0,"BarRetP":0},{"id":195,"time":115,"name":"SCristobal110","marginal_cost":163.6286182243,"value":163.6286182243,"DemBarE":0,"DemBarP":0,"BarRetP":0},{"id":195,"time":116,"name":"SCristobal110","marginal_cost":167.268286,"value":167.268286,"DemBarE":0,"DemBarP":0,"BarRetP":0},{"id":195,"time":117,"name":"SCristobal110","marginal_cost":167.268286,"value":167.268286,"DemBarE":0,"DemBarP":0,"BarRetP":0},{"id":195,"time":118,"name":"SCristobal110","marginal_cost":167.268286,"value":167.268286,"DemBarE":0,"DemBarP":0,"BarRetP":0},{"id":195,"time":119,"name":"SCristobal110","marginal_cost":166.664576014,"value":166.664576014,"DemBarE":0,"DemBarP":0,"BarRetP":0},{"id":195,"time":120,"name":"SCristobal110","marginal_cost":163.7297321553,"value":163.7297321553,"DemBarE":0,"DemBarP":0,"BarRetP":0},{"id":195,"time":121,"name":"SCristobal110","marginal_cost":159.1080790178,"value":159.1080790178,"DemBarE":0,"DemBarP":0,"BarRetP":0},{"id":195,"time":122,"name":"SCristobal110","marginal_cost":158.6478985075,"value":158.6478985075,"DemBarE":0,"DemBarP":0,"BarRetP":0},{"id":195,"time":123,"name":"SCristobal110","marginal_cost":153.8231026384,"value":153.8231026384,"DemBarE":0,"DemBarP":0,"BarRetP":0},{"id":195,"time":124,"name":"SCristobal110","marginal_cost":153.8231026384,"value":153.8231026384,"DemBarE":0,"DemBarP":0,"BarRetP":0},{"id":195,"time":125,"name":"SCristobal110","marginal_cost":153.8231026384,"value":153.8231026384,"DemBarE":0,"DemBarP":0,"BarRetP":0},{"id":195,"time":126,"name":"SCristobal110","marginal_cost":153.8231026384,"value":153.8231026384,"DemBarE":0,"DemBarP":0,"BarRetP":0},{"id":195,"time":127,"name":"SCristobal110","marginal_cost":161.5097819939,"value":161.5097819939,"DemBarE":0,"DemBarP":0,"BarRetP":0},{"id":195,"time":128,"name":"SCristobal110","marginal_cost":167.0115973926,"value":167.0115973926,"DemBarE":0,"DemBarP":0,"BarRetP":0},{"id":195,"time":129,"name":"SCristobal110","marginal_cost":162.7872508633,"value":162.7872508633,"DemBarE":0,"DemBarP":0,"BarRetP":0},{"id":195,"time":130,"name":"SCristobal110","marginal_cost":166.1661818866,"value":166.1661818866,"DemBarE":0,"DemBarP":0,"BarRetP":0},{"id":195,"time":131,"name":"SCristobal110","marginal_cost":165.7007951741,"value":165.7007951741,"DemBarE":0,"DemBarP":0,"BarRetP":0},{"id":195,"time":132,"name":"SCristobal110","marginal_cost":167.6533425517,"value":167.6533425517,"DemBarE":0,"DemBarP":0,"BarRetP":0},{"id":195,"time":133,"name":"SCristobal110","marginal_cost":167.2425559104,"value":167.2425559104,"DemBarE":0,"DemBarP":0,"BarRetP":0},{"id":195,"time":134,"name":"SCristobal110","marginal_cost":167.2425559104,"value":167.2425559104,"DemBarE":0,"DemBarP":0,"BarRetP":0},{"id":195,"time":135,"name":"SCristobal110","marginal_cost":167.2425559104,"value":167.2425559104,"DemBarE":0,"DemBarP":0,"BarRetP":0},{"id":195,"time":136,"name":"SCristobal110","marginal_cost":167.2425559104,"value":167.2425559104,"DemBarE":0,"DemBarP":0,"BarRetP":0},{"id":195,"time":137,"name":"SCristobal110","marginal_cost":168.5479375205,"value":168.5479375205,"DemBarE":0,"DemBarP":0,"BarRetP":0},{"id":195,"time":138,"name":"SCristobal110","marginal_cost":168.5479375205,"value":168.5479375205,"DemBarE":0,"DemBarP":0,"BarRetP":0},{"id":195,"time":139,"name":"SCristobal110","marginal_cost":168.5479375205,"value":168.5479375205,"DemBarE":0,"DemBarP":0,"BarRetP":0},{"id":195,"time":140,"name":"SCristobal110","marginal_cost":168.5479375205,"value":168.5479375205,"DemBarE":0,"DemBarP":0,"BarRetP":0},{"id":195,"time":141,"name":"SCristobal110","marginal_cost":168.5479375205,"value":168.5479375205,"DemBarE":0,"DemBarP":0,"BarRetP":0},{"id":195,"time":142,"name":"SCristobal110","marginal_cost":168.5479375205,"value":168.5479375205,"DemBarE":0,"DemBarP":0,"BarRetP":0},{"id":195,"time":143,"name":"SCristobal110","marginal_cost":166.9122665466,"value":166.9122665466,"DemBarE":0,"DemBarP":0,"BarRetP":0},{"id":195,"time":144,"name":"SCristobal110","marginal_cost":166.8535490335,"value":166.8535490335,"DemBarE":0,"DemBarP":0,"BarRetP":0},{"id":195,"time":145,"name":"SCristobal110","marginal_cost":163.9352579354,"value":163.9352579354,"DemBarE":0,"DemBarP":0,"BarRetP":0},{"id":195,"time":146,"name":"SCristobal110","marginal_cost":162.7621576434,"value":162.7621576434,"DemBarE":0,"DemBarP":0,"BarRetP":0},{"id":195,"time":147,"name":"SCristobal110","marginal_cost":159.6862814585,"value":159.6862814585,"DemBarE":0,"DemBarP":0,"BarRetP":0},{"id":195,"time":148,"name":"SCristobal110","marginal_cost":159.6862814585,"value":159.6862814585,"DemBarE":0,"DemBarP":0,"BarRetP":0},{"id":195,"time":149,"name":"SCristobal110","marginal_cost":159.6862814585,"value":159.6862814585,"DemBarE":0,"DemBarP":0,"BarRetP":0},{"id":195,"time":150,"name":"SCristobal110","marginal_cost":159.6862814585,"value":159.6862814585,"DemBarE":0,"DemBarP":0,"BarRetP":0},{"id":195,"time":151,"name":"SCristobal110","marginal_cost":164.2475449673,"value":164.2475449673,"DemBarE":0,"DemBarP":0,"BarRetP":0},{"id":195,"time":152,"name":"SCristobal110","marginal_cost":165.3172080527,"value":165.3172080527,"DemBarE":0,"DemBarP":0,"BarRetP":0},{"id":195,"time":153,"name":"SCristobal110","marginal_cost":165.3172080527,"value":165.3172080527,"DemBarE":0,"DemBarP":0,"BarRetP":0},{"id":195,"time":154,"name":"SCristobal110","marginal_cost":165.0890064459,"value":165.0890064459,"DemBarE":0,"DemBarP":0,"BarRetP":0},{"id":195,"time":155,"name":"SCristobal110","marginal_cost":165.0890064459,"value":165.0890064459,"DemBarE":0,"DemBarP":0,"BarRetP":0},{"id":195,"time":156,"name":"SCristobal110","marginal_cost":166.3028225155,"value":166.3028225155,"DemBarE":0,"DemBarP":0,"BarRetP":0},{"id":195,"time":157,"name":"SCristobal110","marginal_cost":166.797927865,"value":166.797927865,"DemBarE":0,"DemBarP":0,"BarRetP":0},{"id":195,"time":158,"name":"SCristobal110","marginal_cost":166.797927865,"value":166.797927865,"DemBarE":0,"DemBarP":0,"BarRetP":0},{"id":195,"time":159,"name":"SCristobal110","marginal_cost":166.797927865,"value":166.797927865,"DemBarE":0,"DemBarP":0,"BarRetP":0},{"id":195,"time":160,"name":"SCristobal110","marginal_cost":166.5208938102,"value":166.5208938102,"DemBarE":0,"DemBarP":0,"BarRetP":0},{"id":195,"time":161,"name":"SCristobal110","marginal_cost":166.5208938102,"value":166.5208938102,"DemBarE":0,"DemBarP":0,"BarRetP":0},{"id":195,"time":162,"name":"SCristobal110","marginal_cost":167.508095574,"value":167.508095574,"DemBarE":0,"DemBarP":0,"BarRetP":0},{"id":195,"time":163,"name":"SCristobal110","marginal_cost":170.061636355,"value":170.061636355,"DemBarE":0,"DemBarP":0,"BarRetP":0},{"id":195,"time":164,"name":"SCristobal110","marginal_cost":170.061636355,"value":170.061636355,"DemBarE":0,"DemBarP":0,"BarRetP":0},{"id":195,"time":165,"name":"SCristobal110","marginal_cost":170.061636355,"value":170.061636355,"DemBarE":0,"DemBarP":0,"BarRetP":0},{"id":195,"time":166,"name":"SCristobal110","marginal_cost":170.061636355,"value":170.061636355,"DemBarE":0,"DemBarP":0,"BarRetP":0},{"id":195,"time":167,"name":"SCristobal110","marginal_cost":167.9886909355,"value":167.9886909355,"DemBarE":0,"DemBarP":0,"BarRetP":0},{"id":195,"time":168,"name":"SCristobal110","marginal_cost":167.3661118736,"value":167.3661118736,"DemBarE":0,"DemBarP":0,"BarRetP":0}]