[{"id":185,"time":1,"name":"Renca110","marginal_cost":160.7112677221,"value":160.7112677221,"DemBarE":0,"DemBarP":0,"BarRetP":0},{"id":185,"time":2,"name":"Renca110","marginal_cost":160.8387320322,"value":160.8387320322,"DemBarE":0,"DemBarP":0,"BarRetP":0},{"id":185,"time":3,"name":"Renca110","marginal_cost":159.4423116773,"value":159.4423116773,"DemBarE":0,"DemBarP":0,"BarRetP":0},{"id":185,"time":4,"name":"Renca110","marginal_cost":158.3581071742,"value":158.3581071742,"DemBarE":0,"DemBarP":0,"BarRetP":0},{"id":185,"time":5,"name":"Renca110","marginal_cost":140.3606710777,"value":140.3606710777,"DemBarE":0,"DemBarP":0,"BarRetP":0},{"id":185,"time":6,"name":"Renca110","marginal_cost":122.7757822432,"value":122.7757822432,"DemBarE":0,"DemBarP":0,"BarRetP":0},{"id":185,"time":7,"name":"Renca110","marginal_cost":167.8275810538,"value":167.8275810538,"DemBarE":0,"DemBarP":0,"BarRetP":0},{"id":185,"time":8,"name":"Renca110","marginal_cost":171.3366907264,"value":171.3366907264,"DemBarE":0,"DemBarP":0,"BarRetP":0},{"id":185,"time":9,"name":"Renca110","marginal_cost":161.2974545492,"value":161.2974545492,"DemBarE":0,"DemBarP":0,"BarRetP":0},{"id":185,"time":10,"name":"Renca110","marginal_cost":160.3729263611,"value":160.3729263611,"DemBarE":0,"DemBarP":0,"BarRetP":0},{"id":185,"time":11,"name":"Renca110","marginal_cost":160.573299515,"value":160.573299515,"DemBarE":0,"DemBarP":0,"BarRetP":0},{"id":185,"time":12,"name":"Renca110","marginal_cost":161.1904090695,"value":161.1904090695,"DemBarE":0,"DemBarP":0,"BarRetP":0},{"id":185,"time":13,"name":"Renca110","marginal_cost":160.6801851216,"value":160.6801851216,"DemBarE":0,"DemBarP":0,"BarRetP":0},{"id":185,"time":14,"name":"Renca110","marginal_cost":160.3634292486,"value":160.3634292486,"DemBarE":0,"DemBarP":0,"BarRetP":0},{"id":185,"time":15,"name":"Renca110","marginal_cost":160.9038897007,"value":160.9038897007,"DemBarE":0,"DemBarP":0,"BarRetP":0},{"id":185,"time":16,"name":"Renca110","marginal_cost":160.4468604251,"value":160.4468604251,"DemBarE":0,"DemBarP":0,"BarRetP":0},{"id":185,"time":17,"name":"Renca110","marginal_cost":160.6457586467,"value":160.6457586467,"DemBarE":0,"DemBarP":0,"BarRetP":0},{"id":185,"time":18,"name":"Renca110","marginal_cost":162.1118208503,"value":162.1118208503,"DemBarE":0,"DemBarP":0,"BarRetP":0},{"id":185,"time":19,"name":"Renca110","marginal_cost":181.9738155803,"value":181.9738155803,"DemBarE":0,"DemBarP":0,"BarRetP":0},{"id":185,"time":20,"name":"Renca110","marginal_cost":184.0601082288,"value":184.0601082288,"DemBarE":0,"DemBarP":0,"BarRetP":0},{"id":185,"time":21,"name":"Renca110","marginal_cost":174.5340356662,"value":174.5340356662,"DemBarE":0,"DemBarP":0,"BarRetP":0},{"id":185,"time":22,"name":"Renca110","marginal_cost":173.0773266789,"value":173.0773266789,"DemBarE":0,"DemBarP":0,"BarRetP":0},{"id":185,"time":23,"name":"Renca110","marginal_cost":170.2784203793,"value":170.2784203793,"DemBarE":0,"DemBarP":0,"BarRetP":0},{"id":185,"time":24,"name":"Renca110","marginal_cost":169.5905963675,"value":169.5905963675,"DemBarE":0,"DemBarP":0,"BarRetP":0},{"id":185,"time":25,"name":"Renca110","marginal_cost":159.7112442416,"value":159.7112442416,"DemBarE":0,"DemBarP":0,"BarRetP":0},{"id":185,"time":26,"name":"Renca110","marginal_cost":159.4968397473,"value":159.4968397473,"DemBarE":0,"DemBarP":0,"BarRetP":0},{"id":185,"time":27,"name":"Renca110","marginal_cost":159.1767738602,"value":159.1767738602,"DemBarE":0,"DemBarP":0,"BarRetP":0},{"id":185,"time":28,"name":"Renca110","marginal_cost":159.0417931096,"value":159.0417931096,"DemBarE":0,"DemBarP":0,"BarRetP":0},{"id":185,"time":29,"name":"Renca110","marginal_cost":158.0254209836,"value":158.0254209836,"DemBarE":0,"DemBarP":0,"BarRetP":0},{"id":185,"time":30,"name":"Renca110","marginal_cost":159.6225190569,"value":159.6225190569,"DemBarE":0,"DemBarP":0,"BarRetP":0},{"id":185,"time":31,"name":"Renca110","marginal_cost":166.0152334612,"value":166.0152334612,"DemBarE":0,"DemBarP":0,"BarRetP":0},{"id":185,"time":32,"name":"Renca110","marginal_cost":172.3810569752,"value":172.3810569752,"DemBarE":0,"DemBarP":0,"BarRetP":0},{"id":185,"time":33,"name":"Renca110","marginal_cost":160.7049917307,"value":160.7049917307,"DemBarE":0,"DemBarP":0,"BarRetP":0},{"id":185,"time":34,"name":"Renca110","marginal_cost":161.2129109695,"value":161.2129109695,"DemBarE":0,"DemBarP":0,"BarRetP":0},{"id":185,"time":35,"name":"Renca110","marginal_cost":161.4690734889,"value":161.4690734889,"DemBarE":0,"DemBarP":0,"BarRetP":0},{"id":185,"time":36,"name":"Renca110","marginal_cost":161.5374116789,"value":161.5374116789,"DemBarE":0,"DemBarP":0,"BarRetP":0},{"id":185,"time":37,"name":"Renca110","marginal_cost":161.1032614224,"value":161.1032614224,"DemBarE":0,"DemBarP":0,"BarRetP":0},{"id":185,"time":38,"name":"Renca110","marginal_cost":161.1032614224,"value":161.1032614224,"DemBarE":0,"DemBarP":0,"BarRetP":0},{"id":185,"time":39,"name":"Renca110","marginal_cost":161.1032614224,"value":161.1032614224,"DemBarE":0,"DemBarP":0,"BarRetP":0},{"id":185,"time":40,"name":"Renca110","marginal_cost":161.1032614224,"value":161.1032614224,"DemBarE":0,"DemBarP":0,"BarRetP":0},{"id":185,"time":41,"name":"Renca110","marginal_cost":160.7530740859,"value":160.7530740859,"DemBarE":0,"DemBarP":0,"BarRetP":0},{"id":185,"time":42,"name":"Renca110","marginal_cost":160.3106304756,"value":160.3106304756,"DemBarE":0,"DemBarP":0,"BarRetP":0},{"id":185,"time":43,"name":"Renca110","marginal_cost":165.7083421315,"value":165.7083421315,"DemBarE":0,"DemBarP":0,"BarRetP":0},{"id":185,"time":44,"name":"Renca110","marginal_cost":165.7083421315,"value":165.7083421315,"DemBarE":0,"DemBarP":0,"BarRetP":0},{"id":185,"time":45,"name":"Renca110","marginal_cost":166.0286592513,"value":166.0286592513,"DemBarE":0,"DemBarP":0,"BarRetP":0},{"id":185,"time":46,"name":"Renca110","marginal_cost":164.6126045085,"value":164.6126045085,"DemBarE":0,"DemBarP":0,"BarRetP":0},{"id":185,"time":47,"name":"Renca110","marginal_cost":161.8406457771,"value":161.8406457771,"DemBarE":0,"DemBarP":0,"BarRetP":0},{"id":185,"time":48,"name":"Renca110","marginal_cost":159.9012763549,"value":159.9012763549,"DemBarE":0,"DemBarP":0,"BarRetP":0},{"id":185,"time":49,"name":"Renca110","marginal_cost":151.5935569404,"value":151.5935569404,"DemBarE":0,"DemBarP":0,"BarRetP":0},{"id":185,"time":50,"name":"Renca110","marginal_cost":154.2711755931,"value":154.2711755931,"DemBarE":0,"DemBarP":0,"BarRetP":0},{"id":185,"time":51,"name":"Renca110","marginal_cost":154.8875216719,"value":154.8875216719,"DemBarE":0,"DemBarP":0,"BarRetP":0},{"id":185,"time":52,"name":"Renca110","marginal_cost":136.9211358602,"value":136.9211358602,"DemBarE":0,"DemBarP":0,"BarRetP":0},{"id":185,"time":53,"name":"Renca110","marginal_cost":136.9211358602,"value":136.9211358602,"DemBarE":0,"DemBarP":0,"BarRetP":0},{"id":185,"time":54,"name":"Renca110","marginal_cost":137.0041154799,"value":137.0041154799,"DemBarE":0,"DemBarP":0,"BarRetP":0},{"id":185,"time":55,"name":"Renca110","marginal_cost":137.8361307965,"value":137.8361307965,"DemBarE":0,"DemBarP":0,"BarRetP":0},{"id":185,"time":56,"name":"Renca110","marginal_cost":137.9866113505,"value":137.9866113505,"DemBarE":0,"DemBarP":0,"BarRetP":0},{"id":185,"time":57,"name":"Renca110","marginal_cost":125.1074419018,"value":125.1074419018,"DemBarE":0,"DemBarP":0,"BarRetP":0},{"id":185,"time":58,"name":"Renca110","marginal_cost":138.8483111158,"value":138.8483111158,"DemBarE":0,"DemBarP":0,"BarRetP":0},{"id":185,"time":59,"name":"Renca110","marginal_cost":108.5560363988,"value":108.5560363988,"DemBarE":0,"DemBarP":0,"BarRetP":0},{"id":185,"time":60,"name":"Renca110","marginal_cost":137.7251569381,"value":137.7251569381,"DemBarE":0,"DemBarP":0,"BarRetP":0},{"id":185,"time":61,"name":"Renca110","marginal_cost":137.2102269816,"value":137.2102269816,"DemBarE":0,"DemBarP":0,"BarRetP":0},{"id":185,"time":62,"name":"Renca110","marginal_cost":137.2102269816,"value":137.2102269816,"DemBarE":0,"DemBarP":0,"BarRetP":0},{"id":185,"time":63,"name":"Renca110","marginal_cost":120.6223452417,"value":120.6223452417,"DemBarE":0,"DemBarP":0,"BarRetP":0},{"id":185,"time":64,"name":"Renca110","marginal_cost":138.0105126968,"value":138.0105126968,"DemBarE":0,"DemBarP":0,"BarRetP":0},{"id":185,"time":65,"name":"Renca110","marginal_cost":138.1104513227,"value":138.1104513227,"DemBarE":0,"DemBarP":0,"BarRetP":0},{"id":185,"time":66,"name":"Renca110","marginal_cost":138.1104513227,"value":138.1104513227,"DemBarE":0,"DemBarP":0,"BarRetP":0},{"id":185,"time":67,"name":"Renca110","marginal_cost":171.2938597538,"value":171.2938597538,"DemBarE":0,"DemBarP":0,"BarRetP":0},{"id":185,"time":68,"name":"Renca110","marginal_cost":165.4568331359,"value":165.4568331359,"DemBarE":0,"DemBarP":0,"BarRetP":0},{"id":185,"time":69,"name":"Renca110","marginal_cost":165.4568331359,"value":165.4568331359,"DemBarE":0,"DemBarP":0,"BarRetP":0},{"id":185,"time":70,"name":"Renca110","marginal_cost":165.2814109187,"value":165.2814109187,"DemBarE":0,"DemBarP":0,"BarRetP":0},{"id":185,"time":71,"name":"Renca110","marginal_cost":157.5762753108,"value":157.5762753108,"DemBarE":0,"DemBarP":0,"BarRetP":0},{"id":185,"time":72,"name":"Renca110","marginal_cost":156.1446018885,"value":156.1446018885,"DemBarE":0,"DemBarP":0,"BarRetP":0},{"id":185,"time":73,"name":"Renca110","marginal_cost":155.7770025174,"value":155.7770025174,"DemBarE":0,"DemBarP":0,"BarRetP":0},{"id":185,"time":74,"name":"Renca110","marginal_cost":153.218169279,"value":153.218169279,"DemBarE":0,"DemBarP":0,"BarRetP":0},{"id":185,"time":75,"name":"Renca110","marginal_cost":138.2557778855,"value":138.2557778855,"DemBarE":0,"DemBarP":0,"BarRetP":0},{"id":185,"time":76,"name":"Renca110","marginal_cost":138.2557778855,"value":138.2557778855,"DemBarE":0,"DemBarP":0,"BarRetP":0},{"id":185,"time":77,"name":"Renca110","marginal_cost":138.2557778855,"value":138.2557778855,"DemBarE":0,"DemBarP":0,"BarRetP":0},{"id":185,"time":78,"name":"Renca110","marginal_cost":138.2557778855,"value":138.2557778855,"DemBarE":0,"DemBarP":0,"BarRetP":0},{"id":185,"time":79,"name":"Renca110","marginal_cost":138.2557778855,"value":138.2557778855,"DemBarE":0,"DemBarP":0,"BarRetP":0},{"id":185,"time":80,"name":"Renca110","marginal_cost":128.5606595635,"value":128.5606595635,"DemBarE":0,"DemBarP":0,"BarRetP":0},{"id":185,"time":81,"name":"Renca110","marginal_cost":128.5606595635,"value":128.5606595635,"DemBarE":0,"DemBarP":0,"BarRetP":0},{"id":185,"time":82,"name":"Renca110","marginal_cost":98.6833111189,"value":98.6833111189,"DemBarE":0,"DemBarP":0,"BarRetP":0},{"id":185,"time":83,"name":"Renca110","marginal_cost":98.6833111189,"value":98.6833111189,"DemBarE":0,"DemBarP":0,"BarRetP":0},{"id":185,"time":84,"name":"Renca110","marginal_cost":125.8255805436,"value":125.8255805436,"DemBarE":0,"DemBarP":0,"BarRetP":0},{"id":185,"time":85,"name":"Renca110","marginal_cost":125.8255805436,"value":125.8255805436,"DemBarE":0,"DemBarP":0,"BarRetP":0},{"id":185,"time":86,"name":"Renca110","marginal_cost":137.2636585746,"value":137.2636585746,"DemBarE":0,"DemBarP":0,"BarRetP":0},{"id":185,"time":87,"name":"Renca110","marginal_cost":137.2636585746,"value":137.2636585746,"DemBarE":0,"DemBarP":0,"BarRetP":0},{"id":185,"time":88,"name":"Renca110","marginal_cost":137.2636585746,"value":137.2636585746,"DemBarE":0,"DemBarP":0,"BarRetP":0},{"id":185,"time":89,"name":"Renca110","marginal_cost":137.2636585746,"value":137.2636585746,"DemBarE":0,"DemBarP":0,"BarRetP":0},{"id":185,"time":90,"name":"Renca110","marginal_cost":137.2636585746,"value":137.2636585746,"DemBarE":0,"DemBarP":0,"BarRetP":0},{"id":185,"time":91,"name":"Renca110","marginal_cost":159.973962899,"value":159.973962899,"DemBarE":0,"DemBarP":0,"BarRetP":0},{"id":185,"time":92,"name":"Renca110","marginal_cost":159.973962899,"value":159.973962899,"DemBarE":0,"DemBarP":0,"BarRetP":0},{"id":185,"time":93,"name":"Renca110","marginal_cost":162.6486720152,"value":162.6486720152,"DemBarE":0,"DemBarP":0,"BarRetP":0},{"id":185,"time":94,"name":"Renca110","marginal_cost":159.4911610626,"value":159.4911610626,"DemBarE":0,"DemBarP":0,"BarRetP":0},{"id":185,"time":95,"name":"Renca110","marginal_cost":157.7028032311,"value":157.7028032311,"DemBarE":0,"DemBarP":0,"BarRetP":0},{"id":185,"time":96,"name":"Renca110","marginal_cost":157.5535444653,"value":157.5535444653,"DemBarE":0,"DemBarP":0,"BarRetP":0},{"id":185,"time":97,"name":"Renca110","marginal_cost":157.4020575656,"value":157.4020575656,"DemBarE":0,"DemBarP":0,"BarRetP":0},{"id":185,"time":98,"name":"Renca110","marginal_cost":151.6510983414,"value":151.6510983414,"DemBarE":0,"DemBarP":0,"BarRetP":0},{"id":185,"time":99,"name":"Renca110","marginal_cost":151.0332089891,"value":151.0332089891,"DemBarE":0,"DemBarP":0,"BarRetP":0},{"id":185,"time":100,"name":"Renca110","marginal_cost":151.1904239378,"value":151.1904239378,"DemBarE":0,"DemBarP":0,"BarRetP":0},{"id":185,"time":101,"name":"Renca110","marginal_cost":151.1904239378,"value":151.1904239378,"DemBarE":0,"DemBarP":0,"BarRetP":0},{"id":185,"time":102,"name":"Renca110","marginal_cost":151.1904239378,"value":151.1904239378,"DemBarE":0,"DemBarP":0,"BarRetP":0},{"id":185,"time":103,"name":"Renca110","marginal_cost":159.3120582096,"value":159.3120582096,"DemBarE":0,"DemBarP":0,"BarRetP":0},{"id":185,"time":104,"name":"Renca110","marginal_cost":159.9248975568,"value":159.9248975568,"DemBarE":0,"DemBarP":0,"BarRetP":0},{"id":185,"time":105,"name":"Renca110","marginal_cost":159.9248975568,"value":159.9248975568,"DemBarE":0,"DemBarP":0,"BarRetP":0},{"id":185,"time":106,"name":"Renca110","marginal_cost":157.4118688244,"value":157.4118688244,"DemBarE":0,"DemBarP":0,"BarRetP":0},{"id":185,"time":107,"name":"Renca110","marginal_cost":157.6173534221,"value":157.6173534221,"DemBarE":0,"DemBarP":0,"BarRetP":0},{"id":185,"time":108,"name":"Renca110","marginal_cost":158.228191118,"value":158.228191118,"DemBarE":0,"DemBarP":0,"BarRetP":0},{"id":185,"time":109,"name":"Renca110","marginal_cost":158.228191118,"value":158.228191118,"DemBarE":0,"DemBarP":0,"BarRetP":0},{"id":185,"time":110,"name":"Renca110","marginal_cost":158.7082629587,"value":158.7082629587,"DemBarE":0,"DemBarP":0,"BarRetP":0},{"id":185,"time":111,"name":"Renca110","marginal_cost":158.8343376079,"value":158.8343376079,"DemBarE":0,"DemBarP":0,"BarRetP":0},{"id":185,"time":112,"name":"Renca110","marginal_cost":158.8343376079,"value":158.8343376079,"DemBarE":0,"DemBarP":0,"BarRetP":0},{"id":185,"time":113,"name":"Renca110","marginal_cost":161.6619881554,"value":161.6619881554,"DemBarE":0,"DemBarP":0,"BarRetP":0},{"id":185,"time":114,"name":"Renca110","marginal_cost":161.6619881554,"value":161.6619881554,"DemBarE":0,"DemBarP":0,"BarRetP":0},{"id":185,"time":115,"name":"Renca110","marginal_cost":161.6619881554,"value":161.6619881554,"DemBarE":0,"DemBarP":0,"BarRetP":0},{"id":185,"time":116,"name":"Renca110","marginal_cost":165.5682606416,"value":165.5682606416,"DemBarE":0,"DemBarP":0,"BarRetP":0},{"id":185,"time":117,"name":"Renca110","marginal_cost":165.5682606416,"value":165.5682606416,"DemBarE":0,"DemBarP":0,"BarRetP":0},{"id":185,"time":118,"name":"Renca110","marginal_cost":165.5682606416,"value":165.5682606416,"DemBarE":0,"DemBarP":0,"BarRetP":0},{"id":185,"time":119,"name":"Renca110","marginal_cost":165.431185044,"value":165.431185044,"DemBarE":0,"DemBarP":0,"BarRetP":0},{"id":185,"time":120,"name":"Renca110","marginal_cost":162.4583557065,"value":162.4583557065,"DemBarE":0,"DemBarP":0,"BarRetP":0},{"id":185,"time":121,"name":"Renca110","marginal_cost":157.899136388,"value":157.899136388,"DemBarE":0,"DemBarP":0,"BarRetP":0},{"id":185,"time":122,"name":"Renca110","marginal_cost":157.5303896705,"value":157.5303896705,"DemBarE":0,"DemBarP":0,"BarRetP":0},{"id":185,"time":123,"name":"Renca110","marginal_cost":152.8115342241,"value":152.8115342241,"DemBarE":0,"DemBarP":0,"BarRetP":0},{"id":185,"time":124,"name":"Renca110","marginal_cost":152.8115342241,"value":152.8115342241,"DemBarE":0,"DemBarP":0,"BarRetP":0},{"id":185,"time":125,"name":"Renca110","marginal_cost":152.8115342241,"value":152.8115342241,"DemBarE":0,"DemBarP":0,"BarRetP":0},{"id":185,"time":126,"name":"Renca110","marginal_cost":152.8115342241,"value":152.8115342241,"DemBarE":0,"DemBarP":0,"BarRetP":0},{"id":185,"time":127,"name":"Renca110","marginal_cost":160.4113421134,"value":160.4113421134,"DemBarE":0,"DemBarP":0,"BarRetP":0},{"id":185,"time":128,"name":"Renca110","marginal_cost":165.7729757009,"value":165.7729757009,"DemBarE":0,"DemBarP":0,"BarRetP":0},{"id":185,"time":129,"name":"Renca110","marginal_cost":161.363415561,"value":161.363415561,"DemBarE":0,"DemBarP":0,"BarRetP":0},{"id":185,"time":130,"name":"Renca110","marginal_cost":164.5106309821,"value":164.5106309821,"DemBarE":0,"DemBarP":0,"BarRetP":0},{"id":185,"time":131,"name":"Renca110","marginal_cost":163.8868255938,"value":163.8868255938,"DemBarE":0,"DemBarP":0,"BarRetP":0},{"id":185,"time":132,"name":"Renca110","marginal_cost":165.6040560863,"value":165.6040560863,"DemBarE":0,"DemBarP":0,"BarRetP":0},{"id":185,"time":133,"name":"Renca110","marginal_cost":165.0947518119,"value":165.0947518119,"DemBarE":0,"DemBarP":0,"BarRetP":0},{"id":185,"time":134,"name":"Renca110","marginal_cost":165.0947518119,"value":165.0947518119,"DemBarE":0,"DemBarP":0,"BarRetP":0},{"id":185,"time":135,"name":"Renca110","marginal_cost":165.0947518119,"value":165.0947518119,"DemBarE":0,"DemBarP":0,"BarRetP":0},{"id":185,"time":136,"name":"Renca110","marginal_cost":165.0947518119,"value":165.0947518119,"DemBarE":0,"DemBarP":0,"BarRetP":0},{"id":185,"time":137,"name":"Renca110","marginal_cost":166.4597304422,"value":166.4597304422,"DemBarE":0,"DemBarP":0,"BarRetP":0},{"id":185,"time":138,"name":"Renca110","marginal_cost":166.4597304422,"value":166.4597304422,"DemBarE":0,"DemBarP":0,"BarRetP":0},{"id":185,"time":139,"name":"Renca110","marginal_cost":166.4597304422,"value":166.4597304422,"DemBarE":0,"DemBarP":0,"BarRetP":0},{"id":185,"time":140,"name":"Renca110","marginal_cost":166.4597304422,"value":166.4597304422,"DemBarE":0,"DemBarP":0,"BarRetP":0},{"id":185,"time":141,"name":"Renca110","marginal_cost":166.4597304422,"value":166.4597304422,"DemBarE":0,"DemBarP":0,"BarRetP":0},{"id":185,"time":142,"name":"Renca110","marginal_cost":166.4597304422,"value":166.4597304422,"DemBarE":0,"DemBarP":0,"BarRetP":0},{"id":185,"time":143,"name":"Renca110","marginal_cost":165.5615646925,"value":165.5615646925,"DemBarE":0,"DemBarP":0,"BarRetP":0},{"id":185,"time":144,"name":"Renca110","marginal_cost":165.6542224555,"value":165.6542224555,"DemBarE":0,"DemBarP":0,"BarRetP":0},{"id":185,"time":145,"name":"Renca110","marginal_cost":162.8544921743,"value":162.8544921743,"DemBarE":0,"DemBarP":0,"BarRetP":0},{"id":185,"time":146,"name":"Renca110","marginal_cost":161.6855572906,"value":161.6855572906,"DemBarE":0,"DemBarP":0,"BarRetP":0},{"id":185,"time":147,"name":"Renca110","marginal_cost":158.7063541367,"value":158.7063541367,"DemBarE":0,"DemBarP":0,"BarRetP":0},{"id":185,"time":148,"name":"Renca110","marginal_cost":158.7063541367,"value":158.7063541367,"DemBarE":0,"DemBarP":0,"BarRetP":0},{"id":185,"time":149,"name":"Renca110","marginal_cost":158.7063541367,"value":158.7063541367,"DemBarE":0,"DemBarP":0,"BarRetP":0},{"id":185,"time":150,"name":"Renca110","marginal_cost":158.7063541367,"value":158.7063541367,"DemBarE":0,"DemBarP":0,"BarRetP":0},{"id":185,"time":151,"name":"Renca110","marginal_cost":163.1485427668,"value":163.1485427668,"DemBarE":0,"DemBarP":0,"BarRetP":0},{"id":185,"time":152,"name":"Renca110","marginal_cost":164.0410048366,"value":164.0410048366,"DemBarE":0,"DemBarP":0,"BarRetP":0},{"id":185,"time":153,"name":"Renca110","marginal_cost":164.0410048366,"value":164.0410048366,"DemBarE":0,"DemBarP":0,"BarRetP":0},{"id":185,"time":154,"name":"Renca110","marginal_cost":163.2718753641,"value":163.2718753641,"DemBarE":0,"DemBarP":0,"BarRetP":0},{"id":185,"time":155,"name":"Renca110","marginal_cost":163.2718753641,"value":163.2718753641,"DemBarE":0,"DemBarP":0,"BarRetP":0},{"id":185,"time":156,"name":"Renca110","marginal_cost":164.2818827743,"value":164.2818827743,"DemBarE":0,"DemBarP":0,"BarRetP":0},{"id":185,"time":157,"name":"Renca110","marginal_cost":164.7206441346,"value":164.7206441346,"DemBarE":0,"DemBarP":0,"BarRetP":0},{"id":185,"time":158,"name":"Renca110","marginal_cost":164.7206441346,"value":164.7206441346,"DemBarE":0,"DemBarP":0,"BarRetP":0},{"id":185,"time":159,"name":"Renca110","marginal_cost":164.7206441346,"value":164.7206441346,"DemBarE":0,"DemBarP":0,"BarRetP":0},{"id":185,"time":160,"name":"Renca110","marginal_cost":164.54737993,"value":164.54737993,"DemBarE":0,"DemBarP":0,"BarRetP":0},{"id":185,"time":161,"name":"Renca110","marginal_cost":164.54737993,"value":164.54737993,"DemBarE":0,"DemBarP":0,"BarRetP":0},{"id":185,"time":162,"name":"Renca110","marginal_cost":165.5953447495,"value":165.5953447495,"DemBarE":0,"DemBarP":0,"BarRetP":0},{"id":185,"time":163,"name":"Renca110","marginal_cost":168.0978742598,"value":168.0978742598,"DemBarE":0,"DemBarP":0,"BarRetP":0},{"id":185,"time":164,"name":"Renca110","marginal_cost":168.0978742598,"value":168.0978742598,"DemBarE":0,"DemBarP":0,"BarRetP":0},{"id":185,"time":165,"name":"Renca110","marginal_cost":168.0978742598,"value":168.0978742598,"DemBarE":0,"DemBarP":0,"BarRetP":0},{"id":185,"time":166,"name":"Renca110","marginal_cost":168.0978742598,"value":168.0978742598,"DemBarE":0,"DemBarP":0,"BarRetP":0},{"id":185,"time":167,"name":"Renca110","marginal_cost":166.4051947793,"value":166.4051947793,"DemBarE":0,"DemBarP":0,"BarRetP":0},{"id":185,"time":168,"name":"Renca110","marginal_cost":165.9586052878,"value":165.9586052878,"DemBarE":0,"DemBarP":0,"BarRetP":0}]