[{"id":95,"time":1,"name":"Almendros110","marginal_cost":160.7395019,"value":160.7395019,"DemBarE":0,"DemBarP":0,"BarRetP":0},{"id":95,"time":2,"name":"Almendros110","marginal_cost":160.8256875158,"value":160.8256875158,"DemBarE":0,"DemBarP":0,"BarRetP":0},{"id":95,"time":3,"name":"Almendros110","marginal_cost":159.4124000643,"value":159.4124000643,"DemBarE":0,"DemBarP":0,"BarRetP":0},{"id":95,"time":4,"name":"Almendros110","marginal_cost":158.3109113418,"value":158.3109113418,"DemBarE":0,"DemBarP":0,"BarRetP":0},{"id":95,"time":5,"name":"Almendros110","marginal_cost":140.2793513673,"value":140.2793513673,"DemBarE":0,"DemBarP":0,"BarRetP":0},{"id":95,"time":6,"name":"Almendros110","marginal_cost":122.670178017,"value":122.670178017,"DemBarE":0,"DemBarP":0,"BarRetP":0},{"id":95,"time":7,"name":"Almendros110","marginal_cost":167.7645247246,"value":167.7645247246,"DemBarE":0,"DemBarP":0,"BarRetP":0},{"id":95,"time":8,"name":"Almendros110","marginal_cost":172.0036143849,"value":172.0036143849,"DemBarE":0,"DemBarP":0,"BarRetP":0},{"id":95,"time":9,"name":"Almendros110","marginal_cost":161.6976382988,"value":161.6976382988,"DemBarE":0,"DemBarP":0,"BarRetP":0},{"id":95,"time":10,"name":"Almendros110","marginal_cost":160.982032099,"value":160.982032099,"DemBarE":0,"DemBarP":0,"BarRetP":0},{"id":95,"time":11,"name":"Almendros110","marginal_cost":161.3468601147,"value":161.3468601147,"DemBarE":0,"DemBarP":0,"BarRetP":0},{"id":95,"time":12,"name":"Almendros110","marginal_cost":162.1073997459,"value":162.1073997459,"DemBarE":0,"DemBarP":0,"BarRetP":0},{"id":95,"time":13,"name":"Almendros110","marginal_cost":161.7087908005,"value":161.7087908005,"DemBarE":0,"DemBarP":0,"BarRetP":0},{"id":95,"time":14,"name":"Almendros110","marginal_cost":161.3959264775,"value":161.3959264775,"DemBarE":0,"DemBarP":0,"BarRetP":0},{"id":95,"time":15,"name":"Almendros110","marginal_cost":161.8717069593,"value":161.8717069593,"DemBarE":0,"DemBarP":0,"BarRetP":0},{"id":95,"time":16,"name":"Almendros110","marginal_cost":161.3654704102,"value":161.3654704102,"DemBarE":0,"DemBarP":0,"BarRetP":0},{"id":95,"time":17,"name":"Almendros110","marginal_cost":161.5027995571,"value":161.5027995571,"DemBarE":0,"DemBarP":0,"BarRetP":0},{"id":95,"time":18,"name":"Almendros110","marginal_cost":162.8730523114,"value":162.8730523114,"DemBarE":0,"DemBarP":0,"BarRetP":0},{"id":95,"time":19,"name":"Almendros110","marginal_cost":183.2827126572,"value":183.2827126572,"DemBarE":0,"DemBarP":0,"BarRetP":0},{"id":95,"time":20,"name":"Almendros110","marginal_cost":185.1674522307,"value":185.1674522307,"DemBarE":0,"DemBarP":0,"BarRetP":0},{"id":95,"time":21,"name":"Almendros110","marginal_cost":175.5221828434,"value":175.5221828434,"DemBarE":0,"DemBarP":0,"BarRetP":0},{"id":95,"time":22,"name":"Almendros110","marginal_cost":173.329938544,"value":173.329938544,"DemBarE":0,"DemBarP":0,"BarRetP":0},{"id":95,"time":23,"name":"Almendros110","marginal_cost":170.5528280882,"value":170.5528280882,"DemBarE":0,"DemBarP":0,"BarRetP":0},{"id":95,"time":24,"name":"Almendros110","marginal_cost":169.7056978545,"value":169.7056978545,"DemBarE":0,"DemBarP":0,"BarRetP":0},{"id":95,"time":25,"name":"Almendros110","marginal_cost":159.7550206376,"value":159.7550206376,"DemBarE":0,"DemBarP":0,"BarRetP":0},{"id":95,"time":26,"name":"Almendros110","marginal_cost":159.5160879959,"value":159.5160879959,"DemBarE":0,"DemBarP":0,"BarRetP":0},{"id":95,"time":27,"name":"Almendros110","marginal_cost":159.1586210837,"value":159.1586210837,"DemBarE":0,"DemBarP":0,"BarRetP":0},{"id":95,"time":28,"name":"Almendros110","marginal_cost":159.011036028,"value":159.011036028,"DemBarE":0,"DemBarP":0,"BarRetP":0},{"id":95,"time":29,"name":"Almendros110","marginal_cost":157.9684175562,"value":157.9684175562,"DemBarE":0,"DemBarP":0,"BarRetP":0},{"id":95,"time":30,"name":"Almendros110","marginal_cost":159.5003727753,"value":159.5003727753,"DemBarE":0,"DemBarP":0,"BarRetP":0},{"id":95,"time":31,"name":"Almendros110","marginal_cost":166.1130596706,"value":166.1130596706,"DemBarE":0,"DemBarP":0,"BarRetP":0},{"id":95,"time":32,"name":"Almendros110","marginal_cost":172.6551946249,"value":172.6551946249,"DemBarE":0,"DemBarP":0,"BarRetP":0},{"id":95,"time":33,"name":"Almendros110","marginal_cost":161.0687560065,"value":161.0687560065,"DemBarE":0,"DemBarP":0,"BarRetP":0},{"id":95,"time":34,"name":"Almendros110","marginal_cost":161.7130363878,"value":161.7130363878,"DemBarE":0,"DemBarP":0,"BarRetP":0},{"id":95,"time":35,"name":"Almendros110","marginal_cost":162.1425602669,"value":162.1425602669,"DemBarE":0,"DemBarP":0,"BarRetP":0},{"id":95,"time":36,"name":"Almendros110","marginal_cost":162.3673650822,"value":162.3673650822,"DemBarE":0,"DemBarP":0,"BarRetP":0},{"id":95,"time":37,"name":"Almendros110","marginal_cost":162.0655071188,"value":162.0655071188,"DemBarE":0,"DemBarP":0,"BarRetP":0},{"id":95,"time":38,"name":"Almendros110","marginal_cost":162.0655071188,"value":162.0655071188,"DemBarE":0,"DemBarP":0,"BarRetP":0},{"id":95,"time":39,"name":"Almendros110","marginal_cost":162.0655071188,"value":162.0655071188,"DemBarE":0,"DemBarP":0,"BarRetP":0},{"id":95,"time":40,"name":"Almendros110","marginal_cost":162.0655071188,"value":162.0655071188,"DemBarE":0,"DemBarP":0,"BarRetP":0},{"id":95,"time":41,"name":"Almendros110","marginal_cost":161.5880684938,"value":161.5880684938,"DemBarE":0,"DemBarP":0,"BarRetP":0},{"id":95,"time":42,"name":"Almendros110","marginal_cost":161.038463226,"value":161.038463226,"DemBarE":0,"DemBarP":0,"BarRetP":0},{"id":95,"time":43,"name":"Almendros110","marginal_cost":166.6563577499,"value":166.6563577499,"DemBarE":0,"DemBarP":0,"BarRetP":0},{"id":95,"time":44,"name":"Almendros110","marginal_cost":166.6563577499,"value":166.6563577499,"DemBarE":0,"DemBarP":0,"BarRetP":0},{"id":95,"time":45,"name":"Almendros110","marginal_cost":166.4917202401,"value":166.4917202401,"DemBarE":0,"DemBarP":0,"BarRetP":0},{"id":95,"time":46,"name":"Almendros110","marginal_cost":164.9056792846,"value":164.9056792846,"DemBarE":0,"DemBarP":0,"BarRetP":0},{"id":95,"time":47,"name":"Almendros110","marginal_cost":161.9801484921,"value":161.9801484921,"DemBarE":0,"DemBarP":0,"BarRetP":0},{"id":95,"time":48,"name":"Almendros110","marginal_cost":159.984458841,"value":159.984458841,"DemBarE":0,"DemBarP":0,"BarRetP":0},{"id":95,"time":49,"name":"Almendros110","marginal_cost":151.6513045217,"value":151.6513045217,"DemBarE":0,"DemBarP":0,"BarRetP":0},{"id":95,"time":50,"name":"Almendros110","marginal_cost":154.2944546229,"value":154.2944546229,"DemBarE":0,"DemBarP":0,"BarRetP":0},{"id":95,"time":51,"name":"Almendros110","marginal_cost":154.8896242141,"value":154.8896242141,"DemBarE":0,"DemBarP":0,"BarRetP":0},{"id":95,"time":52,"name":"Almendros110","marginal_cost":136.8974815922,"value":136.8974815922,"DemBarE":0,"DemBarP":0,"BarRetP":0},{"id":95,"time":53,"name":"Almendros110","marginal_cost":136.8974815922,"value":136.8974815922,"DemBarE":0,"DemBarP":0,"BarRetP":0},{"id":95,"time":54,"name":"Almendros110","marginal_cost":136.9688542158,"value":136.9688542158,"DemBarE":0,"DemBarP":0,"BarRetP":0},{"id":95,"time":55,"name":"Almendros110","marginal_cost":137.7843966291,"value":137.7843966291,"DemBarE":0,"DemBarP":0,"BarRetP":0},{"id":95,"time":56,"name":"Almendros110","marginal_cost":137.9549580826,"value":137.9549580826,"DemBarE":0,"DemBarP":0,"BarRetP":0},{"id":95,"time":57,"name":"Almendros110","marginal_cost":125.2819477554,"value":125.2819477554,"DemBarE":0,"DemBarP":0,"BarRetP":0},{"id":95,"time":58,"name":"Almendros110","marginal_cost":139.1759686325,"value":139.1759686325,"DemBarE":0,"DemBarP":0,"BarRetP":0},{"id":95,"time":59,"name":"Almendros110","marginal_cost":108.8929610057,"value":108.8929610057,"DemBarE":0,"DemBarP":0,"BarRetP":0},{"id":95,"time":60,"name":"Almendros110","marginal_cost":138.2182122859,"value":138.2182122859,"DemBarE":0,"DemBarP":0,"BarRetP":0},{"id":95,"time":61,"name":"Almendros110","marginal_cost":137.8665120344,"value":137.8665120344,"DemBarE":0,"DemBarP":0,"BarRetP":0},{"id":95,"time":62,"name":"Almendros110","marginal_cost":137.8665120344,"value":137.8665120344,"DemBarE":0,"DemBarP":0,"BarRetP":0},{"id":95,"time":63,"name":"Almendros110","marginal_cost":121.2348227308,"value":121.2348227308,"DemBarE":0,"DemBarP":0,"BarRetP":0},{"id":95,"time":64,"name":"Almendros110","marginal_cost":138.6774283358,"value":138.6774283358,"DemBarE":0,"DemBarP":0,"BarRetP":0},{"id":95,"time":65,"name":"Almendros110","marginal_cost":138.6892000836,"value":138.6892000836,"DemBarE":0,"DemBarP":0,"BarRetP":0},{"id":95,"time":66,"name":"Almendros110","marginal_cost":138.6892000836,"value":138.6892000836,"DemBarE":0,"DemBarP":0,"BarRetP":0},{"id":95,"time":67,"name":"Almendros110","marginal_cost":172.427446866,"value":172.427446866,"DemBarE":0,"DemBarP":0,"BarRetP":0},{"id":95,"time":68,"name":"Almendros110","marginal_cost":166.3143242291,"value":166.3143242291,"DemBarE":0,"DemBarP":0,"BarRetP":0},{"id":95,"time":69,"name":"Almendros110","marginal_cost":166.3143242291,"value":166.3143242291,"DemBarE":0,"DemBarP":0,"BarRetP":0},{"id":95,"time":70,"name":"Almendros110","marginal_cost":165.7040106827,"value":165.7040106827,"DemBarE":0,"DemBarP":0,"BarRetP":0},{"id":95,"time":71,"name":"Almendros110","marginal_cost":157.9147344494,"value":157.9147344494,"DemBarE":0,"DemBarP":0,"BarRetP":0},{"id":95,"time":72,"name":"Almendros110","marginal_cost":156.4912141368,"value":156.4912141368,"DemBarE":0,"DemBarP":0,"BarRetP":0},{"id":95,"time":73,"name":"Almendros110","marginal_cost":156.1064973263,"value":156.1064973263,"DemBarE":0,"DemBarP":0,"BarRetP":0},{"id":95,"time":74,"name":"Almendros110","marginal_cost":153.5128285168,"value":153.5128285168,"DemBarE":0,"DemBarP":0,"BarRetP":0},{"id":95,"time":75,"name":"Almendros110","marginal_cost":138.4294604843,"value":138.4294604843,"DemBarE":0,"DemBarP":0,"BarRetP":0},{"id":95,"time":76,"name":"Almendros110","marginal_cost":138.4294604843,"value":138.4294604843,"DemBarE":0,"DemBarP":0,"BarRetP":0},{"id":95,"time":77,"name":"Almendros110","marginal_cost":138.4294604843,"value":138.4294604843,"DemBarE":0,"DemBarP":0,"BarRetP":0},{"id":95,"time":78,"name":"Almendros110","marginal_cost":138.4294604843,"value":138.4294604843,"DemBarE":0,"DemBarP":0,"BarRetP":0},{"id":95,"time":79,"name":"Almendros110","marginal_cost":138.4294604843,"value":138.4294604843,"DemBarE":0,"DemBarP":0,"BarRetP":0},{"id":95,"time":80,"name":"Almendros110","marginal_cost":128.799401951,"value":128.799401951,"DemBarE":0,"DemBarP":0,"BarRetP":0},{"id":95,"time":81,"name":"Almendros110","marginal_cost":128.799401951,"value":128.799401951,"DemBarE":0,"DemBarP":0,"BarRetP":0},{"id":95,"time":82,"name":"Almendros110","marginal_cost":99.2152429752,"value":99.2152429752,"DemBarE":0,"DemBarP":0,"BarRetP":0},{"id":95,"time":83,"name":"Almendros110","marginal_cost":99.2152429752,"value":99.2152429752,"DemBarE":0,"DemBarP":0,"BarRetP":0},{"id":95,"time":84,"name":"Almendros110","marginal_cost":126.6040200723,"value":126.6040200723,"DemBarE":0,"DemBarP":0,"BarRetP":0},{"id":95,"time":85,"name":"Almendros110","marginal_cost":126.6040200723,"value":126.6040200723,"DemBarE":0,"DemBarP":0,"BarRetP":0},{"id":95,"time":86,"name":"Almendros110","marginal_cost":138.1055382949,"value":138.1055382949,"DemBarE":0,"DemBarP":0,"BarRetP":0},{"id":95,"time":87,"name":"Almendros110","marginal_cost":138.1055382949,"value":138.1055382949,"DemBarE":0,"DemBarP":0,"BarRetP":0},{"id":95,"time":88,"name":"Almendros110","marginal_cost":138.1055382949,"value":138.1055382949,"DemBarE":0,"DemBarP":0,"BarRetP":0},{"id":95,"time":89,"name":"Almendros110","marginal_cost":138.1055382949,"value":138.1055382949,"DemBarE":0,"DemBarP":0,"BarRetP":0},{"id":95,"time":90,"name":"Almendros110","marginal_cost":138.1055382949,"value":138.1055382949,"DemBarE":0,"DemBarP":0,"BarRetP":0},{"id":95,"time":91,"name":"Almendros110","marginal_cost":160.6820023107,"value":160.6820023107,"DemBarE":0,"DemBarP":0,"BarRetP":0},{"id":95,"time":92,"name":"Almendros110","marginal_cost":160.6820023107,"value":160.6820023107,"DemBarE":0,"DemBarP":0,"BarRetP":0},{"id":95,"time":93,"name":"Almendros110","marginal_cost":163.3879962465,"value":163.3879962465,"DemBarE":0,"DemBarP":0,"BarRetP":0},{"id":95,"time":94,"name":"Almendros110","marginal_cost":160.1005118339,"value":160.1005118339,"DemBarE":0,"DemBarP":0,"BarRetP":0},{"id":95,"time":95,"name":"Almendros110","marginal_cost":158.1148755709,"value":158.1148755709,"DemBarE":0,"DemBarP":0,"BarRetP":0},{"id":95,"time":96,"name":"Almendros110","marginal_cost":157.9065089719,"value":157.9065089719,"DemBarE":0,"DemBarP":0,"BarRetP":0},{"id":95,"time":97,"name":"Almendros110","marginal_cost":157.7008153356,"value":157.7008153356,"DemBarE":0,"DemBarP":0,"BarRetP":0},{"id":95,"time":98,"name":"Almendros110","marginal_cost":151.8624561016,"value":151.8624561016,"DemBarE":0,"DemBarP":0,"BarRetP":0},{"id":95,"time":99,"name":"Almendros110","marginal_cost":151.1954708661,"value":151.1954708661,"DemBarE":0,"DemBarP":0,"BarRetP":0},{"id":95,"time":100,"name":"Almendros110","marginal_cost":151.3176600112,"value":151.3176600112,"DemBarE":0,"DemBarP":0,"BarRetP":0},{"id":95,"time":101,"name":"Almendros110","marginal_cost":151.3176600112,"value":151.3176600112,"DemBarE":0,"DemBarP":0,"BarRetP":0},{"id":95,"time":102,"name":"Almendros110","marginal_cost":151.3176600112,"value":151.3176600112,"DemBarE":0,"DemBarP":0,"BarRetP":0},{"id":95,"time":103,"name":"Almendros110","marginal_cost":159.5081501228,"value":159.5081501228,"DemBarE":0,"DemBarP":0,"BarRetP":0},{"id":95,"time":104,"name":"Almendros110","marginal_cost":160.4093130141,"value":160.4093130141,"DemBarE":0,"DemBarP":0,"BarRetP":0},{"id":95,"time":105,"name":"Almendros110","marginal_cost":160.4093130141,"value":160.4093130141,"DemBarE":0,"DemBarP":0,"BarRetP":0},{"id":95,"time":106,"name":"Almendros110","marginal_cost":158.1251096354,"value":158.1251096354,"DemBarE":0,"DemBarP":0,"BarRetP":0},{"id":95,"time":107,"name":"Almendros110","marginal_cost":158.5045586411,"value":158.5045586411,"DemBarE":0,"DemBarP":0,"BarRetP":0},{"id":95,"time":108,"name":"Almendros110","marginal_cost":159.3037708286,"value":159.3037708286,"DemBarE":0,"DemBarP":0,"BarRetP":0},{"id":95,"time":109,"name":"Almendros110","marginal_cost":159.3037708286,"value":159.3037708286,"DemBarE":0,"DemBarP":0,"BarRetP":0},{"id":95,"time":110,"name":"Almendros110","marginal_cost":159.9014735213,"value":159.9014735213,"DemBarE":0,"DemBarP":0,"BarRetP":0},{"id":95,"time":111,"name":"Almendros110","marginal_cost":159.9084946727,"value":159.9084946727,"DemBarE":0,"DemBarP":0,"BarRetP":0},{"id":95,"time":112,"name":"Almendros110","marginal_cost":159.9084946727,"value":159.9084946727,"DemBarE":0,"DemBarP":0,"BarRetP":0},{"id":95,"time":113,"name":"Almendros110","marginal_cost":162.4865638368,"value":162.4865638368,"DemBarE":0,"DemBarP":0,"BarRetP":0},{"id":95,"time":114,"name":"Almendros110","marginal_cost":162.4865638368,"value":162.4865638368,"DemBarE":0,"DemBarP":0,"BarRetP":0},{"id":95,"time":115,"name":"Almendros110","marginal_cost":162.4865638368,"value":162.4865638368,"DemBarE":0,"DemBarP":0,"BarRetP":0},{"id":95,"time":116,"name":"Almendros110","marginal_cost":166.2962071769,"value":166.2962071769,"DemBarE":0,"DemBarP":0,"BarRetP":0},{"id":95,"time":117,"name":"Almendros110","marginal_cost":166.2962071769,"value":166.2962071769,"DemBarE":0,"DemBarP":0,"BarRetP":0},{"id":95,"time":118,"name":"Almendros110","marginal_cost":166.2962071769,"value":166.2962071769,"DemBarE":0,"DemBarP":0,"BarRetP":0},{"id":95,"time":119,"name":"Almendros110","marginal_cost":165.5870269479,"value":165.5870269479,"DemBarE":0,"DemBarP":0,"BarRetP":0},{"id":95,"time":120,"name":"Almendros110","marginal_cost":162.5891267505,"value":162.5891267505,"DemBarE":0,"DemBarP":0,"BarRetP":0},{"id":95,"time":121,"name":"Almendros110","marginal_cost":157.9877779413,"value":157.9877779413,"DemBarE":0,"DemBarP":0,"BarRetP":0},{"id":95,"time":122,"name":"Almendros110","marginal_cost":157.5644841924,"value":157.5644841924,"DemBarE":0,"DemBarP":0,"BarRetP":0},{"id":95,"time":123,"name":"Almendros110","marginal_cost":152.8026504265,"value":152.8026504265,"DemBarE":0,"DemBarP":0,"BarRetP":0},{"id":95,"time":124,"name":"Almendros110","marginal_cost":152.8026504265,"value":152.8026504265,"DemBarE":0,"DemBarP":0,"BarRetP":0},{"id":95,"time":125,"name":"Almendros110","marginal_cost":152.8026504265,"value":152.8026504265,"DemBarE":0,"DemBarP":0,"BarRetP":0},{"id":95,"time":126,"name":"Almendros110","marginal_cost":152.8026504265,"value":152.8026504265,"DemBarE":0,"DemBarP":0,"BarRetP":0},{"id":95,"time":127,"name":"Almendros110","marginal_cost":160.4394834504,"value":160.4394834504,"DemBarE":0,"DemBarP":0,"BarRetP":0},{"id":95,"time":128,"name":"Almendros110","marginal_cost":165.9908828405,"value":165.9908828405,"DemBarE":0,"DemBarP":0,"BarRetP":0},{"id":95,"time":129,"name":"Almendros110","marginal_cost":161.7250932213,"value":161.7250932213,"DemBarE":0,"DemBarP":0,"BarRetP":0},{"id":95,"time":130,"name":"Almendros110","marginal_cost":165.0245963432,"value":165.0245963432,"DemBarE":0,"DemBarP":0,"BarRetP":0},{"id":95,"time":131,"name":"Almendros110","marginal_cost":164.5907961718,"value":164.5907961718,"DemBarE":0,"DemBarP":0,"BarRetP":0},{"id":95,"time":132,"name":"Almendros110","marginal_cost":166.4811462629,"value":166.4811462629,"DemBarE":0,"DemBarP":0,"BarRetP":0},{"id":95,"time":133,"name":"Almendros110","marginal_cost":166.0807246838,"value":166.0807246838,"DemBarE":0,"DemBarP":0,"BarRetP":0},{"id":95,"time":134,"name":"Almendros110","marginal_cost":166.0807246838,"value":166.0807246838,"DemBarE":0,"DemBarP":0,"BarRetP":0},{"id":95,"time":135,"name":"Almendros110","marginal_cost":166.0807246838,"value":166.0807246838,"DemBarE":0,"DemBarP":0,"BarRetP":0},{"id":95,"time":136,"name":"Almendros110","marginal_cost":166.0807246838,"value":166.0807246838,"DemBarE":0,"DemBarP":0,"BarRetP":0},{"id":95,"time":137,"name":"Almendros110","marginal_cost":167.5233081644,"value":167.5233081644,"DemBarE":0,"DemBarP":0,"BarRetP":0},{"id":95,"time":138,"name":"Almendros110","marginal_cost":167.5233081644,"value":167.5233081644,"DemBarE":0,"DemBarP":0,"BarRetP":0},{"id":95,"time":139,"name":"Almendros110","marginal_cost":167.5233081644,"value":167.5233081644,"DemBarE":0,"DemBarP":0,"BarRetP":0},{"id":95,"time":140,"name":"Almendros110","marginal_cost":167.5233081644,"value":167.5233081644,"DemBarE":0,"DemBarP":0,"BarRetP":0},{"id":95,"time":141,"name":"Almendros110","marginal_cost":167.5233081644,"value":167.5233081644,"DemBarE":0,"DemBarP":0,"BarRetP":0},{"id":95,"time":142,"name":"Almendros110","marginal_cost":167.5233081644,"value":167.5233081644,"DemBarE":0,"DemBarP":0,"BarRetP":0},{"id":95,"time":143,"name":"Almendros110","marginal_cost":165.8534751991,"value":165.8534751991,"DemBarE":0,"DemBarP":0,"BarRetP":0},{"id":95,"time":144,"name":"Almendros110","marginal_cost":165.7765865028,"value":165.7765865028,"DemBarE":0,"DemBarP":0,"BarRetP":0},{"id":95,"time":145,"name":"Almendros110","marginal_cost":162.9375436247,"value":162.9375436247,"DemBarE":0,"DemBarP":0,"BarRetP":0},{"id":95,"time":146,"name":"Almendros110","marginal_cost":161.7599831411,"value":161.7599831411,"DemBarE":0,"DemBarP":0,"BarRetP":0},{"id":95,"time":147,"name":"Almendros110","marginal_cost":158.7032865915,"value":158.7032865915,"DemBarE":0,"DemBarP":0,"BarRetP":0},{"id":95,"time":148,"name":"Almendros110","marginal_cost":158.7032865915,"value":158.7032865915,"DemBarE":0,"DemBarP":0,"BarRetP":0},{"id":95,"time":149,"name":"Almendros110","marginal_cost":158.7032865915,"value":158.7032865915,"DemBarE":0,"DemBarP":0,"BarRetP":0},{"id":95,"time":150,"name":"Almendros110","marginal_cost":158.7032865915,"value":158.7032865915,"DemBarE":0,"DemBarP":0,"BarRetP":0},{"id":95,"time":151,"name":"Almendros110","marginal_cost":163.1952252115,"value":163.1952252115,"DemBarE":0,"DemBarP":0,"BarRetP":0},{"id":95,"time":152,"name":"Almendros110","marginal_cost":164.3745347633,"value":164.3745347633,"DemBarE":0,"DemBarP":0,"BarRetP":0},{"id":95,"time":153,"name":"Almendros110","marginal_cost":164.3745347633,"value":164.3745347633,"DemBarE":0,"DemBarP":0,"BarRetP":0},{"id":95,"time":154,"name":"Almendros110","marginal_cost":163.9991651704,"value":163.9991651704,"DemBarE":0,"DemBarP":0,"BarRetP":0},{"id":95,"time":155,"name":"Almendros110","marginal_cost":163.9991651704,"value":163.9991651704,"DemBarE":0,"DemBarP":0,"BarRetP":0},{"id":95,"time":156,"name":"Almendros110","marginal_cost":165.2300456918,"value":165.2300456918,"DemBarE":0,"DemBarP":0,"BarRetP":0},{"id":95,"time":157,"name":"Almendros110","marginal_cost":165.7578709564,"value":165.7578709564,"DemBarE":0,"DemBarP":0,"BarRetP":0},{"id":95,"time":158,"name":"Almendros110","marginal_cost":165.7578709564,"value":165.7578709564,"DemBarE":0,"DemBarP":0,"BarRetP":0},{"id":95,"time":159,"name":"Almendros110","marginal_cost":165.7578709564,"value":165.7578709564,"DemBarE":0,"DemBarP":0,"BarRetP":0},{"id":95,"time":160,"name":"Almendros110","marginal_cost":165.4124431366,"value":165.4124431366,"DemBarE":0,"DemBarP":0,"BarRetP":0},{"id":95,"time":161,"name":"Almendros110","marginal_cost":165.4124431366,"value":165.4124431366,"DemBarE":0,"DemBarP":0,"BarRetP":0},{"id":95,"time":162,"name":"Almendros110","marginal_cost":166.3709684577,"value":166.3709684577,"DemBarE":0,"DemBarP":0,"BarRetP":0},{"id":95,"time":163,"name":"Almendros110","marginal_cost":169.1503154221,"value":169.1503154221,"DemBarE":0,"DemBarP":0,"BarRetP":0},{"id":95,"time":164,"name":"Almendros110","marginal_cost":169.1503154221,"value":169.1503154221,"DemBarE":0,"DemBarP":0,"BarRetP":0},{"id":95,"time":165,"name":"Almendros110","marginal_cost":169.1503154221,"value":169.1503154221,"DemBarE":0,"DemBarP":0,"BarRetP":0},{"id":95,"time":166,"name":"Almendros110","marginal_cost":169.1503154221,"value":169.1503154221,"DemBarE":0,"DemBarP":0,"BarRetP":0},{"id":95,"time":167,"name":"Almendros110","marginal_cost":167.178641625,"value":167.178641625,"DemBarE":0,"DemBarP":0,"BarRetP":0},{"id":95,"time":168,"name":"Almendros110","marginal_cost":166.4291570304,"value":166.4291570304,"DemBarE":0,"DemBarP":0,"BarRetP":0}]