[{"id":120,"time":1,"name":"Cholguan220","marginal_cost":152.5922351084,"value":152.5922351084,"DemBarE":0,"DemBarP":0,"BarRetP":0},{"id":120,"time":2,"name":"Cholguan220","marginal_cost":154.0062006874,"value":154.0062006874,"DemBarE":0,"DemBarP":0,"BarRetP":0},{"id":120,"time":3,"name":"Cholguan220","marginal_cost":152.4047566911,"value":152.4047566911,"DemBarE":0,"DemBarP":0,"BarRetP":0},{"id":120,"time":4,"name":"Cholguan220","marginal_cost":152.0361641316,"value":152.0361641316,"DemBarE":0,"DemBarP":0,"BarRetP":0},{"id":120,"time":5,"name":"Cholguan220","marginal_cost":135.1604181452,"value":135.1604181452,"DemBarE":0,"DemBarP":0,"BarRetP":0},{"id":120,"time":6,"name":"Cholguan220","marginal_cost":117.7110558218,"value":117.7110558218,"DemBarE":0,"DemBarP":0,"BarRetP":0},{"id":120,"time":7,"name":"Cholguan220","marginal_cost":158.6805229569,"value":158.6805229569,"DemBarE":0,"DemBarP":0,"BarRetP":0},{"id":120,"time":8,"name":"Cholguan220","marginal_cost":162.9343127495,"value":162.9343127495,"DemBarE":0,"DemBarP":0,"BarRetP":0},{"id":120,"time":9,"name":"Cholguan220","marginal_cost":154.3590246817,"value":154.3590246817,"DemBarE":0,"DemBarP":0,"BarRetP":0},{"id":120,"time":10,"name":"Cholguan220","marginal_cost":153.4085097948,"value":153.4085097948,"DemBarE":0,"DemBarP":0,"BarRetP":0},{"id":120,"time":11,"name":"Cholguan220","marginal_cost":154.0898245301,"value":154.0898245301,"DemBarE":0,"DemBarP":0,"BarRetP":0},{"id":120,"time":12,"name":"Cholguan220","marginal_cost":155.076726156,"value":155.076726156,"DemBarE":0,"DemBarP":0,"BarRetP":0},{"id":120,"time":13,"name":"Cholguan220","marginal_cost":156.778842822,"value":156.778842822,"DemBarE":0,"DemBarP":0,"BarRetP":0},{"id":120,"time":14,"name":"Cholguan220","marginal_cost":155.8714676204,"value":155.8714676204,"DemBarE":0,"DemBarP":0,"BarRetP":0},{"id":120,"time":15,"name":"Cholguan220","marginal_cost":156.5837221224,"value":156.5837221224,"DemBarE":0,"DemBarP":0,"BarRetP":0},{"id":120,"time":16,"name":"Cholguan220","marginal_cost":155.5367097091,"value":155.5367097091,"DemBarE":0,"DemBarP":0,"BarRetP":0},{"id":120,"time":17,"name":"Cholguan220","marginal_cost":153.8342953506,"value":153.8342953506,"DemBarE":0,"DemBarP":0,"BarRetP":0},{"id":120,"time":18,"name":"Cholguan220","marginal_cost":153.5291110776,"value":153.5291110776,"DemBarE":0,"DemBarP":0,"BarRetP":0},{"id":120,"time":19,"name":"Cholguan220","marginal_cost":170.1226499537,"value":170.1226499537,"DemBarE":0,"DemBarP":0,"BarRetP":0},{"id":120,"time":20,"name":"Cholguan220","marginal_cost":171.9773537029,"value":171.9773537029,"DemBarE":0,"DemBarP":0,"BarRetP":0},{"id":120,"time":21,"name":"Cholguan220","marginal_cost":161.6086741874,"value":161.6086741874,"DemBarE":0,"DemBarP":0,"BarRetP":0},{"id":120,"time":22,"name":"Cholguan220","marginal_cost":160.4050466494,"value":160.4050466494,"DemBarE":0,"DemBarP":0,"BarRetP":0},{"id":120,"time":23,"name":"Cholguan220","marginal_cost":159.9990256915,"value":159.9990256915,"DemBarE":0,"DemBarP":0,"BarRetP":0},{"id":120,"time":24,"name":"Cholguan220","marginal_cost":158.9842559333,"value":158.9842559333,"DemBarE":0,"DemBarP":0,"BarRetP":0},{"id":120,"time":25,"name":"Cholguan220","marginal_cost":149.1070288905,"value":149.1070288905,"DemBarE":0,"DemBarP":0,"BarRetP":0},{"id":120,"time":26,"name":"Cholguan220","marginal_cost":150.6247829954,"value":150.6247829954,"DemBarE":0,"DemBarP":0,"BarRetP":0},{"id":120,"time":27,"name":"Cholguan220","marginal_cost":151.40800089,"value":151.40800089,"DemBarE":0,"DemBarP":0,"BarRetP":0},{"id":120,"time":28,"name":"Cholguan220","marginal_cost":151.0587925871,"value":151.0587925871,"DemBarE":0,"DemBarP":0,"BarRetP":0},{"id":120,"time":29,"name":"Cholguan220","marginal_cost":150.4564967267,"value":150.4564967267,"DemBarE":0,"DemBarP":0,"BarRetP":0},{"id":120,"time":30,"name":"Cholguan220","marginal_cost":151.1504714671,"value":151.1504714671,"DemBarE":0,"DemBarP":0,"BarRetP":0},{"id":120,"time":31,"name":"Cholguan220","marginal_cost":155.8847859931,"value":155.8847859931,"DemBarE":0,"DemBarP":0,"BarRetP":0},{"id":120,"time":32,"name":"Cholguan220","marginal_cost":162.4785775251,"value":162.4785775251,"DemBarE":0,"DemBarP":0,"BarRetP":0},{"id":120,"time":33,"name":"Cholguan220","marginal_cost":155.8037953651,"value":155.8037953651,"DemBarE":0,"DemBarP":0,"BarRetP":0},{"id":120,"time":34,"name":"Cholguan220","marginal_cost":155.1689308141,"value":155.1689308141,"DemBarE":0,"DemBarP":0,"BarRetP":0},{"id":120,"time":35,"name":"Cholguan220","marginal_cost":154.7583250693,"value":154.7583250693,"DemBarE":0,"DemBarP":0,"BarRetP":0},{"id":120,"time":36,"name":"Cholguan220","marginal_cost":154.1763681748,"value":154.1763681748,"DemBarE":0,"DemBarP":0,"BarRetP":0},{"id":120,"time":37,"name":"Cholguan220","marginal_cost":154.9642448363,"value":154.9642448363,"DemBarE":0,"DemBarP":0,"BarRetP":0},{"id":120,"time":38,"name":"Cholguan220","marginal_cost":154.9642448363,"value":154.9642448363,"DemBarE":0,"DemBarP":0,"BarRetP":0},{"id":120,"time":39,"name":"Cholguan220","marginal_cost":154.9642448363,"value":154.9642448363,"DemBarE":0,"DemBarP":0,"BarRetP":0},{"id":120,"time":40,"name":"Cholguan220","marginal_cost":154.9642448363,"value":154.9642448363,"DemBarE":0,"DemBarP":0,"BarRetP":0},{"id":120,"time":41,"name":"Cholguan220","marginal_cost":153.1742972937,"value":153.1742972937,"DemBarE":0,"DemBarP":0,"BarRetP":0},{"id":120,"time":42,"name":"Cholguan220","marginal_cost":150.3265700924,"value":150.3265700924,"DemBarE":0,"DemBarP":0,"BarRetP":0},{"id":120,"time":43,"name":"Cholguan220","marginal_cost":153.0491416546,"value":153.0491416546,"DemBarE":0,"DemBarP":0,"BarRetP":0},{"id":120,"time":44,"name":"Cholguan220","marginal_cost":153.0491416546,"value":153.0491416546,"DemBarE":0,"DemBarP":0,"BarRetP":0},{"id":120,"time":45,"name":"Cholguan220","marginal_cost":152.2417879494,"value":152.2417879494,"DemBarE":0,"DemBarP":0,"BarRetP":0},{"id":120,"time":46,"name":"Cholguan220","marginal_cost":150.929388607,"value":150.929388607,"DemBarE":0,"DemBarP":0,"BarRetP":0},{"id":120,"time":47,"name":"Cholguan220","marginal_cost":149.3314857541,"value":149.3314857541,"DemBarE":0,"DemBarP":0,"BarRetP":0},{"id":120,"time":48,"name":"Cholguan220","marginal_cost":149.0298347016,"value":149.0298347016,"DemBarE":0,"DemBarP":0,"BarRetP":0},{"id":120,"time":49,"name":"Cholguan220","marginal_cost":142.4830698575,"value":142.4830698575,"DemBarE":0,"DemBarP":0,"BarRetP":0},{"id":120,"time":50,"name":"Cholguan220","marginal_cost":145.6937484292,"value":145.6937484292,"DemBarE":0,"DemBarP":0,"BarRetP":0},{"id":120,"time":51,"name":"Cholguan220","marginal_cost":146.2788130396,"value":146.2788130396,"DemBarE":0,"DemBarP":0,"BarRetP":0},{"id":120,"time":52,"name":"Cholguan220","marginal_cost":129.5419344568,"value":129.5419344568,"DemBarE":0,"DemBarP":0,"BarRetP":0},{"id":120,"time":53,"name":"Cholguan220","marginal_cost":129.5419344568,"value":129.5419344568,"DemBarE":0,"DemBarP":0,"BarRetP":0},{"id":120,"time":54,"name":"Cholguan220","marginal_cost":130.2041470276,"value":130.2041470276,"DemBarE":0,"DemBarP":0,"BarRetP":0},{"id":120,"time":55,"name":"Cholguan220","marginal_cost":130.6214201707,"value":130.6214201707,"DemBarE":0,"DemBarP":0,"BarRetP":0},{"id":120,"time":56,"name":"Cholguan220","marginal_cost":130.9639933081,"value":130.9639933081,"DemBarE":0,"DemBarP":0,"BarRetP":0},{"id":120,"time":57,"name":"Cholguan220","marginal_cost":121.0171949424,"value":121.0171949424,"DemBarE":0,"DemBarP":0,"BarRetP":0},{"id":120,"time":58,"name":"Cholguan220","marginal_cost":135.0060885065,"value":135.0060885065,"DemBarE":0,"DemBarP":0,"BarRetP":0},{"id":120,"time":59,"name":"Cholguan220","marginal_cost":105.6119921265,"value":105.6119921265,"DemBarE":0,"DemBarP":0,"BarRetP":0},{"id":120,"time":60,"name":"Cholguan220","marginal_cost":133.8541083972,"value":133.8541083972,"DemBarE":0,"DemBarP":0,"BarRetP":0},{"id":120,"time":61,"name":"Cholguan220","marginal_cost":133.637530623,"value":133.637530623,"DemBarE":0,"DemBarP":0,"BarRetP":0},{"id":120,"time":62,"name":"Cholguan220","marginal_cost":133.637530623,"value":133.637530623,"DemBarE":0,"DemBarP":0,"BarRetP":0},{"id":120,"time":63,"name":"Cholguan220","marginal_cost":117.276524065,"value":117.276524065,"DemBarE":0,"DemBarP":0,"BarRetP":0},{"id":120,"time":64,"name":"Cholguan220","marginal_cost":134.0392545031,"value":134.0392545031,"DemBarE":0,"DemBarP":0,"BarRetP":0},{"id":120,"time":65,"name":"Cholguan220","marginal_cost":133.4783295638,"value":133.4783295638,"DemBarE":0,"DemBarP":0,"BarRetP":0},{"id":120,"time":66,"name":"Cholguan220","marginal_cost":133.4783295638,"value":133.4783295638,"DemBarE":0,"DemBarP":0,"BarRetP":0},{"id":120,"time":67,"name":"Cholguan220","marginal_cost":163.2051245234,"value":163.2051245234,"DemBarE":0,"DemBarP":0,"BarRetP":0},{"id":120,"time":68,"name":"Cholguan220","marginal_cost":156.3403236787,"value":156.3403236787,"DemBarE":0,"DemBarP":0,"BarRetP":0},{"id":120,"time":69,"name":"Cholguan220","marginal_cost":156.3403236787,"value":156.3403236787,"DemBarE":0,"DemBarP":0,"BarRetP":0},{"id":120,"time":70,"name":"Cholguan220","marginal_cost":154.8418910529,"value":154.8418910529,"DemBarE":0,"DemBarP":0,"BarRetP":0},{"id":120,"time":71,"name":"Cholguan220","marginal_cost":148.5919169744,"value":148.5919169744,"DemBarE":0,"DemBarP":0,"BarRetP":0},{"id":120,"time":72,"name":"Cholguan220","marginal_cost":147.3999452667,"value":147.3999452667,"DemBarE":0,"DemBarP":0,"BarRetP":0},{"id":120,"time":73,"name":"Cholguan220","marginal_cost":148.9559321787,"value":148.9559321787,"DemBarE":0,"DemBarP":0,"BarRetP":0},{"id":120,"time":74,"name":"Cholguan220","marginal_cost":146.4715042631,"value":146.4715042631,"DemBarE":0,"DemBarP":0,"BarRetP":0},{"id":120,"time":75,"name":"Cholguan220","marginal_cost":133.9976013444,"value":133.9976013444,"DemBarE":0,"DemBarP":0,"BarRetP":0},{"id":120,"time":76,"name":"Cholguan220","marginal_cost":133.9976013444,"value":133.9976013444,"DemBarE":0,"DemBarP":0,"BarRetP":0},{"id":120,"time":77,"name":"Cholguan220","marginal_cost":133.9976013444,"value":133.9976013444,"DemBarE":0,"DemBarP":0,"BarRetP":0},{"id":120,"time":78,"name":"Cholguan220","marginal_cost":133.9976013444,"value":133.9976013444,"DemBarE":0,"DemBarP":0,"BarRetP":0},{"id":120,"time":79,"name":"Cholguan220","marginal_cost":133.9976013444,"value":133.9976013444,"DemBarE":0,"DemBarP":0,"BarRetP":0},{"id":120,"time":80,"name":"Cholguan220","marginal_cost":125.3096305359,"value":125.3096305359,"DemBarE":0,"DemBarP":0,"BarRetP":0},{"id":120,"time":81,"name":"Cholguan220","marginal_cost":125.3096305359,"value":125.3096305359,"DemBarE":0,"DemBarP":0,"BarRetP":0},{"id":120,"time":82,"name":"Cholguan220","marginal_cost":96.5765604634,"value":96.5765604634,"DemBarE":0,"DemBarP":0,"BarRetP":0},{"id":120,"time":83,"name":"Cholguan220","marginal_cost":96.5765604634,"value":96.5765604634,"DemBarE":0,"DemBarP":0,"BarRetP":0},{"id":120,"time":84,"name":"Cholguan220","marginal_cost":123.369269235,"value":123.369269235,"DemBarE":0,"DemBarP":0,"BarRetP":0},{"id":120,"time":85,"name":"Cholguan220","marginal_cost":123.369269235,"value":123.369269235,"DemBarE":0,"DemBarP":0,"BarRetP":0},{"id":120,"time":86,"name":"Cholguan220","marginal_cost":134.5001629556,"value":134.5001629556,"DemBarE":0,"DemBarP":0,"BarRetP":0},{"id":120,"time":87,"name":"Cholguan220","marginal_cost":134.5001629556,"value":134.5001629556,"DemBarE":0,"DemBarP":0,"BarRetP":0},{"id":120,"time":88,"name":"Cholguan220","marginal_cost":134.5001629556,"value":134.5001629556,"DemBarE":0,"DemBarP":0,"BarRetP":0},{"id":120,"time":89,"name":"Cholguan220","marginal_cost":134.5001629556,"value":134.5001629556,"DemBarE":0,"DemBarP":0,"BarRetP":0},{"id":120,"time":90,"name":"Cholguan220","marginal_cost":134.5001629556,"value":134.5001629556,"DemBarE":0,"DemBarP":0,"BarRetP":0},{"id":120,"time":91,"name":"Cholguan220","marginal_cost":152.1184195486,"value":152.1184195486,"DemBarE":0,"DemBarP":0,"BarRetP":0},{"id":120,"time":92,"name":"Cholguan220","marginal_cost":152.1184195486,"value":152.1184195486,"DemBarE":0,"DemBarP":0,"BarRetP":0},{"id":120,"time":93,"name":"Cholguan220","marginal_cost":153.0227549818,"value":153.0227549818,"DemBarE":0,"DemBarP":0,"BarRetP":0},{"id":120,"time":94,"name":"Cholguan220","marginal_cost":149.6446170112,"value":149.6446170112,"DemBarE":0,"DemBarP":0,"BarRetP":0},{"id":120,"time":95,"name":"Cholguan220","marginal_cost":148.7356352267,"value":148.7356352267,"DemBarE":0,"DemBarP":0,"BarRetP":0},{"id":120,"time":96,"name":"Cholguan220","marginal_cost":150.9119188726,"value":150.9119188726,"DemBarE":0,"DemBarP":0,"BarRetP":0},{"id":120,"time":97,"name":"Cholguan220","marginal_cost":152.4123319633,"value":152.4123319633,"DemBarE":0,"DemBarP":0,"BarRetP":0},{"id":120,"time":98,"name":"Cholguan220","marginal_cost":147.1706656009,"value":147.1706656009,"DemBarE":0,"DemBarP":0,"BarRetP":0},{"id":120,"time":99,"name":"Cholguan220","marginal_cost":146.577585554,"value":146.577585554,"DemBarE":0,"DemBarP":0,"BarRetP":0},{"id":120,"time":100,"name":"Cholguan220","marginal_cost":146.5961621275,"value":146.5961621275,"DemBarE":0,"DemBarP":0,"BarRetP":0},{"id":120,"time":101,"name":"Cholguan220","marginal_cost":146.5961621275,"value":146.5961621275,"DemBarE":0,"DemBarP":0,"BarRetP":0},{"id":120,"time":102,"name":"Cholguan220","marginal_cost":146.5961621275,"value":146.5961621275,"DemBarE":0,"DemBarP":0,"BarRetP":0},{"id":120,"time":103,"name":"Cholguan220","marginal_cost":153.4964091908,"value":153.4964091908,"DemBarE":0,"DemBarP":0,"BarRetP":0},{"id":120,"time":104,"name":"Cholguan220","marginal_cost":155.8806203636,"value":155.8806203636,"DemBarE":0,"DemBarP":0,"BarRetP":0},{"id":120,"time":105,"name":"Cholguan220","marginal_cost":155.8806203636,"value":155.8806203636,"DemBarE":0,"DemBarP":0,"BarRetP":0},{"id":120,"time":106,"name":"Cholguan220","marginal_cost":153.5957657617,"value":153.5957657617,"DemBarE":0,"DemBarP":0,"BarRetP":0},{"id":120,"time":107,"name":"Cholguan220","marginal_cost":153.9078420818,"value":153.9078420818,"DemBarE":0,"DemBarP":0,"BarRetP":0},{"id":120,"time":108,"name":"Cholguan220","marginal_cost":153.7154327671,"value":153.7154327671,"DemBarE":0,"DemBarP":0,"BarRetP":0},{"id":120,"time":109,"name":"Cholguan220","marginal_cost":153.7154327671,"value":153.7154327671,"DemBarE":0,"DemBarP":0,"BarRetP":0},{"id":120,"time":110,"name":"Cholguan220","marginal_cost":153.8082341689,"value":153.8082341689,"DemBarE":0,"DemBarP":0,"BarRetP":0},{"id":120,"time":111,"name":"Cholguan220","marginal_cost":153.9574910617,"value":153.9574910617,"DemBarE":0,"DemBarP":0,"BarRetP":0},{"id":120,"time":112,"name":"Cholguan220","marginal_cost":153.9574910617,"value":153.9574910617,"DemBarE":0,"DemBarP":0,"BarRetP":0},{"id":120,"time":113,"name":"Cholguan220","marginal_cost":155.6100309241,"value":155.6100309241,"DemBarE":0,"DemBarP":0,"BarRetP":0},{"id":120,"time":114,"name":"Cholguan220","marginal_cost":155.6100309241,"value":155.6100309241,"DemBarE":0,"DemBarP":0,"BarRetP":0},{"id":120,"time":115,"name":"Cholguan220","marginal_cost":155.6100309241,"value":155.6100309241,"DemBarE":0,"DemBarP":0,"BarRetP":0},{"id":120,"time":116,"name":"Cholguan220","marginal_cost":157.5079216366,"value":157.5079216366,"DemBarE":0,"DemBarP":0,"BarRetP":0},{"id":120,"time":117,"name":"Cholguan220","marginal_cost":157.5079216366,"value":157.5079216366,"DemBarE":0,"DemBarP":0,"BarRetP":0},{"id":120,"time":118,"name":"Cholguan220","marginal_cost":157.5079216366,"value":157.5079216366,"DemBarE":0,"DemBarP":0,"BarRetP":0},{"id":120,"time":119,"name":"Cholguan220","marginal_cost":157.2873732607,"value":157.2873732607,"DemBarE":0,"DemBarP":0,"BarRetP":0},{"id":120,"time":120,"name":"Cholguan220","marginal_cost":154.3992573229,"value":154.3992573229,"DemBarE":0,"DemBarP":0,"BarRetP":0},{"id":120,"time":121,"name":"Cholguan220","marginal_cost":150.746785242,"value":150.746785242,"DemBarE":0,"DemBarP":0,"BarRetP":0},{"id":120,"time":122,"name":"Cholguan220","marginal_cost":151.0773925784,"value":151.0773925784,"DemBarE":0,"DemBarP":0,"BarRetP":0},{"id":120,"time":123,"name":"Cholguan220","marginal_cost":147.1239789694,"value":147.1239789694,"DemBarE":0,"DemBarP":0,"BarRetP":0},{"id":120,"time":124,"name":"Cholguan220","marginal_cost":147.1239789694,"value":147.1239789694,"DemBarE":0,"DemBarP":0,"BarRetP":0},{"id":120,"time":125,"name":"Cholguan220","marginal_cost":147.1239789694,"value":147.1239789694,"DemBarE":0,"DemBarP":0,"BarRetP":0},{"id":120,"time":126,"name":"Cholguan220","marginal_cost":147.1239789694,"value":147.1239789694,"DemBarE":0,"DemBarP":0,"BarRetP":0},{"id":120,"time":127,"name":"Cholguan220","marginal_cost":153.9674398016,"value":153.9674398016,"DemBarE":0,"DemBarP":0,"BarRetP":0},{"id":120,"time":128,"name":"Cholguan220","marginal_cost":159.6141983452,"value":159.6141983452,"DemBarE":0,"DemBarP":0,"BarRetP":0},{"id":120,"time":129,"name":"Cholguan220","marginal_cost":157.0654793633,"value":157.0654793633,"DemBarE":0,"DemBarP":0,"BarRetP":0},{"id":120,"time":130,"name":"Cholguan220","marginal_cost":160.4198445072,"value":160.4198445072,"DemBarE":0,"DemBarP":0,"BarRetP":0},{"id":120,"time":131,"name":"Cholguan220","marginal_cost":159.7049834593,"value":159.7049834593,"DemBarE":0,"DemBarP":0,"BarRetP":0},{"id":120,"time":132,"name":"Cholguan220","marginal_cost":160.7503912697,"value":160.7503912697,"DemBarE":0,"DemBarP":0,"BarRetP":0},{"id":120,"time":133,"name":"Cholguan220","marginal_cost":159.7558119247,"value":159.7558119247,"DemBarE":0,"DemBarP":0,"BarRetP":0},{"id":120,"time":134,"name":"Cholguan220","marginal_cost":159.7558119247,"value":159.7558119247,"DemBarE":0,"DemBarP":0,"BarRetP":0},{"id":120,"time":135,"name":"Cholguan220","marginal_cost":159.7558119247,"value":159.7558119247,"DemBarE":0,"DemBarP":0,"BarRetP":0},{"id":120,"time":136,"name":"Cholguan220","marginal_cost":159.7558119247,"value":159.7558119247,"DemBarE":0,"DemBarP":0,"BarRetP":0},{"id":120,"time":137,"name":"Cholguan220","marginal_cost":159.5950808928,"value":159.5950808928,"DemBarE":0,"DemBarP":0,"BarRetP":0},{"id":120,"time":138,"name":"Cholguan220","marginal_cost":159.5950808928,"value":159.5950808928,"DemBarE":0,"DemBarP":0,"BarRetP":0},{"id":120,"time":139,"name":"Cholguan220","marginal_cost":159.5950808928,"value":159.5950808928,"DemBarE":0,"DemBarP":0,"BarRetP":0},{"id":120,"time":140,"name":"Cholguan220","marginal_cost":159.5950808928,"value":159.5950808928,"DemBarE":0,"DemBarP":0,"BarRetP":0},{"id":120,"time":141,"name":"Cholguan220","marginal_cost":159.5950808928,"value":159.5950808928,"DemBarE":0,"DemBarP":0,"BarRetP":0},{"id":120,"time":142,"name":"Cholguan220","marginal_cost":159.5950808928,"value":159.5950808928,"DemBarE":0,"DemBarP":0,"BarRetP":0},{"id":120,"time":143,"name":"Cholguan220","marginal_cost":157.9949329056,"value":157.9949329056,"DemBarE":0,"DemBarP":0,"BarRetP":0},{"id":120,"time":144,"name":"Cholguan220","marginal_cost":159.0913777463,"value":159.0913777463,"DemBarE":0,"DemBarP":0,"BarRetP":0},{"id":120,"time":145,"name":"Cholguan220","marginal_cost":157.4484695569,"value":157.4484695569,"DemBarE":0,"DemBarP":0,"BarRetP":0},{"id":120,"time":146,"name":"Cholguan220","marginal_cost":156.6721883148,"value":156.6721883148,"DemBarE":0,"DemBarP":0,"BarRetP":0},{"id":120,"time":147,"name":"Cholguan220","marginal_cost":153.8674549232,"value":153.8674549232,"DemBarE":0,"DemBarP":0,"BarRetP":0},{"id":120,"time":148,"name":"Cholguan220","marginal_cost":153.8674549232,"value":153.8674549232,"DemBarE":0,"DemBarP":0,"BarRetP":0},{"id":120,"time":149,"name":"Cholguan220","marginal_cost":153.8674549232,"value":153.8674549232,"DemBarE":0,"DemBarP":0,"BarRetP":0},{"id":120,"time":150,"name":"Cholguan220","marginal_cost":153.8674549232,"value":153.8674549232,"DemBarE":0,"DemBarP":0,"BarRetP":0},{"id":120,"time":151,"name":"Cholguan220","marginal_cost":157.1316943352,"value":157.1316943352,"DemBarE":0,"DemBarP":0,"BarRetP":0},{"id":120,"time":152,"name":"Cholguan220","marginal_cost":160.3571079376,"value":160.3571079376,"DemBarE":0,"DemBarP":0,"BarRetP":0},{"id":120,"time":153,"name":"Cholguan220","marginal_cost":160.3571079376,"value":160.3571079376,"DemBarE":0,"DemBarP":0,"BarRetP":0},{"id":120,"time":154,"name":"Cholguan220","marginal_cost":159.4393892393,"value":159.4393892393,"DemBarE":0,"DemBarP":0,"BarRetP":0},{"id":120,"time":155,"name":"Cholguan220","marginal_cost":159.4393892393,"value":159.4393892393,"DemBarE":0,"DemBarP":0,"BarRetP":0},{"id":120,"time":156,"name":"Cholguan220","marginal_cost":160.665885032,"value":160.665885032,"DemBarE":0,"DemBarP":0,"BarRetP":0},{"id":120,"time":157,"name":"Cholguan220","marginal_cost":161.132094039,"value":161.132094039,"DemBarE":0,"DemBarP":0,"BarRetP":0},{"id":120,"time":158,"name":"Cholguan220","marginal_cost":161.132094039,"value":161.132094039,"DemBarE":0,"DemBarP":0,"BarRetP":0},{"id":120,"time":159,"name":"Cholguan220","marginal_cost":161.132094039,"value":161.132094039,"DemBarE":0,"DemBarP":0,"BarRetP":0},{"id":120,"time":160,"name":"Cholguan220","marginal_cost":160.1964358888,"value":160.1964358888,"DemBarE":0,"DemBarP":0,"BarRetP":0},{"id":120,"time":161,"name":"Cholguan220","marginal_cost":160.1964358888,"value":160.1964358888,"DemBarE":0,"DemBarP":0,"BarRetP":0},{"id":120,"time":162,"name":"Cholguan220","marginal_cost":159.9475869913,"value":159.9475869913,"DemBarE":0,"DemBarP":0,"BarRetP":0},{"id":120,"time":163,"name":"Cholguan220","marginal_cost":161.0542671973,"value":161.0542671973,"DemBarE":0,"DemBarP":0,"BarRetP":0},{"id":120,"time":164,"name":"Cholguan220","marginal_cost":161.0542671973,"value":161.0542671973,"DemBarE":0,"DemBarP":0,"BarRetP":0},{"id":120,"time":165,"name":"Cholguan220","marginal_cost":161.0542671973,"value":161.0542671973,"DemBarE":0,"DemBarP":0,"BarRetP":0},{"id":120,"time":166,"name":"Cholguan220","marginal_cost":161.0542671973,"value":161.0542671973,"DemBarE":0,"DemBarP":0,"BarRetP":0},{"id":120,"time":167,"name":"Cholguan220","marginal_cost":160.8638373313,"value":160.8638373313,"DemBarE":0,"DemBarP":0,"BarRetP":0},{"id":120,"time":168,"name":"Cholguan220","marginal_cost":159.7796816932,"value":159.7796816932,"DemBarE":0,"DemBarP":0,"BarRetP":0}]