[{"id":112,"time":1,"name":"Charrua154","marginal_cost":153.200976395,"value":153.200976395,"DemBarE":0,"DemBarP":0,"BarRetP":0},{"id":112,"time":2,"name":"Charrua154","marginal_cost":154.2802908238,"value":154.2802908238,"DemBarE":0,"DemBarP":0,"BarRetP":0},{"id":112,"time":3,"name":"Charrua154","marginal_cost":153.0427683143,"value":153.0427683143,"DemBarE":0,"DemBarP":0,"BarRetP":0},{"id":112,"time":4,"name":"Charrua154","marginal_cost":152.044745192,"value":152.044745192,"DemBarE":0,"DemBarP":0,"BarRetP":0},{"id":112,"time":5,"name":"Charrua154","marginal_cost":135.1454846424,"value":135.1454846424,"DemBarE":0,"DemBarP":0,"BarRetP":0},{"id":112,"time":6,"name":"Charrua154","marginal_cost":118.0680194886,"value":118.0680194886,"DemBarE":0,"DemBarP":0,"BarRetP":0},{"id":112,"time":7,"name":"Charrua154","marginal_cost":159.7218439304,"value":159.7218439304,"DemBarE":0,"DemBarP":0,"BarRetP":0},{"id":112,"time":8,"name":"Charrua154","marginal_cost":164.6734088173,"value":164.6734088173,"DemBarE":0,"DemBarP":0,"BarRetP":0},{"id":112,"time":9,"name":"Charrua154","marginal_cost":156.5623601519,"value":156.5623601519,"DemBarE":0,"DemBarP":0,"BarRetP":0},{"id":112,"time":10,"name":"Charrua154","marginal_cost":155.8553921381,"value":155.8553921381,"DemBarE":0,"DemBarP":0,"BarRetP":0},{"id":112,"time":11,"name":"Charrua154","marginal_cost":155.8814628955,"value":155.8814628955,"DemBarE":0,"DemBarP":0,"BarRetP":0},{"id":112,"time":12,"name":"Charrua154","marginal_cost":156.8412268211,"value":156.8412268211,"DemBarE":0,"DemBarP":0,"BarRetP":0},{"id":112,"time":13,"name":"Charrua154","marginal_cost":156.9623629491,"value":156.9623629491,"DemBarE":0,"DemBarP":0,"BarRetP":0},{"id":112,"time":14,"name":"Charrua154","marginal_cost":156.4669265486,"value":156.4669265486,"DemBarE":0,"DemBarP":0,"BarRetP":0},{"id":112,"time":15,"name":"Charrua154","marginal_cost":157.3359388118,"value":157.3359388118,"DemBarE":0,"DemBarP":0,"BarRetP":0},{"id":112,"time":16,"name":"Charrua154","marginal_cost":156.688924439,"value":156.688924439,"DemBarE":0,"DemBarP":0,"BarRetP":0},{"id":112,"time":17,"name":"Charrua154","marginal_cost":155.671252078,"value":155.671252078,"DemBarE":0,"DemBarP":0,"BarRetP":0},{"id":112,"time":18,"name":"Charrua154","marginal_cost":155.8535496167,"value":155.8535496167,"DemBarE":0,"DemBarP":0,"BarRetP":0},{"id":112,"time":19,"name":"Charrua154","marginal_cost":173.2491191587,"value":173.2491191587,"DemBarE":0,"DemBarP":0,"BarRetP":0},{"id":112,"time":20,"name":"Charrua154","marginal_cost":175.6607146398,"value":175.6607146398,"DemBarE":0,"DemBarP":0,"BarRetP":0},{"id":112,"time":21,"name":"Charrua154","marginal_cost":165.5275016209,"value":165.5275016209,"DemBarE":0,"DemBarP":0,"BarRetP":0},{"id":112,"time":22,"name":"Charrua154","marginal_cost":163.7577591558,"value":163.7577591558,"DemBarE":0,"DemBarP":0,"BarRetP":0},{"id":112,"time":23,"name":"Charrua154","marginal_cost":161.9816418665,"value":161.9816418665,"DemBarE":0,"DemBarP":0,"BarRetP":0},{"id":112,"time":24,"name":"Charrua154","marginal_cost":161.366562421,"value":161.366562421,"DemBarE":0,"DemBarP":0,"BarRetP":0},{"id":112,"time":25,"name":"Charrua154","marginal_cost":151.8125334743,"value":151.8125334743,"DemBarE":0,"DemBarP":0,"BarRetP":0},{"id":112,"time":26,"name":"Charrua154","marginal_cost":152.4847797586,"value":152.4847797586,"DemBarE":0,"DemBarP":0,"BarRetP":0},{"id":112,"time":27,"name":"Charrua154","marginal_cost":152.428094624,"value":152.428094624,"DemBarE":0,"DemBarP":0,"BarRetP":0},{"id":112,"time":28,"name":"Charrua154","marginal_cost":152.3691980476,"value":152.3691980476,"DemBarE":0,"DemBarP":0,"BarRetP":0},{"id":112,"time":29,"name":"Charrua154","marginal_cost":151.6740471447,"value":151.6740471447,"DemBarE":0,"DemBarP":0,"BarRetP":0},{"id":112,"time":30,"name":"Charrua154","marginal_cost":152.8679222155,"value":152.8679222155,"DemBarE":0,"DemBarP":0,"BarRetP":0},{"id":112,"time":31,"name":"Charrua154","marginal_cost":157.9396159319,"value":157.9396159319,"DemBarE":0,"DemBarP":0,"BarRetP":0},{"id":112,"time":32,"name":"Charrua154","marginal_cost":164.6743210131,"value":164.6743210131,"DemBarE":0,"DemBarP":0,"BarRetP":0},{"id":112,"time":33,"name":"Charrua154","marginal_cost":156.2720860663,"value":156.2720860663,"DemBarE":0,"DemBarP":0,"BarRetP":0},{"id":112,"time":34,"name":"Charrua154","marginal_cost":156.0745007114,"value":156.0745007114,"DemBarE":0,"DemBarP":0,"BarRetP":0},{"id":112,"time":35,"name":"Charrua154","marginal_cost":156.0426810531,"value":156.0426810531,"DemBarE":0,"DemBarP":0,"BarRetP":0},{"id":112,"time":36,"name":"Charrua154","marginal_cost":155.8560652264,"value":155.8560652264,"DemBarE":0,"DemBarP":0,"BarRetP":0},{"id":112,"time":37,"name":"Charrua154","marginal_cost":155.1345333524,"value":155.1345333524,"DemBarE":0,"DemBarP":0,"BarRetP":0},{"id":112,"time":38,"name":"Charrua154","marginal_cost":155.1345333524,"value":155.1345333524,"DemBarE":0,"DemBarP":0,"BarRetP":0},{"id":112,"time":39,"name":"Charrua154","marginal_cost":155.1345333524,"value":155.1345333524,"DemBarE":0,"DemBarP":0,"BarRetP":0},{"id":112,"time":40,"name":"Charrua154","marginal_cost":155.1345333524,"value":155.1345333524,"DemBarE":0,"DemBarP":0,"BarRetP":0},{"id":112,"time":41,"name":"Charrua154","marginal_cost":153.7519789862,"value":153.7519789862,"DemBarE":0,"DemBarP":0,"BarRetP":0},{"id":112,"time":42,"name":"Charrua154","marginal_cost":151.3018906188,"value":151.3018906188,"DemBarE":0,"DemBarP":0,"BarRetP":0},{"id":112,"time":43,"name":"Charrua154","marginal_cost":154.5254286024,"value":154.5254286024,"DemBarE":0,"DemBarP":0,"BarRetP":0},{"id":112,"time":44,"name":"Charrua154","marginal_cost":154.5254286024,"value":154.5254286024,"DemBarE":0,"DemBarP":0,"BarRetP":0},{"id":112,"time":45,"name":"Charrua154","marginal_cost":153.970889265,"value":153.970889265,"DemBarE":0,"DemBarP":0,"BarRetP":0},{"id":112,"time":46,"name":"Charrua154","marginal_cost":152.4217082488,"value":152.4217082488,"DemBarE":0,"DemBarP":0,"BarRetP":0},{"id":112,"time":47,"name":"Charrua154","marginal_cost":150.1105451488,"value":150.1105451488,"DemBarE":0,"DemBarP":0,"BarRetP":0},{"id":112,"time":48,"name":"Charrua154","marginal_cost":149.3582434779,"value":149.3582434779,"DemBarE":0,"DemBarP":0,"BarRetP":0},{"id":112,"time":49,"name":"Charrua154","marginal_cost":142.0657922835,"value":142.0657922835,"DemBarE":0,"DemBarP":0,"BarRetP":0},{"id":112,"time":50,"name":"Charrua154","marginal_cost":145.105206802,"value":145.105206802,"DemBarE":0,"DemBarP":0,"BarRetP":0},{"id":112,"time":51,"name":"Charrua154","marginal_cost":145.625072614,"value":145.625072614,"DemBarE":0,"DemBarP":0,"BarRetP":0},{"id":112,"time":52,"name":"Charrua154","marginal_cost":128.9473884164,"value":128.9473884164,"DemBarE":0,"DemBarP":0,"BarRetP":0},{"id":112,"time":53,"name":"Charrua154","marginal_cost":128.9473884164,"value":128.9473884164,"DemBarE":0,"DemBarP":0,"BarRetP":0},{"id":112,"time":54,"name":"Charrua154","marginal_cost":129.5927300145,"value":129.5927300145,"DemBarE":0,"DemBarP":0,"BarRetP":0},{"id":112,"time":55,"name":"Charrua154","marginal_cost":130.0060910433,"value":130.0060910433,"DemBarE":0,"DemBarP":0,"BarRetP":0},{"id":112,"time":56,"name":"Charrua154","marginal_cost":130.3807451197,"value":130.3807451197,"DemBarE":0,"DemBarP":0,"BarRetP":0},{"id":112,"time":57,"name":"Charrua154","marginal_cost":120.3760835415,"value":120.3760835415,"DemBarE":0,"DemBarP":0,"BarRetP":0},{"id":112,"time":58,"name":"Charrua154","marginal_cost":134.4092933751,"value":134.4092933751,"DemBarE":0,"DemBarP":0,"BarRetP":0},{"id":112,"time":59,"name":"Charrua154","marginal_cost":105.1786982543,"value":105.1786982543,"DemBarE":0,"DemBarP":0,"BarRetP":0},{"id":112,"time":60,"name":"Charrua154","marginal_cost":133.353488001,"value":133.353488001,"DemBarE":0,"DemBarP":0,"BarRetP":0},{"id":112,"time":61,"name":"Charrua154","marginal_cost":133.0872344169,"value":133.0872344169,"DemBarE":0,"DemBarP":0,"BarRetP":0},{"id":112,"time":62,"name":"Charrua154","marginal_cost":133.0872344169,"value":133.0872344169,"DemBarE":0,"DemBarP":0,"BarRetP":0},{"id":112,"time":63,"name":"Charrua154","marginal_cost":117.0026312061,"value":117.0026312061,"DemBarE":0,"DemBarP":0,"BarRetP":0},{"id":112,"time":64,"name":"Charrua154","marginal_cost":133.5934453073,"value":133.5934453073,"DemBarE":0,"DemBarP":0,"BarRetP":0},{"id":112,"time":65,"name":"Charrua154","marginal_cost":133.4985804413,"value":133.4985804413,"DemBarE":0,"DemBarP":0,"BarRetP":0},{"id":112,"time":66,"name":"Charrua154","marginal_cost":133.4985804413,"value":133.4985804413,"DemBarE":0,"DemBarP":0,"BarRetP":0},{"id":112,"time":67,"name":"Charrua154","marginal_cost":164.0217041237,"value":164.0217041237,"DemBarE":0,"DemBarP":0,"BarRetP":0},{"id":112,"time":68,"name":"Charrua154","marginal_cost":157.6133116661,"value":157.6133116661,"DemBarE":0,"DemBarP":0,"BarRetP":0},{"id":112,"time":69,"name":"Charrua154","marginal_cost":157.6133116661,"value":157.6133116661,"DemBarE":0,"DemBarP":0,"BarRetP":0},{"id":112,"time":70,"name":"Charrua154","marginal_cost":156.5131823575,"value":156.5131823575,"DemBarE":0,"DemBarP":0,"BarRetP":0},{"id":112,"time":71,"name":"Charrua154","marginal_cost":150.2726673825,"value":150.2726673825,"DemBarE":0,"DemBarP":0,"BarRetP":0},{"id":112,"time":72,"name":"Charrua154","marginal_cost":149.0325762867,"value":149.0325762867,"DemBarE":0,"DemBarP":0,"BarRetP":0},{"id":112,"time":73,"name":"Charrua154","marginal_cost":149.3872160018,"value":149.3872160018,"DemBarE":0,"DemBarP":0,"BarRetP":0},{"id":112,"time":74,"name":"Charrua154","marginal_cost":146.5372830884,"value":146.5372830884,"DemBarE":0,"DemBarP":0,"BarRetP":0},{"id":112,"time":75,"name":"Charrua154","marginal_cost":133.9763943501,"value":133.9763943501,"DemBarE":0,"DemBarP":0,"BarRetP":0},{"id":112,"time":76,"name":"Charrua154","marginal_cost":133.9763943501,"value":133.9763943501,"DemBarE":0,"DemBarP":0,"BarRetP":0},{"id":112,"time":77,"name":"Charrua154","marginal_cost":133.9763943501,"value":133.9763943501,"DemBarE":0,"DemBarP":0,"BarRetP":0},{"id":112,"time":78,"name":"Charrua154","marginal_cost":133.9763943501,"value":133.9763943501,"DemBarE":0,"DemBarP":0,"BarRetP":0},{"id":112,"time":79,"name":"Charrua154","marginal_cost":133.9763943501,"value":133.9763943501,"DemBarE":0,"DemBarP":0,"BarRetP":0},{"id":112,"time":80,"name":"Charrua154","marginal_cost":125.2467708353,"value":125.2467708353,"DemBarE":0,"DemBarP":0,"BarRetP":0},{"id":112,"time":81,"name":"Charrua154","marginal_cost":125.2467708353,"value":125.2467708353,"DemBarE":0,"DemBarP":0,"BarRetP":0},{"id":112,"time":82,"name":"Charrua154","marginal_cost":96.4147954198,"value":96.4147954198,"DemBarE":0,"DemBarP":0,"BarRetP":0},{"id":112,"time":83,"name":"Charrua154","marginal_cost":96.4147954198,"value":96.4147954198,"DemBarE":0,"DemBarP":0,"BarRetP":0},{"id":112,"time":84,"name":"Charrua154","marginal_cost":123.2120643325,"value":123.2120643325,"DemBarE":0,"DemBarP":0,"BarRetP":0},{"id":112,"time":85,"name":"Charrua154","marginal_cost":123.2120643325,"value":123.2120643325,"DemBarE":0,"DemBarP":0,"BarRetP":0},{"id":112,"time":86,"name":"Charrua154","marginal_cost":134.3215063268,"value":134.3215063268,"DemBarE":0,"DemBarP":0,"BarRetP":0},{"id":112,"time":87,"name":"Charrua154","marginal_cost":134.3215063268,"value":134.3215063268,"DemBarE":0,"DemBarP":0,"BarRetP":0},{"id":112,"time":88,"name":"Charrua154","marginal_cost":134.3215063268,"value":134.3215063268,"DemBarE":0,"DemBarP":0,"BarRetP":0},{"id":112,"time":89,"name":"Charrua154","marginal_cost":134.3215063268,"value":134.3215063268,"DemBarE":0,"DemBarP":0,"BarRetP":0},{"id":112,"time":90,"name":"Charrua154","marginal_cost":134.3215063268,"value":134.3215063268,"DemBarE":0,"DemBarP":0,"BarRetP":0},{"id":112,"time":91,"name":"Charrua154","marginal_cost":152.5557108461,"value":152.5557108461,"DemBarE":0,"DemBarP":0,"BarRetP":0},{"id":112,"time":92,"name":"Charrua154","marginal_cost":152.5557108461,"value":152.5557108461,"DemBarE":0,"DemBarP":0,"BarRetP":0},{"id":112,"time":93,"name":"Charrua154","marginal_cost":153.9416316179,"value":153.9416316179,"DemBarE":0,"DemBarP":0,"BarRetP":0},{"id":112,"time":94,"name":"Charrua154","marginal_cost":150.9867837868,"value":150.9867837868,"DemBarE":0,"DemBarP":0,"BarRetP":0},{"id":112,"time":95,"name":"Charrua154","marginal_cost":150.4185550662,"value":150.4185550662,"DemBarE":0,"DemBarP":0,"BarRetP":0},{"id":112,"time":96,"name":"Charrua154","marginal_cost":151.1070821217,"value":151.1070821217,"DemBarE":0,"DemBarP":0,"BarRetP":0},{"id":112,"time":97,"name":"Charrua154","marginal_cost":152.5936826381,"value":152.5936826381,"DemBarE":0,"DemBarP":0,"BarRetP":0},{"id":112,"time":98,"name":"Charrua154","marginal_cost":147.3050727202,"value":147.3050727202,"DemBarE":0,"DemBarP":0,"BarRetP":0},{"id":112,"time":99,"name":"Charrua154","marginal_cost":146.6487761253,"value":146.6487761253,"DemBarE":0,"DemBarP":0,"BarRetP":0},{"id":112,"time":100,"name":"Charrua154","marginal_cost":146.6292522916,"value":146.6292522916,"DemBarE":0,"DemBarP":0,"BarRetP":0},{"id":112,"time":101,"name":"Charrua154","marginal_cost":146.6292522916,"value":146.6292522916,"DemBarE":0,"DemBarP":0,"BarRetP":0},{"id":112,"time":102,"name":"Charrua154","marginal_cost":146.6292522916,"value":146.6292522916,"DemBarE":0,"DemBarP":0,"BarRetP":0},{"id":112,"time":103,"name":"Charrua154","marginal_cost":153.5876827422,"value":153.5876827422,"DemBarE":0,"DemBarP":0,"BarRetP":0},{"id":112,"time":104,"name":"Charrua154","marginal_cost":155.8772382182,"value":155.8772382182,"DemBarE":0,"DemBarP":0,"BarRetP":0},{"id":112,"time":105,"name":"Charrua154","marginal_cost":155.8772382182,"value":155.8772382182,"DemBarE":0,"DemBarP":0,"BarRetP":0},{"id":112,"time":106,"name":"Charrua154","marginal_cost":153.3687086127,"value":153.3687086127,"DemBarE":0,"DemBarP":0,"BarRetP":0},{"id":112,"time":107,"name":"Charrua154","marginal_cost":153.5708616086,"value":153.5708616086,"DemBarE":0,"DemBarP":0,"BarRetP":0},{"id":112,"time":108,"name":"Charrua154","marginal_cost":153.4059986268,"value":153.4059986268,"DemBarE":0,"DemBarP":0,"BarRetP":0},{"id":112,"time":109,"name":"Charrua154","marginal_cost":153.4059986268,"value":153.4059986268,"DemBarE":0,"DemBarP":0,"BarRetP":0},{"id":112,"time":110,"name":"Charrua154","marginal_cost":153.4160249593,"value":153.4160249593,"DemBarE":0,"DemBarP":0,"BarRetP":0},{"id":112,"time":111,"name":"Charrua154","marginal_cost":153.5537881728,"value":153.5537881728,"DemBarE":0,"DemBarP":0,"BarRetP":0},{"id":112,"time":112,"name":"Charrua154","marginal_cost":153.5537881728,"value":153.5537881728,"DemBarE":0,"DemBarP":0,"BarRetP":0},{"id":112,"time":113,"name":"Charrua154","marginal_cost":155.5811692236,"value":155.5811692236,"DemBarE":0,"DemBarP":0,"BarRetP":0},{"id":112,"time":114,"name":"Charrua154","marginal_cost":155.5811692236,"value":155.5811692236,"DemBarE":0,"DemBarP":0,"BarRetP":0},{"id":112,"time":115,"name":"Charrua154","marginal_cost":155.5811692236,"value":155.5811692236,"DemBarE":0,"DemBarP":0,"BarRetP":0},{"id":112,"time":116,"name":"Charrua154","marginal_cost":157.5225441434,"value":157.5225441434,"DemBarE":0,"DemBarP":0,"BarRetP":0},{"id":112,"time":117,"name":"Charrua154","marginal_cost":157.5225441434,"value":157.5225441434,"DemBarE":0,"DemBarP":0,"BarRetP":0},{"id":112,"time":118,"name":"Charrua154","marginal_cost":157.5225441434,"value":157.5225441434,"DemBarE":0,"DemBarP":0,"BarRetP":0},{"id":112,"time":119,"name":"Charrua154","marginal_cost":157.1650508693,"value":157.1650508693,"DemBarE":0,"DemBarP":0,"BarRetP":0},{"id":112,"time":120,"name":"Charrua154","marginal_cost":154.2694259511,"value":154.2694259511,"DemBarE":0,"DemBarP":0,"BarRetP":0},{"id":112,"time":121,"name":"Charrua154","marginal_cost":150.5713329422,"value":150.5713329422,"DemBarE":0,"DemBarP":0,"BarRetP":0},{"id":112,"time":122,"name":"Charrua154","marginal_cost":150.8988529617,"value":150.8988529617,"DemBarE":0,"DemBarP":0,"BarRetP":0},{"id":112,"time":123,"name":"Charrua154","marginal_cost":146.9710295882,"value":146.9710295882,"DemBarE":0,"DemBarP":0,"BarRetP":0},{"id":112,"time":124,"name":"Charrua154","marginal_cost":146.9710295882,"value":146.9710295882,"DemBarE":0,"DemBarP":0,"BarRetP":0},{"id":112,"time":125,"name":"Charrua154","marginal_cost":146.9710295882,"value":146.9710295882,"DemBarE":0,"DemBarP":0,"BarRetP":0},{"id":112,"time":126,"name":"Charrua154","marginal_cost":146.9710295882,"value":146.9710295882,"DemBarE":0,"DemBarP":0,"BarRetP":0},{"id":112,"time":127,"name":"Charrua154","marginal_cost":153.9748616927,"value":153.9748616927,"DemBarE":0,"DemBarP":0,"BarRetP":0},{"id":112,"time":128,"name":"Charrua154","marginal_cost":159.7262512507,"value":159.7262512507,"DemBarE":0,"DemBarP":0,"BarRetP":0},{"id":112,"time":129,"name":"Charrua154","marginal_cost":156.9106071344,"value":156.9106071344,"DemBarE":0,"DemBarP":0,"BarRetP":0},{"id":112,"time":130,"name":"Charrua154","marginal_cost":160.2364541104,"value":160.2364541104,"DemBarE":0,"DemBarP":0,"BarRetP":0},{"id":112,"time":131,"name":"Charrua154","marginal_cost":159.4576382117,"value":159.4576382117,"DemBarE":0,"DemBarP":0,"BarRetP":0},{"id":112,"time":132,"name":"Charrua154","marginal_cost":160.7527647773,"value":160.7527647773,"DemBarE":0,"DemBarP":0,"BarRetP":0},{"id":112,"time":133,"name":"Charrua154","marginal_cost":159.7376903201,"value":159.7376903201,"DemBarE":0,"DemBarP":0,"BarRetP":0},{"id":112,"time":134,"name":"Charrua154","marginal_cost":159.7376903201,"value":159.7376903201,"DemBarE":0,"DemBarP":0,"BarRetP":0},{"id":112,"time":135,"name":"Charrua154","marginal_cost":159.7376903201,"value":159.7376903201,"DemBarE":0,"DemBarP":0,"BarRetP":0},{"id":112,"time":136,"name":"Charrua154","marginal_cost":159.7376903201,"value":159.7376903201,"DemBarE":0,"DemBarP":0,"BarRetP":0},{"id":112,"time":137,"name":"Charrua154","marginal_cost":160.3046115811,"value":160.3046115811,"DemBarE":0,"DemBarP":0,"BarRetP":0},{"id":112,"time":138,"name":"Charrua154","marginal_cost":160.3046115811,"value":160.3046115811,"DemBarE":0,"DemBarP":0,"BarRetP":0},{"id":112,"time":139,"name":"Charrua154","marginal_cost":160.3046115811,"value":160.3046115811,"DemBarE":0,"DemBarP":0,"BarRetP":0},{"id":112,"time":140,"name":"Charrua154","marginal_cost":160.3046115811,"value":160.3046115811,"DemBarE":0,"DemBarP":0,"BarRetP":0},{"id":112,"time":141,"name":"Charrua154","marginal_cost":160.3046115811,"value":160.3046115811,"DemBarE":0,"DemBarP":0,"BarRetP":0},{"id":112,"time":142,"name":"Charrua154","marginal_cost":160.3046115811,"value":160.3046115811,"DemBarE":0,"DemBarP":0,"BarRetP":0},{"id":112,"time":143,"name":"Charrua154","marginal_cost":158.7104870761,"value":158.7104870761,"DemBarE":0,"DemBarP":0,"BarRetP":0},{"id":112,"time":144,"name":"Charrua154","marginal_cost":159.2928811385,"value":159.2928811385,"DemBarE":0,"DemBarP":0,"BarRetP":0},{"id":112,"time":145,"name":"Charrua154","marginal_cost":157.5736735359,"value":157.5736735359,"DemBarE":0,"DemBarP":0,"BarRetP":0},{"id":112,"time":146,"name":"Charrua154","marginal_cost":156.7868696567,"value":156.7868696567,"DemBarE":0,"DemBarP":0,"BarRetP":0},{"id":112,"time":147,"name":"Charrua154","marginal_cost":153.9610150526,"value":153.9610150526,"DemBarE":0,"DemBarP":0,"BarRetP":0},{"id":112,"time":148,"name":"Charrua154","marginal_cost":153.9610150526,"value":153.9610150526,"DemBarE":0,"DemBarP":0,"BarRetP":0},{"id":112,"time":149,"name":"Charrua154","marginal_cost":153.9610150526,"value":153.9610150526,"DemBarE":0,"DemBarP":0,"BarRetP":0},{"id":112,"time":150,"name":"Charrua154","marginal_cost":153.9610150526,"value":153.9610150526,"DemBarE":0,"DemBarP":0,"BarRetP":0},{"id":112,"time":151,"name":"Charrua154","marginal_cost":157.3531608827,"value":157.3531608827,"DemBarE":0,"DemBarP":0,"BarRetP":0},{"id":112,"time":152,"name":"Charrua154","marginal_cost":160.5383912625,"value":160.5383912625,"DemBarE":0,"DemBarP":0,"BarRetP":0},{"id":112,"time":153,"name":"Charrua154","marginal_cost":160.5383912625,"value":160.5383912625,"DemBarE":0,"DemBarP":0,"BarRetP":0},{"id":112,"time":154,"name":"Charrua154","marginal_cost":159.577942946,"value":159.577942946,"DemBarE":0,"DemBarP":0,"BarRetP":0},{"id":112,"time":155,"name":"Charrua154","marginal_cost":159.577942946,"value":159.577942946,"DemBarE":0,"DemBarP":0,"BarRetP":0},{"id":112,"time":156,"name":"Charrua154","marginal_cost":160.6644743086,"value":160.6644743086,"DemBarE":0,"DemBarP":0,"BarRetP":0},{"id":112,"time":157,"name":"Charrua154","marginal_cost":160.9498678928,"value":160.9498678928,"DemBarE":0,"DemBarP":0,"BarRetP":0},{"id":112,"time":158,"name":"Charrua154","marginal_cost":160.9498678928,"value":160.9498678928,"DemBarE":0,"DemBarP":0,"BarRetP":0},{"id":112,"time":159,"name":"Charrua154","marginal_cost":160.9498678928,"value":160.9498678928,"DemBarE":0,"DemBarP":0,"BarRetP":0},{"id":112,"time":160,"name":"Charrua154","marginal_cost":160.5277132746,"value":160.5277132746,"DemBarE":0,"DemBarP":0,"BarRetP":0},{"id":112,"time":161,"name":"Charrua154","marginal_cost":160.5277132746,"value":160.5277132746,"DemBarE":0,"DemBarP":0,"BarRetP":0},{"id":112,"time":162,"name":"Charrua154","marginal_cost":160.8764653228,"value":160.8764653228,"DemBarE":0,"DemBarP":0,"BarRetP":0},{"id":112,"time":163,"name":"Charrua154","marginal_cost":162.0037679183,"value":162.0037679183,"DemBarE":0,"DemBarP":0,"BarRetP":0},{"id":112,"time":164,"name":"Charrua154","marginal_cost":162.0037679183,"value":162.0037679183,"DemBarE":0,"DemBarP":0,"BarRetP":0},{"id":112,"time":165,"name":"Charrua154","marginal_cost":162.0037679183,"value":162.0037679183,"DemBarE":0,"DemBarP":0,"BarRetP":0},{"id":112,"time":166,"name":"Charrua154","marginal_cost":162.0037679183,"value":162.0037679183,"DemBarE":0,"DemBarP":0,"BarRetP":0},{"id":112,"time":167,"name":"Charrua154","marginal_cost":161.6780423802,"value":161.6780423802,"DemBarE":0,"DemBarP":0,"BarRetP":0},{"id":112,"time":168,"name":"Charrua154","marginal_cost":160.5676045501,"value":160.5676045501,"DemBarE":0,"DemBarP":0,"BarRetP":0}]