[{"id":175,"time":1,"name":"Polpaico220","marginal_cost":157.803302529,"value":157.803302529,"DemBarE":0,"DemBarP":0,"BarRetP":0},{"id":175,"time":2,"name":"Polpaico220","marginal_cost":158.0844755676,"value":158.0844755676,"DemBarE":0,"DemBarP":0,"BarRetP":0},{"id":175,"time":3,"name":"Polpaico220","marginal_cost":156.8541862282,"value":156.8541862282,"DemBarE":0,"DemBarP":0,"BarRetP":0},{"id":175,"time":4,"name":"Polpaico220","marginal_cost":155.8722046127,"value":155.8722046127,"DemBarE":0,"DemBarP":0,"BarRetP":0},{"id":175,"time":5,"name":"Polpaico220","marginal_cost":138.1467114165,"value":138.1467114165,"DemBarE":0,"DemBarP":0,"BarRetP":0},{"id":175,"time":6,"name":"Polpaico220","marginal_cost":120.7866452715,"value":120.7866452715,"DemBarE":0,"DemBarP":0,"BarRetP":0},{"id":175,"time":7,"name":"Polpaico220","marginal_cost":164.7710511228,"value":164.7710511228,"DemBarE":0,"DemBarP":0,"BarRetP":0},{"id":175,"time":8,"name":"Polpaico220","marginal_cost":168.1117377083,"value":168.1117377083,"DemBarE":0,"DemBarP":0,"BarRetP":0},{"id":175,"time":9,"name":"Polpaico220","marginal_cost":157.2725235681,"value":157.2725235681,"DemBarE":0,"DemBarP":0,"BarRetP":0},{"id":175,"time":10,"name":"Polpaico220","marginal_cost":156.1857858565,"value":156.1857858565,"DemBarE":0,"DemBarP":0,"BarRetP":0},{"id":175,"time":11,"name":"Polpaico220","marginal_cost":156.2627804141,"value":156.2627804141,"DemBarE":0,"DemBarP":0,"BarRetP":0},{"id":175,"time":12,"name":"Polpaico220","marginal_cost":156.8404548135,"value":156.8404548135,"DemBarE":0,"DemBarP":0,"BarRetP":0},{"id":175,"time":13,"name":"Polpaico220","marginal_cost":156.3997937004,"value":156.3997937004,"DemBarE":0,"DemBarP":0,"BarRetP":0},{"id":175,"time":14,"name":"Polpaico220","marginal_cost":156.0464671507,"value":156.0464671507,"DemBarE":0,"DemBarP":0,"BarRetP":0},{"id":175,"time":15,"name":"Polpaico220","marginal_cost":156.5395555532,"value":156.5395555532,"DemBarE":0,"DemBarP":0,"BarRetP":0},{"id":175,"time":16,"name":"Polpaico220","marginal_cost":156.0980057351,"value":156.0980057351,"DemBarE":0,"DemBarP":0,"BarRetP":0},{"id":175,"time":17,"name":"Polpaico220","marginal_cost":156.3886133581,"value":156.3886133581,"DemBarE":0,"DemBarP":0,"BarRetP":0},{"id":175,"time":18,"name":"Polpaico220","marginal_cost":157.9086412936,"value":157.9086412936,"DemBarE":0,"DemBarP":0,"BarRetP":0},{"id":175,"time":19,"name":"Polpaico220","marginal_cost":178.0150804481,"value":178.0150804481,"DemBarE":0,"DemBarP":0,"BarRetP":0},{"id":175,"time":20,"name":"Polpaico220","marginal_cost":180.0155953093,"value":180.0155953093,"DemBarE":0,"DemBarP":0,"BarRetP":0},{"id":175,"time":21,"name":"Polpaico220","marginal_cost":170.842634933,"value":170.842634933,"DemBarE":0,"DemBarP":0,"BarRetP":0},{"id":175,"time":22,"name":"Polpaico220","marginal_cost":168.9931857344,"value":168.9931857344,"DemBarE":0,"DemBarP":0,"BarRetP":0},{"id":175,"time":23,"name":"Polpaico220","marginal_cost":166.537137485,"value":166.537137485,"DemBarE":0,"DemBarP":0,"BarRetP":0},{"id":175,"time":24,"name":"Polpaico220","marginal_cost":166.103707996,"value":166.103707996,"DemBarE":0,"DemBarP":0,"BarRetP":0},{"id":175,"time":25,"name":"Polpaico220","marginal_cost":156.9155664478,"value":156.9155664478,"DemBarE":0,"DemBarP":0,"BarRetP":0},{"id":175,"time":26,"name":"Polpaico220","marginal_cost":156.8157896899,"value":156.8157896899,"DemBarE":0,"DemBarP":0,"BarRetP":0},{"id":175,"time":27,"name":"Polpaico220","marginal_cost":156.6416924785,"value":156.6416924785,"DemBarE":0,"DemBarP":0,"BarRetP":0},{"id":175,"time":28,"name":"Polpaico220","marginal_cost":156.5644639742,"value":156.5644639742,"DemBarE":0,"DemBarP":0,"BarRetP":0},{"id":175,"time":29,"name":"Polpaico220","marginal_cost":155.5814563437,"value":155.5814563437,"DemBarE":0,"DemBarP":0,"BarRetP":0},{"id":175,"time":30,"name":"Polpaico220","marginal_cost":157.0417161813,"value":157.0417161813,"DemBarE":0,"DemBarP":0,"BarRetP":0},{"id":175,"time":31,"name":"Polpaico220","marginal_cost":162.9198011963,"value":162.9198011963,"DemBarE":0,"DemBarP":0,"BarRetP":0},{"id":175,"time":32,"name":"Polpaico220","marginal_cost":168.5218264119,"value":168.5218264119,"DemBarE":0,"DemBarP":0,"BarRetP":0},{"id":175,"time":33,"name":"Polpaico220","marginal_cost":156.5485653889,"value":156.5485653889,"DemBarE":0,"DemBarP":0,"BarRetP":0},{"id":175,"time":34,"name":"Polpaico220","marginal_cost":156.9463994101,"value":156.9463994101,"DemBarE":0,"DemBarP":0,"BarRetP":0},{"id":175,"time":35,"name":"Polpaico220","marginal_cost":157.0982123281,"value":157.0982123281,"DemBarE":0,"DemBarP":0,"BarRetP":0},{"id":175,"time":36,"name":"Polpaico220","marginal_cost":157.1260423603,"value":157.1260423603,"DemBarE":0,"DemBarP":0,"BarRetP":0},{"id":175,"time":37,"name":"Polpaico220","marginal_cost":156.6594246346,"value":156.6594246346,"DemBarE":0,"DemBarP":0,"BarRetP":0},{"id":175,"time":38,"name":"Polpaico220","marginal_cost":156.6594246346,"value":156.6594246346,"DemBarE":0,"DemBarP":0,"BarRetP":0},{"id":175,"time":39,"name":"Polpaico220","marginal_cost":156.6594246346,"value":156.6594246346,"DemBarE":0,"DemBarP":0,"BarRetP":0},{"id":175,"time":40,"name":"Polpaico220","marginal_cost":156.6594246346,"value":156.6594246346,"DemBarE":0,"DemBarP":0,"BarRetP":0},{"id":175,"time":41,"name":"Polpaico220","marginal_cost":156.4162216678,"value":156.4162216678,"DemBarE":0,"DemBarP":0,"BarRetP":0},{"id":175,"time":42,"name":"Polpaico220","marginal_cost":156.3936397495,"value":156.3936397495,"DemBarE":0,"DemBarP":0,"BarRetP":0},{"id":175,"time":43,"name":"Polpaico220","marginal_cost":162.2678753495,"value":162.2678753495,"DemBarE":0,"DemBarP":0,"BarRetP":0},{"id":175,"time":44,"name":"Polpaico220","marginal_cost":162.2678753495,"value":162.2678753495,"DemBarE":0,"DemBarP":0,"BarRetP":0},{"id":175,"time":45,"name":"Polpaico220","marginal_cost":162.3222572061,"value":162.3222572061,"DemBarE":0,"DemBarP":0,"BarRetP":0},{"id":175,"time":46,"name":"Polpaico220","marginal_cost":161.1199583794,"value":161.1199583794,"DemBarE":0,"DemBarP":0,"BarRetP":0},{"id":175,"time":47,"name":"Polpaico220","marginal_cost":158.6128685134,"value":158.6128685134,"DemBarE":0,"DemBarP":0,"BarRetP":0},{"id":175,"time":48,"name":"Polpaico220","marginal_cost":156.8154993426,"value":156.8154993426,"DemBarE":0,"DemBarP":0,"BarRetP":0},{"id":175,"time":49,"name":"Polpaico220","marginal_cost":149.0522236575,"value":149.0522236575,"DemBarE":0,"DemBarP":0,"BarRetP":0},{"id":175,"time":50,"name":"Polpaico220","marginal_cost":151.8289665993,"value":151.8289665993,"DemBarE":0,"DemBarP":0,"BarRetP":0},{"id":175,"time":51,"name":"Polpaico220","marginal_cost":152.6073147154,"value":152.6073147154,"DemBarE":0,"DemBarP":0,"BarRetP":0},{"id":175,"time":52,"name":"Polpaico220","marginal_cost":135.0252064103,"value":135.0252064103,"DemBarE":0,"DemBarP":0,"BarRetP":0},{"id":175,"time":53,"name":"Polpaico220","marginal_cost":135.0252064103,"value":135.0252064103,"DemBarE":0,"DemBarP":0,"BarRetP":0},{"id":175,"time":54,"name":"Polpaico220","marginal_cost":135.1493729889,"value":135.1493729889,"DemBarE":0,"DemBarP":0,"BarRetP":0},{"id":175,"time":55,"name":"Polpaico220","marginal_cost":135.8337377918,"value":135.8337377918,"DemBarE":0,"DemBarP":0,"BarRetP":0},{"id":175,"time":56,"name":"Polpaico220","marginal_cost":135.7356232657,"value":135.7356232657,"DemBarE":0,"DemBarP":0,"BarRetP":0},{"id":175,"time":57,"name":"Polpaico220","marginal_cost":122.8096801566,"value":122.8096801566,"DemBarE":0,"DemBarP":0,"BarRetP":0},{"id":175,"time":58,"name":"Polpaico220","marginal_cost":136.0945047515,"value":136.0945047515,"DemBarE":0,"DemBarP":0,"BarRetP":0},{"id":175,"time":59,"name":"Polpaico220","marginal_cost":106.2511610158,"value":106.2511610158,"DemBarE":0,"DemBarP":0,"BarRetP":0},{"id":175,"time":60,"name":"Polpaico220","marginal_cost":134.4898379036,"value":134.4898379036,"DemBarE":0,"DemBarP":0,"BarRetP":0},{"id":175,"time":61,"name":"Polpaico220","marginal_cost":133.979813806,"value":133.979813806,"DemBarE":0,"DemBarP":0,"BarRetP":0},{"id":175,"time":62,"name":"Polpaico220","marginal_cost":133.979813806,"value":133.979813806,"DemBarE":0,"DemBarP":0,"BarRetP":0},{"id":175,"time":63,"name":"Polpaico220","marginal_cost":117.8056934457,"value":117.8056934457,"DemBarE":0,"DemBarP":0,"BarRetP":0},{"id":175,"time":64,"name":"Polpaico220","marginal_cost":134.8157909871,"value":134.8157909871,"DemBarE":0,"DemBarP":0,"BarRetP":0},{"id":175,"time":65,"name":"Polpaico220","marginal_cost":134.9744963653,"value":134.9744963653,"DemBarE":0,"DemBarP":0,"BarRetP":0},{"id":175,"time":66,"name":"Polpaico220","marginal_cost":134.9744963653,"value":134.9744963653,"DemBarE":0,"DemBarP":0,"BarRetP":0},{"id":175,"time":67,"name":"Polpaico220","marginal_cost":167.9974446562,"value":167.9974446562,"DemBarE":0,"DemBarP":0,"BarRetP":0},{"id":175,"time":68,"name":"Polpaico220","marginal_cost":162.1885661716,"value":162.1885661716,"DemBarE":0,"DemBarP":0,"BarRetP":0},{"id":175,"time":69,"name":"Polpaico220","marginal_cost":162.1885661716,"value":162.1885661716,"DemBarE":0,"DemBarP":0,"BarRetP":0},{"id":175,"time":70,"name":"Polpaico220","marginal_cost":161.8200417896,"value":161.8200417896,"DemBarE":0,"DemBarP":0,"BarRetP":0},{"id":175,"time":71,"name":"Polpaico220","marginal_cost":154.4397556366,"value":154.4397556366,"DemBarE":0,"DemBarP":0,"BarRetP":0},{"id":175,"time":72,"name":"Polpaico220","marginal_cost":153.1363629187,"value":153.1363629187,"DemBarE":0,"DemBarP":0,"BarRetP":0},{"id":175,"time":73,"name":"Polpaico220","marginal_cost":153.2019666564,"value":153.2019666564,"DemBarE":0,"DemBarP":0,"BarRetP":0},{"id":175,"time":74,"name":"Polpaico220","marginal_cost":151.1770822294,"value":151.1770822294,"DemBarE":0,"DemBarP":0,"BarRetP":0},{"id":175,"time":75,"name":"Polpaico220","marginal_cost":136.4086218396,"value":136.4086218396,"DemBarE":0,"DemBarP":0,"BarRetP":0},{"id":175,"time":76,"name":"Polpaico220","marginal_cost":136.4086218396,"value":136.4086218396,"DemBarE":0,"DemBarP":0,"BarRetP":0},{"id":175,"time":77,"name":"Polpaico220","marginal_cost":136.4086218396,"value":136.4086218396,"DemBarE":0,"DemBarP":0,"BarRetP":0},{"id":175,"time":78,"name":"Polpaico220","marginal_cost":136.4086218396,"value":136.4086218396,"DemBarE":0,"DemBarP":0,"BarRetP":0},{"id":175,"time":79,"name":"Polpaico220","marginal_cost":136.4086218396,"value":136.4086218396,"DemBarE":0,"DemBarP":0,"BarRetP":0},{"id":175,"time":80,"name":"Polpaico220","marginal_cost":126.5908481552,"value":126.5908481552,"DemBarE":0,"DemBarP":0,"BarRetP":0},{"id":175,"time":81,"name":"Polpaico220","marginal_cost":126.5908481552,"value":126.5908481552,"DemBarE":0,"DemBarP":0,"BarRetP":0},{"id":175,"time":82,"name":"Polpaico220","marginal_cost":97.3101620092,"value":97.3101620092,"DemBarE":0,"DemBarP":0,"BarRetP":0},{"id":175,"time":83,"name":"Polpaico220","marginal_cost":97.3101620092,"value":97.3101620092,"DemBarE":0,"DemBarP":0,"BarRetP":0},{"id":175,"time":84,"name":"Polpaico220","marginal_cost":123.339051639,"value":123.339051639,"DemBarE":0,"DemBarP":0,"BarRetP":0},{"id":175,"time":85,"name":"Polpaico220","marginal_cost":123.339051639,"value":123.339051639,"DemBarE":0,"DemBarP":0,"BarRetP":0},{"id":175,"time":86,"name":"Polpaico220","marginal_cost":134.0981855409,"value":134.0981855409,"DemBarE":0,"DemBarP":0,"BarRetP":0},{"id":175,"time":87,"name":"Polpaico220","marginal_cost":134.0981855409,"value":134.0981855409,"DemBarE":0,"DemBarP":0,"BarRetP":0},{"id":175,"time":88,"name":"Polpaico220","marginal_cost":134.0981855409,"value":134.0981855409,"DemBarE":0,"DemBarP":0,"BarRetP":0},{"id":175,"time":89,"name":"Polpaico220","marginal_cost":134.0981855409,"value":134.0981855409,"DemBarE":0,"DemBarP":0,"BarRetP":0},{"id":175,"time":90,"name":"Polpaico220","marginal_cost":134.0981855409,"value":134.0981855409,"DemBarE":0,"DemBarP":0,"BarRetP":0},{"id":175,"time":91,"name":"Polpaico220","marginal_cost":156.4009805377,"value":156.4009805377,"DemBarE":0,"DemBarP":0,"BarRetP":0},{"id":175,"time":92,"name":"Polpaico220","marginal_cost":156.4009805377,"value":156.4009805377,"DemBarE":0,"DemBarP":0,"BarRetP":0},{"id":175,"time":93,"name":"Polpaico220","marginal_cost":158.905598712,"value":158.905598712,"DemBarE":0,"DemBarP":0,"BarRetP":0},{"id":175,"time":94,"name":"Polpaico220","marginal_cost":155.8822953067,"value":155.8822953067,"DemBarE":0,"DemBarP":0,"BarRetP":0},{"id":175,"time":95,"name":"Polpaico220","marginal_cost":154.4688023986,"value":154.4688023986,"DemBarE":0,"DemBarP":0,"BarRetP":0},{"id":175,"time":96,"name":"Polpaico220","marginal_cost":154.5383102349,"value":154.5383102349,"DemBarE":0,"DemBarP":0,"BarRetP":0},{"id":175,"time":97,"name":"Polpaico220","marginal_cost":154.6104114993,"value":154.6104114993,"DemBarE":0,"DemBarP":0,"BarRetP":0},{"id":175,"time":98,"name":"Polpaico220","marginal_cost":149.2204840999,"value":149.2204840999,"DemBarE":0,"DemBarP":0,"BarRetP":0},{"id":175,"time":99,"name":"Polpaico220","marginal_cost":148.825278006,"value":148.825278006,"DemBarE":0,"DemBarP":0,"BarRetP":0},{"id":175,"time":100,"name":"Polpaico220","marginal_cost":149.0465912708,"value":149.0465912708,"DemBarE":0,"DemBarP":0,"BarRetP":0},{"id":175,"time":101,"name":"Polpaico220","marginal_cost":149.0465912708,"value":149.0465912708,"DemBarE":0,"DemBarP":0,"BarRetP":0},{"id":175,"time":102,"name":"Polpaico220","marginal_cost":149.0465912708,"value":149.0465912708,"DemBarE":0,"DemBarP":0,"BarRetP":0},{"id":175,"time":103,"name":"Polpaico220","marginal_cost":156.4779605655,"value":156.4779605655,"DemBarE":0,"DemBarP":0,"BarRetP":0},{"id":175,"time":104,"name":"Polpaico220","marginal_cost":156.2309798771,"value":156.2309798771,"DemBarE":0,"DemBarP":0,"BarRetP":0},{"id":175,"time":105,"name":"Polpaico220","marginal_cost":156.2309798771,"value":156.2309798771,"DemBarE":0,"DemBarP":0,"BarRetP":0},{"id":175,"time":106,"name":"Polpaico220","marginal_cost":153.6308605375,"value":153.6308605375,"DemBarE":0,"DemBarP":0,"BarRetP":0},{"id":175,"time":107,"name":"Polpaico220","marginal_cost":153.8004626861,"value":153.8004626861,"DemBarE":0,"DemBarP":0,"BarRetP":0},{"id":175,"time":108,"name":"Polpaico220","marginal_cost":154.1478510359,"value":154.1478510359,"DemBarE":0,"DemBarP":0,"BarRetP":0},{"id":175,"time":109,"name":"Polpaico220","marginal_cost":154.1478510359,"value":154.1478510359,"DemBarE":0,"DemBarP":0,"BarRetP":0},{"id":175,"time":110,"name":"Polpaico220","marginal_cost":154.5118678361,"value":154.5118678361,"DemBarE":0,"DemBarP":0,"BarRetP":0},{"id":175,"time":111,"name":"Polpaico220","marginal_cost":154.6284017429,"value":154.6284017429,"DemBarE":0,"DemBarP":0,"BarRetP":0},{"id":175,"time":112,"name":"Polpaico220","marginal_cost":154.6284017429,"value":154.6284017429,"DemBarE":0,"DemBarP":0,"BarRetP":0},{"id":175,"time":113,"name":"Polpaico220","marginal_cost":157.5020240148,"value":157.5020240148,"DemBarE":0,"DemBarP":0,"BarRetP":0},{"id":175,"time":114,"name":"Polpaico220","marginal_cost":157.5020240148,"value":157.5020240148,"DemBarE":0,"DemBarP":0,"BarRetP":0},{"id":175,"time":115,"name":"Polpaico220","marginal_cost":157.5020240148,"value":157.5020240148,"DemBarE":0,"DemBarP":0,"BarRetP":0},{"id":175,"time":116,"name":"Polpaico220","marginal_cost":161.8018525529,"value":161.8018525529,"DemBarE":0,"DemBarP":0,"BarRetP":0},{"id":175,"time":117,"name":"Polpaico220","marginal_cost":161.8018525529,"value":161.8018525529,"DemBarE":0,"DemBarP":0,"BarRetP":0},{"id":175,"time":118,"name":"Polpaico220","marginal_cost":161.8018525529,"value":161.8018525529,"DemBarE":0,"DemBarP":0,"BarRetP":0},{"id":175,"time":119,"name":"Polpaico220","marginal_cost":161.7432443732,"value":161.7432443732,"DemBarE":0,"DemBarP":0,"BarRetP":0},{"id":175,"time":120,"name":"Polpaico220","marginal_cost":159.1671539239,"value":159.1671539239,"DemBarE":0,"DemBarP":0,"BarRetP":0},{"id":175,"time":121,"name":"Polpaico220","marginal_cost":155.0920521573,"value":155.0920521573,"DemBarE":0,"DemBarP":0,"BarRetP":0},{"id":175,"time":122,"name":"Polpaico220","marginal_cost":154.8746699502,"value":154.8746699502,"DemBarE":0,"DemBarP":0,"BarRetP":0},{"id":175,"time":123,"name":"Polpaico220","marginal_cost":150.4028405817,"value":150.4028405817,"DemBarE":0,"DemBarP":0,"BarRetP":0},{"id":175,"time":124,"name":"Polpaico220","marginal_cost":150.4028405817,"value":150.4028405817,"DemBarE":0,"DemBarP":0,"BarRetP":0},{"id":175,"time":125,"name":"Polpaico220","marginal_cost":150.4028405817,"value":150.4028405817,"DemBarE":0,"DemBarP":0,"BarRetP":0},{"id":175,"time":126,"name":"Polpaico220","marginal_cost":150.4028405817,"value":150.4028405817,"DemBarE":0,"DemBarP":0,"BarRetP":0},{"id":175,"time":127,"name":"Polpaico220","marginal_cost":157.2383290518,"value":157.2383290518,"DemBarE":0,"DemBarP":0,"BarRetP":0},{"id":175,"time":128,"name":"Polpaico220","marginal_cost":161.9048458264,"value":161.9048458264,"DemBarE":0,"DemBarP":0,"BarRetP":0},{"id":175,"time":129,"name":"Polpaico220","marginal_cost":157.200412952,"value":157.200412952,"DemBarE":0,"DemBarP":0,"BarRetP":0},{"id":175,"time":130,"name":"Polpaico220","marginal_cost":160.0995016252,"value":160.0995016252,"DemBarE":0,"DemBarP":0,"BarRetP":0},{"id":175,"time":131,"name":"Polpaico220","marginal_cost":159.3753986582,"value":159.3753986582,"DemBarE":0,"DemBarP":0,"BarRetP":0},{"id":175,"time":132,"name":"Polpaico220","marginal_cost":160.9219167526,"value":160.9219167526,"DemBarE":0,"DemBarP":0,"BarRetP":0},{"id":175,"time":133,"name":"Polpaico220","marginal_cost":160.3494126613,"value":160.3494126613,"DemBarE":0,"DemBarP":0,"BarRetP":0},{"id":175,"time":134,"name":"Polpaico220","marginal_cost":160.3494126613,"value":160.3494126613,"DemBarE":0,"DemBarP":0,"BarRetP":0},{"id":175,"time":135,"name":"Polpaico220","marginal_cost":160.3494126613,"value":160.3494126613,"DemBarE":0,"DemBarP":0,"BarRetP":0},{"id":175,"time":136,"name":"Polpaico220","marginal_cost":160.3494126613,"value":160.3494126613,"DemBarE":0,"DemBarP":0,"BarRetP":0},{"id":175,"time":137,"name":"Polpaico220","marginal_cost":162.4169219516,"value":162.4169219516,"DemBarE":0,"DemBarP":0,"BarRetP":0},{"id":175,"time":138,"name":"Polpaico220","marginal_cost":162.4169219516,"value":162.4169219516,"DemBarE":0,"DemBarP":0,"BarRetP":0},{"id":175,"time":139,"name":"Polpaico220","marginal_cost":162.4169219516,"value":162.4169219516,"DemBarE":0,"DemBarP":0,"BarRetP":0},{"id":175,"time":140,"name":"Polpaico220","marginal_cost":162.4169219516,"value":162.4169219516,"DemBarE":0,"DemBarP":0,"BarRetP":0},{"id":175,"time":141,"name":"Polpaico220","marginal_cost":162.4169219516,"value":162.4169219516,"DemBarE":0,"DemBarP":0,"BarRetP":0},{"id":175,"time":142,"name":"Polpaico220","marginal_cost":162.4169219516,"value":162.4169219516,"DemBarE":0,"DemBarP":0,"BarRetP":0},{"id":175,"time":143,"name":"Polpaico220","marginal_cost":161.7575115529,"value":161.7575115529,"DemBarE":0,"DemBarP":0,"BarRetP":0},{"id":175,"time":144,"name":"Polpaico220","marginal_cost":161.8900183142,"value":161.8900183142,"DemBarE":0,"DemBarP":0,"BarRetP":0},{"id":175,"time":145,"name":"Polpaico220","marginal_cost":159.6288051811,"value":159.6288051811,"DemBarE":0,"DemBarP":0,"BarRetP":0},{"id":175,"time":146,"name":"Polpaico220","marginal_cost":158.7738994382,"value":158.7738994382,"DemBarE":0,"DemBarP":0,"BarRetP":0},{"id":175,"time":147,"name":"Polpaico220","marginal_cost":156.0467924276,"value":156.0467924276,"DemBarE":0,"DemBarP":0,"BarRetP":0},{"id":175,"time":148,"name":"Polpaico220","marginal_cost":156.0467924276,"value":156.0467924276,"DemBarE":0,"DemBarP":0,"BarRetP":0},{"id":175,"time":149,"name":"Polpaico220","marginal_cost":156.0467924276,"value":156.0467924276,"DemBarE":0,"DemBarP":0,"BarRetP":0},{"id":175,"time":150,"name":"Polpaico220","marginal_cost":156.0467924276,"value":156.0467924276,"DemBarE":0,"DemBarP":0,"BarRetP":0},{"id":175,"time":151,"name":"Polpaico220","marginal_cost":159.8548369443,"value":159.8548369443,"DemBarE":0,"DemBarP":0,"BarRetP":0},{"id":175,"time":152,"name":"Polpaico220","marginal_cost":159.8496715832,"value":159.8496715832,"DemBarE":0,"DemBarP":0,"BarRetP":0},{"id":175,"time":153,"name":"Polpaico220","marginal_cost":159.8496715832,"value":159.8496715832,"DemBarE":0,"DemBarP":0,"BarRetP":0},{"id":175,"time":154,"name":"Polpaico220","marginal_cost":158.9321920742,"value":158.9321920742,"DemBarE":0,"DemBarP":0,"BarRetP":0},{"id":175,"time":155,"name":"Polpaico220","marginal_cost":158.9321920742,"value":158.9321920742,"DemBarE":0,"DemBarP":0,"BarRetP":0},{"id":175,"time":156,"name":"Polpaico220","marginal_cost":159.6837080043,"value":159.6837080043,"DemBarE":0,"DemBarP":0,"BarRetP":0},{"id":175,"time":157,"name":"Polpaico220","marginal_cost":160.1585441708,"value":160.1585441708,"DemBarE":0,"DemBarP":0,"BarRetP":0},{"id":175,"time":158,"name":"Polpaico220","marginal_cost":160.1585441708,"value":160.1585441708,"DemBarE":0,"DemBarP":0,"BarRetP":0},{"id":175,"time":159,"name":"Polpaico220","marginal_cost":160.1585441708,"value":160.1585441708,"DemBarE":0,"DemBarP":0,"BarRetP":0},{"id":175,"time":160,"name":"Polpaico220","marginal_cost":160.0558749098,"value":160.0558749098,"DemBarE":0,"DemBarP":0,"BarRetP":0},{"id":175,"time":161,"name":"Polpaico220","marginal_cost":160.0558749098,"value":160.0558749098,"DemBarE":0,"DemBarP":0,"BarRetP":0},{"id":175,"time":162,"name":"Polpaico220","marginal_cost":161.1798048769,"value":161.1798048769,"DemBarE":0,"DemBarP":0,"BarRetP":0},{"id":175,"time":163,"name":"Polpaico220","marginal_cost":164.1357143965,"value":164.1357143965,"DemBarE":0,"DemBarP":0,"BarRetP":0},{"id":175,"time":164,"name":"Polpaico220","marginal_cost":164.1357143965,"value":164.1357143965,"DemBarE":0,"DemBarP":0,"BarRetP":0},{"id":175,"time":165,"name":"Polpaico220","marginal_cost":164.1357143965,"value":164.1357143965,"DemBarE":0,"DemBarP":0,"BarRetP":0},{"id":175,"time":166,"name":"Polpaico220","marginal_cost":164.1357143965,"value":164.1357143965,"DemBarE":0,"DemBarP":0,"BarRetP":0},{"id":175,"time":167,"name":"Polpaico220","marginal_cost":162.8426081411,"value":162.8426081411,"DemBarE":0,"DemBarP":0,"BarRetP":0},{"id":175,"time":168,"name":"Polpaico220","marginal_cost":162.4547579783,"value":162.4547579783,"DemBarE":0,"DemBarP":0,"BarRetP":0}]