[{"id":74,"time":1,"name":"PAzucar110","marginal_cost":132.9064937897,"value":132.9064937897,"DemBarE":0,"DemBarP":0,"BarRetP":0},{"id":74,"time":2,"name":"PAzucar110","marginal_cost":129.375216597,"value":129.375216597,"DemBarE":0,"DemBarP":0,"BarRetP":0},{"id":74,"time":3,"name":"PAzucar110","marginal_cost":130.7497255743,"value":130.7497255743,"DemBarE":0,"DemBarP":0,"BarRetP":0},{"id":74,"time":4,"name":"PAzucar110","marginal_cost":130.8124655076,"value":130.8124655076,"DemBarE":0,"DemBarP":0,"BarRetP":0},{"id":74,"time":5,"name":"PAzucar110","marginal_cost":131.363514013,"value":131.363514013,"DemBarE":0,"DemBarP":0,"BarRetP":0},{"id":74,"time":6,"name":"PAzucar110","marginal_cost":97.7648835176,"value":97.7648835176,"DemBarE":0,"DemBarP":0,"BarRetP":0},{"id":74,"time":7,"name":"PAzucar110","marginal_cost":133.4263260762,"value":133.4263260762,"DemBarE":0,"DemBarP":0,"BarRetP":0},{"id":74,"time":8,"name":"PAzucar110","marginal_cost":164.4640027281,"value":164.4640027281,"DemBarE":0,"DemBarP":0,"BarRetP":0},{"id":74,"time":9,"name":"PAzucar110","marginal_cost":130.3969640348,"value":130.3969640348,"DemBarE":0,"DemBarP":0,"BarRetP":0},{"id":74,"time":10,"name":"PAzucar110","marginal_cost":90.4208734276,"value":90.4208734276,"DemBarE":0,"DemBarP":0,"BarRetP":0},{"id":74,"time":11,"name":"PAzucar110","marginal_cost":85.4502444019,"value":85.4502444019,"DemBarE":0,"DemBarP":0,"BarRetP":0},{"id":74,"time":12,"name":"PAzucar110","marginal_cost":75.2027995787,"value":75.2027995787,"DemBarE":0,"DemBarP":0,"BarRetP":0},{"id":74,"time":13,"name":"PAzucar110","marginal_cost":51.2754049362,"value":51.2754049362,"DemBarE":0,"DemBarP":0,"BarRetP":0},{"id":74,"time":14,"name":"PAzucar110","marginal_cost":-2.04967809,"value":-2.04967809,"DemBarE":0,"DemBarP":0,"BarRetP":0},{"id":74,"time":15,"name":"PAzucar110","marginal_cost":-1.6893394017,"value":-1.6893394017,"DemBarE":0,"DemBarP":0,"BarRetP":0},{"id":74,"time":16,"name":"PAzucar110","marginal_cost":-1.6850675693,"value":-1.6850675693,"DemBarE":0,"DemBarP":0,"BarRetP":0},{"id":74,"time":17,"name":"PAzucar110","marginal_cost":109.439150327,"value":109.439150327,"DemBarE":0,"DemBarP":0,"BarRetP":0},{"id":74,"time":18,"name":"PAzucar110","marginal_cost":149.8627591008,"value":149.8627591008,"DemBarE":0,"DemBarP":0,"BarRetP":0},{"id":74,"time":19,"name":"PAzucar110","marginal_cost":174.7452016503,"value":174.7452016503,"DemBarE":0,"DemBarP":0,"BarRetP":0},{"id":74,"time":20,"name":"PAzucar110","marginal_cost":176.673568118,"value":176.673568118,"DemBarE":0,"DemBarP":0,"BarRetP":0},{"id":74,"time":21,"name":"PAzucar110","marginal_cost":168.7553146932,"value":168.7553146932,"DemBarE":0,"DemBarP":0,"BarRetP":0},{"id":74,"time":22,"name":"PAzucar110","marginal_cost":165.6147304014,"value":165.6147304014,"DemBarE":0,"DemBarP":0,"BarRetP":0},{"id":74,"time":23,"name":"PAzucar110","marginal_cost":163.2008312214,"value":163.2008312214,"DemBarE":0,"DemBarP":0,"BarRetP":0},{"id":74,"time":24,"name":"PAzucar110","marginal_cost":162.6959518967,"value":162.6959518967,"DemBarE":0,"DemBarP":0,"BarRetP":0},{"id":74,"time":25,"name":"PAzucar110","marginal_cost":156.0016571111,"value":156.0016571111,"DemBarE":0,"DemBarP":0,"BarRetP":0},{"id":74,"time":26,"name":"PAzucar110","marginal_cost":155.3989646036,"value":155.3989646036,"DemBarE":0,"DemBarP":0,"BarRetP":0},{"id":74,"time":27,"name":"PAzucar110","marginal_cost":155.4583775936,"value":155.4583775936,"DemBarE":0,"DemBarP":0,"BarRetP":0},{"id":74,"time":28,"name":"PAzucar110","marginal_cost":155.3108053293,"value":155.3108053293,"DemBarE":0,"DemBarP":0,"BarRetP":0},{"id":74,"time":29,"name":"PAzucar110","marginal_cost":154.2190285821,"value":154.2190285821,"DemBarE":0,"DemBarP":0,"BarRetP":0},{"id":74,"time":30,"name":"PAzucar110","marginal_cost":155.6243874836,"value":155.6243874836,"DemBarE":0,"DemBarP":0,"BarRetP":0},{"id":74,"time":31,"name":"PAzucar110","marginal_cost":162.0690968062,"value":162.0690968062,"DemBarE":0,"DemBarP":0,"BarRetP":0},{"id":74,"time":32,"name":"PAzucar110","marginal_cost":165.0751234684,"value":165.0751234684,"DemBarE":0,"DemBarP":0,"BarRetP":0},{"id":74,"time":33,"name":"PAzucar110","marginal_cost":146.9105824107,"value":146.9105824107,"DemBarE":0,"DemBarP":0,"BarRetP":0},{"id":74,"time":34,"name":"PAzucar110","marginal_cost":96.7615934527,"value":96.7615934527,"DemBarE":0,"DemBarP":0,"BarRetP":0},{"id":74,"time":35,"name":"PAzucar110","marginal_cost":92.3855731712,"value":92.3855731712,"DemBarE":0,"DemBarP":0,"BarRetP":0},{"id":74,"time":36,"name":"PAzucar110","marginal_cost":92.3095827172,"value":92.3095827172,"DemBarE":0,"DemBarP":0,"BarRetP":0},{"id":74,"time":37,"name":"PAzucar110","marginal_cost":91.5526479666,"value":91.5526479666,"DemBarE":0,"DemBarP":0,"BarRetP":0},{"id":74,"time":38,"name":"PAzucar110","marginal_cost":91.5526479666,"value":91.5526479666,"DemBarE":0,"DemBarP":0,"BarRetP":0},{"id":74,"time":39,"name":"PAzucar110","marginal_cost":91.5526479666,"value":91.5526479666,"DemBarE":0,"DemBarP":0,"BarRetP":0},{"id":74,"time":40,"name":"PAzucar110","marginal_cost":91.5526479666,"value":91.5526479666,"DemBarE":0,"DemBarP":0,"BarRetP":0},{"id":74,"time":41,"name":"PAzucar110","marginal_cost":112.88663613,"value":112.88663613,"DemBarE":0,"DemBarP":0,"BarRetP":0},{"id":74,"time":42,"name":"PAzucar110","marginal_cost":150.1935088363,"value":150.1935088363,"DemBarE":0,"DemBarP":0,"BarRetP":0},{"id":74,"time":43,"name":"PAzucar110","marginal_cost":161.4368454969,"value":161.4368454969,"DemBarE":0,"DemBarP":0,"BarRetP":0},{"id":74,"time":44,"name":"PAzucar110","marginal_cost":161.4368454969,"value":161.4368454969,"DemBarE":0,"DemBarP":0,"BarRetP":0},{"id":74,"time":45,"name":"PAzucar110","marginal_cost":161.709096186,"value":161.709096186,"DemBarE":0,"DemBarP":0,"BarRetP":0},{"id":74,"time":46,"name":"PAzucar110","marginal_cost":160.4906956096,"value":160.4906956096,"DemBarE":0,"DemBarP":0,"BarRetP":0},{"id":74,"time":47,"name":"PAzucar110","marginal_cost":157.7538254791,"value":157.7538254791,"DemBarE":0,"DemBarP":0,"BarRetP":0},{"id":74,"time":48,"name":"PAzucar110","marginal_cost":155.7321207666,"value":155.7321207666,"DemBarE":0,"DemBarP":0,"BarRetP":0},{"id":74,"time":49,"name":"PAzucar110","marginal_cost":148.3204123027,"value":148.3204123027,"DemBarE":0,"DemBarP":0,"BarRetP":0},{"id":74,"time":50,"name":"PAzucar110","marginal_cost":151.017334269,"value":151.017334269,"DemBarE":0,"DemBarP":0,"BarRetP":0},{"id":74,"time":51,"name":"PAzucar110","marginal_cost":151.9842113325,"value":151.9842113325,"DemBarE":0,"DemBarP":0,"BarRetP":0},{"id":74,"time":52,"name":"PAzucar110","marginal_cost":134.8774336797,"value":134.8774336797,"DemBarE":0,"DemBarP":0,"BarRetP":0},{"id":74,"time":53,"name":"PAzucar110","marginal_cost":134.8774336797,"value":134.8774336797,"DemBarE":0,"DemBarP":0,"BarRetP":0},{"id":74,"time":54,"name":"PAzucar110","marginal_cost":134.679666339,"value":134.679666339,"DemBarE":0,"DemBarP":0,"BarRetP":0},{"id":74,"time":55,"name":"PAzucar110","marginal_cost":135.0017133535,"value":135.0017133535,"DemBarE":0,"DemBarP":0,"BarRetP":0},{"id":74,"time":56,"name":"PAzucar110","marginal_cost":133.7079443109,"value":133.7079443109,"DemBarE":0,"DemBarP":0,"BarRetP":0},{"id":74,"time":57,"name":"PAzucar110","marginal_cost":116.2986053031,"value":116.2986053031,"DemBarE":0,"DemBarP":0,"BarRetP":0},{"id":74,"time":58,"name":"PAzucar110","marginal_cost":92.2020023394,"value":92.2020023394,"DemBarE":0,"DemBarP":0,"BarRetP":0},{"id":74,"time":59,"name":"PAzucar110","marginal_cost":90.6638973013,"value":90.6638973013,"DemBarE":0,"DemBarP":0,"BarRetP":0},{"id":74,"time":60,"name":"PAzucar110","marginal_cost":89.3935087004,"value":89.3935087004,"DemBarE":0,"DemBarP":0,"BarRetP":0},{"id":74,"time":61,"name":"PAzucar110","marginal_cost":-2.3287115685,"value":-2.3287115685,"DemBarE":0,"DemBarP":0,"BarRetP":0},{"id":74,"time":62,"name":"PAzucar110","marginal_cost":-2.3287115685,"value":-2.3287115685,"DemBarE":0,"DemBarP":0,"BarRetP":0},{"id":74,"time":63,"name":"PAzucar110","marginal_cost":-1.973061776,"value":-1.973061776,"DemBarE":0,"DemBarP":0,"BarRetP":0},{"id":74,"time":64,"name":"PAzucar110","marginal_cost":-1.3420228877,"value":-1.3420228877,"DemBarE":0,"DemBarP":0,"BarRetP":0},{"id":74,"time":65,"name":"PAzucar110","marginal_cost":122.9444225768,"value":122.9444225768,"DemBarE":0,"DemBarP":0,"BarRetP":0},{"id":74,"time":66,"name":"PAzucar110","marginal_cost":122.9444225768,"value":122.9444225768,"DemBarE":0,"DemBarP":0,"BarRetP":0},{"id":74,"time":67,"name":"PAzucar110","marginal_cost":163.6426841877,"value":163.6426841877,"DemBarE":0,"DemBarP":0,"BarRetP":0},{"id":74,"time":68,"name":"PAzucar110","marginal_cost":158.4149349479,"value":158.4149349479,"DemBarE":0,"DemBarP":0,"BarRetP":0},{"id":74,"time":69,"name":"PAzucar110","marginal_cost":158.4149349479,"value":158.4149349479,"DemBarE":0,"DemBarP":0,"BarRetP":0},{"id":74,"time":70,"name":"PAzucar110","marginal_cost":158.3819204244,"value":158.3819204244,"DemBarE":0,"DemBarP":0,"BarRetP":0},{"id":74,"time":71,"name":"PAzucar110","marginal_cost":151.0566833673,"value":151.0566833673,"DemBarE":0,"DemBarP":0,"BarRetP":0},{"id":74,"time":72,"name":"PAzucar110","marginal_cost":149.8215633332,"value":149.8215633332,"DemBarE":0,"DemBarP":0,"BarRetP":0},{"id":74,"time":73,"name":"PAzucar110","marginal_cost":149.5264030538,"value":149.5264030538,"DemBarE":0,"DemBarP":0,"BarRetP":0},{"id":74,"time":74,"name":"PAzucar110","marginal_cost":148.1537977202,"value":148.1537977202,"DemBarE":0,"DemBarP":0,"BarRetP":0},{"id":74,"time":75,"name":"PAzucar110","marginal_cost":134.1661835268,"value":134.1661835268,"DemBarE":0,"DemBarP":0,"BarRetP":0},{"id":74,"time":76,"name":"PAzucar110","marginal_cost":134.1661835268,"value":134.1661835268,"DemBarE":0,"DemBarP":0,"BarRetP":0},{"id":74,"time":77,"name":"PAzucar110","marginal_cost":134.1661835268,"value":134.1661835268,"DemBarE":0,"DemBarP":0,"BarRetP":0},{"id":74,"time":78,"name":"PAzucar110","marginal_cost":134.1661835268,"value":134.1661835268,"DemBarE":0,"DemBarP":0,"BarRetP":0},{"id":74,"time":79,"name":"PAzucar110","marginal_cost":134.1661835268,"value":134.1661835268,"DemBarE":0,"DemBarP":0,"BarRetP":0},{"id":74,"time":80,"name":"PAzucar110","marginal_cost":123.2281653625,"value":123.2281653625,"DemBarE":0,"DemBarP":0,"BarRetP":0},{"id":74,"time":81,"name":"PAzucar110","marginal_cost":123.2281653625,"value":123.2281653625,"DemBarE":0,"DemBarP":0,"BarRetP":0},{"id":74,"time":82,"name":"PAzucar110","marginal_cost":90.3736808416,"value":90.3736808416,"DemBarE":0,"DemBarP":0,"BarRetP":0},{"id":74,"time":83,"name":"PAzucar110","marginal_cost":90.3736808416,"value":90.3736808416,"DemBarE":0,"DemBarP":0,"BarRetP":0},{"id":74,"time":84,"name":"PAzucar110","marginal_cost":85.3744362291,"value":85.3744362291,"DemBarE":0,"DemBarP":0,"BarRetP":0},{"id":74,"time":85,"name":"PAzucar110","marginal_cost":85.3744362291,"value":85.3744362291,"DemBarE":0,"DemBarP":0,"BarRetP":0},{"id":74,"time":86,"name":"PAzucar110","marginal_cost":87.0078924763,"value":87.0078924763,"DemBarE":0,"DemBarP":0,"BarRetP":0},{"id":74,"time":87,"name":"PAzucar110","marginal_cost":87.0078924763,"value":87.0078924763,"DemBarE":0,"DemBarP":0,"BarRetP":0},{"id":74,"time":88,"name":"PAzucar110","marginal_cost":87.0078924763,"value":87.0078924763,"DemBarE":0,"DemBarP":0,"BarRetP":0},{"id":74,"time":89,"name":"PAzucar110","marginal_cost":87.0078924763,"value":87.0078924763,"DemBarE":0,"DemBarP":0,"BarRetP":0},{"id":74,"time":90,"name":"PAzucar110","marginal_cost":87.0078924763,"value":87.0078924763,"DemBarE":0,"DemBarP":0,"BarRetP":0},{"id":74,"time":91,"name":"PAzucar110","marginal_cost":150.4551426177,"value":150.4551426177,"DemBarE":0,"DemBarP":0,"BarRetP":0},{"id":74,"time":92,"name":"PAzucar110","marginal_cost":150.4551426177,"value":150.4551426177,"DemBarE":0,"DemBarP":0,"BarRetP":0},{"id":74,"time":93,"name":"PAzucar110","marginal_cost":153.3885851864,"value":153.3885851864,"DemBarE":0,"DemBarP":0,"BarRetP":0},{"id":74,"time":94,"name":"PAzucar110","marginal_cost":150.9116310362,"value":150.9116310362,"DemBarE":0,"DemBarP":0,"BarRetP":0},{"id":74,"time":95,"name":"PAzucar110","marginal_cost":149.6738478484,"value":149.6738478484,"DemBarE":0,"DemBarP":0,"BarRetP":0},{"id":74,"time":96,"name":"PAzucar110","marginal_cost":149.9842479574,"value":149.9842479574,"DemBarE":0,"DemBarP":0,"BarRetP":0},{"id":74,"time":97,"name":"PAzucar110","marginal_cost":150.1477268028,"value":150.1477268028,"DemBarE":0,"DemBarP":0,"BarRetP":0},{"id":74,"time":98,"name":"PAzucar110","marginal_cost":145.6424991605,"value":145.6424991605,"DemBarE":0,"DemBarP":0,"BarRetP":0},{"id":74,"time":99,"name":"PAzucar110","marginal_cost":146.1153584772,"value":146.1153584772,"DemBarE":0,"DemBarP":0,"BarRetP":0},{"id":74,"time":100,"name":"PAzucar110","marginal_cost":146.6570714561,"value":146.6570714561,"DemBarE":0,"DemBarP":0,"BarRetP":0},{"id":74,"time":101,"name":"PAzucar110","marginal_cost":146.6570714561,"value":146.6570714561,"DemBarE":0,"DemBarP":0,"BarRetP":0},{"id":74,"time":102,"name":"PAzucar110","marginal_cost":146.6570714561,"value":146.6570714561,"DemBarE":0,"DemBarP":0,"BarRetP":0},{"id":74,"time":103,"name":"PAzucar110","marginal_cost":152.598449833,"value":152.598449833,"DemBarE":0,"DemBarP":0,"BarRetP":0},{"id":74,"time":104,"name":"PAzucar110","marginal_cost":146.453658814,"value":146.453658814,"DemBarE":0,"DemBarP":0,"BarRetP":0},{"id":74,"time":105,"name":"PAzucar110","marginal_cost":146.453658814,"value":146.453658814,"DemBarE":0,"DemBarP":0,"BarRetP":0},{"id":74,"time":106,"name":"PAzucar110","marginal_cost":92.1139668729,"value":92.1139668729,"DemBarE":0,"DemBarP":0,"BarRetP":0},{"id":74,"time":107,"name":"PAzucar110","marginal_cost":91.928493589,"value":91.928493589,"DemBarE":0,"DemBarP":0,"BarRetP":0},{"id":74,"time":108,"name":"PAzucar110","marginal_cost":91.345140023,"value":91.345140023,"DemBarE":0,"DemBarP":0,"BarRetP":0},{"id":74,"time":109,"name":"PAzucar110","marginal_cost":91.345140023,"value":91.345140023,"DemBarE":0,"DemBarP":0,"BarRetP":0},{"id":74,"time":110,"name":"PAzucar110","marginal_cost":92.3237829184,"value":92.3237829184,"DemBarE":0,"DemBarP":0,"BarRetP":0},{"id":74,"time":111,"name":"PAzucar110","marginal_cost":92.3435988502,"value":92.3435988502,"DemBarE":0,"DemBarP":0,"BarRetP":0},{"id":74,"time":112,"name":"PAzucar110","marginal_cost":92.3435988502,"value":92.3435988502,"DemBarE":0,"DemBarP":0,"BarRetP":0},{"id":74,"time":113,"name":"PAzucar110","marginal_cost":147.544892494,"value":147.544892494,"DemBarE":0,"DemBarP":0,"BarRetP":0},{"id":74,"time":114,"name":"PAzucar110","marginal_cost":147.544892494,"value":147.544892494,"DemBarE":0,"DemBarP":0,"BarRetP":0},{"id":74,"time":115,"name":"PAzucar110","marginal_cost":147.544892494,"value":147.544892494,"DemBarE":0,"DemBarP":0,"BarRetP":0},{"id":74,"time":116,"name":"PAzucar110","marginal_cost":157.672265898,"value":157.672265898,"DemBarE":0,"DemBarP":0,"BarRetP":0},{"id":74,"time":117,"name":"PAzucar110","marginal_cost":157.672265898,"value":157.672265898,"DemBarE":0,"DemBarP":0,"BarRetP":0},{"id":74,"time":118,"name":"PAzucar110","marginal_cost":157.672265898,"value":157.672265898,"DemBarE":0,"DemBarP":0,"BarRetP":0},{"id":74,"time":119,"name":"PAzucar110","marginal_cost":157.9043864662,"value":157.9043864662,"DemBarE":0,"DemBarP":0,"BarRetP":0},{"id":74,"time":120,"name":"PAzucar110","marginal_cost":155.2349391079,"value":155.2349391079,"DemBarE":0,"DemBarP":0,"BarRetP":0},{"id":74,"time":121,"name":"PAzucar110","marginal_cost":152.425634901,"value":152.425634901,"DemBarE":0,"DemBarP":0,"BarRetP":0},{"id":74,"time":122,"name":"PAzucar110","marginal_cost":152.4165158074,"value":152.4165158074,"DemBarE":0,"DemBarP":0,"BarRetP":0},{"id":74,"time":123,"name":"PAzucar110","marginal_cost":147.3106867812,"value":147.3106867812,"DemBarE":0,"DemBarP":0,"BarRetP":0},{"id":74,"time":124,"name":"PAzucar110","marginal_cost":147.3106867812,"value":147.3106867812,"DemBarE":0,"DemBarP":0,"BarRetP":0},{"id":74,"time":125,"name":"PAzucar110","marginal_cost":147.3106867812,"value":147.3106867812,"DemBarE":0,"DemBarP":0,"BarRetP":0},{"id":74,"time":126,"name":"PAzucar110","marginal_cost":147.3106867812,"value":147.3106867812,"DemBarE":0,"DemBarP":0,"BarRetP":0},{"id":74,"time":127,"name":"PAzucar110","marginal_cost":152.8181290426,"value":152.8181290426,"DemBarE":0,"DemBarP":0,"BarRetP":0},{"id":74,"time":128,"name":"PAzucar110","marginal_cost":156.0855649334,"value":156.0855649334,"DemBarE":0,"DemBarP":0,"BarRetP":0},{"id":74,"time":129,"name":"PAzucar110","marginal_cost":140.087412416,"value":140.087412416,"DemBarE":0,"DemBarP":0,"BarRetP":0},{"id":74,"time":130,"name":"PAzucar110","marginal_cost":110.078105799,"value":110.078105799,"DemBarE":0,"DemBarP":0,"BarRetP":0},{"id":74,"time":131,"name":"PAzucar110","marginal_cost":90.3205193152,"value":90.3205193152,"DemBarE":0,"DemBarP":0,"BarRetP":0},{"id":74,"time":132,"name":"PAzucar110","marginal_cost":92.0902124269,"value":92.0902124269,"DemBarE":0,"DemBarP":0,"BarRetP":0},{"id":74,"time":133,"name":"PAzucar110","marginal_cost":92.4899309595,"value":92.4899309595,"DemBarE":0,"DemBarP":0,"BarRetP":0},{"id":74,"time":134,"name":"PAzucar110","marginal_cost":92.4899309595,"value":92.4899309595,"DemBarE":0,"DemBarP":0,"BarRetP":0},{"id":74,"time":135,"name":"PAzucar110","marginal_cost":92.4899309595,"value":92.4899309595,"DemBarE":0,"DemBarP":0,"BarRetP":0},{"id":74,"time":136,"name":"PAzucar110","marginal_cost":92.4899309595,"value":92.4899309595,"DemBarE":0,"DemBarP":0,"BarRetP":0},{"id":74,"time":137,"name":"PAzucar110","marginal_cost":155.8424696557,"value":155.8424696557,"DemBarE":0,"DemBarP":0,"BarRetP":0},{"id":74,"time":138,"name":"PAzucar110","marginal_cost":155.8424696557,"value":155.8424696557,"DemBarE":0,"DemBarP":0,"BarRetP":0},{"id":74,"time":139,"name":"PAzucar110","marginal_cost":155.8424696557,"value":155.8424696557,"DemBarE":0,"DemBarP":0,"BarRetP":0},{"id":74,"time":140,"name":"PAzucar110","marginal_cost":155.8424696557,"value":155.8424696557,"DemBarE":0,"DemBarP":0,"BarRetP":0},{"id":74,"time":141,"name":"PAzucar110","marginal_cost":155.8424696557,"value":155.8424696557,"DemBarE":0,"DemBarP":0,"BarRetP":0},{"id":74,"time":142,"name":"PAzucar110","marginal_cost":155.8424696557,"value":155.8424696557,"DemBarE":0,"DemBarP":0,"BarRetP":0},{"id":74,"time":143,"name":"PAzucar110","marginal_cost":157.2126381729,"value":157.2126381729,"DemBarE":0,"DemBarP":0,"BarRetP":0},{"id":74,"time":144,"name":"PAzucar110","marginal_cost":157.2187310794,"value":157.2187310794,"DemBarE":0,"DemBarP":0,"BarRetP":0},{"id":74,"time":145,"name":"PAzucar110","marginal_cost":155.7620550114,"value":155.7620550114,"DemBarE":0,"DemBarP":0,"BarRetP":0},{"id":74,"time":146,"name":"PAzucar110","marginal_cost":154.1623052317,"value":154.1623052317,"DemBarE":0,"DemBarP":0,"BarRetP":0},{"id":74,"time":147,"name":"PAzucar110","marginal_cost":152.104536683,"value":152.104536683,"DemBarE":0,"DemBarP":0,"BarRetP":0},{"id":74,"time":148,"name":"PAzucar110","marginal_cost":152.104536683,"value":152.104536683,"DemBarE":0,"DemBarP":0,"BarRetP":0},{"id":74,"time":149,"name":"PAzucar110","marginal_cost":152.104536683,"value":152.104536683,"DemBarE":0,"DemBarP":0,"BarRetP":0},{"id":74,"time":150,"name":"PAzucar110","marginal_cost":152.104536683,"value":152.104536683,"DemBarE":0,"DemBarP":0,"BarRetP":0},{"id":74,"time":151,"name":"PAzucar110","marginal_cost":154.9247306772,"value":154.9247306772,"DemBarE":0,"DemBarP":0,"BarRetP":0},{"id":74,"time":152,"name":"PAzucar110","marginal_cost":150.1601955845,"value":150.1601955845,"DemBarE":0,"DemBarP":0,"BarRetP":0},{"id":74,"time":153,"name":"PAzucar110","marginal_cost":150.1601955845,"value":150.1601955845,"DemBarE":0,"DemBarP":0,"BarRetP":0},{"id":74,"time":154,"name":"PAzucar110","marginal_cost":109.7365961482,"value":109.7365961482,"DemBarE":0,"DemBarP":0,"BarRetP":0},{"id":74,"time":155,"name":"PAzucar110","marginal_cost":109.7365961482,"value":109.7365961482,"DemBarE":0,"DemBarP":0,"BarRetP":0},{"id":74,"time":156,"name":"PAzucar110","marginal_cost":108.8729548758,"value":108.8729548758,"DemBarE":0,"DemBarP":0,"BarRetP":0},{"id":74,"time":157,"name":"PAzucar110","marginal_cost":93.5663188911,"value":93.5663188911,"DemBarE":0,"DemBarP":0,"BarRetP":0},{"id":74,"time":158,"name":"PAzucar110","marginal_cost":93.5663188911,"value":93.5663188911,"DemBarE":0,"DemBarP":0,"BarRetP":0},{"id":74,"time":159,"name":"PAzucar110","marginal_cost":93.5663188911,"value":93.5663188911,"DemBarE":0,"DemBarP":0,"BarRetP":0},{"id":74,"time":160,"name":"PAzucar110","marginal_cost":111.0395833568,"value":111.0395833568,"DemBarE":0,"DemBarP":0,"BarRetP":0},{"id":74,"time":161,"name":"PAzucar110","marginal_cost":111.0395833568,"value":111.0395833568,"DemBarE":0,"DemBarP":0,"BarRetP":0},{"id":74,"time":162,"name":"PAzucar110","marginal_cost":151.2805388232,"value":151.2805388232,"DemBarE":0,"DemBarP":0,"BarRetP":0},{"id":74,"time":163,"name":"PAzucar110","marginal_cost":159.0362156987,"value":159.0362156987,"DemBarE":0,"DemBarP":0,"BarRetP":0},{"id":74,"time":164,"name":"PAzucar110","marginal_cost":159.0362156987,"value":159.0362156987,"DemBarE":0,"DemBarP":0,"BarRetP":0},{"id":74,"time":165,"name":"PAzucar110","marginal_cost":159.0362156987,"value":159.0362156987,"DemBarE":0,"DemBarP":0,"BarRetP":0},{"id":74,"time":166,"name":"PAzucar110","marginal_cost":159.0362156987,"value":159.0362156987,"DemBarE":0,"DemBarP":0,"BarRetP":0},{"id":74,"time":167,"name":"PAzucar110","marginal_cost":157.6586441932,"value":157.6586441932,"DemBarE":0,"DemBarP":0,"BarRetP":0},{"id":74,"time":168,"name":"PAzucar110","marginal_cost":157.33788674,"value":157.33788674,"DemBarE":0,"DemBarP":0,"BarRetP":0}]