[{"id":19,"time":1,"name":"Conchi220","marginal_cost":138.1283031961,"value":138.1283031961,"DemBarE":0,"DemBarP":0,"BarRetP":0},{"id":19,"time":2,"name":"Conchi220","marginal_cost":134.4880639665,"value":134.4880639665,"DemBarE":0,"DemBarP":0,"BarRetP":0},{"id":19,"time":3,"name":"Conchi220","marginal_cost":135.4084602008,"value":135.4084602008,"DemBarE":0,"DemBarP":0,"BarRetP":0},{"id":19,"time":4,"name":"Conchi220","marginal_cost":135.8134716856,"value":135.8134716856,"DemBarE":0,"DemBarP":0,"BarRetP":0},{"id":19,"time":5,"name":"Conchi220","marginal_cost":135.9265196266,"value":135.9265196266,"DemBarE":0,"DemBarP":0,"BarRetP":0},{"id":19,"time":6,"name":"Conchi220","marginal_cost":100.6272835773,"value":100.6272835773,"DemBarE":0,"DemBarP":0,"BarRetP":0},{"id":19,"time":7,"name":"Conchi220","marginal_cost":136.9091881155,"value":136.9091881155,"DemBarE":0,"DemBarP":0,"BarRetP":0},{"id":19,"time":8,"name":"Conchi220","marginal_cost":160.5478111264,"value":160.5478111264,"DemBarE":0,"DemBarP":0,"BarRetP":0},{"id":19,"time":9,"name":"Conchi220","marginal_cost":109.9135248768,"value":109.9135248768,"DemBarE":0,"DemBarP":0,"BarRetP":0},{"id":19,"time":10,"name":"Conchi220","marginal_cost":75.5496971079,"value":75.5496971079,"DemBarE":0,"DemBarP":0,"BarRetP":0},{"id":19,"time":11,"name":"Conchi220","marginal_cost":74.0628809859,"value":74.0628809859,"DemBarE":0,"DemBarP":0,"BarRetP":0},{"id":19,"time":12,"name":"Conchi220","marginal_cost":65.3753777367,"value":65.3753777367,"DemBarE":0,"DemBarP":0,"BarRetP":0},{"id":19,"time":13,"name":"Conchi220","marginal_cost":44.9155741931,"value":44.9155741931,"DemBarE":0,"DemBarP":0,"BarRetP":0},{"id":19,"time":14,"name":"Conchi220","marginal_cost":-1.7955296892,"value":-1.7955296892,"DemBarE":0,"DemBarP":0,"BarRetP":0},{"id":19,"time":15,"name":"Conchi220","marginal_cost":-1.4768122918,"value":-1.4768122918,"DemBarE":0,"DemBarP":0,"BarRetP":0},{"id":19,"time":16,"name":"Conchi220","marginal_cost":-1.4830952788,"value":-1.4830952788,"DemBarE":0,"DemBarP":0,"BarRetP":0},{"id":19,"time":17,"name":"Conchi220","marginal_cost":94.1227506115,"value":94.1227506115,"DemBarE":0,"DemBarP":0,"BarRetP":0},{"id":19,"time":18,"name":"Conchi220","marginal_cost":135.7539288031,"value":135.7539288031,"DemBarE":0,"DemBarP":0,"BarRetP":0},{"id":19,"time":19,"name":"Conchi220","marginal_cost":174.8194454444,"value":174.8194454444,"DemBarE":0,"DemBarP":0,"BarRetP":0},{"id":19,"time":20,"name":"Conchi220","marginal_cost":174.7182866829,"value":174.7182866829,"DemBarE":0,"DemBarP":0,"BarRetP":0},{"id":19,"time":21,"name":"Conchi220","marginal_cost":169.4597663779,"value":169.4597663779,"DemBarE":0,"DemBarP":0,"BarRetP":0},{"id":19,"time":22,"name":"Conchi220","marginal_cost":163.9627052713,"value":163.9627052713,"DemBarE":0,"DemBarP":0,"BarRetP":0},{"id":19,"time":23,"name":"Conchi220","marginal_cost":159.8904093865,"value":159.8904093865,"DemBarE":0,"DemBarP":0,"BarRetP":0},{"id":19,"time":24,"name":"Conchi220","marginal_cost":158.7728550488,"value":158.7728550488,"DemBarE":0,"DemBarP":0,"BarRetP":0},{"id":19,"time":25,"name":"Conchi220","marginal_cost":158.6579903206,"value":158.6579903206,"DemBarE":0,"DemBarP":0,"BarRetP":0},{"id":19,"time":26,"name":"Conchi220","marginal_cost":156.444375484,"value":156.444375484,"DemBarE":0,"DemBarP":0,"BarRetP":0},{"id":19,"time":27,"name":"Conchi220","marginal_cost":157.7614726458,"value":157.7614726458,"DemBarE":0,"DemBarP":0,"BarRetP":0},{"id":19,"time":28,"name":"Conchi220","marginal_cost":156.9973698974,"value":156.9973698974,"DemBarE":0,"DemBarP":0,"BarRetP":0},{"id":19,"time":29,"name":"Conchi220","marginal_cost":155.6427388488,"value":155.6427388488,"DemBarE":0,"DemBarP":0,"BarRetP":0},{"id":19,"time":30,"name":"Conchi220","marginal_cost":156.4851177841,"value":156.4851177841,"DemBarE":0,"DemBarP":0,"BarRetP":0},{"id":19,"time":31,"name":"Conchi220","marginal_cost":163.7871296481,"value":163.7871296481,"DemBarE":0,"DemBarP":0,"BarRetP":0},{"id":19,"time":32,"name":"Conchi220","marginal_cost":157.9553063056,"value":157.9553063056,"DemBarE":0,"DemBarP":0,"BarRetP":0},{"id":19,"time":33,"name":"Conchi220","marginal_cost":123.4614104656,"value":123.4614104656,"DemBarE":0,"DemBarP":0,"BarRetP":0},{"id":19,"time":34,"name":"Conchi220","marginal_cost":82.3208215668,"value":82.3208215668,"DemBarE":0,"DemBarP":0,"BarRetP":0},{"id":19,"time":35,"name":"Conchi220","marginal_cost":78.7293838562,"value":78.7293838562,"DemBarE":0,"DemBarP":0,"BarRetP":0},{"id":19,"time":36,"name":"Conchi220","marginal_cost":78.641891235,"value":78.641891235,"DemBarE":0,"DemBarP":0,"BarRetP":0},{"id":19,"time":37,"name":"Conchi220","marginal_cost":77.082770246,"value":77.082770246,"DemBarE":0,"DemBarP":0,"BarRetP":0},{"id":19,"time":38,"name":"Conchi220","marginal_cost":77.082770246,"value":77.082770246,"DemBarE":0,"DemBarP":0,"BarRetP":0},{"id":19,"time":39,"name":"Conchi220","marginal_cost":77.082770246,"value":77.082770246,"DemBarE":0,"DemBarP":0,"BarRetP":0},{"id":19,"time":40,"name":"Conchi220","marginal_cost":77.082770246,"value":77.082770246,"DemBarE":0,"DemBarP":0,"BarRetP":0},{"id":19,"time":41,"name":"Conchi220","marginal_cost":97.1515839035,"value":97.1515839035,"DemBarE":0,"DemBarP":0,"BarRetP":0},{"id":19,"time":42,"name":"Conchi220","marginal_cost":140.2060603193,"value":140.2060603193,"DemBarE":0,"DemBarP":0,"BarRetP":0},{"id":19,"time":43,"name":"Conchi220","marginal_cost":166.6354503347,"value":166.6354503347,"DemBarE":0,"DemBarP":0,"BarRetP":0},{"id":19,"time":44,"name":"Conchi220","marginal_cost":166.6354503347,"value":166.6354503347,"DemBarE":0,"DemBarP":0,"BarRetP":0},{"id":19,"time":45,"name":"Conchi220","marginal_cost":168.2554354843,"value":168.2554354843,"DemBarE":0,"DemBarP":0,"BarRetP":0},{"id":19,"time":46,"name":"Conchi220","marginal_cost":167.2425107746,"value":167.2425107746,"DemBarE":0,"DemBarP":0,"BarRetP":0},{"id":19,"time":47,"name":"Conchi220","marginal_cost":163.2947233481,"value":163.2947233481,"DemBarE":0,"DemBarP":0,"BarRetP":0},{"id":19,"time":48,"name":"Conchi220","marginal_cost":159.9063691602,"value":159.9063691602,"DemBarE":0,"DemBarP":0,"BarRetP":0},{"id":19,"time":49,"name":"Conchi220","marginal_cost":152.8777810723,"value":152.8777810723,"DemBarE":0,"DemBarP":0,"BarRetP":0},{"id":19,"time":50,"name":"Conchi220","marginal_cost":155.6337449639,"value":155.6337449639,"DemBarE":0,"DemBarP":0,"BarRetP":0},{"id":19,"time":51,"name":"Conchi220","marginal_cost":158.1294914784,"value":158.1294914784,"DemBarE":0,"DemBarP":0,"BarRetP":0},{"id":19,"time":52,"name":"Conchi220","marginal_cost":142.4416167747,"value":142.4416167747,"DemBarE":0,"DemBarP":0,"BarRetP":0},{"id":19,"time":53,"name":"Conchi220","marginal_cost":142.4416167747,"value":142.4416167747,"DemBarE":0,"DemBarP":0,"BarRetP":0},{"id":19,"time":54,"name":"Conchi220","marginal_cost":141.147513602,"value":141.147513602,"DemBarE":0,"DemBarP":0,"BarRetP":0},{"id":19,"time":55,"name":"Conchi220","marginal_cost":140.139972244,"value":140.139972244,"DemBarE":0,"DemBarP":0,"BarRetP":0},{"id":19,"time":56,"name":"Conchi220","marginal_cost":135.4544834817,"value":135.4544834817,"DemBarE":0,"DemBarP":0,"BarRetP":0},{"id":19,"time":57,"name":"Conchi220","marginal_cost":101.9245520595,"value":101.9245520595,"DemBarE":0,"DemBarP":0,"BarRetP":0},{"id":19,"time":58,"name":"Conchi220","marginal_cost":79.8171266471,"value":79.8171266471,"DemBarE":0,"DemBarP":0,"BarRetP":0},{"id":19,"time":59,"name":"Conchi220","marginal_cost":78.474063119,"value":78.474063119,"DemBarE":0,"DemBarP":0,"BarRetP":0},{"id":19,"time":60,"name":"Conchi220","marginal_cost":77.7912404666,"value":77.7912404666,"DemBarE":0,"DemBarP":0,"BarRetP":0},{"id":19,"time":61,"name":"Conchi220","marginal_cost":-2.0998538048,"value":-2.0998538048,"DemBarE":0,"DemBarP":0,"BarRetP":0},{"id":19,"time":62,"name":"Conchi220","marginal_cost":-2.0998538048,"value":-2.0998538048,"DemBarE":0,"DemBarP":0,"BarRetP":0},{"id":19,"time":63,"name":"Conchi220","marginal_cost":-1.8031799725,"value":-1.8031799725,"DemBarE":0,"DemBarP":0,"BarRetP":0},{"id":19,"time":64,"name":"Conchi220","marginal_cost":-1.2292955929,"value":-1.2292955929,"DemBarE":0,"DemBarP":0,"BarRetP":0},{"id":19,"time":65,"name":"Conchi220","marginal_cost":114.3829243586,"value":114.3829243586,"DemBarE":0,"DemBarP":0,"BarRetP":0},{"id":19,"time":66,"name":"Conchi220","marginal_cost":114.3829243586,"value":114.3829243586,"DemBarE":0,"DemBarP":0,"BarRetP":0},{"id":19,"time":67,"name":"Conchi220","marginal_cost":167.5031642947,"value":167.5031642947,"DemBarE":0,"DemBarP":0,"BarRetP":0},{"id":19,"time":68,"name":"Conchi220","marginal_cost":163.7894184004,"value":163.7894184004,"DemBarE":0,"DemBarP":0,"BarRetP":0},{"id":19,"time":69,"name":"Conchi220","marginal_cost":163.7894184004,"value":163.7894184004,"DemBarE":0,"DemBarP":0,"BarRetP":0},{"id":19,"time":70,"name":"Conchi220","marginal_cost":164.7207576524,"value":164.7207576524,"DemBarE":0,"DemBarP":0,"BarRetP":0},{"id":19,"time":71,"name":"Conchi220","marginal_cost":156.4538001874,"value":156.4538001874,"DemBarE":0,"DemBarP":0,"BarRetP":0},{"id":19,"time":72,"name":"Conchi220","marginal_cost":154.0414394715,"value":154.0414394715,"DemBarE":0,"DemBarP":0,"BarRetP":0},{"id":19,"time":73,"name":"Conchi220","marginal_cost":152.1406465351,"value":152.1406465351,"DemBarE":0,"DemBarP":0,"BarRetP":0},{"id":19,"time":74,"name":"Conchi220","marginal_cost":152.7216886453,"value":152.7216886453,"DemBarE":0,"DemBarP":0,"BarRetP":0},{"id":19,"time":75,"name":"Conchi220","marginal_cost":140.33272111,"value":140.33272111,"DemBarE":0,"DemBarP":0,"BarRetP":0},{"id":19,"time":76,"name":"Conchi220","marginal_cost":140.33272111,"value":140.33272111,"DemBarE":0,"DemBarP":0,"BarRetP":0},{"id":19,"time":77,"name":"Conchi220","marginal_cost":140.33272111,"value":140.33272111,"DemBarE":0,"DemBarP":0,"BarRetP":0},{"id":19,"time":78,"name":"Conchi220","marginal_cost":140.33272111,"value":140.33272111,"DemBarE":0,"DemBarP":0,"BarRetP":0},{"id":19,"time":79,"name":"Conchi220","marginal_cost":140.33272111,"value":140.33272111,"DemBarE":0,"DemBarP":0,"BarRetP":0},{"id":19,"time":80,"name":"Conchi220","marginal_cost":122.3951809742,"value":122.3951809742,"DemBarE":0,"DemBarP":0,"BarRetP":0},{"id":19,"time":81,"name":"Conchi220","marginal_cost":122.3951809742,"value":122.3951809742,"DemBarE":0,"DemBarP":0,"BarRetP":0},{"id":19,"time":82,"name":"Conchi220","marginal_cost":79.2787257965,"value":79.2787257965,"DemBarE":0,"DemBarP":0,"BarRetP":0},{"id":19,"time":83,"name":"Conchi220","marginal_cost":79.2787257965,"value":79.2787257965,"DemBarE":0,"DemBarP":0,"BarRetP":0},{"id":19,"time":84,"name":"Conchi220","marginal_cost":76.1704222035,"value":76.1704222035,"DemBarE":0,"DemBarP":0,"BarRetP":0},{"id":19,"time":85,"name":"Conchi220","marginal_cost":76.1704222035,"value":76.1704222035,"DemBarE":0,"DemBarP":0,"BarRetP":0},{"id":19,"time":86,"name":"Conchi220","marginal_cost":78.7441657798,"value":78.7441657798,"DemBarE":0,"DemBarP":0,"BarRetP":0},{"id":19,"time":87,"name":"Conchi220","marginal_cost":78.7441657798,"value":78.7441657798,"DemBarE":0,"DemBarP":0,"BarRetP":0},{"id":19,"time":88,"name":"Conchi220","marginal_cost":78.7441657798,"value":78.7441657798,"DemBarE":0,"DemBarP":0,"BarRetP":0},{"id":19,"time":89,"name":"Conchi220","marginal_cost":78.7441657798,"value":78.7441657798,"DemBarE":0,"DemBarP":0,"BarRetP":0},{"id":19,"time":90,"name":"Conchi220","marginal_cost":78.7441657798,"value":78.7441657798,"DemBarE":0,"DemBarP":0,"BarRetP":0},{"id":19,"time":91,"name":"Conchi220","marginal_cost":149.9148777623,"value":149.9148777623,"DemBarE":0,"DemBarP":0,"BarRetP":0},{"id":19,"time":92,"name":"Conchi220","marginal_cost":149.9148777623,"value":149.9148777623,"DemBarE":0,"DemBarP":0,"BarRetP":0},{"id":19,"time":93,"name":"Conchi220","marginal_cost":154.1146150323,"value":154.1146150323,"DemBarE":0,"DemBarP":0,"BarRetP":0},{"id":19,"time":94,"name":"Conchi220","marginal_cost":152.4680598374,"value":152.4680598374,"DemBarE":0,"DemBarP":0,"BarRetP":0},{"id":19,"time":95,"name":"Conchi220","marginal_cost":151.1008362864,"value":151.1008362864,"DemBarE":0,"DemBarP":0,"BarRetP":0},{"id":19,"time":96,"name":"Conchi220","marginal_cost":151.7882550187,"value":151.7882550187,"DemBarE":0,"DemBarP":0,"BarRetP":0},{"id":19,"time":97,"name":"Conchi220","marginal_cost":151.4275097057,"value":151.4275097057,"DemBarE":0,"DemBarP":0,"BarRetP":0},{"id":19,"time":98,"name":"Conchi220","marginal_cost":148.6168979305,"value":148.6168979305,"DemBarE":0,"DemBarP":0,"BarRetP":0},{"id":19,"time":99,"name":"Conchi220","marginal_cost":151.631531388,"value":151.631531388,"DemBarE":0,"DemBarP":0,"BarRetP":0},{"id":19,"time":100,"name":"Conchi220","marginal_cost":153.1127282053,"value":153.1127282053,"DemBarE":0,"DemBarP":0,"BarRetP":0},{"id":19,"time":101,"name":"Conchi220","marginal_cost":153.1127282053,"value":153.1127282053,"DemBarE":0,"DemBarP":0,"BarRetP":0},{"id":19,"time":102,"name":"Conchi220","marginal_cost":153.1127282053,"value":153.1127282053,"DemBarE":0,"DemBarP":0,"BarRetP":0},{"id":19,"time":103,"name":"Conchi220","marginal_cost":152.4195967692,"value":152.4195967692,"DemBarE":0,"DemBarP":0,"BarRetP":0},{"id":19,"time":104,"name":"Conchi220","marginal_cost":128.1846931299,"value":128.1846931299,"DemBarE":0,"DemBarP":0,"BarRetP":0},{"id":19,"time":105,"name":"Conchi220","marginal_cost":128.1846931299,"value":128.1846931299,"DemBarE":0,"DemBarP":0,"BarRetP":0},{"id":19,"time":106,"name":"Conchi220","marginal_cost":81.0100638731,"value":81.0100638731,"DemBarE":0,"DemBarP":0,"BarRetP":0},{"id":19,"time":107,"name":"Conchi220","marginal_cost":80.465532134,"value":80.465532134,"DemBarE":0,"DemBarP":0,"BarRetP":0},{"id":19,"time":108,"name":"Conchi220","marginal_cost":79.5551074318,"value":79.5551074318,"DemBarE":0,"DemBarP":0,"BarRetP":0},{"id":19,"time":109,"name":"Conchi220","marginal_cost":79.5551074318,"value":79.5551074318,"DemBarE":0,"DemBarP":0,"BarRetP":0},{"id":19,"time":110,"name":"Conchi220","marginal_cost":79.3046766909,"value":79.3046766909,"DemBarE":0,"DemBarP":0,"BarRetP":0},{"id":19,"time":111,"name":"Conchi220","marginal_cost":79.3178363729,"value":79.3178363729,"DemBarE":0,"DemBarP":0,"BarRetP":0},{"id":19,"time":112,"name":"Conchi220","marginal_cost":79.3178363729,"value":79.3178363729,"DemBarE":0,"DemBarP":0,"BarRetP":0},{"id":19,"time":113,"name":"Conchi220","marginal_cost":131.4689252853,"value":131.4689252853,"DemBarE":0,"DemBarP":0,"BarRetP":0},{"id":19,"time":114,"name":"Conchi220","marginal_cost":131.4689252853,"value":131.4689252853,"DemBarE":0,"DemBarP":0,"BarRetP":0},{"id":19,"time":115,"name":"Conchi220","marginal_cost":131.4689252853,"value":131.4689252853,"DemBarE":0,"DemBarP":0,"BarRetP":0},{"id":19,"time":116,"name":"Conchi220","marginal_cost":157.3737760305,"value":157.3737760305,"DemBarE":0,"DemBarP":0,"BarRetP":0},{"id":19,"time":117,"name":"Conchi220","marginal_cost":157.3737760305,"value":157.3737760305,"DemBarE":0,"DemBarP":0,"BarRetP":0},{"id":19,"time":118,"name":"Conchi220","marginal_cost":157.3737760305,"value":157.3737760305,"DemBarE":0,"DemBarP":0,"BarRetP":0},{"id":19,"time":119,"name":"Conchi220","marginal_cost":157.4935738634,"value":157.4935738634,"DemBarE":0,"DemBarP":0,"BarRetP":0},{"id":19,"time":120,"name":"Conchi220","marginal_cost":153.9168922745,"value":153.9168922745,"DemBarE":0,"DemBarP":0,"BarRetP":0},{"id":19,"time":121,"name":"Conchi220","marginal_cost":154.0405588959,"value":154.0405588959,"DemBarE":0,"DemBarP":0,"BarRetP":0},{"id":19,"time":122,"name":"Conchi220","marginal_cost":154.3143934549,"value":154.3143934549,"DemBarE":0,"DemBarP":0,"BarRetP":0},{"id":19,"time":123,"name":"Conchi220","marginal_cost":146.8336268528,"value":146.8336268528,"DemBarE":0,"DemBarP":0,"BarRetP":0},{"id":19,"time":124,"name":"Conchi220","marginal_cost":146.8336268528,"value":146.8336268528,"DemBarE":0,"DemBarP":0,"BarRetP":0},{"id":19,"time":125,"name":"Conchi220","marginal_cost":146.8336268528,"value":146.8336268528,"DemBarE":0,"DemBarP":0,"BarRetP":0},{"id":19,"time":126,"name":"Conchi220","marginal_cost":146.8336268528,"value":146.8336268528,"DemBarE":0,"DemBarP":0,"BarRetP":0},{"id":19,"time":127,"name":"Conchi220","marginal_cost":147.1813573863,"value":147.1813573863,"DemBarE":0,"DemBarP":0,"BarRetP":0},{"id":19,"time":128,"name":"Conchi220","marginal_cost":144.9632412142,"value":144.9632412142,"DemBarE":0,"DemBarP":0,"BarRetP":0},{"id":19,"time":129,"name":"Conchi220","marginal_cost":125.053449471,"value":125.053449471,"DemBarE":0,"DemBarP":0,"BarRetP":0},{"id":19,"time":130,"name":"Conchi220","marginal_cost":95.4582680027,"value":95.4582680027,"DemBarE":0,"DemBarP":0,"BarRetP":0},{"id":19,"time":131,"name":"Conchi220","marginal_cost":79.3196587348,"value":79.3196587348,"DemBarE":0,"DemBarP":0,"BarRetP":0},{"id":19,"time":132,"name":"Conchi220","marginal_cost":80.6856072404,"value":80.6856072404,"DemBarE":0,"DemBarP":0,"BarRetP":0},{"id":19,"time":133,"name":"Conchi220","marginal_cost":80.0418669169,"value":80.0418669169,"DemBarE":0,"DemBarP":0,"BarRetP":0},{"id":19,"time":134,"name":"Conchi220","marginal_cost":80.0418669169,"value":80.0418669169,"DemBarE":0,"DemBarP":0,"BarRetP":0},{"id":19,"time":135,"name":"Conchi220","marginal_cost":80.0418669169,"value":80.0418669169,"DemBarE":0,"DemBarP":0,"BarRetP":0},{"id":19,"time":136,"name":"Conchi220","marginal_cost":80.0418669169,"value":80.0418669169,"DemBarE":0,"DemBarP":0,"BarRetP":0},{"id":19,"time":137,"name":"Conchi220","marginal_cost":146.2262138064,"value":146.2262138064,"DemBarE":0,"DemBarP":0,"BarRetP":0},{"id":19,"time":138,"name":"Conchi220","marginal_cost":146.2262138064,"value":146.2262138064,"DemBarE":0,"DemBarP":0,"BarRetP":0},{"id":19,"time":139,"name":"Conchi220","marginal_cost":146.2262138064,"value":146.2262138064,"DemBarE":0,"DemBarP":0,"BarRetP":0},{"id":19,"time":140,"name":"Conchi220","marginal_cost":146.2262138064,"value":146.2262138064,"DemBarE":0,"DemBarP":0,"BarRetP":0},{"id":19,"time":141,"name":"Conchi220","marginal_cost":146.2262138064,"value":146.2262138064,"DemBarE":0,"DemBarP":0,"BarRetP":0},{"id":19,"time":142,"name":"Conchi220","marginal_cost":146.2262138064,"value":146.2262138064,"DemBarE":0,"DemBarP":0,"BarRetP":0},{"id":19,"time":143,"name":"Conchi220","marginal_cost":153.3901519258,"value":153.3901519258,"DemBarE":0,"DemBarP":0,"BarRetP":0},{"id":19,"time":144,"name":"Conchi220","marginal_cost":152.3971108721,"value":152.3971108721,"DemBarE":0,"DemBarP":0,"BarRetP":0},{"id":19,"time":145,"name":"Conchi220","marginal_cost":153.4178102983,"value":153.4178102983,"DemBarE":0,"DemBarP":0,"BarRetP":0},{"id":19,"time":146,"name":"Conchi220","marginal_cost":150.0158335833,"value":150.0158335833,"DemBarE":0,"DemBarP":0,"BarRetP":0},{"id":19,"time":147,"name":"Conchi220","marginal_cost":149.241289971,"value":149.241289971,"DemBarE":0,"DemBarP":0,"BarRetP":0},{"id":19,"time":148,"name":"Conchi220","marginal_cost":149.241289971,"value":149.241289971,"DemBarE":0,"DemBarP":0,"BarRetP":0},{"id":19,"time":149,"name":"Conchi220","marginal_cost":149.241289971,"value":149.241289971,"DemBarE":0,"DemBarP":0,"BarRetP":0},{"id":19,"time":150,"name":"Conchi220","marginal_cost":149.241289971,"value":149.241289971,"DemBarE":0,"DemBarP":0,"BarRetP":0},{"id":19,"time":151,"name":"Conchi220","marginal_cost":149.1640855618,"value":149.1640855618,"DemBarE":0,"DemBarP":0,"BarRetP":0},{"id":19,"time":152,"name":"Conchi220","marginal_cost":128.3328984922,"value":128.3328984922,"DemBarE":0,"DemBarP":0,"BarRetP":0},{"id":19,"time":153,"name":"Conchi220","marginal_cost":128.3328984922,"value":128.3328984922,"DemBarE":0,"DemBarP":0,"BarRetP":0},{"id":19,"time":154,"name":"Conchi220","marginal_cost":95.0997035218,"value":95.0997035218,"DemBarE":0,"DemBarP":0,"BarRetP":0},{"id":19,"time":155,"name":"Conchi220","marginal_cost":95.0997035218,"value":95.0997035218,"DemBarE":0,"DemBarP":0,"BarRetP":0},{"id":19,"time":156,"name":"Conchi220","marginal_cost":94.2789040913,"value":94.2789040913,"DemBarE":0,"DemBarP":0,"BarRetP":0},{"id":19,"time":157,"name":"Conchi220","marginal_cost":80.2482694864,"value":80.2482694864,"DemBarE":0,"DemBarP":0,"BarRetP":0},{"id":19,"time":158,"name":"Conchi220","marginal_cost":80.2482694864,"value":80.2482694864,"DemBarE":0,"DemBarP":0,"BarRetP":0},{"id":19,"time":159,"name":"Conchi220","marginal_cost":80.2482694864,"value":80.2482694864,"DemBarE":0,"DemBarP":0,"BarRetP":0},{"id":19,"time":160,"name":"Conchi220","marginal_cost":95.7135354086,"value":95.7135354086,"DemBarE":0,"DemBarP":0,"BarRetP":0},{"id":19,"time":161,"name":"Conchi220","marginal_cost":95.7135354086,"value":95.7135354086,"DemBarE":0,"DemBarP":0,"BarRetP":0},{"id":19,"time":162,"name":"Conchi220","marginal_cost":131.2927760848,"value":131.2927760848,"DemBarE":0,"DemBarP":0,"BarRetP":0},{"id":19,"time":163,"name":"Conchi220","marginal_cost":153.7295473492,"value":153.7295473492,"DemBarE":0,"DemBarP":0,"BarRetP":0},{"id":19,"time":164,"name":"Conchi220","marginal_cost":153.7295473492,"value":153.7295473492,"DemBarE":0,"DemBarP":0,"BarRetP":0},{"id":19,"time":165,"name":"Conchi220","marginal_cost":153.7295473492,"value":153.7295473492,"DemBarE":0,"DemBarP":0,"BarRetP":0},{"id":19,"time":166,"name":"Conchi220","marginal_cost":153.7295473492,"value":153.7295473492,"DemBarE":0,"DemBarP":0,"BarRetP":0},{"id":19,"time":167,"name":"Conchi220","marginal_cost":152.5178359898,"value":152.5178359898,"DemBarE":0,"DemBarP":0,"BarRetP":0},{"id":19,"time":168,"name":"Conchi220","marginal_cost":152.0968753676,"value":152.0968753676,"DemBarE":0,"DemBarP":0,"BarRetP":0}]