[{"id":67,"time":1,"name":"Oeste220","marginal_cost":132.055033183,"value":132.055033183,"DemBarE":0,"DemBarP":0,"BarRetP":0},{"id":67,"time":2,"name":"Oeste220","marginal_cost":128.6210919757,"value":128.6210919757,"DemBarE":0,"DemBarP":0,"BarRetP":0},{"id":67,"time":3,"name":"Oeste220","marginal_cost":129.7180393648,"value":129.7180393648,"DemBarE":0,"DemBarP":0,"BarRetP":0},{"id":67,"time":4,"name":"Oeste220","marginal_cost":130.4511046906,"value":130.4511046906,"DemBarE":0,"DemBarP":0,"BarRetP":0},{"id":67,"time":5,"name":"Oeste220","marginal_cost":130.6328232658,"value":130.6328232658,"DemBarE":0,"DemBarP":0,"BarRetP":0},{"id":67,"time":6,"name":"Oeste220","marginal_cost":96.5900470969,"value":96.5900470969,"DemBarE":0,"DemBarP":0,"BarRetP":0},{"id":67,"time":7,"name":"Oeste220","marginal_cost":131.5021854876,"value":131.5021854876,"DemBarE":0,"DemBarP":0,"BarRetP":0},{"id":67,"time":8,"name":"Oeste220","marginal_cost":157.591645545,"value":157.591645545,"DemBarE":0,"DemBarP":0,"BarRetP":0},{"id":67,"time":9,"name":"Oeste220","marginal_cost":114.2700316982,"value":114.2700316982,"DemBarE":0,"DemBarP":0,"BarRetP":0},{"id":67,"time":10,"name":"Oeste220","marginal_cost":79.5766441303,"value":79.5766441303,"DemBarE":0,"DemBarP":0,"BarRetP":0},{"id":67,"time":11,"name":"Oeste220","marginal_cost":76.4520759553,"value":76.4520759553,"DemBarE":0,"DemBarP":0,"BarRetP":0},{"id":67,"time":12,"name":"Oeste220","marginal_cost":67.5221869917,"value":67.5221869917,"DemBarE":0,"DemBarP":0,"BarRetP":0},{"id":67,"time":13,"name":"Oeste220","marginal_cost":46.2110872547,"value":46.2110872547,"DemBarE":0,"DemBarP":0,"BarRetP":0},{"id":67,"time":14,"name":"Oeste220","marginal_cost":-1.8430819305,"value":-1.8430819305,"DemBarE":0,"DemBarP":0,"BarRetP":0},{"id":67,"time":15,"name":"Oeste220","marginal_cost":-1.5134583939,"value":-1.5134583939,"DemBarE":0,"DemBarP":0,"BarRetP":0},{"id":67,"time":16,"name":"Oeste220","marginal_cost":-1.5143944136,"value":-1.5143944136,"DemBarE":0,"DemBarP":0,"BarRetP":0},{"id":67,"time":17,"name":"Oeste220","marginal_cost":98.0294851827,"value":98.0294851827,"DemBarE":0,"DemBarP":0,"BarRetP":0},{"id":67,"time":18,"name":"Oeste220","marginal_cost":133.3702401748,"value":133.3702401748,"DemBarE":0,"DemBarP":0,"BarRetP":0},{"id":67,"time":19,"name":"Oeste220","marginal_cost":168.4003340142,"value":168.4003340142,"DemBarE":0,"DemBarP":0,"BarRetP":0},{"id":67,"time":20,"name":"Oeste220","marginal_cost":169.0635419933,"value":169.0635419933,"DemBarE":0,"DemBarP":0,"BarRetP":0},{"id":67,"time":21,"name":"Oeste220","marginal_cost":164.5203742243,"value":164.5203742243,"DemBarE":0,"DemBarP":0,"BarRetP":0},{"id":67,"time":22,"name":"Oeste220","marginal_cost":157.8792601631,"value":157.8792601631,"DemBarE":0,"DemBarP":0,"BarRetP":0},{"id":67,"time":23,"name":"Oeste220","marginal_cost":155.1784604175,"value":155.1784604175,"DemBarE":0,"DemBarP":0,"BarRetP":0},{"id":67,"time":24,"name":"Oeste220","marginal_cost":154.4164926602,"value":154.4164926602,"DemBarE":0,"DemBarP":0,"BarRetP":0},{"id":67,"time":25,"name":"Oeste220","marginal_cost":154.6180763714,"value":154.6180763714,"DemBarE":0,"DemBarP":0,"BarRetP":0},{"id":67,"time":26,"name":"Oeste220","marginal_cost":152.6116642137,"value":152.6116642137,"DemBarE":0,"DemBarP":0,"BarRetP":0},{"id":67,"time":27,"name":"Oeste220","marginal_cost":153.4458808016,"value":153.4458808016,"DemBarE":0,"DemBarP":0,"BarRetP":0},{"id":67,"time":28,"name":"Oeste220","marginal_cost":153.444311834,"value":153.444311834,"DemBarE":0,"DemBarP":0,"BarRetP":0},{"id":67,"time":29,"name":"Oeste220","marginal_cost":152.1213635842,"value":152.1213635842,"DemBarE":0,"DemBarP":0,"BarRetP":0},{"id":67,"time":30,"name":"Oeste220","marginal_cost":152.8079286504,"value":152.8079286504,"DemBarE":0,"DemBarP":0,"BarRetP":0},{"id":67,"time":31,"name":"Oeste220","marginal_cost":160.5141076468,"value":160.5141076468,"DemBarE":0,"DemBarP":0,"BarRetP":0},{"id":67,"time":32,"name":"Oeste220","marginal_cost":156.2812500678,"value":156.2812500678,"DemBarE":0,"DemBarP":0,"BarRetP":0},{"id":67,"time":33,"name":"Oeste220","marginal_cost":126.7292852206,"value":126.7292852206,"DemBarE":0,"DemBarP":0,"BarRetP":0},{"id":67,"time":34,"name":"Oeste220","marginal_cost":86.4201512374,"value":86.4201512374,"DemBarE":0,"DemBarP":0,"BarRetP":0},{"id":67,"time":35,"name":"Oeste220","marginal_cost":82.7863382538,"value":82.7863382538,"DemBarE":0,"DemBarP":0,"BarRetP":0},{"id":67,"time":36,"name":"Oeste220","marginal_cost":82.8667684257,"value":82.8667684257,"DemBarE":0,"DemBarP":0,"BarRetP":0},{"id":67,"time":37,"name":"Oeste220","marginal_cost":81.3582132605,"value":81.3582132605,"DemBarE":0,"DemBarP":0,"BarRetP":0},{"id":67,"time":38,"name":"Oeste220","marginal_cost":81.3582132605,"value":81.3582132605,"DemBarE":0,"DemBarP":0,"BarRetP":0},{"id":67,"time":39,"name":"Oeste220","marginal_cost":81.3582132605,"value":81.3582132605,"DemBarE":0,"DemBarP":0,"BarRetP":0},{"id":67,"time":40,"name":"Oeste220","marginal_cost":81.3582132605,"value":81.3582132605,"DemBarE":0,"DemBarP":0,"BarRetP":0},{"id":67,"time":41,"name":"Oeste220","marginal_cost":100.7707885725,"value":100.7707885725,"DemBarE":0,"DemBarP":0,"BarRetP":0},{"id":67,"time":42,"name":"Oeste220","marginal_cost":136.4538561024,"value":136.4538561024,"DemBarE":0,"DemBarP":0,"BarRetP":0},{"id":67,"time":43,"name":"Oeste220","marginal_cost":159.4013250934,"value":159.4013250934,"DemBarE":0,"DemBarP":0,"BarRetP":0},{"id":67,"time":44,"name":"Oeste220","marginal_cost":159.4013250934,"value":159.4013250934,"DemBarE":0,"DemBarP":0,"BarRetP":0},{"id":67,"time":45,"name":"Oeste220","marginal_cost":160.7861644321,"value":160.7861644321,"DemBarE":0,"DemBarP":0,"BarRetP":0},{"id":67,"time":46,"name":"Oeste220","marginal_cost":159.8840989798,"value":159.8840989798,"DemBarE":0,"DemBarP":0,"BarRetP":0},{"id":67,"time":47,"name":"Oeste220","marginal_cost":156.5807841727,"value":156.5807841727,"DemBarE":0,"DemBarP":0,"BarRetP":0},{"id":67,"time":48,"name":"Oeste220","marginal_cost":153.8528756213,"value":153.8528756213,"DemBarE":0,"DemBarP":0,"BarRetP":0},{"id":67,"time":49,"name":"Oeste220","marginal_cost":147.168538592,"value":147.168538592,"DemBarE":0,"DemBarP":0,"BarRetP":0},{"id":67,"time":50,"name":"Oeste220","marginal_cost":149.8272684786,"value":149.8272684786,"DemBarE":0,"DemBarP":0,"BarRetP":0},{"id":67,"time":51,"name":"Oeste220","marginal_cost":151.9268419682,"value":151.9268419682,"DemBarE":0,"DemBarP":0,"BarRetP":0},{"id":67,"time":52,"name":"Oeste220","marginal_cost":136.2896466371,"value":136.2896466371,"DemBarE":0,"DemBarP":0,"BarRetP":0},{"id":67,"time":53,"name":"Oeste220","marginal_cost":136.2896466371,"value":136.2896466371,"DemBarE":0,"DemBarP":0,"BarRetP":0},{"id":67,"time":54,"name":"Oeste220","marginal_cost":135.0542341066,"value":135.0542341066,"DemBarE":0,"DemBarP":0,"BarRetP":0},{"id":67,"time":55,"name":"Oeste220","marginal_cost":134.4438666342,"value":134.4438666342,"DemBarE":0,"DemBarP":0,"BarRetP":0},{"id":67,"time":56,"name":"Oeste220","marginal_cost":130.3977069974,"value":130.3977069974,"DemBarE":0,"DemBarP":0,"BarRetP":0},{"id":67,"time":57,"name":"Oeste220","marginal_cost":106.0725622806,"value":106.0725622806,"DemBarE":0,"DemBarP":0,"BarRetP":0},{"id":67,"time":58,"name":"Oeste220","marginal_cost":83.9083067913,"value":83.9083067913,"DemBarE":0,"DemBarP":0,"BarRetP":0},{"id":67,"time":59,"name":"Oeste220","marginal_cost":82.3245665504,"value":82.3245665504,"DemBarE":0,"DemBarP":0,"BarRetP":0},{"id":67,"time":60,"name":"Oeste220","marginal_cost":81.5935031811,"value":81.5935031811,"DemBarE":0,"DemBarP":0,"BarRetP":0},{"id":67,"time":61,"name":"Oeste220","marginal_cost":-2.1632634949,"value":-2.1632634949,"DemBarE":0,"DemBarP":0,"BarRetP":0},{"id":67,"time":62,"name":"Oeste220","marginal_cost":-2.1632634949,"value":-2.1632634949,"DemBarE":0,"DemBarP":0,"BarRetP":0},{"id":67,"time":63,"name":"Oeste220","marginal_cost":-1.8405694359,"value":-1.8405694359,"DemBarE":0,"DemBarP":0,"BarRetP":0},{"id":67,"time":64,"name":"Oeste220","marginal_cost":-1.2515509684,"value":-1.2515509684,"DemBarE":0,"DemBarP":0,"BarRetP":0},{"id":67,"time":65,"name":"Oeste220","marginal_cost":115.2446208952,"value":115.2446208952,"DemBarE":0,"DemBarP":0,"BarRetP":0},{"id":67,"time":66,"name":"Oeste220","marginal_cost":115.2446208952,"value":115.2446208952,"DemBarE":0,"DemBarP":0,"BarRetP":0},{"id":67,"time":67,"name":"Oeste220","marginal_cost":160.3732238238,"value":160.3732238238,"DemBarE":0,"DemBarP":0,"BarRetP":0},{"id":67,"time":68,"name":"Oeste220","marginal_cost":156.4418434731,"value":156.4418434731,"DemBarE":0,"DemBarP":0,"BarRetP":0},{"id":67,"time":69,"name":"Oeste220","marginal_cost":156.4418434731,"value":156.4418434731,"DemBarE":0,"DemBarP":0,"BarRetP":0},{"id":67,"time":70,"name":"Oeste220","marginal_cost":157.2200099205,"value":157.2200099205,"DemBarE":0,"DemBarP":0,"BarRetP":0},{"id":67,"time":71,"name":"Oeste220","marginal_cost":149.6230932009,"value":149.6230932009,"DemBarE":0,"DemBarP":0,"BarRetP":0},{"id":67,"time":72,"name":"Oeste220","marginal_cost":147.7897711185,"value":147.7897711185,"DemBarE":0,"DemBarP":0,"BarRetP":0},{"id":67,"time":73,"name":"Oeste220","marginal_cost":146.3965793658,"value":146.3965793658,"DemBarE":0,"DemBarP":0,"BarRetP":0},{"id":67,"time":74,"name":"Oeste220","marginal_cost":146.7385064949,"value":146.7385064949,"DemBarE":0,"DemBarP":0,"BarRetP":0},{"id":67,"time":75,"name":"Oeste220","marginal_cost":134.1753105876,"value":134.1753105876,"DemBarE":0,"DemBarP":0,"BarRetP":0},{"id":67,"time":76,"name":"Oeste220","marginal_cost":134.1753105876,"value":134.1753105876,"DemBarE":0,"DemBarP":0,"BarRetP":0},{"id":67,"time":77,"name":"Oeste220","marginal_cost":134.1753105876,"value":134.1753105876,"DemBarE":0,"DemBarP":0,"BarRetP":0},{"id":67,"time":78,"name":"Oeste220","marginal_cost":134.1753105876,"value":134.1753105876,"DemBarE":0,"DemBarP":0,"BarRetP":0},{"id":67,"time":79,"name":"Oeste220","marginal_cost":134.1753105876,"value":134.1753105876,"DemBarE":0,"DemBarP":0,"BarRetP":0},{"id":67,"time":80,"name":"Oeste220","marginal_cost":123.010708141,"value":123.010708141,"DemBarE":0,"DemBarP":0,"BarRetP":0},{"id":67,"time":81,"name":"Oeste220","marginal_cost":123.010708141,"value":123.010708141,"DemBarE":0,"DemBarP":0,"BarRetP":0},{"id":67,"time":82,"name":"Oeste220","marginal_cost":82.8584359595,"value":82.8584359595,"DemBarE":0,"DemBarP":0,"BarRetP":0},{"id":67,"time":83,"name":"Oeste220","marginal_cost":82.8584359595,"value":82.8584359595,"DemBarE":0,"DemBarP":0,"BarRetP":0},{"id":67,"time":84,"name":"Oeste220","marginal_cost":78.9975241435,"value":78.9975241435,"DemBarE":0,"DemBarP":0,"BarRetP":0},{"id":67,"time":85,"name":"Oeste220","marginal_cost":78.9975241435,"value":78.9975241435,"DemBarE":0,"DemBarP":0,"BarRetP":0},{"id":67,"time":86,"name":"Oeste220","marginal_cost":81.6967444685,"value":81.6967444685,"DemBarE":0,"DemBarP":0,"BarRetP":0},{"id":67,"time":87,"name":"Oeste220","marginal_cost":81.6967444685,"value":81.6967444685,"DemBarE":0,"DemBarP":0,"BarRetP":0},{"id":67,"time":88,"name":"Oeste220","marginal_cost":81.6967444685,"value":81.6967444685,"DemBarE":0,"DemBarP":0,"BarRetP":0},{"id":67,"time":89,"name":"Oeste220","marginal_cost":81.6967444685,"value":81.6967444685,"DemBarE":0,"DemBarP":0,"BarRetP":0},{"id":67,"time":90,"name":"Oeste220","marginal_cost":81.6967444685,"value":81.6967444685,"DemBarE":0,"DemBarP":0,"BarRetP":0},{"id":67,"time":91,"name":"Oeste220","marginal_cost":144.6269008087,"value":144.6269008087,"DemBarE":0,"DemBarP":0,"BarRetP":0},{"id":67,"time":92,"name":"Oeste220","marginal_cost":144.6269008087,"value":144.6269008087,"DemBarE":0,"DemBarP":0,"BarRetP":0},{"id":67,"time":93,"name":"Oeste220","marginal_cost":148.3349982944,"value":148.3349982944,"DemBarE":0,"DemBarP":0,"BarRetP":0},{"id":67,"time":94,"name":"Oeste220","marginal_cost":146.7478619099,"value":146.7478619099,"DemBarE":0,"DemBarP":0,"BarRetP":0},{"id":67,"time":95,"name":"Oeste220","marginal_cost":145.5941342301,"value":145.5941342301,"DemBarE":0,"DemBarP":0,"BarRetP":0},{"id":67,"time":96,"name":"Oeste220","marginal_cost":146.1590482735,"value":146.1590482735,"DemBarE":0,"DemBarP":0,"BarRetP":0},{"id":67,"time":97,"name":"Oeste220","marginal_cost":146.6985706265,"value":146.6985706265,"DemBarE":0,"DemBarP":0,"BarRetP":0},{"id":67,"time":98,"name":"Oeste220","marginal_cost":143.5428459608,"value":143.5428459608,"DemBarE":0,"DemBarP":0,"BarRetP":0},{"id":67,"time":99,"name":"Oeste220","marginal_cost":146.0261875357,"value":146.0261875357,"DemBarE":0,"DemBarP":0,"BarRetP":0},{"id":67,"time":100,"name":"Oeste220","marginal_cost":147.0468325926,"value":147.0468325926,"DemBarE":0,"DemBarP":0,"BarRetP":0},{"id":67,"time":101,"name":"Oeste220","marginal_cost":147.0468325926,"value":147.0468325926,"DemBarE":0,"DemBarP":0,"BarRetP":0},{"id":67,"time":102,"name":"Oeste220","marginal_cost":147.0468325926,"value":147.0468325926,"DemBarE":0,"DemBarP":0,"BarRetP":0},{"id":67,"time":103,"name":"Oeste220","marginal_cost":148.3042832022,"value":148.3042832022,"DemBarE":0,"DemBarP":0,"BarRetP":0},{"id":67,"time":104,"name":"Oeste220","marginal_cost":128.4403525731,"value":128.4403525731,"DemBarE":0,"DemBarP":0,"BarRetP":0},{"id":67,"time":105,"name":"Oeste220","marginal_cost":128.4403525731,"value":128.4403525731,"DemBarE":0,"DemBarP":0,"BarRetP":0},{"id":67,"time":106,"name":"Oeste220","marginal_cost":84.9452412201,"value":84.9452412201,"DemBarE":0,"DemBarP":0,"BarRetP":0},{"id":67,"time":107,"name":"Oeste220","marginal_cost":84.8790145377,"value":84.8790145377,"DemBarE":0,"DemBarP":0,"BarRetP":0},{"id":67,"time":108,"name":"Oeste220","marginal_cost":84.2517483065,"value":84.2517483065,"DemBarE":0,"DemBarP":0,"BarRetP":0},{"id":67,"time":109,"name":"Oeste220","marginal_cost":84.2517483065,"value":84.2517483065,"DemBarE":0,"DemBarP":0,"BarRetP":0},{"id":67,"time":110,"name":"Oeste220","marginal_cost":84.4425128957,"value":84.4425128957,"DemBarE":0,"DemBarP":0,"BarRetP":0},{"id":67,"time":111,"name":"Oeste220","marginal_cost":84.2564863901,"value":84.2564863901,"DemBarE":0,"DemBarP":0,"BarRetP":0},{"id":67,"time":112,"name":"Oeste220","marginal_cost":84.2564863901,"value":84.2564863901,"DemBarE":0,"DemBarP":0,"BarRetP":0},{"id":67,"time":113,"name":"Oeste220","marginal_cost":130.3591463479,"value":130.3591463479,"DemBarE":0,"DemBarP":0,"BarRetP":0},{"id":67,"time":114,"name":"Oeste220","marginal_cost":130.3591463479,"value":130.3591463479,"DemBarE":0,"DemBarP":0,"BarRetP":0},{"id":67,"time":115,"name":"Oeste220","marginal_cost":130.3591463479,"value":130.3591463479,"DemBarE":0,"DemBarP":0,"BarRetP":0},{"id":67,"time":116,"name":"Oeste220","marginal_cost":151.6220447601,"value":151.6220447601,"DemBarE":0,"DemBarP":0,"BarRetP":0},{"id":67,"time":117,"name":"Oeste220","marginal_cost":151.6220447601,"value":151.6220447601,"DemBarE":0,"DemBarP":0,"BarRetP":0},{"id":67,"time":118,"name":"Oeste220","marginal_cost":151.6220447601,"value":151.6220447601,"DemBarE":0,"DemBarP":0,"BarRetP":0},{"id":67,"time":119,"name":"Oeste220","marginal_cost":152.0206794395,"value":152.0206794395,"DemBarE":0,"DemBarP":0,"BarRetP":0},{"id":67,"time":120,"name":"Oeste220","marginal_cost":148.9607480151,"value":148.9607480151,"DemBarE":0,"DemBarP":0,"BarRetP":0},{"id":67,"time":121,"name":"Oeste220","marginal_cost":149.4459971475,"value":149.4459971475,"DemBarE":0,"DemBarP":0,"BarRetP":0},{"id":67,"time":122,"name":"Oeste220","marginal_cost":149.8612531604,"value":149.8612531604,"DemBarE":0,"DemBarP":0,"BarRetP":0},{"id":67,"time":123,"name":"Oeste220","marginal_cost":143.0663044385,"value":143.0663044385,"DemBarE":0,"DemBarP":0,"BarRetP":0},{"id":67,"time":124,"name":"Oeste220","marginal_cost":143.0663044385,"value":143.0663044385,"DemBarE":0,"DemBarP":0,"BarRetP":0},{"id":67,"time":125,"name":"Oeste220","marginal_cost":143.0663044385,"value":143.0663044385,"DemBarE":0,"DemBarP":0,"BarRetP":0},{"id":67,"time":126,"name":"Oeste220","marginal_cost":143.0663044385,"value":143.0663044385,"DemBarE":0,"DemBarP":0,"BarRetP":0},{"id":67,"time":127,"name":"Oeste220","marginal_cost":144.5931274932,"value":144.5931274932,"DemBarE":0,"DemBarP":0,"BarRetP":0},{"id":67,"time":128,"name":"Oeste220","marginal_cost":143.7765929978,"value":143.7765929978,"DemBarE":0,"DemBarP":0,"BarRetP":0},{"id":67,"time":129,"name":"Oeste220","marginal_cost":124.1457645291,"value":124.1457645291,"DemBarE":0,"DemBarP":0,"BarRetP":0},{"id":67,"time":130,"name":"Oeste220","marginal_cost":100.2641821985,"value":100.2641821985,"DemBarE":0,"DemBarP":0,"BarRetP":0},{"id":67,"time":131,"name":"Oeste220","marginal_cost":83.4636405614,"value":83.4636405614,"DemBarE":0,"DemBarP":0,"BarRetP":0},{"id":67,"time":132,"name":"Oeste220","marginal_cost":85.1865896526,"value":85.1865896526,"DemBarE":0,"DemBarP":0,"BarRetP":0},{"id":67,"time":133,"name":"Oeste220","marginal_cost":85.1101051252,"value":85.1101051252,"DemBarE":0,"DemBarP":0,"BarRetP":0},{"id":67,"time":134,"name":"Oeste220","marginal_cost":85.1101051252,"value":85.1101051252,"DemBarE":0,"DemBarP":0,"BarRetP":0},{"id":67,"time":135,"name":"Oeste220","marginal_cost":85.1101051252,"value":85.1101051252,"DemBarE":0,"DemBarP":0,"BarRetP":0},{"id":67,"time":136,"name":"Oeste220","marginal_cost":85.1101051252,"value":85.1101051252,"DemBarE":0,"DemBarP":0,"BarRetP":0},{"id":67,"time":137,"name":"Oeste220","marginal_cost":143.4696591484,"value":143.4696591484,"DemBarE":0,"DemBarP":0,"BarRetP":0},{"id":67,"time":138,"name":"Oeste220","marginal_cost":143.4696591484,"value":143.4696591484,"DemBarE":0,"DemBarP":0,"BarRetP":0},{"id":67,"time":139,"name":"Oeste220","marginal_cost":143.4696591484,"value":143.4696591484,"DemBarE":0,"DemBarP":0,"BarRetP":0},{"id":67,"time":140,"name":"Oeste220","marginal_cost":143.4696591484,"value":143.4696591484,"DemBarE":0,"DemBarP":0,"BarRetP":0},{"id":67,"time":141,"name":"Oeste220","marginal_cost":143.4696591484,"value":143.4696591484,"DemBarE":0,"DemBarP":0,"BarRetP":0},{"id":67,"time":142,"name":"Oeste220","marginal_cost":143.4696591484,"value":143.4696591484,"DemBarE":0,"DemBarP":0,"BarRetP":0},{"id":67,"time":143,"name":"Oeste220","marginal_cost":149.2336450554,"value":149.2336450554,"DemBarE":0,"DemBarP":0,"BarRetP":0},{"id":67,"time":144,"name":"Oeste220","marginal_cost":148.6820112641,"value":148.6820112641,"DemBarE":0,"DemBarP":0,"BarRetP":0},{"id":67,"time":145,"name":"Oeste220","marginal_cost":149.8561566831,"value":149.8561566831,"DemBarE":0,"DemBarP":0,"BarRetP":0},{"id":67,"time":146,"name":"Oeste220","marginal_cost":146.6039466394,"value":146.6039466394,"DemBarE":0,"DemBarP":0,"BarRetP":0},{"id":67,"time":147,"name":"Oeste220","marginal_cost":146.3122444139,"value":146.3122444139,"DemBarE":0,"DemBarP":0,"BarRetP":0},{"id":67,"time":148,"name":"Oeste220","marginal_cost":146.3122444139,"value":146.3122444139,"DemBarE":0,"DemBarP":0,"BarRetP":0},{"id":67,"time":149,"name":"Oeste220","marginal_cost":146.3122444139,"value":146.3122444139,"DemBarE":0,"DemBarP":0,"BarRetP":0},{"id":67,"time":150,"name":"Oeste220","marginal_cost":146.3122444139,"value":146.3122444139,"DemBarE":0,"DemBarP":0,"BarRetP":0},{"id":67,"time":151,"name":"Oeste220","marginal_cost":146.1980999321,"value":146.1980999321,"DemBarE":0,"DemBarP":0,"BarRetP":0},{"id":67,"time":152,"name":"Oeste220","marginal_cost":129.9989785733,"value":129.9989785733,"DemBarE":0,"DemBarP":0,"BarRetP":0},{"id":67,"time":153,"name":"Oeste220","marginal_cost":129.9989785733,"value":129.9989785733,"DemBarE":0,"DemBarP":0,"BarRetP":0},{"id":67,"time":154,"name":"Oeste220","marginal_cost":99.5757618,"value":99.5757618,"DemBarE":0,"DemBarP":0,"BarRetP":0},{"id":67,"time":155,"name":"Oeste220","marginal_cost":99.5757618,"value":99.5757618,"DemBarE":0,"DemBarP":0,"BarRetP":0},{"id":67,"time":156,"name":"Oeste220","marginal_cost":99.7049837062,"value":99.7049837062,"DemBarE":0,"DemBarP":0,"BarRetP":0},{"id":67,"time":157,"name":"Oeste220","marginal_cost":85.6529870051,"value":85.6529870051,"DemBarE":0,"DemBarP":0,"BarRetP":0},{"id":67,"time":158,"name":"Oeste220","marginal_cost":85.6529870051,"value":85.6529870051,"DemBarE":0,"DemBarP":0,"BarRetP":0},{"id":67,"time":159,"name":"Oeste220","marginal_cost":85.6529870051,"value":85.6529870051,"DemBarE":0,"DemBarP":0,"BarRetP":0},{"id":67,"time":160,"name":"Oeste220","marginal_cost":100.7137631041,"value":100.7137631041,"DemBarE":0,"DemBarP":0,"BarRetP":0},{"id":67,"time":161,"name":"Oeste220","marginal_cost":100.7137631041,"value":100.7137631041,"DemBarE":0,"DemBarP":0,"BarRetP":0},{"id":67,"time":162,"name":"Oeste220","marginal_cost":131.7343142236,"value":131.7343142236,"DemBarE":0,"DemBarP":0,"BarRetP":0},{"id":67,"time":163,"name":"Oeste220","marginal_cost":149.756916236,"value":149.756916236,"DemBarE":0,"DemBarP":0,"BarRetP":0},{"id":67,"time":164,"name":"Oeste220","marginal_cost":149.756916236,"value":149.756916236,"DemBarE":0,"DemBarP":0,"BarRetP":0},{"id":67,"time":165,"name":"Oeste220","marginal_cost":149.756916236,"value":149.756916236,"DemBarE":0,"DemBarP":0,"BarRetP":0},{"id":67,"time":166,"name":"Oeste220","marginal_cost":149.756916236,"value":149.756916236,"DemBarE":0,"DemBarP":0,"BarRetP":0},{"id":67,"time":167,"name":"Oeste220","marginal_cost":148.3067943294,"value":148.3067943294,"DemBarE":0,"DemBarP":0,"BarRetP":0},{"id":67,"time":168,"name":"Oeste220","marginal_cost":148.15710152,"value":148.15710152,"DemBarE":0,"DemBarP":0,"BarRetP":0}]