[{"id":56,"time":1,"name":"MariaElena220","marginal_cost":137.1855999135,"value":137.1855999135,"DemBarE":0,"DemBarP":0,"BarRetP":0},{"id":56,"time":2,"name":"MariaElena220","marginal_cost":133.5707894615,"value":133.5707894615,"DemBarE":0,"DemBarP":0,"BarRetP":0},{"id":56,"time":3,"name":"MariaElena220","marginal_cost":134.4766868728,"value":134.4766868728,"DemBarE":0,"DemBarP":0,"BarRetP":0},{"id":56,"time":4,"name":"MariaElena220","marginal_cost":134.8964139175,"value":134.8964139175,"DemBarE":0,"DemBarP":0,"BarRetP":0},{"id":56,"time":5,"name":"MariaElena220","marginal_cost":134.9937651835,"value":134.9937651835,"DemBarE":0,"DemBarP":0,"BarRetP":0},{"id":56,"time":6,"name":"MariaElena220","marginal_cost":99.93561384,"value":99.93561384,"DemBarE":0,"DemBarP":0,"BarRetP":0},{"id":56,"time":7,"name":"MariaElena220","marginal_cost":135.953004952,"value":135.953004952,"DemBarE":0,"DemBarP":0,"BarRetP":0},{"id":56,"time":8,"name":"MariaElena220","marginal_cost":159.2925324448,"value":159.2925324448,"DemBarE":0,"DemBarP":0,"BarRetP":0},{"id":56,"time":9,"name":"MariaElena220","marginal_cost":108.50582921,"value":108.50582921,"DemBarE":0,"DemBarP":0,"BarRetP":0},{"id":56,"time":10,"name":"MariaElena220","marginal_cost":74.4743576607,"value":74.4743576607,"DemBarE":0,"DemBarP":0,"BarRetP":0},{"id":56,"time":11,"name":"MariaElena220","marginal_cost":73.0431762862,"value":73.0431762862,"DemBarE":0,"DemBarP":0,"BarRetP":0},{"id":56,"time":12,"name":"MariaElena220","marginal_cost":64.4965896556,"value":64.4965896556,"DemBarE":0,"DemBarP":0,"BarRetP":0},{"id":56,"time":13,"name":"MariaElena220","marginal_cost":44.3271177924,"value":44.3271177924,"DemBarE":0,"DemBarP":0,"BarRetP":0},{"id":56,"time":14,"name":"MariaElena220","marginal_cost":-1.7717762505,"value":-1.7717762505,"DemBarE":0,"DemBarP":0,"BarRetP":0},{"id":56,"time":15,"name":"MariaElena220","marginal_cost":-1.4574253332,"value":-1.4574253332,"DemBarE":0,"DemBarP":0,"BarRetP":0},{"id":56,"time":16,"name":"MariaElena220","marginal_cost":-1.4639776977,"value":-1.4639776977,"DemBarE":0,"DemBarP":0,"BarRetP":0},{"id":56,"time":17,"name":"MariaElena220","marginal_cost":92.983377787,"value":92.983377787,"DemBarE":0,"DemBarP":0,"BarRetP":0},{"id":56,"time":18,"name":"MariaElena220","marginal_cost":134.5933424101,"value":134.5933424101,"DemBarE":0,"DemBarP":0,"BarRetP":0},{"id":56,"time":19,"name":"MariaElena220","marginal_cost":173.6578102326,"value":173.6578102326,"DemBarE":0,"DemBarP":0,"BarRetP":0},{"id":56,"time":20,"name":"MariaElena220","marginal_cost":173.516983003,"value":173.516983003,"DemBarE":0,"DemBarP":0,"BarRetP":0},{"id":56,"time":21,"name":"MariaElena220","marginal_cost":168.298445694,"value":168.298445694,"DemBarE":0,"DemBarP":0,"BarRetP":0},{"id":56,"time":22,"name":"MariaElena220","marginal_cost":162.7974686861,"value":162.7974686861,"DemBarE":0,"DemBarP":0,"BarRetP":0},{"id":56,"time":23,"name":"MariaElena220","marginal_cost":158.7323269422,"value":158.7323269422,"DemBarE":0,"DemBarP":0,"BarRetP":0},{"id":56,"time":24,"name":"MariaElena220","marginal_cost":157.6417867431,"value":157.6417867431,"DemBarE":0,"DemBarP":0,"BarRetP":0},{"id":56,"time":25,"name":"MariaElena220","marginal_cost":157.5588020123,"value":157.5588020123,"DemBarE":0,"DemBarP":0,"BarRetP":0},{"id":56,"time":26,"name":"MariaElena220","marginal_cost":155.3424517455,"value":155.3424517455,"DemBarE":0,"DemBarP":0,"BarRetP":0},{"id":56,"time":27,"name":"MariaElena220","marginal_cost":156.6544609568,"value":156.6544609568,"DemBarE":0,"DemBarP":0,"BarRetP":0},{"id":56,"time":28,"name":"MariaElena220","marginal_cost":155.9068775702,"value":155.9068775702,"DemBarE":0,"DemBarP":0,"BarRetP":0},{"id":56,"time":29,"name":"MariaElena220","marginal_cost":154.545613902,"value":154.545613902,"DemBarE":0,"DemBarP":0,"BarRetP":0},{"id":56,"time":30,"name":"MariaElena220","marginal_cost":155.3949005301,"value":155.3949005301,"DemBarE":0,"DemBarP":0,"BarRetP":0},{"id":56,"time":31,"name":"MariaElena220","marginal_cost":162.6453443309,"value":162.6453443309,"DemBarE":0,"DemBarP":0,"BarRetP":0},{"id":56,"time":32,"name":"MariaElena220","marginal_cost":156.6769330851,"value":156.6769330851,"DemBarE":0,"DemBarP":0,"BarRetP":0},{"id":56,"time":33,"name":"MariaElena220","marginal_cost":121.8598008486,"value":121.8598008486,"DemBarE":0,"DemBarP":0,"BarRetP":0},{"id":56,"time":34,"name":"MariaElena220","marginal_cost":81.1610925911,"value":81.1610925911,"DemBarE":0,"DemBarP":0,"BarRetP":0},{"id":56,"time":35,"name":"MariaElena220","marginal_cost":77.6204220431,"value":77.6204220431,"DemBarE":0,"DemBarP":0,"BarRetP":0},{"id":56,"time":36,"name":"MariaElena220","marginal_cost":77.5588534896,"value":77.5588534896,"DemBarE":0,"DemBarP":0,"BarRetP":0},{"id":56,"time":37,"name":"MariaElena220","marginal_cost":76.0231125941,"value":76.0231125941,"DemBarE":0,"DemBarP":0,"BarRetP":0},{"id":56,"time":38,"name":"MariaElena220","marginal_cost":76.0231125941,"value":76.0231125941,"DemBarE":0,"DemBarP":0,"BarRetP":0},{"id":56,"time":39,"name":"MariaElena220","marginal_cost":76.0231125941,"value":76.0231125941,"DemBarE":0,"DemBarP":0,"BarRetP":0},{"id":56,"time":40,"name":"MariaElena220","marginal_cost":76.0231125941,"value":76.0231125941,"DemBarE":0,"DemBarP":0,"BarRetP":0},{"id":56,"time":41,"name":"MariaElena220","marginal_cost":95.9631333361,"value":95.9631333361,"DemBarE":0,"DemBarP":0,"BarRetP":0},{"id":56,"time":42,"name":"MariaElena220","marginal_cost":139.0309939027,"value":139.0309939027,"DemBarE":0,"DemBarP":0,"BarRetP":0},{"id":56,"time":43,"name":"MariaElena220","marginal_cost":165.5372524441,"value":165.5372524441,"DemBarE":0,"DemBarP":0,"BarRetP":0},{"id":56,"time":44,"name":"MariaElena220","marginal_cost":165.5372524441,"value":165.5372524441,"DemBarE":0,"DemBarP":0,"BarRetP":0},{"id":56,"time":45,"name":"MariaElena220","marginal_cost":167.1356669201,"value":167.1356669201,"DemBarE":0,"DemBarP":0,"BarRetP":0},{"id":56,"time":46,"name":"MariaElena220","marginal_cost":166.1169704904,"value":166.1169704904,"DemBarE":0,"DemBarP":0,"BarRetP":0},{"id":56,"time":47,"name":"MariaElena220","marginal_cost":162.1763583577,"value":162.1763583577,"DemBarE":0,"DemBarP":0,"BarRetP":0},{"id":56,"time":48,"name":"MariaElena220","marginal_cost":158.8229905842,"value":158.8229905842,"DemBarE":0,"DemBarP":0,"BarRetP":0},{"id":56,"time":49,"name":"MariaElena220","marginal_cost":151.8781909582,"value":151.8781909582,"DemBarE":0,"DemBarP":0,"BarRetP":0},{"id":56,"time":50,"name":"MariaElena220","marginal_cost":154.6085723018,"value":154.6085723018,"DemBarE":0,"DemBarP":0,"BarRetP":0},{"id":56,"time":51,"name":"MariaElena220","marginal_cost":157.0948905613,"value":157.0948905613,"DemBarE":0,"DemBarP":0,"BarRetP":0},{"id":56,"time":52,"name":"MariaElena220","marginal_cost":141.5365087994,"value":141.5365087994,"DemBarE":0,"DemBarP":0,"BarRetP":0},{"id":56,"time":53,"name":"MariaElena220","marginal_cost":141.5365087994,"value":141.5365087994,"DemBarE":0,"DemBarP":0,"BarRetP":0},{"id":56,"time":54,"name":"MariaElena220","marginal_cost":140.2469542234,"value":140.2469542234,"DemBarE":0,"DemBarP":0,"BarRetP":0},{"id":56,"time":55,"name":"MariaElena220","marginal_cost":139.2314828348,"value":139.2314828348,"DemBarE":0,"DemBarP":0,"BarRetP":0},{"id":56,"time":56,"name":"MariaElena220","marginal_cost":134.4769718054,"value":134.4769718054,"DemBarE":0,"DemBarP":0,"BarRetP":0},{"id":56,"time":57,"name":"MariaElena220","marginal_cost":100.6999709125,"value":100.6999709125,"DemBarE":0,"DemBarP":0,"BarRetP":0},{"id":56,"time":58,"name":"MariaElena220","marginal_cost":78.7375652779,"value":78.7375652779,"DemBarE":0,"DemBarP":0,"BarRetP":0},{"id":56,"time":59,"name":"MariaElena220","marginal_cost":77.428764518,"value":77.428764518,"DemBarE":0,"DemBarP":0,"BarRetP":0},{"id":56,"time":60,"name":"MariaElena220","marginal_cost":76.7899133277,"value":76.7899133277,"DemBarE":0,"DemBarP":0,"BarRetP":0},{"id":56,"time":61,"name":"MariaElena220","marginal_cost":-2.0739913033,"value":-2.0739913033,"DemBarE":0,"DemBarP":0,"BarRetP":0},{"id":56,"time":62,"name":"MariaElena220","marginal_cost":-2.0739913033,"value":-2.0739913033,"DemBarE":0,"DemBarP":0,"BarRetP":0},{"id":56,"time":63,"name":"MariaElena220","marginal_cost":-1.7810397418,"value":-1.7810397418,"DemBarE":0,"DemBarP":0,"BarRetP":0},{"id":56,"time":64,"name":"MariaElena220","marginal_cost":-1.2143605595,"value":-1.2143605595,"DemBarE":0,"DemBarP":0,"BarRetP":0},{"id":56,"time":65,"name":"MariaElena220","marginal_cost":113.2591486204,"value":113.2591486204,"DemBarE":0,"DemBarP":0,"BarRetP":0},{"id":56,"time":66,"name":"MariaElena220","marginal_cost":113.2591486204,"value":113.2591486204,"DemBarE":0,"DemBarP":0,"BarRetP":0},{"id":56,"time":67,"name":"MariaElena220","marginal_cost":166.4471340543,"value":166.4471340543,"DemBarE":0,"DemBarP":0,"BarRetP":0},{"id":56,"time":68,"name":"MariaElena220","marginal_cost":162.7505963538,"value":162.7505963538,"DemBarE":0,"DemBarP":0,"BarRetP":0},{"id":56,"time":69,"name":"MariaElena220","marginal_cost":162.7505963538,"value":162.7505963538,"DemBarE":0,"DemBarP":0,"BarRetP":0},{"id":56,"time":70,"name":"MariaElena220","marginal_cost":163.6531120543,"value":163.6531120543,"DemBarE":0,"DemBarP":0,"BarRetP":0},{"id":56,"time":71,"name":"MariaElena220","marginal_cost":155.4174589651,"value":155.4174589651,"DemBarE":0,"DemBarP":0,"BarRetP":0},{"id":56,"time":72,"name":"MariaElena220","marginal_cost":153.0362338375,"value":153.0362338375,"DemBarE":0,"DemBarP":0,"BarRetP":0},{"id":56,"time":73,"name":"MariaElena220","marginal_cost":151.1269787524,"value":151.1269787524,"DemBarE":0,"DemBarP":0,"BarRetP":0},{"id":56,"time":74,"name":"MariaElena220","marginal_cost":151.7149736235,"value":151.7149736235,"DemBarE":0,"DemBarP":0,"BarRetP":0},{"id":56,"time":75,"name":"MariaElena220","marginal_cost":139.4322291821,"value":139.4322291821,"DemBarE":0,"DemBarP":0,"BarRetP":0},{"id":56,"time":76,"name":"MariaElena220","marginal_cost":139.4322291821,"value":139.4322291821,"DemBarE":0,"DemBarP":0,"BarRetP":0},{"id":56,"time":77,"name":"MariaElena220","marginal_cost":139.4322291821,"value":139.4322291821,"DemBarE":0,"DemBarP":0,"BarRetP":0},{"id":56,"time":78,"name":"MariaElena220","marginal_cost":139.4322291821,"value":139.4322291821,"DemBarE":0,"DemBarP":0,"BarRetP":0},{"id":56,"time":79,"name":"MariaElena220","marginal_cost":139.4322291821,"value":139.4322291821,"DemBarE":0,"DemBarP":0,"BarRetP":0},{"id":56,"time":80,"name":"MariaElena220","marginal_cost":121.328682134,"value":121.328682134,"DemBarE":0,"DemBarP":0,"BarRetP":0},{"id":56,"time":81,"name":"MariaElena220","marginal_cost":121.328682134,"value":121.328682134,"DemBarE":0,"DemBarP":0,"BarRetP":0},{"id":56,"time":82,"name":"MariaElena220","marginal_cost":78.2283262431,"value":78.2283262431,"DemBarE":0,"DemBarP":0,"BarRetP":0},{"id":56,"time":83,"name":"MariaElena220","marginal_cost":78.2283262431,"value":78.2283262431,"DemBarE":0,"DemBarP":0,"BarRetP":0},{"id":56,"time":84,"name":"MariaElena220","marginal_cost":75.2185559539,"value":75.2185559539,"DemBarE":0,"DemBarP":0,"BarRetP":0},{"id":56,"time":85,"name":"MariaElena220","marginal_cost":75.2185559539,"value":75.2185559539,"DemBarE":0,"DemBarP":0,"BarRetP":0},{"id":56,"time":86,"name":"MariaElena220","marginal_cost":77.8575187652,"value":77.8575187652,"DemBarE":0,"DemBarP":0,"BarRetP":0},{"id":56,"time":87,"name":"MariaElena220","marginal_cost":77.8575187652,"value":77.8575187652,"DemBarE":0,"DemBarP":0,"BarRetP":0},{"id":56,"time":88,"name":"MariaElena220","marginal_cost":77.8575187652,"value":77.8575187652,"DemBarE":0,"DemBarP":0,"BarRetP":0},{"id":56,"time":89,"name":"MariaElena220","marginal_cost":77.8575187652,"value":77.8575187652,"DemBarE":0,"DemBarP":0,"BarRetP":0},{"id":56,"time":90,"name":"MariaElena220","marginal_cost":77.8575187652,"value":77.8575187652,"DemBarE":0,"DemBarP":0,"BarRetP":0},{"id":56,"time":91,"name":"MariaElena220","marginal_cost":148.9494814167,"value":148.9494814167,"DemBarE":0,"DemBarP":0,"BarRetP":0},{"id":56,"time":92,"name":"MariaElena220","marginal_cost":148.9494814167,"value":148.9494814167,"DemBarE":0,"DemBarP":0,"BarRetP":0},{"id":56,"time":93,"name":"MariaElena220","marginal_cost":153.1028341031,"value":153.1028341031,"DemBarE":0,"DemBarP":0,"BarRetP":0},{"id":56,"time":94,"name":"MariaElena220","marginal_cost":151.457485402,"value":151.457485402,"DemBarE":0,"DemBarP":0,"BarRetP":0},{"id":56,"time":95,"name":"MariaElena220","marginal_cost":150.0910843827,"value":150.0910843827,"DemBarE":0,"DemBarP":0,"BarRetP":0},{"id":56,"time":96,"name":"MariaElena220","marginal_cost":150.7963397032,"value":150.7963397032,"DemBarE":0,"DemBarP":0,"BarRetP":0},{"id":56,"time":97,"name":"MariaElena220","marginal_cost":150.4411685982,"value":150.4411685982,"DemBarE":0,"DemBarP":0,"BarRetP":0},{"id":56,"time":98,"name":"MariaElena220","marginal_cost":147.6644688561,"value":147.6644688561,"DemBarE":0,"DemBarP":0,"BarRetP":0},{"id":56,"time":99,"name":"MariaElena220","marginal_cost":150.6680466747,"value":150.6680466747,"DemBarE":0,"DemBarP":0,"BarRetP":0},{"id":56,"time":100,"name":"MariaElena220","marginal_cost":152.1542847797,"value":152.1542847797,"DemBarE":0,"DemBarP":0,"BarRetP":0},{"id":56,"time":101,"name":"MariaElena220","marginal_cost":152.1542847797,"value":152.1542847797,"DemBarE":0,"DemBarP":0,"BarRetP":0},{"id":56,"time":102,"name":"MariaElena220","marginal_cost":152.1542847797,"value":152.1542847797,"DemBarE":0,"DemBarP":0,"BarRetP":0},{"id":56,"time":103,"name":"MariaElena220","marginal_cost":151.3941930596,"value":151.3941930596,"DemBarE":0,"DemBarP":0,"BarRetP":0},{"id":56,"time":104,"name":"MariaElena220","marginal_cost":126.8585846771,"value":126.8585846771,"DemBarE":0,"DemBarP":0,"BarRetP":0},{"id":56,"time":105,"name":"MariaElena220","marginal_cost":126.8585846771,"value":126.8585846771,"DemBarE":0,"DemBarP":0,"BarRetP":0},{"id":56,"time":106,"name":"MariaElena220","marginal_cost":79.9339933341,"value":79.9339933341,"DemBarE":0,"DemBarP":0,"BarRetP":0},{"id":56,"time":107,"name":"MariaElena220","marginal_cost":79.3870641628,"value":79.3870641628,"DemBarE":0,"DemBarP":0,"BarRetP":0},{"id":56,"time":108,"name":"MariaElena220","marginal_cost":78.5113237895,"value":78.5113237895,"DemBarE":0,"DemBarP":0,"BarRetP":0},{"id":56,"time":109,"name":"MariaElena220","marginal_cost":78.5113237895,"value":78.5113237895,"DemBarE":0,"DemBarP":0,"BarRetP":0},{"id":56,"time":110,"name":"MariaElena220","marginal_cost":78.2450125897,"value":78.2450125897,"DemBarE":0,"DemBarP":0,"BarRetP":0},{"id":56,"time":111,"name":"MariaElena220","marginal_cost":78.2733167647,"value":78.2733167647,"DemBarE":0,"DemBarP":0,"BarRetP":0},{"id":56,"time":112,"name":"MariaElena220","marginal_cost":78.2733167647,"value":78.2733167647,"DemBarE":0,"DemBarP":0,"BarRetP":0},{"id":56,"time":113,"name":"MariaElena220","marginal_cost":130.2677509628,"value":130.2677509628,"DemBarE":0,"DemBarP":0,"BarRetP":0},{"id":56,"time":114,"name":"MariaElena220","marginal_cost":130.2677509628,"value":130.2677509628,"DemBarE":0,"DemBarP":0,"BarRetP":0},{"id":56,"time":115,"name":"MariaElena220","marginal_cost":130.2677509628,"value":130.2677509628,"DemBarE":0,"DemBarP":0,"BarRetP":0},{"id":56,"time":116,"name":"MariaElena220","marginal_cost":156.2961608538,"value":156.2961608538,"DemBarE":0,"DemBarP":0,"BarRetP":0},{"id":56,"time":117,"name":"MariaElena220","marginal_cost":156.2961608538,"value":156.2961608538,"DemBarE":0,"DemBarP":0,"BarRetP":0},{"id":56,"time":118,"name":"MariaElena220","marginal_cost":156.2961608538,"value":156.2961608538,"DemBarE":0,"DemBarP":0,"BarRetP":0},{"id":56,"time":119,"name":"MariaElena220","marginal_cost":156.3945786637,"value":156.3945786637,"DemBarE":0,"DemBarP":0,"BarRetP":0},{"id":56,"time":120,"name":"MariaElena220","marginal_cost":152.8440998781,"value":152.8440998781,"DemBarE":0,"DemBarP":0,"BarRetP":0},{"id":56,"time":121,"name":"MariaElena220","marginal_cost":152.9716729716,"value":152.9716729716,"DemBarE":0,"DemBarP":0,"BarRetP":0},{"id":56,"time":122,"name":"MariaElena220","marginal_cost":153.2472653623,"value":153.2472653623,"DemBarE":0,"DemBarP":0,"BarRetP":0},{"id":56,"time":123,"name":"MariaElena220","marginal_cost":145.797035742,"value":145.797035742,"DemBarE":0,"DemBarP":0,"BarRetP":0},{"id":56,"time":124,"name":"MariaElena220","marginal_cost":145.797035742,"value":145.797035742,"DemBarE":0,"DemBarP":0,"BarRetP":0},{"id":56,"time":125,"name":"MariaElena220","marginal_cost":145.797035742,"value":145.797035742,"DemBarE":0,"DemBarP":0,"BarRetP":0},{"id":56,"time":126,"name":"MariaElena220","marginal_cost":145.797035742,"value":145.797035742,"DemBarE":0,"DemBarP":0,"BarRetP":0},{"id":56,"time":127,"name":"MariaElena220","marginal_cost":146.0887931696,"value":146.0887931696,"DemBarE":0,"DemBarP":0,"BarRetP":0},{"id":56,"time":128,"name":"MariaElena220","marginal_cost":143.7559307599,"value":143.7559307599,"DemBarE":0,"DemBarP":0,"BarRetP":0},{"id":56,"time":129,"name":"MariaElena220","marginal_cost":123.5656386479,"value":123.5656386479,"DemBarE":0,"DemBarP":0,"BarRetP":0},{"id":56,"time":130,"name":"MariaElena220","marginal_cost":94.161345976,"value":94.161345976,"DemBarE":0,"DemBarP":0,"BarRetP":0},{"id":56,"time":131,"name":"MariaElena220","marginal_cost":78.2602386281,"value":78.2602386281,"DemBarE":0,"DemBarP":0,"BarRetP":0},{"id":56,"time":132,"name":"MariaElena220","marginal_cost":79.6346940494,"value":79.6346940494,"DemBarE":0,"DemBarP":0,"BarRetP":0},{"id":56,"time":133,"name":"MariaElena220","marginal_cost":79.0104789357,"value":79.0104789357,"DemBarE":0,"DemBarP":0,"BarRetP":0},{"id":56,"time":134,"name":"MariaElena220","marginal_cost":79.0104789357,"value":79.0104789357,"DemBarE":0,"DemBarP":0,"BarRetP":0},{"id":56,"time":135,"name":"MariaElena220","marginal_cost":79.0104789357,"value":79.0104789357,"DemBarE":0,"DemBarP":0,"BarRetP":0},{"id":56,"time":136,"name":"MariaElena220","marginal_cost":79.0104789357,"value":79.0104789357,"DemBarE":0,"DemBarP":0,"BarRetP":0},{"id":56,"time":137,"name":"MariaElena220","marginal_cost":145.1193778576,"value":145.1193778576,"DemBarE":0,"DemBarP":0,"BarRetP":0},{"id":56,"time":138,"name":"MariaElena220","marginal_cost":145.1193778576,"value":145.1193778576,"DemBarE":0,"DemBarP":0,"BarRetP":0},{"id":56,"time":139,"name":"MariaElena220","marginal_cost":145.1193778576,"value":145.1193778576,"DemBarE":0,"DemBarP":0,"BarRetP":0},{"id":56,"time":140,"name":"MariaElena220","marginal_cost":145.1193778576,"value":145.1193778576,"DemBarE":0,"DemBarP":0,"BarRetP":0},{"id":56,"time":141,"name":"MariaElena220","marginal_cost":145.1193778576,"value":145.1193778576,"DemBarE":0,"DemBarP":0,"BarRetP":0},{"id":56,"time":142,"name":"MariaElena220","marginal_cost":145.1193778576,"value":145.1193778576,"DemBarE":0,"DemBarP":0,"BarRetP":0},{"id":56,"time":143,"name":"MariaElena220","marginal_cost":152.2685926685,"value":152.2685926685,"DemBarE":0,"DemBarP":0,"BarRetP":0},{"id":56,"time":144,"name":"MariaElena220","marginal_cost":151.2980592471,"value":151.2980592471,"DemBarE":0,"DemBarP":0,"BarRetP":0},{"id":56,"time":145,"name":"MariaElena220","marginal_cost":152.3199641446,"value":152.3199641446,"DemBarE":0,"DemBarP":0,"BarRetP":0},{"id":56,"time":146,"name":"MariaElena220","marginal_cost":148.9219140075,"value":148.9219140075,"DemBarE":0,"DemBarP":0,"BarRetP":0},{"id":56,"time":147,"name":"MariaElena220","marginal_cost":148.1676491426,"value":148.1676491426,"DemBarE":0,"DemBarP":0,"BarRetP":0},{"id":56,"time":148,"name":"MariaElena220","marginal_cost":148.1676491426,"value":148.1676491426,"DemBarE":0,"DemBarP":0,"BarRetP":0},{"id":56,"time":149,"name":"MariaElena220","marginal_cost":148.1676491426,"value":148.1676491426,"DemBarE":0,"DemBarP":0,"BarRetP":0},{"id":56,"time":150,"name":"MariaElena220","marginal_cost":148.1676491426,"value":148.1676491426,"DemBarE":0,"DemBarP":0,"BarRetP":0},{"id":56,"time":151,"name":"MariaElena220","marginal_cost":148.053609225,"value":148.053609225,"DemBarE":0,"DemBarP":0,"BarRetP":0},{"id":56,"time":152,"name":"MariaElena220","marginal_cost":126.9487100574,"value":126.9487100574,"DemBarE":0,"DemBarP":0,"BarRetP":0},{"id":56,"time":153,"name":"MariaElena220","marginal_cost":126.9487100574,"value":126.9487100574,"DemBarE":0,"DemBarP":0,"BarRetP":0},{"id":56,"time":154,"name":"MariaElena220","marginal_cost":93.8046816665,"value":93.8046816665,"DemBarE":0,"DemBarP":0,"BarRetP":0},{"id":56,"time":155,"name":"MariaElena220","marginal_cost":93.8046816665,"value":93.8046816665,"DemBarE":0,"DemBarP":0,"BarRetP":0},{"id":56,"time":156,"name":"MariaElena220","marginal_cost":93.0274960669,"value":93.0274960669,"DemBarE":0,"DemBarP":0,"BarRetP":0},{"id":56,"time":157,"name":"MariaElena220","marginal_cost":79.1828962185,"value":79.1828962185,"DemBarE":0,"DemBarP":0,"BarRetP":0},{"id":56,"time":158,"name":"MariaElena220","marginal_cost":79.1828962185,"value":79.1828962185,"DemBarE":0,"DemBarP":0,"BarRetP":0},{"id":56,"time":159,"name":"MariaElena220","marginal_cost":79.1828962185,"value":79.1828962185,"DemBarE":0,"DemBarP":0,"BarRetP":0},{"id":56,"time":160,"name":"MariaElena220","marginal_cost":94.5257730997,"value":94.5257730997,"DemBarE":0,"DemBarP":0,"BarRetP":0},{"id":56,"time":161,"name":"MariaElena220","marginal_cost":94.5257730997,"value":94.5257730997,"DemBarE":0,"DemBarP":0,"BarRetP":0},{"id":56,"time":162,"name":"MariaElena220","marginal_cost":130.1317177916,"value":130.1317177916,"DemBarE":0,"DemBarP":0,"BarRetP":0},{"id":56,"time":163,"name":"MariaElena220","marginal_cost":152.6299050143,"value":152.6299050143,"DemBarE":0,"DemBarP":0,"BarRetP":0},{"id":56,"time":164,"name":"MariaElena220","marginal_cost":152.6299050143,"value":152.6299050143,"DemBarE":0,"DemBarP":0,"BarRetP":0},{"id":56,"time":165,"name":"MariaElena220","marginal_cost":152.6299050143,"value":152.6299050143,"DemBarE":0,"DemBarP":0,"BarRetP":0},{"id":56,"time":166,"name":"MariaElena220","marginal_cost":152.6299050143,"value":152.6299050143,"DemBarE":0,"DemBarP":0,"BarRetP":0},{"id":56,"time":167,"name":"MariaElena220","marginal_cost":151.3908317103,"value":151.3908317103,"DemBarE":0,"DemBarP":0,"BarRetP":0},{"id":56,"time":168,"name":"MariaElena220","marginal_cost":150.9934961543,"value":150.9934961543,"DemBarE":0,"DemBarP":0,"BarRetP":0}]