[{"id":193,"time":1,"name":"Sauzal110_BP2","marginal_cost":161.640513468,"value":161.640513468,"DemBarE":0,"DemBarP":0,"BarRetP":0},{"id":193,"time":2,"name":"Sauzal110_BP2","marginal_cost":162.8221196939,"value":162.8221196939,"DemBarE":0,"DemBarP":0,"BarRetP":0},{"id":193,"time":3,"name":"Sauzal110_BP2","marginal_cost":161.3316771756,"value":161.3316771756,"DemBarE":0,"DemBarP":0,"BarRetP":0},{"id":193,"time":4,"name":"Sauzal110_BP2","marginal_cost":160.1346931508,"value":160.1346931508,"DemBarE":0,"DemBarP":0,"BarRetP":0},{"id":193,"time":5,"name":"Sauzal110_BP2","marginal_cost":142.0713716964,"value":142.0713716964,"DemBarE":0,"DemBarP":0,"BarRetP":0},{"id":193,"time":6,"name":"Sauzal110_BP2","marginal_cost":124.6119178163,"value":124.6119178163,"DemBarE":0,"DemBarP":0,"BarRetP":0},{"id":193,"time":7,"name":"Sauzal110_BP2","marginal_cost":170.1579095587,"value":170.1579095587,"DemBarE":0,"DemBarP":0,"BarRetP":0},{"id":193,"time":8,"name":"Sauzal110_BP2","marginal_cost":175.3618859717,"value":175.3618859717,"DemBarE":0,"DemBarP":0,"BarRetP":0},{"id":193,"time":9,"name":"Sauzal110_BP2","marginal_cost":165.7087751847,"value":165.7087751847,"DemBarE":0,"DemBarP":0,"BarRetP":0},{"id":193,"time":10,"name":"Sauzal110_BP2","marginal_cost":164.3025812582,"value":164.3025812582,"DemBarE":0,"DemBarP":0,"BarRetP":0},{"id":193,"time":11,"name":"Sauzal110_BP2","marginal_cost":164.5011161667,"value":164.5011161667,"DemBarE":0,"DemBarP":0,"BarRetP":0},{"id":193,"time":12,"name":"Sauzal110_BP2","marginal_cost":164.4734487652,"value":164.4734487652,"DemBarE":0,"DemBarP":0,"BarRetP":0},{"id":193,"time":13,"name":"Sauzal110_BP2","marginal_cost":163.5507663046,"value":163.5507663046,"DemBarE":0,"DemBarP":0,"BarRetP":0},{"id":193,"time":14,"name":"Sauzal110_BP2","marginal_cost":162.7666026233,"value":162.7666026233,"DemBarE":0,"DemBarP":0,"BarRetP":0},{"id":193,"time":15,"name":"Sauzal110_BP2","marginal_cost":163.1419190204,"value":163.1419190204,"DemBarE":0,"DemBarP":0,"BarRetP":0},{"id":193,"time":16,"name":"Sauzal110_BP2","marginal_cost":162.7511363995,"value":162.7511363995,"DemBarE":0,"DemBarP":0,"BarRetP":0},{"id":193,"time":17,"name":"Sauzal110_BP2","marginal_cost":161.7821588177,"value":161.7821588177,"DemBarE":0,"DemBarP":0,"BarRetP":0},{"id":193,"time":18,"name":"Sauzal110_BP2","marginal_cost":160.1422607983,"value":160.1422607983,"DemBarE":0,"DemBarP":0,"BarRetP":0},{"id":193,"time":19,"name":"Sauzal110_BP2","marginal_cost":179.5052094279,"value":179.5052094279,"DemBarE":0,"DemBarP":0,"BarRetP":0},{"id":193,"time":20,"name":"Sauzal110_BP2","marginal_cost":183.313385364,"value":183.313385364,"DemBarE":0,"DemBarP":0,"BarRetP":0},{"id":193,"time":21,"name":"Sauzal110_BP2","marginal_cost":173.1331946909,"value":173.1331946909,"DemBarE":0,"DemBarP":0,"BarRetP":0},{"id":193,"time":22,"name":"Sauzal110_BP2","marginal_cost":171.4141740044,"value":171.4141740044,"DemBarE":0,"DemBarP":0,"BarRetP":0},{"id":193,"time":23,"name":"Sauzal110_BP2","marginal_cost":169.0688967287,"value":169.0688967287,"DemBarE":0,"DemBarP":0,"BarRetP":0},{"id":193,"time":24,"name":"Sauzal110_BP2","marginal_cost":169.5753911995,"value":169.5753911995,"DemBarE":0,"DemBarP":0,"BarRetP":0},{"id":193,"time":25,"name":"Sauzal110_BP2","marginal_cost":160.3646531939,"value":160.3646531939,"DemBarE":0,"DemBarP":0,"BarRetP":0},{"id":193,"time":26,"name":"Sauzal110_BP2","marginal_cost":161.2604412812,"value":161.2604412812,"DemBarE":0,"DemBarP":0,"BarRetP":0},{"id":193,"time":27,"name":"Sauzal110_BP2","marginal_cost":160.864059047,"value":160.864059047,"DemBarE":0,"DemBarP":0,"BarRetP":0},{"id":193,"time":28,"name":"Sauzal110_BP2","marginal_cost":160.8281644074,"value":160.8281644074,"DemBarE":0,"DemBarP":0,"BarRetP":0},{"id":193,"time":29,"name":"Sauzal110_BP2","marginal_cost":159.7639491065,"value":159.7639491065,"DemBarE":0,"DemBarP":0,"BarRetP":0},{"id":193,"time":30,"name":"Sauzal110_BP2","marginal_cost":161.7636261636,"value":161.7636261636,"DemBarE":0,"DemBarP":0,"BarRetP":0},{"id":193,"time":31,"name":"Sauzal110_BP2","marginal_cost":168.5237084693,"value":168.5237084693,"DemBarE":0,"DemBarP":0,"BarRetP":0},{"id":193,"time":32,"name":"Sauzal110_BP2","marginal_cost":176.2853716219,"value":176.2853716219,"DemBarE":0,"DemBarP":0,"BarRetP":0},{"id":193,"time":33,"name":"Sauzal110_BP2","marginal_cost":164.9416217067,"value":164.9416217067,"DemBarE":0,"DemBarP":0,"BarRetP":0},{"id":193,"time":34,"name":"Sauzal110_BP2","marginal_cost":165.2556171766,"value":165.2556171766,"DemBarE":0,"DemBarP":0,"BarRetP":0},{"id":193,"time":35,"name":"Sauzal110_BP2","marginal_cost":165.3018873613,"value":165.3018873613,"DemBarE":0,"DemBarP":0,"BarRetP":0},{"id":193,"time":36,"name":"Sauzal110_BP2","marginal_cost":165.109087083,"value":165.109087083,"DemBarE":0,"DemBarP":0,"BarRetP":0},{"id":193,"time":37,"name":"Sauzal110_BP2","marginal_cost":163.8879795093,"value":163.8879795093,"DemBarE":0,"DemBarP":0,"BarRetP":0},{"id":193,"time":38,"name":"Sauzal110_BP2","marginal_cost":163.8879795093,"value":163.8879795093,"DemBarE":0,"DemBarP":0,"BarRetP":0},{"id":193,"time":39,"name":"Sauzal110_BP2","marginal_cost":163.8879795093,"value":163.8879795093,"DemBarE":0,"DemBarP":0,"BarRetP":0},{"id":193,"time":40,"name":"Sauzal110_BP2","marginal_cost":163.8879795093,"value":163.8879795093,"DemBarE":0,"DemBarP":0,"BarRetP":0},{"id":193,"time":41,"name":"Sauzal110_BP2","marginal_cost":162.1120984038,"value":162.1120984038,"DemBarE":0,"DemBarP":0,"BarRetP":0},{"id":193,"time":42,"name":"Sauzal110_BP2","marginal_cost":157.9916068712,"value":157.9916068712,"DemBarE":0,"DemBarP":0,"BarRetP":0},{"id":193,"time":43,"name":"Sauzal110_BP2","marginal_cost":163.7599625576,"value":163.7599625576,"DemBarE":0,"DemBarP":0,"BarRetP":0},{"id":193,"time":44,"name":"Sauzal110_BP2","marginal_cost":163.7599625576,"value":163.7599625576,"DemBarE":0,"DemBarP":0,"BarRetP":0},{"id":193,"time":45,"name":"Sauzal110_BP2","marginal_cost":163.8872215057,"value":163.8872215057,"DemBarE":0,"DemBarP":0,"BarRetP":0},{"id":193,"time":46,"name":"Sauzal110_BP2","marginal_cost":162.5693233081,"value":162.5693233081,"DemBarE":0,"DemBarP":0,"BarRetP":0},{"id":193,"time":47,"name":"Sauzal110_BP2","marginal_cost":159.7010834209,"value":159.7010834209,"DemBarE":0,"DemBarP":0,"BarRetP":0},{"id":193,"time":48,"name":"Sauzal110_BP2","marginal_cost":159.199395192,"value":159.199395192,"DemBarE":0,"DemBarP":0,"BarRetP":0},{"id":193,"time":49,"name":"Sauzal110_BP2","marginal_cost":151.9546991751,"value":151.9546991751,"DemBarE":0,"DemBarP":0,"BarRetP":0},{"id":193,"time":50,"name":"Sauzal110_BP2","marginal_cost":156.1866219235,"value":156.1866219235,"DemBarE":0,"DemBarP":0,"BarRetP":0},{"id":193,"time":51,"name":"Sauzal110_BP2","marginal_cost":156.8359775143,"value":156.8359775143,"DemBarE":0,"DemBarP":0,"BarRetP":0},{"id":193,"time":52,"name":"Sauzal110_BP2","marginal_cost":138.3939462683,"value":138.3939462683,"DemBarE":0,"DemBarP":0,"BarRetP":0},{"id":193,"time":53,"name":"Sauzal110_BP2","marginal_cost":138.3939462683,"value":138.3939462683,"DemBarE":0,"DemBarP":0,"BarRetP":0},{"id":193,"time":54,"name":"Sauzal110_BP2","marginal_cost":138.4334607584,"value":138.4334607584,"DemBarE":0,"DemBarP":0,"BarRetP":0},{"id":193,"time":55,"name":"Sauzal110_BP2","marginal_cost":139.6422815333,"value":139.6422815333,"DemBarE":0,"DemBarP":0,"BarRetP":0},{"id":193,"time":56,"name":"Sauzal110_BP2","marginal_cost":140.9697648963,"value":140.9697648963,"DemBarE":0,"DemBarP":0,"BarRetP":0},{"id":193,"time":57,"name":"Sauzal110_BP2","marginal_cost":128.8968334731,"value":128.8968334731,"DemBarE":0,"DemBarP":0,"BarRetP":0},{"id":193,"time":58,"name":"Sauzal110_BP2","marginal_cost":143.0965324012,"value":143.0965324012,"DemBarE":0,"DemBarP":0,"BarRetP":0},{"id":193,"time":59,"name":"Sauzal110_BP2","marginal_cost":111.7636511372,"value":111.7636511372,"DemBarE":0,"DemBarP":0,"BarRetP":0},{"id":193,"time":60,"name":"Sauzal110_BP2","marginal_cost":141.2517966964,"value":141.2517966964,"DemBarE":0,"DemBarP":0,"BarRetP":0},{"id":193,"time":61,"name":"Sauzal110_BP2","marginal_cost":140.7295324499,"value":140.7295324499,"DemBarE":0,"DemBarP":0,"BarRetP":0},{"id":193,"time":62,"name":"Sauzal110_BP2","marginal_cost":140.7295324499,"value":140.7295324499,"DemBarE":0,"DemBarP":0,"BarRetP":0},{"id":193,"time":63,"name":"Sauzal110_BP2","marginal_cost":123.0922677602,"value":123.0922677602,"DemBarE":0,"DemBarP":0,"BarRetP":0},{"id":193,"time":64,"name":"Sauzal110_BP2","marginal_cost":140.7865973278,"value":140.7865973278,"DemBarE":0,"DemBarP":0,"BarRetP":0},{"id":193,"time":65,"name":"Sauzal110_BP2","marginal_cost":140.3030084955,"value":140.3030084955,"DemBarE":0,"DemBarP":0,"BarRetP":0},{"id":193,"time":66,"name":"Sauzal110_BP2","marginal_cost":140.3030084955,"value":140.3030084955,"DemBarE":0,"DemBarP":0,"BarRetP":0},{"id":193,"time":67,"name":"Sauzal110_BP2","marginal_cost":173.9392270818,"value":173.9392270818,"DemBarE":0,"DemBarP":0,"BarRetP":0},{"id":193,"time":68,"name":"Sauzal110_BP2","marginal_cost":167.9395986726,"value":167.9395986726,"DemBarE":0,"DemBarP":0,"BarRetP":0},{"id":193,"time":69,"name":"Sauzal110_BP2","marginal_cost":167.9395986726,"value":167.9395986726,"DemBarE":0,"DemBarP":0,"BarRetP":0},{"id":193,"time":70,"name":"Sauzal110_BP2","marginal_cost":164.4787261372,"value":164.4787261372,"DemBarE":0,"DemBarP":0,"BarRetP":0},{"id":193,"time":71,"name":"Sauzal110_BP2","marginal_cost":157.0351660417,"value":157.0351660417,"DemBarE":0,"DemBarP":0,"BarRetP":0},{"id":193,"time":72,"name":"Sauzal110_BP2","marginal_cost":156.888869631,"value":156.888869631,"DemBarE":0,"DemBarP":0,"BarRetP":0},{"id":193,"time":73,"name":"Sauzal110_BP2","marginal_cost":157.4122618801,"value":157.4122618801,"DemBarE":0,"DemBarP":0,"BarRetP":0},{"id":193,"time":74,"name":"Sauzal110_BP2","marginal_cost":153.9393444,"value":153.9393444,"DemBarE":0,"DemBarP":0,"BarRetP":0},{"id":193,"time":75,"name":"Sauzal110_BP2","marginal_cost":139.2574728115,"value":139.2574728115,"DemBarE":0,"DemBarP":0,"BarRetP":0},{"id":193,"time":76,"name":"Sauzal110_BP2","marginal_cost":139.2574728115,"value":139.2574728115,"DemBarE":0,"DemBarP":0,"BarRetP":0},{"id":193,"time":77,"name":"Sauzal110_BP2","marginal_cost":139.2574728115,"value":139.2574728115,"DemBarE":0,"DemBarP":0,"BarRetP":0},{"id":193,"time":78,"name":"Sauzal110_BP2","marginal_cost":139.2574728115,"value":139.2574728115,"DemBarE":0,"DemBarP":0,"BarRetP":0},{"id":193,"time":79,"name":"Sauzal110_BP2","marginal_cost":139.2574728115,"value":139.2574728115,"DemBarE":0,"DemBarP":0,"BarRetP":0},{"id":193,"time":80,"name":"Sauzal110_BP2","marginal_cost":130.8943103871,"value":130.8943103871,"DemBarE":0,"DemBarP":0,"BarRetP":0},{"id":193,"time":81,"name":"Sauzal110_BP2","marginal_cost":130.8943103871,"value":130.8943103871,"DemBarE":0,"DemBarP":0,"BarRetP":0},{"id":193,"time":82,"name":"Sauzal110_BP2","marginal_cost":99.8908900965,"value":99.8908900965,"DemBarE":0,"DemBarP":0,"BarRetP":0},{"id":193,"time":83,"name":"Sauzal110_BP2","marginal_cost":99.8908900965,"value":99.8908900965,"DemBarE":0,"DemBarP":0,"BarRetP":0},{"id":193,"time":84,"name":"Sauzal110_BP2","marginal_cost":127.6572317495,"value":127.6572317495,"DemBarE":0,"DemBarP":0,"BarRetP":0},{"id":193,"time":85,"name":"Sauzal110_BP2","marginal_cost":127.6572317495,"value":127.6572317495,"DemBarE":0,"DemBarP":0,"BarRetP":0},{"id":193,"time":86,"name":"Sauzal110_BP2","marginal_cost":138.9106824065,"value":138.9106824065,"DemBarE":0,"DemBarP":0,"BarRetP":0},{"id":193,"time":87,"name":"Sauzal110_BP2","marginal_cost":138.9106824065,"value":138.9106824065,"DemBarE":0,"DemBarP":0,"BarRetP":0},{"id":193,"time":88,"name":"Sauzal110_BP2","marginal_cost":138.9106824065,"value":138.9106824065,"DemBarE":0,"DemBarP":0,"BarRetP":0},{"id":193,"time":89,"name":"Sauzal110_BP2","marginal_cost":138.9106824065,"value":138.9106824065,"DemBarE":0,"DemBarP":0,"BarRetP":0},{"id":193,"time":90,"name":"Sauzal110_BP2","marginal_cost":138.9106824065,"value":138.9106824065,"DemBarE":0,"DemBarP":0,"BarRetP":0},{"id":193,"time":91,"name":"Sauzal110_BP2","marginal_cost":161.03540633,"value":161.03540633,"DemBarE":0,"DemBarP":0,"BarRetP":0},{"id":193,"time":92,"name":"Sauzal110_BP2","marginal_cost":161.03540633,"value":161.03540633,"DemBarE":0,"DemBarP":0,"BarRetP":0},{"id":193,"time":93,"name":"Sauzal110_BP2","marginal_cost":163.3773607382,"value":163.3773607382,"DemBarE":0,"DemBarP":0,"BarRetP":0},{"id":193,"time":94,"name":"Sauzal110_BP2","marginal_cost":160.2693754632,"value":160.2693754632,"DemBarE":0,"DemBarP":0,"BarRetP":0},{"id":193,"time":95,"name":"Sauzal110_BP2","marginal_cost":158.5072024613,"value":158.5072024613,"DemBarE":0,"DemBarP":0,"BarRetP":0},{"id":193,"time":96,"name":"Sauzal110_BP2","marginal_cost":158.9919811446,"value":158.9919811446,"DemBarE":0,"DemBarP":0,"BarRetP":0},{"id":193,"time":97,"name":"Sauzal110_BP2","marginal_cost":159.2363725571,"value":159.2363725571,"DemBarE":0,"DemBarP":0,"BarRetP":0},{"id":193,"time":98,"name":"Sauzal110_BP2","marginal_cost":153.2381869869,"value":153.2381869869,"DemBarE":0,"DemBarP":0,"BarRetP":0},{"id":193,"time":99,"name":"Sauzal110_BP2","marginal_cost":152.5361048072,"value":152.5361048072,"DemBarE":0,"DemBarP":0,"BarRetP":0},{"id":193,"time":100,"name":"Sauzal110_BP2","marginal_cost":152.3081686844,"value":152.3081686844,"DemBarE":0,"DemBarP":0,"BarRetP":0},{"id":193,"time":101,"name":"Sauzal110_BP2","marginal_cost":152.3081686844,"value":152.3081686844,"DemBarE":0,"DemBarP":0,"BarRetP":0},{"id":193,"time":102,"name":"Sauzal110_BP2","marginal_cost":152.3081686844,"value":152.3081686844,"DemBarE":0,"DemBarP":0,"BarRetP":0},{"id":193,"time":103,"name":"Sauzal110_BP2","marginal_cost":160.2024755708,"value":160.2024755708,"DemBarE":0,"DemBarP":0,"BarRetP":0},{"id":193,"time":104,"name":"Sauzal110_BP2","marginal_cost":163.6002134368,"value":163.6002134368,"DemBarE":0,"DemBarP":0,"BarRetP":0},{"id":193,"time":105,"name":"Sauzal110_BP2","marginal_cost":163.6002134368,"value":163.6002134368,"DemBarE":0,"DemBarP":0,"BarRetP":0},{"id":193,"time":106,"name":"Sauzal110_BP2","marginal_cost":159.8075410884,"value":159.8075410884,"DemBarE":0,"DemBarP":0,"BarRetP":0},{"id":193,"time":107,"name":"Sauzal110_BP2","marginal_cost":159.7566114827,"value":159.7566114827,"DemBarE":0,"DemBarP":0,"BarRetP":0},{"id":193,"time":108,"name":"Sauzal110_BP2","marginal_cost":159.9196024641,"value":159.9196024641,"DemBarE":0,"DemBarP":0,"BarRetP":0},{"id":193,"time":109,"name":"Sauzal110_BP2","marginal_cost":159.9196024641,"value":159.9196024641,"DemBarE":0,"DemBarP":0,"BarRetP":0},{"id":193,"time":110,"name":"Sauzal110_BP2","marginal_cost":160.1092926757,"value":160.1092926757,"DemBarE":0,"DemBarP":0,"BarRetP":0},{"id":193,"time":111,"name":"Sauzal110_BP2","marginal_cost":160.6258167301,"value":160.6258167301,"DemBarE":0,"DemBarP":0,"BarRetP":0},{"id":193,"time":112,"name":"Sauzal110_BP2","marginal_cost":160.6258167301,"value":160.6258167301,"DemBarE":0,"DemBarP":0,"BarRetP":0},{"id":193,"time":113,"name":"Sauzal110_BP2","marginal_cost":163.2360370286,"value":163.2360370286,"DemBarE":0,"DemBarP":0,"BarRetP":0},{"id":193,"time":114,"name":"Sauzal110_BP2","marginal_cost":163.2360370286,"value":163.2360370286,"DemBarE":0,"DemBarP":0,"BarRetP":0},{"id":193,"time":115,"name":"Sauzal110_BP2","marginal_cost":163.2360370286,"value":163.2360370286,"DemBarE":0,"DemBarP":0,"BarRetP":0},{"id":193,"time":116,"name":"Sauzal110_BP2","marginal_cost":166.7038890247,"value":166.7038890247,"DemBarE":0,"DemBarP":0,"BarRetP":0},{"id":193,"time":117,"name":"Sauzal110_BP2","marginal_cost":166.7038890247,"value":166.7038890247,"DemBarE":0,"DemBarP":0,"BarRetP":0},{"id":193,"time":118,"name":"Sauzal110_BP2","marginal_cost":166.7038890247,"value":166.7038890247,"DemBarE":0,"DemBarP":0,"BarRetP":0},{"id":193,"time":119,"name":"Sauzal110_BP2","marginal_cost":166.7200182408,"value":166.7200182408,"DemBarE":0,"DemBarP":0,"BarRetP":0},{"id":193,"time":120,"name":"Sauzal110_BP2","marginal_cost":164.203483542,"value":164.203483542,"DemBarE":0,"DemBarP":0,"BarRetP":0},{"id":193,"time":121,"name":"Sauzal110_BP2","marginal_cost":159.4510501222,"value":159.4510501222,"DemBarE":0,"DemBarP":0,"BarRetP":0},{"id":193,"time":122,"name":"Sauzal110_BP2","marginal_cost":158.8512479771,"value":158.8512479771,"DemBarE":0,"DemBarP":0,"BarRetP":0},{"id":193,"time":123,"name":"Sauzal110_BP2","marginal_cost":154.2200603256,"value":154.2200603256,"DemBarE":0,"DemBarP":0,"BarRetP":0},{"id":193,"time":124,"name":"Sauzal110_BP2","marginal_cost":154.2200603256,"value":154.2200603256,"DemBarE":0,"DemBarP":0,"BarRetP":0},{"id":193,"time":125,"name":"Sauzal110_BP2","marginal_cost":154.2200603256,"value":154.2200603256,"DemBarE":0,"DemBarP":0,"BarRetP":0},{"id":193,"time":126,"name":"Sauzal110_BP2","marginal_cost":154.2200603256,"value":154.2200603256,"DemBarE":0,"DemBarP":0,"BarRetP":0},{"id":193,"time":127,"name":"Sauzal110_BP2","marginal_cost":162.4212829928,"value":162.4212829928,"DemBarE":0,"DemBarP":0,"BarRetP":0},{"id":193,"time":128,"name":"Sauzal110_BP2","marginal_cost":169.2127614897,"value":169.2127614897,"DemBarE":0,"DemBarP":0,"BarRetP":0},{"id":193,"time":129,"name":"Sauzal110_BP2","marginal_cost":165.006004203,"value":165.006004203,"DemBarE":0,"DemBarP":0,"BarRetP":0},{"id":193,"time":130,"name":"Sauzal110_BP2","marginal_cost":167.9218497803,"value":167.9218497803,"DemBarE":0,"DemBarP":0,"BarRetP":0},{"id":193,"time":131,"name":"Sauzal110_BP2","marginal_cost":167.3227158161,"value":167.3227158161,"DemBarE":0,"DemBarP":0,"BarRetP":0},{"id":193,"time":132,"name":"Sauzal110_BP2","marginal_cost":168.6715773138,"value":168.6715773138,"DemBarE":0,"DemBarP":0,"BarRetP":0},{"id":193,"time":133,"name":"Sauzal110_BP2","marginal_cost":167.6287824581,"value":167.6287824581,"DemBarE":0,"DemBarP":0,"BarRetP":0},{"id":193,"time":134,"name":"Sauzal110_BP2","marginal_cost":167.6287824581,"value":167.6287824581,"DemBarE":0,"DemBarP":0,"BarRetP":0},{"id":193,"time":135,"name":"Sauzal110_BP2","marginal_cost":167.6287824581,"value":167.6287824581,"DemBarE":0,"DemBarP":0,"BarRetP":0},{"id":193,"time":136,"name":"Sauzal110_BP2","marginal_cost":167.6287824581,"value":167.6287824581,"DemBarE":0,"DemBarP":0,"BarRetP":0},{"id":193,"time":137,"name":"Sauzal110_BP2","marginal_cost":167.7953082303,"value":167.7953082303,"DemBarE":0,"DemBarP":0,"BarRetP":0},{"id":193,"time":138,"name":"Sauzal110_BP2","marginal_cost":167.7953082303,"value":167.7953082303,"DemBarE":0,"DemBarP":0,"BarRetP":0},{"id":193,"time":139,"name":"Sauzal110_BP2","marginal_cost":167.7953082303,"value":167.7953082303,"DemBarE":0,"DemBarP":0,"BarRetP":0},{"id":193,"time":140,"name":"Sauzal110_BP2","marginal_cost":167.7953082303,"value":167.7953082303,"DemBarE":0,"DemBarP":0,"BarRetP":0},{"id":193,"time":141,"name":"Sauzal110_BP2","marginal_cost":167.7953082303,"value":167.7953082303,"DemBarE":0,"DemBarP":0,"BarRetP":0},{"id":193,"time":142,"name":"Sauzal110_BP2","marginal_cost":167.7953082303,"value":167.7953082303,"DemBarE":0,"DemBarP":0,"BarRetP":0},{"id":193,"time":143,"name":"Sauzal110_BP2","marginal_cost":166.5146834832,"value":166.5146834832,"DemBarE":0,"DemBarP":0,"BarRetP":0},{"id":193,"time":144,"name":"Sauzal110_BP2","marginal_cost":167.8410427868,"value":167.8410427868,"DemBarE":0,"DemBarP":0,"BarRetP":0},{"id":193,"time":145,"name":"Sauzal110_BP2","marginal_cost":164.9696402449,"value":164.9696402449,"DemBarE":0,"DemBarP":0,"BarRetP":0},{"id":193,"time":146,"name":"Sauzal110_BP2","marginal_cost":163.5106289321,"value":163.5106289321,"DemBarE":0,"DemBarP":0,"BarRetP":0},{"id":193,"time":147,"name":"Sauzal110_BP2","marginal_cost":160.3657427256,"value":160.3657427256,"DemBarE":0,"DemBarP":0,"BarRetP":0},{"id":193,"time":148,"name":"Sauzal110_BP2","marginal_cost":160.3657427256,"value":160.3657427256,"DemBarE":0,"DemBarP":0,"BarRetP":0},{"id":193,"time":149,"name":"Sauzal110_BP2","marginal_cost":160.3657427256,"value":160.3657427256,"DemBarE":0,"DemBarP":0,"BarRetP":0},{"id":193,"time":150,"name":"Sauzal110_BP2","marginal_cost":160.3657427256,"value":160.3657427256,"DemBarE":0,"DemBarP":0,"BarRetP":0},{"id":193,"time":151,"name":"Sauzal110_BP2","marginal_cost":165.3471758875,"value":165.3471758875,"DemBarE":0,"DemBarP":0,"BarRetP":0},{"id":193,"time":152,"name":"Sauzal110_BP2","marginal_cost":168.0356731497,"value":168.0356731497,"DemBarE":0,"DemBarP":0,"BarRetP":0},{"id":193,"time":153,"name":"Sauzal110_BP2","marginal_cost":168.0356731497,"value":168.0356731497,"DemBarE":0,"DemBarP":0,"BarRetP":0},{"id":193,"time":154,"name":"Sauzal110_BP2","marginal_cost":166.3425504096,"value":166.3425504096,"DemBarE":0,"DemBarP":0,"BarRetP":0},{"id":193,"time":155,"name":"Sauzal110_BP2","marginal_cost":166.3425504096,"value":166.3425504096,"DemBarE":0,"DemBarP":0,"BarRetP":0},{"id":193,"time":156,"name":"Sauzal110_BP2","marginal_cost":167.0815418698,"value":167.0815418698,"DemBarE":0,"DemBarP":0,"BarRetP":0},{"id":193,"time":157,"name":"Sauzal110_BP2","marginal_cost":166.6234058441,"value":166.6234058441,"DemBarE":0,"DemBarP":0,"BarRetP":0},{"id":193,"time":158,"name":"Sauzal110_BP2","marginal_cost":166.6234058441,"value":166.6234058441,"DemBarE":0,"DemBarP":0,"BarRetP":0},{"id":193,"time":159,"name":"Sauzal110_BP2","marginal_cost":166.6234058441,"value":166.6234058441,"DemBarE":0,"DemBarP":0,"BarRetP":0},{"id":193,"time":160,"name":"Sauzal110_BP2","marginal_cost":166.3454284269,"value":166.3454284269,"DemBarE":0,"DemBarP":0,"BarRetP":0},{"id":193,"time":161,"name":"Sauzal110_BP2","marginal_cost":166.3454284269,"value":166.3454284269,"DemBarE":0,"DemBarP":0,"BarRetP":0},{"id":193,"time":162,"name":"Sauzal110_BP2","marginal_cost":166.1045558191,"value":166.1045558191,"DemBarE":0,"DemBarP":0,"BarRetP":0},{"id":193,"time":163,"name":"Sauzal110_BP2","marginal_cost":169.5076266876,"value":169.5076266876,"DemBarE":0,"DemBarP":0,"BarRetP":0},{"id":193,"time":164,"name":"Sauzal110_BP2","marginal_cost":169.5076266876,"value":169.5076266876,"DemBarE":0,"DemBarP":0,"BarRetP":0},{"id":193,"time":165,"name":"Sauzal110_BP2","marginal_cost":169.5076266876,"value":169.5076266876,"DemBarE":0,"DemBarP":0,"BarRetP":0},{"id":193,"time":166,"name":"Sauzal110_BP2","marginal_cost":169.5076266876,"value":169.5076266876,"DemBarE":0,"DemBarP":0,"BarRetP":0},{"id":193,"time":167,"name":"Sauzal110_BP2","marginal_cost":168.3195516444,"value":168.3195516444,"DemBarE":0,"DemBarP":0,"BarRetP":0},{"id":193,"time":168,"name":"Sauzal110_BP2","marginal_cost":168.9692428868,"value":168.9692428868,"DemBarE":0,"DemBarP":0,"BarRetP":0}]