[{"id":160,"time":1,"name":"Ochagavia110","marginal_cost":161.9610179273,"value":161.9610179273,"DemBarE":0,"DemBarP":0,"BarRetP":0},{"id":160,"time":2,"name":"Ochagavia110","marginal_cost":161.9597839841,"value":161.9597839841,"DemBarE":0,"DemBarP":0,"BarRetP":0},{"id":160,"time":3,"name":"Ochagavia110","marginal_cost":160.4617734592,"value":160.4617734592,"DemBarE":0,"DemBarP":0,"BarRetP":0},{"id":160,"time":4,"name":"Ochagavia110","marginal_cost":159.304015854,"value":159.304015854,"DemBarE":0,"DemBarP":0,"BarRetP":0},{"id":160,"time":5,"name":"Ochagavia110","marginal_cost":141.1859507429,"value":141.1859507429,"DemBarE":0,"DemBarP":0,"BarRetP":0},{"id":160,"time":6,"name":"Ochagavia110","marginal_cost":123.4946987527,"value":123.4946987527,"DemBarE":0,"DemBarP":0,"BarRetP":0},{"id":160,"time":7,"name":"Ochagavia110","marginal_cost":169.0099277507,"value":169.0099277507,"DemBarE":0,"DemBarP":0,"BarRetP":0},{"id":160,"time":8,"name":"Ochagavia110","marginal_cost":173.1285518356,"value":173.1285518356,"DemBarE":0,"DemBarP":0,"BarRetP":0},{"id":160,"time":9,"name":"Ochagavia110","marginal_cost":163.1635321422,"value":163.1635321422,"DemBarE":0,"DemBarP":0,"BarRetP":0},{"id":160,"time":10,"name":"Ochagavia110","marginal_cost":162.4155839873,"value":162.4155839873,"DemBarE":0,"DemBarP":0,"BarRetP":0},{"id":160,"time":11,"name":"Ochagavia110","marginal_cost":162.7180951464,"value":162.7180951464,"DemBarE":0,"DemBarP":0,"BarRetP":0},{"id":160,"time":12,"name":"Ochagavia110","marginal_cost":163.4117838568,"value":163.4117838568,"DemBarE":0,"DemBarP":0,"BarRetP":0},{"id":160,"time":13,"name":"Ochagavia110","marginal_cost":162.9267670804,"value":162.9267670804,"DemBarE":0,"DemBarP":0,"BarRetP":0},{"id":160,"time":14,"name":"Ochagavia110","marginal_cost":162.6018881531,"value":162.6018881531,"DemBarE":0,"DemBarP":0,"BarRetP":0},{"id":160,"time":15,"name":"Ochagavia110","marginal_cost":163.1291461102,"value":163.1291461102,"DemBarE":0,"DemBarP":0,"BarRetP":0},{"id":160,"time":16,"name":"Ochagavia110","marginal_cost":162.6387851031,"value":162.6387851031,"DemBarE":0,"DemBarP":0,"BarRetP":0},{"id":160,"time":17,"name":"Ochagavia110","marginal_cost":162.7312402792,"value":162.7312402792,"DemBarE":0,"DemBarP":0,"BarRetP":0},{"id":160,"time":18,"name":"Ochagavia110","marginal_cost":164.059764728,"value":164.059764728,"DemBarE":0,"DemBarP":0,"BarRetP":0},{"id":160,"time":19,"name":"Ochagavia110","marginal_cost":184.2664429285,"value":184.2664429285,"DemBarE":0,"DemBarP":0,"BarRetP":0},{"id":160,"time":20,"name":"Ochagavia110","marginal_cost":186.2977995435,"value":186.2977995435,"DemBarE":0,"DemBarP":0,"BarRetP":0},{"id":160,"time":21,"name":"Ochagavia110","marginal_cost":176.7295263603,"value":176.7295263603,"DemBarE":0,"DemBarP":0,"BarRetP":0},{"id":160,"time":22,"name":"Ochagavia110","marginal_cost":174.9133714977,"value":174.9133714977,"DemBarE":0,"DemBarP":0,"BarRetP":0},{"id":160,"time":23,"name":"Ochagavia110","marginal_cost":172.0749307887,"value":172.0749307887,"DemBarE":0,"DemBarP":0,"BarRetP":0},{"id":160,"time":24,"name":"Ochagavia110","marginal_cost":171.1534587459,"value":171.1534587459,"DemBarE":0,"DemBarP":0,"BarRetP":0},{"id":160,"time":25,"name":"Ochagavia110","marginal_cost":160.8879660963,"value":160.8879660963,"DemBarE":0,"DemBarP":0,"BarRetP":0},{"id":160,"time":26,"name":"Ochagavia110","marginal_cost":160.5858286627,"value":160.5858286627,"DemBarE":0,"DemBarP":0,"BarRetP":0},{"id":160,"time":27,"name":"Ochagavia110","marginal_cost":160.1511779789,"value":160.1511779789,"DemBarE":0,"DemBarP":0,"BarRetP":0},{"id":160,"time":28,"name":"Ochagavia110","marginal_cost":159.972502398,"value":159.972502398,"DemBarE":0,"DemBarP":0,"BarRetP":0},{"id":160,"time":29,"name":"Ochagavia110","marginal_cost":158.9353362828,"value":158.9353362828,"DemBarE":0,"DemBarP":0,"BarRetP":0},{"id":160,"time":30,"name":"Ochagavia110","marginal_cost":160.5463274247,"value":160.5463274247,"DemBarE":0,"DemBarP":0,"BarRetP":0},{"id":160,"time":31,"name":"Ochagavia110","marginal_cost":167.3312517331,"value":167.3312517331,"DemBarE":0,"DemBarP":0,"BarRetP":0},{"id":160,"time":32,"name":"Ochagavia110","marginal_cost":174.0714623861,"value":174.0714623861,"DemBarE":0,"DemBarP":0,"BarRetP":0},{"id":160,"time":33,"name":"Ochagavia110","marginal_cost":162.5726126336,"value":162.5726126336,"DemBarE":0,"DemBarP":0,"BarRetP":0},{"id":160,"time":34,"name":"Ochagavia110","marginal_cost":163.1845295503,"value":163.1845295503,"DemBarE":0,"DemBarP":0,"BarRetP":0},{"id":160,"time":35,"name":"Ochagavia110","marginal_cost":163.5371541003,"value":163.5371541003,"DemBarE":0,"DemBarP":0,"BarRetP":0},{"id":160,"time":36,"name":"Ochagavia110","marginal_cost":163.7028974029,"value":163.7028974029,"DemBarE":0,"DemBarP":0,"BarRetP":0},{"id":160,"time":37,"name":"Ochagavia110","marginal_cost":163.3418233997,"value":163.3418233997,"DemBarE":0,"DemBarP":0,"BarRetP":0},{"id":160,"time":38,"name":"Ochagavia110","marginal_cost":163.3418233997,"value":163.3418233997,"DemBarE":0,"DemBarP":0,"BarRetP":0},{"id":160,"time":39,"name":"Ochagavia110","marginal_cost":163.3418233997,"value":163.3418233997,"DemBarE":0,"DemBarP":0,"BarRetP":0},{"id":160,"time":40,"name":"Ochagavia110","marginal_cost":163.3418233997,"value":163.3418233997,"DemBarE":0,"DemBarP":0,"BarRetP":0},{"id":160,"time":41,"name":"Ochagavia110","marginal_cost":162.8380933571,"value":162.8380933571,"DemBarE":0,"DemBarP":0,"BarRetP":0},{"id":160,"time":42,"name":"Ochagavia110","marginal_cost":162.1077274633,"value":162.1077274633,"DemBarE":0,"DemBarP":0,"BarRetP":0},{"id":160,"time":43,"name":"Ochagavia110","marginal_cost":167.5598453619,"value":167.5598453619,"DemBarE":0,"DemBarP":0,"BarRetP":0},{"id":160,"time":44,"name":"Ochagavia110","marginal_cost":167.5598453619,"value":167.5598453619,"DemBarE":0,"DemBarP":0,"BarRetP":0},{"id":160,"time":45,"name":"Ochagavia110","marginal_cost":167.7788160442,"value":167.7788160442,"DemBarE":0,"DemBarP":0,"BarRetP":0},{"id":160,"time":46,"name":"Ochagavia110","marginal_cost":166.2472611697,"value":166.2472611697,"DemBarE":0,"DemBarP":0,"BarRetP":0},{"id":160,"time":47,"name":"Ochagavia110","marginal_cost":163.301128288,"value":163.301128288,"DemBarE":0,"DemBarP":0,"BarRetP":0},{"id":160,"time":48,"name":"Ochagavia110","marginal_cost":161.2534933183,"value":161.2534933183,"DemBarE":0,"DemBarP":0,"BarRetP":0},{"id":160,"time":49,"name":"Ochagavia110","marginal_cost":152.6856311252,"value":152.6856311252,"DemBarE":0,"DemBarP":0,"BarRetP":0},{"id":160,"time":50,"name":"Ochagavia110","marginal_cost":155.2847087402,"value":155.2847087402,"DemBarE":0,"DemBarP":0,"BarRetP":0},{"id":160,"time":51,"name":"Ochagavia110","marginal_cost":155.7794500863,"value":155.7794500863,"DemBarE":0,"DemBarP":0,"BarRetP":0},{"id":160,"time":52,"name":"Ochagavia110","marginal_cost":137.6267772269,"value":137.6267772269,"DemBarE":0,"DemBarP":0,"BarRetP":0},{"id":160,"time":53,"name":"Ochagavia110","marginal_cost":137.6267772269,"value":137.6267772269,"DemBarE":0,"DemBarP":0,"BarRetP":0},{"id":160,"time":54,"name":"Ochagavia110","marginal_cost":137.6847244074,"value":137.6847244074,"DemBarE":0,"DemBarP":0,"BarRetP":0},{"id":160,"time":55,"name":"Ochagavia110","marginal_cost":138.5741781814,"value":138.5741781814,"DemBarE":0,"DemBarP":0,"BarRetP":0},{"id":160,"time":56,"name":"Ochagavia110","marginal_cost":138.8385784202,"value":138.8385784202,"DemBarE":0,"DemBarP":0,"BarRetP":0},{"id":160,"time":57,"name":"Ochagavia110","marginal_cost":126.1222512039,"value":126.1222512039,"DemBarE":0,"DemBarP":0,"BarRetP":0},{"id":160,"time":58,"name":"Ochagavia110","marginal_cost":140.1330521939,"value":140.1330521939,"DemBarE":0,"DemBarP":0,"BarRetP":0},{"id":160,"time":59,"name":"Ochagavia110","marginal_cost":109.6653864145,"value":109.6653864145,"DemBarE":0,"DemBarP":0,"BarRetP":0},{"id":160,"time":60,"name":"Ochagavia110","marginal_cost":139.3005450884,"value":139.3005450884,"DemBarE":0,"DemBarP":0,"BarRetP":0},{"id":160,"time":61,"name":"Ochagavia110","marginal_cost":138.9069736173,"value":138.9069736173,"DemBarE":0,"DemBarP":0,"BarRetP":0},{"id":160,"time":62,"name":"Ochagavia110","marginal_cost":138.9069736173,"value":138.9069736173,"DemBarE":0,"DemBarP":0,"BarRetP":0},{"id":160,"time":63,"name":"Ochagavia110","marginal_cost":122.1120012623,"value":122.1120012623,"DemBarE":0,"DemBarP":0,"BarRetP":0},{"id":160,"time":64,"name":"Ochagavia110","marginal_cost":139.7043745264,"value":139.7043745264,"DemBarE":0,"DemBarP":0,"BarRetP":0},{"id":160,"time":65,"name":"Ochagavia110","marginal_cost":139.6874884044,"value":139.6874884044,"DemBarE":0,"DemBarP":0,"BarRetP":0},{"id":160,"time":66,"name":"Ochagavia110","marginal_cost":139.6874884044,"value":139.6874884044,"DemBarE":0,"DemBarP":0,"BarRetP":0},{"id":160,"time":67,"name":"Ochagavia110","marginal_cost":173.4320481361,"value":173.4320481361,"DemBarE":0,"DemBarP":0,"BarRetP":0},{"id":160,"time":68,"name":"Ochagavia110","marginal_cost":167.3900190312,"value":167.3900190312,"DemBarE":0,"DemBarP":0,"BarRetP":0},{"id":160,"time":69,"name":"Ochagavia110","marginal_cost":167.3900190312,"value":167.3900190312,"DemBarE":0,"DemBarP":0,"BarRetP":0},{"id":160,"time":70,"name":"Ochagavia110","marginal_cost":166.9877331005,"value":166.9877331005,"DemBarE":0,"DemBarP":0,"BarRetP":0},{"id":160,"time":71,"name":"Ochagavia110","marginal_cost":159.0928092338,"value":159.0928092338,"DemBarE":0,"DemBarP":0,"BarRetP":0},{"id":160,"time":72,"name":"Ochagavia110","marginal_cost":157.6173275186,"value":157.6173275186,"DemBarE":0,"DemBarP":0,"BarRetP":0},{"id":160,"time":73,"name":"Ochagavia110","marginal_cost":157.0461230261,"value":157.0461230261,"DemBarE":0,"DemBarP":0,"BarRetP":0},{"id":160,"time":74,"name":"Ochagavia110","marginal_cost":154.195582824,"value":154.195582824,"DemBarE":0,"DemBarP":0,"BarRetP":0},{"id":160,"time":75,"name":"Ochagavia110","marginal_cost":139.0213772233,"value":139.0213772233,"DemBarE":0,"DemBarP":0,"BarRetP":0},{"id":160,"time":76,"name":"Ochagavia110","marginal_cost":139.0213772233,"value":139.0213772233,"DemBarE":0,"DemBarP":0,"BarRetP":0},{"id":160,"time":77,"name":"Ochagavia110","marginal_cost":139.0213772233,"value":139.0213772233,"DemBarE":0,"DemBarP":0,"BarRetP":0},{"id":160,"time":78,"name":"Ochagavia110","marginal_cost":139.0213772233,"value":139.0213772233,"DemBarE":0,"DemBarP":0,"BarRetP":0},{"id":160,"time":79,"name":"Ochagavia110","marginal_cost":139.0213772233,"value":139.0213772233,"DemBarE":0,"DemBarP":0,"BarRetP":0},{"id":160,"time":80,"name":"Ochagavia110","marginal_cost":129.3968802928,"value":129.3968802928,"DemBarE":0,"DemBarP":0,"BarRetP":0},{"id":160,"time":81,"name":"Ochagavia110","marginal_cost":129.3968802928,"value":129.3968802928,"DemBarE":0,"DemBarP":0,"BarRetP":0},{"id":160,"time":82,"name":"Ochagavia110","marginal_cost":99.4925266025,"value":99.4925266025,"DemBarE":0,"DemBarP":0,"BarRetP":0},{"id":160,"time":83,"name":"Ochagavia110","marginal_cost":99.4925266025,"value":99.4925266025,"DemBarE":0,"DemBarP":0,"BarRetP":0},{"id":160,"time":84,"name":"Ochagavia110","marginal_cost":127.2582860788,"value":127.2582860788,"DemBarE":0,"DemBarP":0,"BarRetP":0},{"id":160,"time":85,"name":"Ochagavia110","marginal_cost":127.2582860788,"value":127.2582860788,"DemBarE":0,"DemBarP":0,"BarRetP":0},{"id":160,"time":86,"name":"Ochagavia110","marginal_cost":139.0750676478,"value":139.0750676478,"DemBarE":0,"DemBarP":0,"BarRetP":0},{"id":160,"time":87,"name":"Ochagavia110","marginal_cost":139.0750676478,"value":139.0750676478,"DemBarE":0,"DemBarP":0,"BarRetP":0},{"id":160,"time":88,"name":"Ochagavia110","marginal_cost":139.0750676478,"value":139.0750676478,"DemBarE":0,"DemBarP":0,"BarRetP":0},{"id":160,"time":89,"name":"Ochagavia110","marginal_cost":139.0750676478,"value":139.0750676478,"DemBarE":0,"DemBarP":0,"BarRetP":0},{"id":160,"time":90,"name":"Ochagavia110","marginal_cost":139.0750676478,"value":139.0750676478,"DemBarE":0,"DemBarP":0,"BarRetP":0},{"id":160,"time":91,"name":"Ochagavia110","marginal_cost":161.8807438189,"value":161.8807438189,"DemBarE":0,"DemBarP":0,"BarRetP":0},{"id":160,"time":92,"name":"Ochagavia110","marginal_cost":161.8807438189,"value":161.8807438189,"DemBarE":0,"DemBarP":0,"BarRetP":0},{"id":160,"time":93,"name":"Ochagavia110","marginal_cost":164.6903767996,"value":164.6903767996,"DemBarE":0,"DemBarP":0,"BarRetP":0},{"id":160,"time":94,"name":"Ochagavia110","marginal_cost":161.4528012249,"value":161.4528012249,"DemBarE":0,"DemBarP":0,"BarRetP":0},{"id":160,"time":95,"name":"Ochagavia110","marginal_cost":159.3916467055,"value":159.3916467055,"DemBarE":0,"DemBarP":0,"BarRetP":0},{"id":160,"time":96,"name":"Ochagavia110","marginal_cost":159.0835635876,"value":159.0835635876,"DemBarE":0,"DemBarP":0,"BarRetP":0},{"id":160,"time":97,"name":"Ochagavia110","marginal_cost":158.7617319718,"value":158.7617319718,"DemBarE":0,"DemBarP":0,"BarRetP":0},{"id":160,"time":98,"name":"Ochagavia110","marginal_cost":152.7417454241,"value":152.7417454241,"DemBarE":0,"DemBarP":0,"BarRetP":0},{"id":160,"time":99,"name":"Ochagavia110","marginal_cost":151.9738893304,"value":151.9738893304,"DemBarE":0,"DemBarP":0,"BarRetP":0},{"id":160,"time":100,"name":"Ochagavia110","marginal_cost":152.077269619,"value":152.077269619,"DemBarE":0,"DemBarP":0,"BarRetP":0},{"id":160,"time":101,"name":"Ochagavia110","marginal_cost":152.077269619,"value":152.077269619,"DemBarE":0,"DemBarP":0,"BarRetP":0},{"id":160,"time":102,"name":"Ochagavia110","marginal_cost":152.077269619,"value":152.077269619,"DemBarE":0,"DemBarP":0,"BarRetP":0},{"id":160,"time":103,"name":"Ochagavia110","marginal_cost":160.5246265711,"value":160.5246265711,"DemBarE":0,"DemBarP":0,"BarRetP":0},{"id":160,"time":104,"name":"Ochagavia110","marginal_cost":161.6399527271,"value":161.6399527271,"DemBarE":0,"DemBarP":0,"BarRetP":0},{"id":160,"time":105,"name":"Ochagavia110","marginal_cost":161.6399527271,"value":161.6399527271,"DemBarE":0,"DemBarP":0,"BarRetP":0},{"id":160,"time":106,"name":"Ochagavia110","marginal_cost":159.2839935917,"value":159.2839935917,"DemBarE":0,"DemBarP":0,"BarRetP":0},{"id":160,"time":107,"name":"Ochagavia110","marginal_cost":159.5842592227,"value":159.5842592227,"DemBarE":0,"DemBarP":0,"BarRetP":0},{"id":160,"time":108,"name":"Ochagavia110","marginal_cost":160.3766175585,"value":160.3766175585,"DemBarE":0,"DemBarP":0,"BarRetP":0},{"id":160,"time":109,"name":"Ochagavia110","marginal_cost":160.3766175585,"value":160.3766175585,"DemBarE":0,"DemBarP":0,"BarRetP":0},{"id":160,"time":110,"name":"Ochagavia110","marginal_cost":160.9451334039,"value":160.9451334039,"DemBarE":0,"DemBarP":0,"BarRetP":0},{"id":160,"time":111,"name":"Ochagavia110","marginal_cost":161.0174983118,"value":161.0174983118,"DemBarE":0,"DemBarP":0,"BarRetP":0},{"id":160,"time":112,"name":"Ochagavia110","marginal_cost":161.0174983118,"value":161.0174983118,"DemBarE":0,"DemBarP":0,"BarRetP":0},{"id":160,"time":113,"name":"Ochagavia110","marginal_cost":163.6118598176,"value":163.6118598176,"DemBarE":0,"DemBarP":0,"BarRetP":0},{"id":160,"time":114,"name":"Ochagavia110","marginal_cost":163.6118598176,"value":163.6118598176,"DemBarE":0,"DemBarP":0,"BarRetP":0},{"id":160,"time":115,"name":"Ochagavia110","marginal_cost":163.6118598176,"value":163.6118598176,"DemBarE":0,"DemBarP":0,"BarRetP":0},{"id":160,"time":116,"name":"Ochagavia110","marginal_cost":167.5368950927,"value":167.5368950927,"DemBarE":0,"DemBarP":0,"BarRetP":0},{"id":160,"time":117,"name":"Ochagavia110","marginal_cost":167.5368950927,"value":167.5368950927,"DemBarE":0,"DemBarP":0,"BarRetP":0},{"id":160,"time":118,"name":"Ochagavia110","marginal_cost":167.5368950927,"value":167.5368950927,"DemBarE":0,"DemBarP":0,"BarRetP":0},{"id":160,"time":119,"name":"Ochagavia110","marginal_cost":167.0871442752,"value":167.0871442752,"DemBarE":0,"DemBarP":0,"BarRetP":0},{"id":160,"time":120,"name":"Ochagavia110","marginal_cost":163.9461699789,"value":163.9461699789,"DemBarE":0,"DemBarP":0,"BarRetP":0},{"id":160,"time":121,"name":"Ochagavia110","marginal_cost":159.1097572572,"value":159.1097572572,"DemBarE":0,"DemBarP":0,"BarRetP":0},{"id":160,"time":122,"name":"Ochagavia110","marginal_cost":158.6115208703,"value":158.6115208703,"DemBarE":0,"DemBarP":0,"BarRetP":0},{"id":160,"time":123,"name":"Ochagavia110","marginal_cost":153.7391507515,"value":153.7391507515,"DemBarE":0,"DemBarP":0,"BarRetP":0},{"id":160,"time":124,"name":"Ochagavia110","marginal_cost":153.7391507515,"value":153.7391507515,"DemBarE":0,"DemBarP":0,"BarRetP":0},{"id":160,"time":125,"name":"Ochagavia110","marginal_cost":153.7391507515,"value":153.7391507515,"DemBarE":0,"DemBarP":0,"BarRetP":0},{"id":160,"time":126,"name":"Ochagavia110","marginal_cost":153.7391507515,"value":153.7391507515,"DemBarE":0,"DemBarP":0,"BarRetP":0},{"id":160,"time":127,"name":"Ochagavia110","marginal_cost":161.6741459569,"value":161.6741459569,"DemBarE":0,"DemBarP":0,"BarRetP":0},{"id":160,"time":128,"name":"Ochagavia110","marginal_cost":167.4051335544,"value":167.4051335544,"DemBarE":0,"DemBarP":0,"BarRetP":0},{"id":160,"time":129,"name":"Ochagavia110","marginal_cost":163.2192547354,"value":163.2192547354,"DemBarE":0,"DemBarP":0,"BarRetP":0},{"id":160,"time":130,"name":"Ochagavia110","marginal_cost":166.5252492645,"value":166.5252492645,"DemBarE":0,"DemBarP":0,"BarRetP":0},{"id":160,"time":131,"name":"Ochagavia110","marginal_cost":166.0059430793,"value":166.0059430793,"DemBarE":0,"DemBarP":0,"BarRetP":0},{"id":160,"time":132,"name":"Ochagavia110","marginal_cost":167.8614200516,"value":167.8614200516,"DemBarE":0,"DemBarP":0,"BarRetP":0},{"id":160,"time":133,"name":"Ochagavia110","marginal_cost":167.424875011,"value":167.424875011,"DemBarE":0,"DemBarP":0,"BarRetP":0},{"id":160,"time":134,"name":"Ochagavia110","marginal_cost":167.424875011,"value":167.424875011,"DemBarE":0,"DemBarP":0,"BarRetP":0},{"id":160,"time":135,"name":"Ochagavia110","marginal_cost":167.424875011,"value":167.424875011,"DemBarE":0,"DemBarP":0,"BarRetP":0},{"id":160,"time":136,"name":"Ochagavia110","marginal_cost":167.424875011,"value":167.424875011,"DemBarE":0,"DemBarP":0,"BarRetP":0},{"id":160,"time":137,"name":"Ochagavia110","marginal_cost":168.7107544613,"value":168.7107544613,"DemBarE":0,"DemBarP":0,"BarRetP":0},{"id":160,"time":138,"name":"Ochagavia110","marginal_cost":168.7107544613,"value":168.7107544613,"DemBarE":0,"DemBarP":0,"BarRetP":0},{"id":160,"time":139,"name":"Ochagavia110","marginal_cost":168.7107544613,"value":168.7107544613,"DemBarE":0,"DemBarP":0,"BarRetP":0},{"id":160,"time":140,"name":"Ochagavia110","marginal_cost":168.7107544613,"value":168.7107544613,"DemBarE":0,"DemBarP":0,"BarRetP":0},{"id":160,"time":141,"name":"Ochagavia110","marginal_cost":168.7107544613,"value":168.7107544613,"DemBarE":0,"DemBarP":0,"BarRetP":0},{"id":160,"time":142,"name":"Ochagavia110","marginal_cost":168.7107544613,"value":168.7107544613,"DemBarE":0,"DemBarP":0,"BarRetP":0},{"id":160,"time":143,"name":"Ochagavia110","marginal_cost":167.3792915759,"value":167.3792915759,"DemBarE":0,"DemBarP":0,"BarRetP":0},{"id":160,"time":144,"name":"Ochagavia110","marginal_cost":167.3131293255,"value":167.3131293255,"DemBarE":0,"DemBarP":0,"BarRetP":0},{"id":160,"time":145,"name":"Ochagavia110","marginal_cost":164.2425483018,"value":164.2425483018,"DemBarE":0,"DemBarP":0,"BarRetP":0},{"id":160,"time":146,"name":"Ochagavia110","marginal_cost":162.9102291991,"value":162.9102291991,"DemBarE":0,"DemBarP":0,"BarRetP":0},{"id":160,"time":147,"name":"Ochagavia110","marginal_cost":159.744718195,"value":159.744718195,"DemBarE":0,"DemBarP":0,"BarRetP":0},{"id":160,"time":148,"name":"Ochagavia110","marginal_cost":159.744718195,"value":159.744718195,"DemBarE":0,"DemBarP":0,"BarRetP":0},{"id":160,"time":149,"name":"Ochagavia110","marginal_cost":159.744718195,"value":159.744718195,"DemBarE":0,"DemBarP":0,"BarRetP":0},{"id":160,"time":150,"name":"Ochagavia110","marginal_cost":159.744718195,"value":159.744718195,"DemBarE":0,"DemBarP":0,"BarRetP":0},{"id":160,"time":151,"name":"Ochagavia110","marginal_cost":164.4770276922,"value":164.4770276922,"DemBarE":0,"DemBarP":0,"BarRetP":0},{"id":160,"time":152,"name":"Ochagavia110","marginal_cost":165.9010816186,"value":165.9010816186,"DemBarE":0,"DemBarP":0,"BarRetP":0},{"id":160,"time":153,"name":"Ochagavia110","marginal_cost":165.9010816186,"value":165.9010816186,"DemBarE":0,"DemBarP":0,"BarRetP":0},{"id":160,"time":154,"name":"Ochagavia110","marginal_cost":165.3845460321,"value":165.3845460321,"DemBarE":0,"DemBarP":0,"BarRetP":0},{"id":160,"time":155,"name":"Ochagavia110","marginal_cost":165.3845460321,"value":165.3845460321,"DemBarE":0,"DemBarP":0,"BarRetP":0},{"id":160,"time":156,"name":"Ochagavia110","marginal_cost":166.5838699797,"value":166.5838699797,"DemBarE":0,"DemBarP":0,"BarRetP":0},{"id":160,"time":157,"name":"Ochagavia110","marginal_cost":167.034240115,"value":167.034240115,"DemBarE":0,"DemBarP":0,"BarRetP":0},{"id":160,"time":158,"name":"Ochagavia110","marginal_cost":167.034240115,"value":167.034240115,"DemBarE":0,"DemBarP":0,"BarRetP":0},{"id":160,"time":159,"name":"Ochagavia110","marginal_cost":167.034240115,"value":167.034240115,"DemBarE":0,"DemBarP":0,"BarRetP":0},{"id":160,"time":160,"name":"Ochagavia110","marginal_cost":166.7067361784,"value":166.7067361784,"DemBarE":0,"DemBarP":0,"BarRetP":0},{"id":160,"time":161,"name":"Ochagavia110","marginal_cost":166.7067361784,"value":166.7067361784,"DemBarE":0,"DemBarP":0,"BarRetP":0},{"id":160,"time":162,"name":"Ochagavia110","marginal_cost":167.6233138895,"value":167.6233138895,"DemBarE":0,"DemBarP":0,"BarRetP":0},{"id":160,"time":163,"name":"Ochagavia110","marginal_cost":170.373840698,"value":170.373840698,"DemBarE":0,"DemBarP":0,"BarRetP":0},{"id":160,"time":164,"name":"Ochagavia110","marginal_cost":170.373840698,"value":170.373840698,"DemBarE":0,"DemBarP":0,"BarRetP":0},{"id":160,"time":165,"name":"Ochagavia110","marginal_cost":170.373840698,"value":170.373840698,"DemBarE":0,"DemBarP":0,"BarRetP":0},{"id":160,"time":166,"name":"Ochagavia110","marginal_cost":170.373840698,"value":170.373840698,"DemBarE":0,"DemBarP":0,"BarRetP":0},{"id":160,"time":167,"name":"Ochagavia110","marginal_cost":168.570973816,"value":168.570973816,"DemBarE":0,"DemBarP":0,"BarRetP":0},{"id":160,"time":168,"name":"Ochagavia110","marginal_cost":167.8363444899,"value":167.8363444899,"DemBarE":0,"DemBarP":0,"BarRetP":0}]