[{"id":152,"time":1,"name":"LVegas110_exp","marginal_cost":160.5137836095,"value":160.5137836095,"DemBarE":0,"DemBarP":0,"BarRetP":0},{"id":152,"time":2,"name":"LVegas110_exp","marginal_cost":160.6598358072,"value":160.6598358072,"DemBarE":0,"DemBarP":0,"BarRetP":0},{"id":152,"time":3,"name":"LVegas110_exp","marginal_cost":159.2717846461,"value":159.2717846461,"DemBarE":0,"DemBarP":0,"BarRetP":0},{"id":152,"time":4,"name":"LVegas110_exp","marginal_cost":158.1938411602,"value":158.1938411602,"DemBarE":0,"DemBarP":0,"BarRetP":0},{"id":152,"time":5,"name":"LVegas110_exp","marginal_cost":140.2155445828,"value":140.2155445828,"DemBarE":0,"DemBarP":0,"BarRetP":0},{"id":152,"time":6,"name":"LVegas110_exp","marginal_cost":122.6389362718,"value":122.6389362718,"DemBarE":0,"DemBarP":0,"BarRetP":0},{"id":152,"time":7,"name":"LVegas110_exp","marginal_cost":167.5925381815,"value":167.5925381815,"DemBarE":0,"DemBarP":0,"BarRetP":0},{"id":152,"time":8,"name":"LVegas110_exp","marginal_cost":171.055828531,"value":171.055828531,"DemBarE":0,"DemBarP":0,"BarRetP":0},{"id":152,"time":9,"name":"LVegas110_exp","marginal_cost":160.9966192827,"value":160.9966192827,"DemBarE":0,"DemBarP":0,"BarRetP":0},{"id":152,"time":10,"name":"LVegas110_exp","marginal_cost":160.0637590547,"value":160.0637590547,"DemBarE":0,"DemBarP":0,"BarRetP":0},{"id":152,"time":11,"name":"LVegas110_exp","marginal_cost":160.2576892524,"value":160.2576892524,"DemBarE":0,"DemBarP":0,"BarRetP":0},{"id":152,"time":12,"name":"LVegas110_exp","marginal_cost":160.8723419213,"value":160.8723419213,"DemBarE":0,"DemBarP":0,"BarRetP":0},{"id":152,"time":13,"name":"LVegas110_exp","marginal_cost":160.363951614,"value":160.363951614,"DemBarE":0,"DemBarP":0,"BarRetP":0},{"id":152,"time":14,"name":"LVegas110_exp","marginal_cost":160.0472020272,"value":160.0472020272,"DemBarE":0,"DemBarP":0,"BarRetP":0},{"id":152,"time":15,"name":"LVegas110_exp","marginal_cost":160.5874908641,"value":160.5874908641,"DemBarE":0,"DemBarP":0,"BarRetP":0},{"id":152,"time":16,"name":"LVegas110_exp","marginal_cost":160.1288387226,"value":160.1288387226,"DemBarE":0,"DemBarP":0,"BarRetP":0},{"id":152,"time":17,"name":"LVegas110_exp","marginal_cost":160.3155226995,"value":160.3155226995,"DemBarE":0,"DemBarP":0,"BarRetP":0},{"id":152,"time":18,"name":"LVegas110_exp","marginal_cost":161.7715604955,"value":161.7715604955,"DemBarE":0,"DemBarP":0,"BarRetP":0},{"id":152,"time":19,"name":"LVegas110_exp","marginal_cost":181.5931410325,"value":181.5931410325,"DemBarE":0,"DemBarP":0,"BarRetP":0},{"id":152,"time":20,"name":"LVegas110_exp","marginal_cost":183.6784302148,"value":183.6784302148,"DemBarE":0,"DemBarP":0,"BarRetP":0},{"id":152,"time":21,"name":"LVegas110_exp","marginal_cost":174.1907120507,"value":174.1907120507,"DemBarE":0,"DemBarP":0,"BarRetP":0},{"id":152,"time":22,"name":"LVegas110_exp","marginal_cost":172.7650911059,"value":172.7650911059,"DemBarE":0,"DemBarP":0,"BarRetP":0},{"id":152,"time":23,"name":"LVegas110_exp","marginal_cost":169.9941831405,"value":169.9941831405,"DemBarE":0,"DemBarP":0,"BarRetP":0},{"id":152,"time":24,"name":"LVegas110_exp","marginal_cost":169.3397928433,"value":169.3397928433,"DemBarE":0,"DemBarP":0,"BarRetP":0},{"id":152,"time":25,"name":"LVegas110_exp","marginal_cost":159.5147128866,"value":159.5147128866,"DemBarE":0,"DemBarP":0,"BarRetP":0},{"id":152,"time":26,"name":"LVegas110_exp","marginal_cost":159.315290266,"value":159.315290266,"DemBarE":0,"DemBarP":0,"BarRetP":0},{"id":152,"time":27,"name":"LVegas110_exp","marginal_cost":159.004322484,"value":159.004322484,"DemBarE":0,"DemBarP":0,"BarRetP":0},{"id":152,"time":28,"name":"LVegas110_exp","marginal_cost":158.873398088,"value":158.873398088,"DemBarE":0,"DemBarP":0,"BarRetP":0},{"id":152,"time":29,"name":"LVegas110_exp","marginal_cost":157.8603708453,"value":157.8603708453,"DemBarE":0,"DemBarP":0,"BarRetP":0},{"id":152,"time":30,"name":"LVegas110_exp","marginal_cost":159.4394538595,"value":159.4394538595,"DemBarE":0,"DemBarP":0,"BarRetP":0},{"id":152,"time":31,"name":"LVegas110_exp","marginal_cost":165.7695490103,"value":165.7695490103,"DemBarE":0,"DemBarP":0,"BarRetP":0},{"id":152,"time":32,"name":"LVegas110_exp","marginal_cost":172.0875975755,"value":172.0875975755,"DemBarE":0,"DemBarP":0,"BarRetP":0},{"id":152,"time":33,"name":"LVegas110_exp","marginal_cost":160.4011107826,"value":160.4011107826,"DemBarE":0,"DemBarP":0,"BarRetP":0},{"id":152,"time":34,"name":"LVegas110_exp","marginal_cost":160.9001395143,"value":160.9001395143,"DemBarE":0,"DemBarP":0,"BarRetP":0},{"id":152,"time":35,"name":"LVegas110_exp","marginal_cost":161.1481004514,"value":161.1481004514,"DemBarE":0,"DemBarP":0,"BarRetP":0},{"id":152,"time":36,"name":"LVegas110_exp","marginal_cost":161.2102541899,"value":161.2102541899,"DemBarE":0,"DemBarP":0,"BarRetP":0},{"id":152,"time":37,"name":"LVegas110_exp","marginal_cost":160.7686945731,"value":160.7686945731,"DemBarE":0,"DemBarP":0,"BarRetP":0},{"id":152,"time":38,"name":"LVegas110_exp","marginal_cost":160.7686945731,"value":160.7686945731,"DemBarE":0,"DemBarP":0,"BarRetP":0},{"id":152,"time":39,"name":"LVegas110_exp","marginal_cost":160.7686945731,"value":160.7686945731,"DemBarE":0,"DemBarP":0,"BarRetP":0},{"id":152,"time":40,"name":"LVegas110_exp","marginal_cost":160.7686945731,"value":160.7686945731,"DemBarE":0,"DemBarP":0,"BarRetP":0},{"id":152,"time":41,"name":"LVegas110_exp","marginal_cost":160.4101960276,"value":160.4101960276,"DemBarE":0,"DemBarP":0,"BarRetP":0},{"id":152,"time":42,"name":"LVegas110_exp","marginal_cost":159.9705850434,"value":159.9705850434,"DemBarE":0,"DemBarP":0,"BarRetP":0},{"id":152,"time":43,"name":"LVegas110_exp","marginal_cost":165.3599384118,"value":165.3599384118,"DemBarE":0,"DemBarP":0,"BarRetP":0},{"id":152,"time":44,"name":"LVegas110_exp","marginal_cost":165.3599384118,"value":165.3599384118,"DemBarE":0,"DemBarP":0,"BarRetP":0},{"id":152,"time":45,"name":"LVegas110_exp","marginal_cost":165.7007042416,"value":165.7007042416,"DemBarE":0,"DemBarP":0,"BarRetP":0},{"id":152,"time":46,"name":"LVegas110_exp","marginal_cost":164.3101779682,"value":164.3101779682,"DemBarE":0,"DemBarP":0,"BarRetP":0},{"id":152,"time":47,"name":"LVegas110_exp","marginal_cost":161.5683577232,"value":161.5683577232,"DemBarE":0,"DemBarP":0,"BarRetP":0},{"id":152,"time":48,"name":"LVegas110_exp","marginal_cost":159.6589822859,"value":159.6589822859,"DemBarE":0,"DemBarP":0,"BarRetP":0},{"id":152,"time":49,"name":"LVegas110_exp","marginal_cost":151.4046314774,"value":151.4046314774,"DemBarE":0,"DemBarP":0,"BarRetP":0},{"id":152,"time":50,"name":"LVegas110_exp","marginal_cost":154.0961351953,"value":154.0961351953,"DemBarE":0,"DemBarP":0,"BarRetP":0},{"id":152,"time":51,"name":"LVegas110_exp","marginal_cost":154.7188677556,"value":154.7188677556,"DemBarE":0,"DemBarP":0,"BarRetP":0},{"id":152,"time":52,"name":"LVegas110_exp","marginal_cost":136.7798746977,"value":136.7798746977,"DemBarE":0,"DemBarP":0,"BarRetP":0},{"id":152,"time":53,"name":"LVegas110_exp","marginal_cost":136.7798746977,"value":136.7798746977,"DemBarE":0,"DemBarP":0,"BarRetP":0},{"id":152,"time":54,"name":"LVegas110_exp","marginal_cost":136.8674614489,"value":136.8674614489,"DemBarE":0,"DemBarP":0,"BarRetP":0},{"id":152,"time":55,"name":"LVegas110_exp","marginal_cost":137.6840029348,"value":137.6840029348,"DemBarE":0,"DemBarP":0,"BarRetP":0},{"id":152,"time":56,"name":"LVegas110_exp","marginal_cost":137.8161912249,"value":137.8161912249,"DemBarE":0,"DemBarP":0,"BarRetP":0},{"id":152,"time":57,"name":"LVegas110_exp","marginal_cost":124.9358546129,"value":124.9358546129,"DemBarE":0,"DemBarP":0,"BarRetP":0},{"id":152,"time":58,"name":"LVegas110_exp","marginal_cost":138.6475366127,"value":138.6475366127,"DemBarE":0,"DemBarP":0,"BarRetP":0},{"id":152,"time":59,"name":"LVegas110_exp","marginal_cost":108.3934592413,"value":108.3934592413,"DemBarE":0,"DemBarP":0,"BarRetP":0},{"id":152,"time":60,"name":"LVegas110_exp","marginal_cost":137.4968782845,"value":137.4968782845,"DemBarE":0,"DemBarP":0,"BarRetP":0},{"id":152,"time":61,"name":"LVegas110_exp","marginal_cost":136.9929630616,"value":136.9929630616,"DemBarE":0,"DemBarP":0,"BarRetP":0},{"id":152,"time":62,"name":"LVegas110_exp","marginal_cost":136.9929630616,"value":136.9929630616,"DemBarE":0,"DemBarP":0,"BarRetP":0},{"id":152,"time":63,"name":"LVegas110_exp","marginal_cost":120.4244303084,"value":120.4244303084,"DemBarE":0,"DemBarP":0,"BarRetP":0},{"id":152,"time":64,"name":"LVegas110_exp","marginal_cost":137.7830128144,"value":137.7830128144,"DemBarE":0,"DemBarP":0,"BarRetP":0},{"id":152,"time":65,"name":"LVegas110_exp","marginal_cost":137.8855599994,"value":137.8855599994,"DemBarE":0,"DemBarP":0,"BarRetP":0},{"id":152,"time":66,"name":"LVegas110_exp","marginal_cost":137.8855599994,"value":137.8855599994,"DemBarE":0,"DemBarP":0,"BarRetP":0},{"id":152,"time":67,"name":"LVegas110_exp","marginal_cost":171.011413833,"value":171.011413833,"DemBarE":0,"DemBarP":0,"BarRetP":0},{"id":152,"time":68,"name":"LVegas110_exp","marginal_cost":165.1931370663,"value":165.1931370663,"DemBarE":0,"DemBarP":0,"BarRetP":0},{"id":152,"time":69,"name":"LVegas110_exp","marginal_cost":165.1931370663,"value":165.1931370663,"DemBarE":0,"DemBarP":0,"BarRetP":0},{"id":152,"time":70,"name":"LVegas110_exp","marginal_cost":165.0293478342,"value":165.0293478342,"DemBarE":0,"DemBarP":0,"BarRetP":0},{"id":152,"time":71,"name":"LVegas110_exp","marginal_cost":157.3563072531,"value":157.3563072531,"DemBarE":0,"DemBarP":0,"BarRetP":0},{"id":152,"time":72,"name":"LVegas110_exp","marginal_cost":155.9423863153,"value":155.9423863153,"DemBarE":0,"DemBarP":0,"BarRetP":0},{"id":152,"time":73,"name":"LVegas110_exp","marginal_cost":155.6066001678,"value":155.6066001678,"DemBarE":0,"DemBarP":0,"BarRetP":0},{"id":152,"time":74,"name":"LVegas110_exp","marginal_cost":153.0682234567,"value":153.0682234567,"DemBarE":0,"DemBarP":0,"BarRetP":0},{"id":152,"time":75,"name":"LVegas110_exp","marginal_cost":138.1387367526,"value":138.1387367526,"DemBarE":0,"DemBarP":0,"BarRetP":0},{"id":152,"time":76,"name":"LVegas110_exp","marginal_cost":138.1387367526,"value":138.1387367526,"DemBarE":0,"DemBarP":0,"BarRetP":0},{"id":152,"time":77,"name":"LVegas110_exp","marginal_cost":138.1387367526,"value":138.1387367526,"DemBarE":0,"DemBarP":0,"BarRetP":0},{"id":152,"time":78,"name":"LVegas110_exp","marginal_cost":138.1387367526,"value":138.1387367526,"DemBarE":0,"DemBarP":0,"BarRetP":0},{"id":152,"time":79,"name":"LVegas110_exp","marginal_cost":138.1387367526,"value":138.1387367526,"DemBarE":0,"DemBarP":0,"BarRetP":0},{"id":152,"time":80,"name":"LVegas110_exp","marginal_cost":128.4350646371,"value":128.4350646371,"DemBarE":0,"DemBarP":0,"BarRetP":0},{"id":152,"time":81,"name":"LVegas110_exp","marginal_cost":128.4350646371,"value":128.4350646371,"DemBarE":0,"DemBarP":0,"BarRetP":0},{"id":152,"time":82,"name":"LVegas110_exp","marginal_cost":98.5691584645,"value":98.5691584645,"DemBarE":0,"DemBarP":0,"BarRetP":0},{"id":152,"time":83,"name":"LVegas110_exp","marginal_cost":98.5691584645,"value":98.5691584645,"DemBarE":0,"DemBarP":0,"BarRetP":0},{"id":152,"time":84,"name":"LVegas110_exp","marginal_cost":125.6569981657,"value":125.6569981657,"DemBarE":0,"DemBarP":0,"BarRetP":0},{"id":152,"time":85,"name":"LVegas110_exp","marginal_cost":125.6569981657,"value":125.6569981657,"DemBarE":0,"DemBarP":0,"BarRetP":0},{"id":152,"time":86,"name":"LVegas110_exp","marginal_cost":137.0577805957,"value":137.0577805957,"DemBarE":0,"DemBarP":0,"BarRetP":0},{"id":152,"time":87,"name":"LVegas110_exp","marginal_cost":137.0577805957,"value":137.0577805957,"DemBarE":0,"DemBarP":0,"BarRetP":0},{"id":152,"time":88,"name":"LVegas110_exp","marginal_cost":137.0577805957,"value":137.0577805957,"DemBarE":0,"DemBarP":0,"BarRetP":0},{"id":152,"time":89,"name":"LVegas110_exp","marginal_cost":137.0577805957,"value":137.0577805957,"DemBarE":0,"DemBarP":0,"BarRetP":0},{"id":152,"time":90,"name":"LVegas110_exp","marginal_cost":137.0577805957,"value":137.0577805957,"DemBarE":0,"DemBarP":0,"BarRetP":0},{"id":152,"time":91,"name":"LVegas110_exp","marginal_cost":159.7141432193,"value":159.7141432193,"DemBarE":0,"DemBarP":0,"BarRetP":0},{"id":152,"time":92,"name":"LVegas110_exp","marginal_cost":159.7141432193,"value":159.7141432193,"DemBarE":0,"DemBarP":0,"BarRetP":0},{"id":152,"time":93,"name":"LVegas110_exp","marginal_cost":162.3690207088,"value":162.3690207088,"DemBarE":0,"DemBarP":0,"BarRetP":0},{"id":152,"time":94,"name":"LVegas110_exp","marginal_cost":159.2264393331,"value":159.2264393331,"DemBarE":0,"DemBarP":0,"BarRetP":0},{"id":152,"time":95,"name":"LVegas110_exp","marginal_cost":157.473148466,"value":157.473148466,"DemBarE":0,"DemBarP":0,"BarRetP":0},{"id":152,"time":96,"name":"LVegas110_exp","marginal_cost":157.3504835593,"value":157.3504835593,"DemBarE":0,"DemBarP":0,"BarRetP":0},{"id":152,"time":97,"name":"LVegas110_exp","marginal_cost":157.2263266353,"value":157.2263266353,"DemBarE":0,"DemBarP":0,"BarRetP":0},{"id":152,"time":98,"name":"LVegas110_exp","marginal_cost":151.4982230683,"value":151.4982230683,"DemBarE":0,"DemBarP":0,"BarRetP":0},{"id":152,"time":99,"name":"LVegas110_exp","marginal_cost":150.8953594845,"value":150.8953594845,"DemBarE":0,"DemBarP":0,"BarRetP":0},{"id":152,"time":100,"name":"LVegas110_exp","marginal_cost":151.0532315318,"value":151.0532315318,"DemBarE":0,"DemBarP":0,"BarRetP":0},{"id":152,"time":101,"name":"LVegas110_exp","marginal_cost":151.0532315318,"value":151.0532315318,"DemBarE":0,"DemBarP":0,"BarRetP":0},{"id":152,"time":102,"name":"LVegas110_exp","marginal_cost":151.0532315318,"value":151.0532315318,"DemBarE":0,"DemBarP":0,"BarRetP":0},{"id":152,"time":103,"name":"LVegas110_exp","marginal_cost":159.0970343455,"value":159.0970343455,"DemBarE":0,"DemBarP":0,"BarRetP":0},{"id":152,"time":104,"name":"LVegas110_exp","marginal_cost":159.6515587173,"value":159.6515587173,"DemBarE":0,"DemBarP":0,"BarRetP":0},{"id":152,"time":105,"name":"LVegas110_exp","marginal_cost":159.6515587173,"value":159.6515587173,"DemBarE":0,"DemBarP":0,"BarRetP":0},{"id":152,"time":106,"name":"LVegas110_exp","marginal_cost":157.1255136059,"value":157.1255136059,"DemBarE":0,"DemBarP":0,"BarRetP":0},{"id":152,"time":107,"name":"LVegas110_exp","marginal_cost":157.3309578827,"value":157.3309578827,"DemBarE":0,"DemBarP":0,"BarRetP":0},{"id":152,"time":108,"name":"LVegas110_exp","marginal_cost":157.9173904874,"value":157.9173904874,"DemBarE":0,"DemBarP":0,"BarRetP":0},{"id":152,"time":109,"name":"LVegas110_exp","marginal_cost":157.9173904874,"value":157.9173904874,"DemBarE":0,"DemBarP":0,"BarRetP":0},{"id":152,"time":110,"name":"LVegas110_exp","marginal_cost":158.3860367734,"value":158.3860367734,"DemBarE":0,"DemBarP":0,"BarRetP":0},{"id":152,"time":111,"name":"LVegas110_exp","marginal_cost":158.5115883326,"value":158.5115883326,"DemBarE":0,"DemBarP":0,"BarRetP":0},{"id":152,"time":112,"name":"LVegas110_exp","marginal_cost":158.5115883326,"value":158.5115883326,"DemBarE":0,"DemBarP":0,"BarRetP":0},{"id":152,"time":113,"name":"LVegas110_exp","marginal_cost":161.3306992808,"value":161.3306992808,"DemBarE":0,"DemBarP":0,"BarRetP":0},{"id":152,"time":114,"name":"LVegas110_exp","marginal_cost":161.3306992808,"value":161.3306992808,"DemBarE":0,"DemBarP":0,"BarRetP":0},{"id":152,"time":115,"name":"LVegas110_exp","marginal_cost":161.3306992808,"value":161.3306992808,"DemBarE":0,"DemBarP":0,"BarRetP":0},{"id":152,"time":116,"name":"LVegas110_exp","marginal_cost":165.2468833721,"value":165.2468833721,"DemBarE":0,"DemBarP":0,"BarRetP":0},{"id":152,"time":117,"name":"LVegas110_exp","marginal_cost":165.2468833721,"value":165.2468833721,"DemBarE":0,"DemBarP":0,"BarRetP":0},{"id":152,"time":118,"name":"LVegas110_exp","marginal_cost":165.2468833721,"value":165.2468833721,"DemBarE":0,"DemBarP":0,"BarRetP":0},{"id":152,"time":119,"name":"LVegas110_exp","marginal_cost":165.1581042767,"value":165.1581042767,"DemBarE":0,"DemBarP":0,"BarRetP":0},{"id":152,"time":120,"name":"LVegas110_exp","marginal_cost":162.2171731823,"value":162.2171731823,"DemBarE":0,"DemBarP":0,"BarRetP":0},{"id":152,"time":121,"name":"LVegas110_exp","marginal_cost":157.7030875138,"value":157.7030875138,"DemBarE":0,"DemBarP":0,"BarRetP":0},{"id":152,"time":122,"name":"LVegas110_exp","marginal_cost":157.3495669386,"value":157.3495669386,"DemBarE":0,"DemBarP":0,"BarRetP":0},{"id":152,"time":123,"name":"LVegas110_exp","marginal_cost":152.6440746402,"value":152.6440746402,"DemBarE":0,"DemBarP":0,"BarRetP":0},{"id":152,"time":124,"name":"LVegas110_exp","marginal_cost":152.6440746402,"value":152.6440746402,"DemBarE":0,"DemBarP":0,"BarRetP":0},{"id":152,"time":125,"name":"LVegas110_exp","marginal_cost":152.6440746402,"value":152.6440746402,"DemBarE":0,"DemBarP":0,"BarRetP":0},{"id":152,"time":126,"name":"LVegas110_exp","marginal_cost":152.6440746402,"value":152.6440746402,"DemBarE":0,"DemBarP":0,"BarRetP":0},{"id":152,"time":127,"name":"LVegas110_exp","marginal_cost":160.1719861259,"value":160.1719861259,"DemBarE":0,"DemBarP":0,"BarRetP":0},{"id":152,"time":128,"name":"LVegas110_exp","marginal_cost":165.4887904597,"value":165.4887904597,"DemBarE":0,"DemBarP":0,"BarRetP":0},{"id":152,"time":129,"name":"LVegas110_exp","marginal_cost":161.0570714913,"value":161.0570714913,"DemBarE":0,"DemBarP":0,"BarRetP":0},{"id":152,"time":130,"name":"LVegas110_exp","marginal_cost":164.1909177666,"value":164.1909177666,"DemBarE":0,"DemBarP":0,"BarRetP":0},{"id":152,"time":131,"name":"LVegas110_exp","marginal_cost":163.5611569618,"value":163.5611569618,"DemBarE":0,"DemBarP":0,"BarRetP":0},{"id":152,"time":132,"name":"LVegas110_exp","marginal_cost":165.2597392498,"value":165.2597392498,"DemBarE":0,"DemBarP":0,"BarRetP":0},{"id":152,"time":133,"name":"LVegas110_exp","marginal_cost":164.742562365,"value":164.742562365,"DemBarE":0,"DemBarP":0,"BarRetP":0},{"id":152,"time":134,"name":"LVegas110_exp","marginal_cost":164.742562365,"value":164.742562365,"DemBarE":0,"DemBarP":0,"BarRetP":0},{"id":152,"time":135,"name":"LVegas110_exp","marginal_cost":164.742562365,"value":164.742562365,"DemBarE":0,"DemBarP":0,"BarRetP":0},{"id":152,"time":136,"name":"LVegas110_exp","marginal_cost":164.742562365,"value":164.742562365,"DemBarE":0,"DemBarP":0,"BarRetP":0},{"id":152,"time":137,"name":"LVegas110_exp","marginal_cost":166.1120683862,"value":166.1120683862,"DemBarE":0,"DemBarP":0,"BarRetP":0},{"id":152,"time":138,"name":"LVegas110_exp","marginal_cost":166.1120683862,"value":166.1120683862,"DemBarE":0,"DemBarP":0,"BarRetP":0},{"id":152,"time":139,"name":"LVegas110_exp","marginal_cost":166.1120683862,"value":166.1120683862,"DemBarE":0,"DemBarP":0,"BarRetP":0},{"id":152,"time":140,"name":"LVegas110_exp","marginal_cost":166.1120683862,"value":166.1120683862,"DemBarE":0,"DemBarP":0,"BarRetP":0},{"id":152,"time":141,"name":"LVegas110_exp","marginal_cost":166.1120683862,"value":166.1120683862,"DemBarE":0,"DemBarP":0,"BarRetP":0},{"id":152,"time":142,"name":"LVegas110_exp","marginal_cost":166.1120683862,"value":166.1120683862,"DemBarE":0,"DemBarP":0,"BarRetP":0},{"id":152,"time":143,"name":"LVegas110_exp","marginal_cost":165.2828433922,"value":165.2828433922,"DemBarE":0,"DemBarP":0,"BarRetP":0},{"id":152,"time":144,"name":"LVegas110_exp","marginal_cost":165.4028199583,"value":165.4028199583,"DemBarE":0,"DemBarP":0,"BarRetP":0},{"id":152,"time":145,"name":"LVegas110_exp","marginal_cost":162.6525047789,"value":162.6525047789,"DemBarE":0,"DemBarP":0,"BarRetP":0},{"id":152,"time":146,"name":"LVegas110_exp","marginal_cost":161.49941465,"value":161.49941465,"DemBarE":0,"DemBarP":0,"BarRetP":0},{"id":152,"time":147,"name":"LVegas110_exp","marginal_cost":158.5322709453,"value":158.5322709453,"DemBarE":0,"DemBarP":0,"BarRetP":0},{"id":152,"time":148,"name":"LVegas110_exp","marginal_cost":158.5322709453,"value":158.5322709453,"DemBarE":0,"DemBarP":0,"BarRetP":0},{"id":152,"time":149,"name":"LVegas110_exp","marginal_cost":158.5322709453,"value":158.5322709453,"DemBarE":0,"DemBarP":0,"BarRetP":0},{"id":152,"time":150,"name":"LVegas110_exp","marginal_cost":158.5322709453,"value":158.5322709453,"DemBarE":0,"DemBarP":0,"BarRetP":0},{"id":152,"time":151,"name":"LVegas110_exp","marginal_cost":162.9050710265,"value":162.9050710265,"DemBarE":0,"DemBarP":0,"BarRetP":0},{"id":152,"time":152,"name":"LVegas110_exp","marginal_cost":163.7451441722,"value":163.7451441722,"DemBarE":0,"DemBarP":0,"BarRetP":0},{"id":152,"time":153,"name":"LVegas110_exp","marginal_cost":163.7451441722,"value":163.7451441722,"DemBarE":0,"DemBarP":0,"BarRetP":0},{"id":152,"time":154,"name":"LVegas110_exp","marginal_cost":162.9550919176,"value":162.9550919176,"DemBarE":0,"DemBarP":0,"BarRetP":0},{"id":152,"time":155,"name":"LVegas110_exp","marginal_cost":162.9550919176,"value":162.9550919176,"DemBarE":0,"DemBarP":0,"BarRetP":0},{"id":152,"time":156,"name":"LVegas110_exp","marginal_cost":163.9538111945,"value":163.9538111945,"DemBarE":0,"DemBarP":0,"BarRetP":0},{"id":152,"time":157,"name":"LVegas110_exp","marginal_cost":164.3909390194,"value":164.3909390194,"DemBarE":0,"DemBarP":0,"BarRetP":0},{"id":152,"time":158,"name":"LVegas110_exp","marginal_cost":164.3909390194,"value":164.3909390194,"DemBarE":0,"DemBarP":0,"BarRetP":0},{"id":152,"time":159,"name":"LVegas110_exp","marginal_cost":164.3909390194,"value":164.3909390194,"DemBarE":0,"DemBarP":0,"BarRetP":0},{"id":152,"time":160,"name":"LVegas110_exp","marginal_cost":164.2165742255,"value":164.2165742255,"DemBarE":0,"DemBarP":0,"BarRetP":0},{"id":152,"time":161,"name":"LVegas110_exp","marginal_cost":164.2165742255,"value":164.2165742255,"DemBarE":0,"DemBarP":0,"BarRetP":0},{"id":152,"time":162,"name":"LVegas110_exp","marginal_cost":165.2536519184,"value":165.2536519184,"DemBarE":0,"DemBarP":0,"BarRetP":0},{"id":152,"time":163,"name":"LVegas110_exp","marginal_cost":167.7563504171,"value":167.7563504171,"DemBarE":0,"DemBarP":0,"BarRetP":0},{"id":152,"time":164,"name":"LVegas110_exp","marginal_cost":167.7563504171,"value":167.7563504171,"DemBarE":0,"DemBarP":0,"BarRetP":0},{"id":152,"time":165,"name":"LVegas110_exp","marginal_cost":167.7563504171,"value":167.7563504171,"DemBarE":0,"DemBarP":0,"BarRetP":0},{"id":152,"time":166,"name":"LVegas110_exp","marginal_cost":167.7563504171,"value":167.7563504171,"DemBarE":0,"DemBarP":0,"BarRetP":0},{"id":152,"time":167,"name":"LVegas110_exp","marginal_cost":166.1245226031,"value":166.1245226031,"DemBarE":0,"DemBarP":0,"BarRetP":0},{"id":152,"time":168,"name":"LVegas110_exp","marginal_cost":165.7058572511,"value":165.7058572511,"DemBarE":0,"DemBarP":0,"BarRetP":0}]