[{"id":208,"time":1,"name":"Torquemada110","marginal_cost":156.4834322776,"value":156.4834322776,"DemBarE":0,"DemBarP":0,"BarRetP":0},{"id":208,"time":2,"name":"Torquemada110","marginal_cost":156.3908625205,"value":156.3908625205,"DemBarE":0,"DemBarP":0,"BarRetP":0},{"id":208,"time":3,"name":"Torquemada110","marginal_cost":155.2989365317,"value":155.2989365317,"DemBarE":0,"DemBarP":0,"BarRetP":0},{"id":208,"time":4,"name":"Torquemada110","marginal_cost":154.2819502341,"value":154.2819502341,"DemBarE":0,"DemBarP":0,"BarRetP":0},{"id":208,"time":5,"name":"Torquemada110","marginal_cost":136.6830923885,"value":136.6830923885,"DemBarE":0,"DemBarP":0,"BarRetP":0},{"id":208,"time":6,"name":"Torquemada110","marginal_cost":119.5781955603,"value":119.5781955603,"DemBarE":0,"DemBarP":0,"BarRetP":0},{"id":208,"time":7,"name":"Torquemada110","marginal_cost":163.3389105872,"value":163.3389105872,"DemBarE":0,"DemBarP":0,"BarRetP":0},{"id":208,"time":8,"name":"Torquemada110","marginal_cost":166.960831256,"value":166.960831256,"DemBarE":0,"DemBarP":0,"BarRetP":0},{"id":208,"time":9,"name":"Torquemada110","marginal_cost":156.5826638201,"value":156.5826638201,"DemBarE":0,"DemBarP":0,"BarRetP":0},{"id":208,"time":10,"name":"Torquemada110","marginal_cost":155.4934664306,"value":155.4934664306,"DemBarE":0,"DemBarP":0,"BarRetP":0},{"id":208,"time":11,"name":"Torquemada110","marginal_cost":155.612632506,"value":155.612632506,"DemBarE":0,"DemBarP":0,"BarRetP":0},{"id":208,"time":12,"name":"Torquemada110","marginal_cost":156.1967548421,"value":156.1967548421,"DemBarE":0,"DemBarP":0,"BarRetP":0},{"id":208,"time":13,"name":"Torquemada110","marginal_cost":155.7819528698,"value":155.7819528698,"DemBarE":0,"DemBarP":0,"BarRetP":0},{"id":208,"time":14,"name":"Torquemada110","marginal_cost":155.297653371,"value":155.297653371,"DemBarE":0,"DemBarP":0,"BarRetP":0},{"id":208,"time":15,"name":"Torquemada110","marginal_cost":155.5814333952,"value":155.5814333952,"DemBarE":0,"DemBarP":0,"BarRetP":0},{"id":208,"time":16,"name":"Torquemada110","marginal_cost":155.1319687682,"value":155.1319687682,"DemBarE":0,"DemBarP":0,"BarRetP":0},{"id":208,"time":17,"name":"Torquemada110","marginal_cost":155.9459861853,"value":155.9459861853,"DemBarE":0,"DemBarP":0,"BarRetP":0},{"id":208,"time":18,"name":"Torquemada110","marginal_cost":157.3858097977,"value":157.3858097977,"DemBarE":0,"DemBarP":0,"BarRetP":0},{"id":208,"time":19,"name":"Torquemada110","marginal_cost":176.6529519717,"value":176.6529519717,"DemBarE":0,"DemBarP":0,"BarRetP":0},{"id":208,"time":20,"name":"Torquemada110","marginal_cost":178.4925991725,"value":178.4925991725,"DemBarE":0,"DemBarP":0,"BarRetP":0},{"id":208,"time":21,"name":"Torquemada110","marginal_cost":169.6764432194,"value":169.6764432194,"DemBarE":0,"DemBarP":0,"BarRetP":0},{"id":208,"time":22,"name":"Torquemada110","marginal_cost":167.6421025501,"value":167.6421025501,"DemBarE":0,"DemBarP":0,"BarRetP":0},{"id":208,"time":23,"name":"Torquemada110","marginal_cost":165.3471090687,"value":165.3471090687,"DemBarE":0,"DemBarP":0,"BarRetP":0},{"id":208,"time":24,"name":"Torquemada110","marginal_cost":165.2829559153,"value":165.2829559153,"DemBarE":0,"DemBarP":0,"BarRetP":0},{"id":208,"time":25,"name":"Torquemada110","marginal_cost":156.0807320799,"value":156.0807320799,"DemBarE":0,"DemBarP":0,"BarRetP":0},{"id":208,"time":26,"name":"Torquemada110","marginal_cost":155.6941557448,"value":155.6941557448,"DemBarE":0,"DemBarP":0,"BarRetP":0},{"id":208,"time":27,"name":"Torquemada110","marginal_cost":155.5091438328,"value":155.5091438328,"DemBarE":0,"DemBarP":0,"BarRetP":0},{"id":208,"time":28,"name":"Torquemada110","marginal_cost":155.394003235,"value":155.394003235,"DemBarE":0,"DemBarP":0,"BarRetP":0},{"id":208,"time":29,"name":"Torquemada110","marginal_cost":154.4143379124,"value":154.4143379124,"DemBarE":0,"DemBarP":0,"BarRetP":0},{"id":208,"time":30,"name":"Torquemada110","marginal_cost":155.8629737181,"value":155.8629737181,"DemBarE":0,"DemBarP":0,"BarRetP":0},{"id":208,"time":31,"name":"Torquemada110","marginal_cost":161.3596969409,"value":161.3596969409,"DemBarE":0,"DemBarP":0,"BarRetP":0},{"id":208,"time":32,"name":"Torquemada110","marginal_cost":166.3245966355,"value":166.3245966355,"DemBarE":0,"DemBarP":0,"BarRetP":0},{"id":208,"time":33,"name":"Torquemada110","marginal_cost":155.6884930195,"value":155.6884930195,"DemBarE":0,"DemBarP":0,"BarRetP":0},{"id":208,"time":34,"name":"Torquemada110","marginal_cost":156.384646431,"value":156.384646431,"DemBarE":0,"DemBarP":0,"BarRetP":0},{"id":208,"time":35,"name":"Torquemada110","marginal_cost":156.6479842524,"value":156.6479842524,"DemBarE":0,"DemBarP":0,"BarRetP":0},{"id":208,"time":36,"name":"Torquemada110","marginal_cost":156.7172501102,"value":156.7172501102,"DemBarE":0,"DemBarP":0,"BarRetP":0},{"id":208,"time":37,"name":"Torquemada110","marginal_cost":156.23254754,"value":156.23254754,"DemBarE":0,"DemBarP":0,"BarRetP":0},{"id":208,"time":38,"name":"Torquemada110","marginal_cost":156.23254754,"value":156.23254754,"DemBarE":0,"DemBarP":0,"BarRetP":0},{"id":208,"time":39,"name":"Torquemada110","marginal_cost":156.23254754,"value":156.23254754,"DemBarE":0,"DemBarP":0,"BarRetP":0},{"id":208,"time":40,"name":"Torquemada110","marginal_cost":156.23254754,"value":156.23254754,"DemBarE":0,"DemBarP":0,"BarRetP":0},{"id":208,"time":41,"name":"Torquemada110","marginal_cost":156.2153358271,"value":156.2153358271,"DemBarE":0,"DemBarP":0,"BarRetP":0},{"id":208,"time":42,"name":"Torquemada110","marginal_cost":156.4681786939,"value":156.4681786939,"DemBarE":0,"DemBarP":0,"BarRetP":0},{"id":208,"time":43,"name":"Torquemada110","marginal_cost":161.9129280877,"value":161.9129280877,"DemBarE":0,"DemBarP":0,"BarRetP":0},{"id":208,"time":44,"name":"Torquemada110","marginal_cost":161.9129280877,"value":161.9129280877,"DemBarE":0,"DemBarP":0,"BarRetP":0},{"id":208,"time":45,"name":"Torquemada110","marginal_cost":161.8419690085,"value":161.8419690085,"DemBarE":0,"DemBarP":0,"BarRetP":0},{"id":208,"time":46,"name":"Torquemada110","marginal_cost":161.0999868154,"value":161.0999868154,"DemBarE":0,"DemBarP":0,"BarRetP":0},{"id":208,"time":47,"name":"Torquemada110","marginal_cost":158.9921659287,"value":158.9921659287,"DemBarE":0,"DemBarP":0,"BarRetP":0},{"id":208,"time":48,"name":"Torquemada110","marginal_cost":156.7872574224,"value":156.7872574224,"DemBarE":0,"DemBarP":0,"BarRetP":0},{"id":208,"time":49,"name":"Torquemada110","marginal_cost":148.3558816293,"value":148.3558816293,"DemBarE":0,"DemBarP":0,"BarRetP":0},{"id":208,"time":50,"name":"Torquemada110","marginal_cost":150.7997648743,"value":150.7997648743,"DemBarE":0,"DemBarP":0,"BarRetP":0},{"id":208,"time":51,"name":"Torquemada110","marginal_cost":151.6342882468,"value":151.6342882468,"DemBarE":0,"DemBarP":0,"BarRetP":0},{"id":208,"time":52,"name":"Torquemada110","marginal_cost":134.1006966197,"value":134.1006966197,"DemBarE":0,"DemBarP":0,"BarRetP":0},{"id":208,"time":53,"name":"Torquemada110","marginal_cost":134.1006966197,"value":134.1006966197,"DemBarE":0,"DemBarP":0,"BarRetP":0},{"id":208,"time":54,"name":"Torquemada110","marginal_cost":134.2629181159,"value":134.2629181159,"DemBarE":0,"DemBarP":0,"BarRetP":0},{"id":208,"time":55,"name":"Torquemada110","marginal_cost":134.8610819735,"value":134.8610819735,"DemBarE":0,"DemBarP":0,"BarRetP":0},{"id":208,"time":56,"name":"Torquemada110","marginal_cost":134.776409048,"value":134.776409048,"DemBarE":0,"DemBarP":0,"BarRetP":0},{"id":208,"time":57,"name":"Torquemada110","marginal_cost":122.765536864,"value":122.765536864,"DemBarE":0,"DemBarP":0,"BarRetP":0},{"id":208,"time":58,"name":"Torquemada110","marginal_cost":136.3601365655,"value":136.3601365655,"DemBarE":0,"DemBarP":0,"BarRetP":0},{"id":208,"time":59,"name":"Torquemada110","marginal_cost":106.4378042166,"value":106.4378042166,"DemBarE":0,"DemBarP":0,"BarRetP":0},{"id":208,"time":60,"name":"Torquemada110","marginal_cost":134.5005882355,"value":134.5005882355,"DemBarE":0,"DemBarP":0,"BarRetP":0},{"id":208,"time":61,"name":"Torquemada110","marginal_cost":133.9515324928,"value":133.9515324928,"DemBarE":0,"DemBarP":0,"BarRetP":0},{"id":208,"time":62,"name":"Torquemada110","marginal_cost":133.9515324928,"value":133.9515324928,"DemBarE":0,"DemBarP":0,"BarRetP":0},{"id":208,"time":63,"name":"Torquemada110","marginal_cost":117.8987751309,"value":117.8987751309,"DemBarE":0,"DemBarP":0,"BarRetP":0},{"id":208,"time":64,"name":"Torquemada110","marginal_cost":134.8946434054,"value":134.8946434054,"DemBarE":0,"DemBarP":0,"BarRetP":0},{"id":208,"time":65,"name":"Torquemada110","marginal_cost":134.9006872461,"value":134.9006872461,"DemBarE":0,"DemBarP":0,"BarRetP":0},{"id":208,"time":66,"name":"Torquemada110","marginal_cost":134.9006872461,"value":134.9006872461,"DemBarE":0,"DemBarP":0,"BarRetP":0},{"id":208,"time":67,"name":"Torquemada110","marginal_cost":167.2215452062,"value":167.2215452062,"DemBarE":0,"DemBarP":0,"BarRetP":0},{"id":208,"time":68,"name":"Torquemada110","marginal_cost":161.945940248,"value":161.945940248,"DemBarE":0,"DemBarP":0,"BarRetP":0},{"id":208,"time":69,"name":"Torquemada110","marginal_cost":161.945940248,"value":161.945940248,"DemBarE":0,"DemBarP":0,"BarRetP":0},{"id":208,"time":70,"name":"Torquemada110","marginal_cost":161.5625648422,"value":161.5625648422,"DemBarE":0,"DemBarP":0,"BarRetP":0},{"id":208,"time":71,"name":"Torquemada110","marginal_cost":154.0323286125,"value":154.0323286125,"DemBarE":0,"DemBarP":0,"BarRetP":0},{"id":208,"time":72,"name":"Torquemada110","marginal_cost":152.4773178229,"value":152.4773178229,"DemBarE":0,"DemBarP":0,"BarRetP":0},{"id":208,"time":73,"name":"Torquemada110","marginal_cost":152.9287197027,"value":152.9287197027,"DemBarE":0,"DemBarP":0,"BarRetP":0},{"id":208,"time":74,"name":"Torquemada110","marginal_cost":151.3845845237,"value":151.3845845237,"DemBarE":0,"DemBarP":0,"BarRetP":0},{"id":208,"time":75,"name":"Torquemada110","marginal_cost":135.7109385721,"value":135.7109385721,"DemBarE":0,"DemBarP":0,"BarRetP":0},{"id":208,"time":76,"name":"Torquemada110","marginal_cost":135.7109385721,"value":135.7109385721,"DemBarE":0,"DemBarP":0,"BarRetP":0},{"id":208,"time":77,"name":"Torquemada110","marginal_cost":135.7109385721,"value":135.7109385721,"DemBarE":0,"DemBarP":0,"BarRetP":0},{"id":208,"time":78,"name":"Torquemada110","marginal_cost":135.7109385721,"value":135.7109385721,"DemBarE":0,"DemBarP":0,"BarRetP":0},{"id":208,"time":79,"name":"Torquemada110","marginal_cost":135.7109385721,"value":135.7109385721,"DemBarE":0,"DemBarP":0,"BarRetP":0},{"id":208,"time":80,"name":"Torquemada110","marginal_cost":125.8041683384,"value":125.8041683384,"DemBarE":0,"DemBarP":0,"BarRetP":0},{"id":208,"time":81,"name":"Torquemada110","marginal_cost":125.8041683384,"value":125.8041683384,"DemBarE":0,"DemBarP":0,"BarRetP":0},{"id":208,"time":82,"name":"Torquemada110","marginal_cost":98.7288746143,"value":98.7288746143,"DemBarE":0,"DemBarP":0,"BarRetP":0},{"id":208,"time":83,"name":"Torquemada110","marginal_cost":98.7288746143,"value":98.7288746143,"DemBarE":0,"DemBarP":0,"BarRetP":0},{"id":208,"time":84,"name":"Torquemada110","marginal_cost":123.9750892171,"value":123.9750892171,"DemBarE":0,"DemBarP":0,"BarRetP":0},{"id":208,"time":85,"name":"Torquemada110","marginal_cost":123.9750892171,"value":123.9750892171,"DemBarE":0,"DemBarP":0,"BarRetP":0},{"id":208,"time":86,"name":"Torquemada110","marginal_cost":133.8871540053,"value":133.8871540053,"DemBarE":0,"DemBarP":0,"BarRetP":0},{"id":208,"time":87,"name":"Torquemada110","marginal_cost":133.8871540053,"value":133.8871540053,"DemBarE":0,"DemBarP":0,"BarRetP":0},{"id":208,"time":88,"name":"Torquemada110","marginal_cost":133.8871540053,"value":133.8871540053,"DemBarE":0,"DemBarP":0,"BarRetP":0},{"id":208,"time":89,"name":"Torquemada110","marginal_cost":133.8871540053,"value":133.8871540053,"DemBarE":0,"DemBarP":0,"BarRetP":0},{"id":208,"time":90,"name":"Torquemada110","marginal_cost":133.8871540053,"value":133.8871540053,"DemBarE":0,"DemBarP":0,"BarRetP":0},{"id":208,"time":91,"name":"Torquemada110","marginal_cost":156.3203256134,"value":156.3203256134,"DemBarE":0,"DemBarP":0,"BarRetP":0},{"id":208,"time":92,"name":"Torquemada110","marginal_cost":156.3203256134,"value":156.3203256134,"DemBarE":0,"DemBarP":0,"BarRetP":0},{"id":208,"time":93,"name":"Torquemada110","marginal_cost":159.0604392005,"value":159.0604392005,"DemBarE":0,"DemBarP":0,"BarRetP":0},{"id":208,"time":94,"name":"Torquemada110","marginal_cost":155.8658843999,"value":155.8658843999,"DemBarE":0,"DemBarP":0,"BarRetP":0},{"id":208,"time":95,"name":"Torquemada110","marginal_cost":154.1783924046,"value":154.1783924046,"DemBarE":0,"DemBarP":0,"BarRetP":0},{"id":208,"time":96,"name":"Torquemada110","marginal_cost":153.9882080649,"value":153.9882080649,"DemBarE":0,"DemBarP":0,"BarRetP":0},{"id":208,"time":97,"name":"Torquemada110","marginal_cost":153.753780171,"value":153.753780171,"DemBarE":0,"DemBarP":0,"BarRetP":0},{"id":208,"time":98,"name":"Torquemada110","marginal_cost":148.1896386581,"value":148.1896386581,"DemBarE":0,"DemBarP":0,"BarRetP":0},{"id":208,"time":99,"name":"Torquemada110","marginal_cost":147.6922223221,"value":147.6922223221,"DemBarE":0,"DemBarP":0,"BarRetP":0},{"id":208,"time":100,"name":"Torquemada110","marginal_cost":147.9273823576,"value":147.9273823576,"DemBarE":0,"DemBarP":0,"BarRetP":0},{"id":208,"time":101,"name":"Torquemada110","marginal_cost":147.9273823576,"value":147.9273823576,"DemBarE":0,"DemBarP":0,"BarRetP":0},{"id":208,"time":102,"name":"Torquemada110","marginal_cost":147.9273823576,"value":147.9273823576,"DemBarE":0,"DemBarP":0,"BarRetP":0},{"id":208,"time":103,"name":"Torquemada110","marginal_cost":155.7976416828,"value":155.7976416828,"DemBarE":0,"DemBarP":0,"BarRetP":0},{"id":208,"time":104,"name":"Torquemada110","marginal_cost":155.8537169345,"value":155.8537169345,"DemBarE":0,"DemBarP":0,"BarRetP":0},{"id":208,"time":105,"name":"Torquemada110","marginal_cost":155.8537169345,"value":155.8537169345,"DemBarE":0,"DemBarP":0,"BarRetP":0},{"id":208,"time":106,"name":"Torquemada110","marginal_cost":153.5164999748,"value":153.5164999748,"DemBarE":0,"DemBarP":0,"BarRetP":0},{"id":208,"time":107,"name":"Torquemada110","marginal_cost":153.7380645041,"value":153.7380645041,"DemBarE":0,"DemBarP":0,"BarRetP":0},{"id":208,"time":108,"name":"Torquemada110","marginal_cost":154.2230080032,"value":154.2230080032,"DemBarE":0,"DemBarP":0,"BarRetP":0},{"id":208,"time":109,"name":"Torquemada110","marginal_cost":154.2230080032,"value":154.2230080032,"DemBarE":0,"DemBarP":0,"BarRetP":0},{"id":208,"time":110,"name":"Torquemada110","marginal_cost":154.4893515587,"value":154.4893515587,"DemBarE":0,"DemBarP":0,"BarRetP":0},{"id":208,"time":111,"name":"Torquemada110","marginal_cost":154.488406772,"value":154.488406772,"DemBarE":0,"DemBarP":0,"BarRetP":0},{"id":208,"time":112,"name":"Torquemada110","marginal_cost":154.488406772,"value":154.488406772,"DemBarE":0,"DemBarP":0,"BarRetP":0},{"id":208,"time":113,"name":"Torquemada110","marginal_cost":157.5344546353,"value":157.5344546353,"DemBarE":0,"DemBarP":0,"BarRetP":0},{"id":208,"time":114,"name":"Torquemada110","marginal_cost":157.5344546353,"value":157.5344546353,"DemBarE":0,"DemBarP":0,"BarRetP":0},{"id":208,"time":115,"name":"Torquemada110","marginal_cost":157.5344546353,"value":157.5344546353,"DemBarE":0,"DemBarP":0,"BarRetP":0},{"id":208,"time":116,"name":"Torquemada110","marginal_cost":160.9063829504,"value":160.9063829504,"DemBarE":0,"DemBarP":0,"BarRetP":0},{"id":208,"time":117,"name":"Torquemada110","marginal_cost":160.9063829504,"value":160.9063829504,"DemBarE":0,"DemBarP":0,"BarRetP":0},{"id":208,"time":118,"name":"Torquemada110","marginal_cost":160.9063829504,"value":160.9063829504,"DemBarE":0,"DemBarP":0,"BarRetP":0},{"id":208,"time":119,"name":"Torquemada110","marginal_cost":160.8602991116,"value":160.8602991116,"DemBarE":0,"DemBarP":0,"BarRetP":0},{"id":208,"time":120,"name":"Torquemada110","marginal_cost":158.8179090999,"value":158.8179090999,"DemBarE":0,"DemBarP":0,"BarRetP":0},{"id":208,"time":121,"name":"Torquemada110","marginal_cost":154.6747808181,"value":154.6747808181,"DemBarE":0,"DemBarP":0,"BarRetP":0},{"id":208,"time":122,"name":"Torquemada110","marginal_cost":154.099476201,"value":154.099476201,"DemBarE":0,"DemBarP":0,"BarRetP":0},{"id":208,"time":123,"name":"Torquemada110","marginal_cost":149.7356673857,"value":149.7356673857,"DemBarE":0,"DemBarP":0,"BarRetP":0},{"id":208,"time":124,"name":"Torquemada110","marginal_cost":149.7356673857,"value":149.7356673857,"DemBarE":0,"DemBarP":0,"BarRetP":0},{"id":208,"time":125,"name":"Torquemada110","marginal_cost":149.7356673857,"value":149.7356673857,"DemBarE":0,"DemBarP":0,"BarRetP":0},{"id":208,"time":126,"name":"Torquemada110","marginal_cost":149.7356673857,"value":149.7356673857,"DemBarE":0,"DemBarP":0,"BarRetP":0},{"id":208,"time":127,"name":"Torquemada110","marginal_cost":156.5797908408,"value":156.5797908408,"DemBarE":0,"DemBarP":0,"BarRetP":0},{"id":208,"time":128,"name":"Torquemada110","marginal_cost":160.5416149462,"value":160.5416149462,"DemBarE":0,"DemBarP":0,"BarRetP":0},{"id":208,"time":129,"name":"Torquemada110","marginal_cost":156.2377939482,"value":156.2377939482,"DemBarE":0,"DemBarP":0,"BarRetP":0},{"id":208,"time":130,"name":"Torquemada110","marginal_cost":159.162715143,"value":159.162715143,"DemBarE":0,"DemBarP":0,"BarRetP":0},{"id":208,"time":131,"name":"Torquemada110","marginal_cost":158.5664747452,"value":158.5664747452,"DemBarE":0,"DemBarP":0,"BarRetP":0},{"id":208,"time":132,"name":"Torquemada110","marginal_cost":160.2275866615,"value":160.2275866615,"DemBarE":0,"DemBarP":0,"BarRetP":0},{"id":208,"time":133,"name":"Torquemada110","marginal_cost":159.5426073066,"value":159.5426073066,"DemBarE":0,"DemBarP":0,"BarRetP":0},{"id":208,"time":134,"name":"Torquemada110","marginal_cost":159.5426073066,"value":159.5426073066,"DemBarE":0,"DemBarP":0,"BarRetP":0},{"id":208,"time":135,"name":"Torquemada110","marginal_cost":159.5426073066,"value":159.5426073066,"DemBarE":0,"DemBarP":0,"BarRetP":0},{"id":208,"time":136,"name":"Torquemada110","marginal_cost":159.5426073066,"value":159.5426073066,"DemBarE":0,"DemBarP":0,"BarRetP":0},{"id":208,"time":137,"name":"Torquemada110","marginal_cost":161.6579076834,"value":161.6579076834,"DemBarE":0,"DemBarP":0,"BarRetP":0},{"id":208,"time":138,"name":"Torquemada110","marginal_cost":161.6579076834,"value":161.6579076834,"DemBarE":0,"DemBarP":0,"BarRetP":0},{"id":208,"time":139,"name":"Torquemada110","marginal_cost":161.6579076834,"value":161.6579076834,"DemBarE":0,"DemBarP":0,"BarRetP":0},{"id":208,"time":140,"name":"Torquemada110","marginal_cost":161.6579076834,"value":161.6579076834,"DemBarE":0,"DemBarP":0,"BarRetP":0},{"id":208,"time":141,"name":"Torquemada110","marginal_cost":161.6579076834,"value":161.6579076834,"DemBarE":0,"DemBarP":0,"BarRetP":0},{"id":208,"time":142,"name":"Torquemada110","marginal_cost":161.6579076834,"value":161.6579076834,"DemBarE":0,"DemBarP":0,"BarRetP":0},{"id":208,"time":143,"name":"Torquemada110","marginal_cost":160.8770128502,"value":160.8770128502,"DemBarE":0,"DemBarP":0,"BarRetP":0},{"id":208,"time":144,"name":"Torquemada110","marginal_cost":160.5988392435,"value":160.5988392435,"DemBarE":0,"DemBarP":0,"BarRetP":0},{"id":208,"time":145,"name":"Torquemada110","marginal_cost":158.1517429708,"value":158.1517429708,"DemBarE":0,"DemBarP":0,"BarRetP":0},{"id":208,"time":146,"name":"Torquemada110","marginal_cost":157.925257508,"value":157.925257508,"DemBarE":0,"DemBarP":0,"BarRetP":0},{"id":208,"time":147,"name":"Torquemada110","marginal_cost":155.1481550542,"value":155.1481550542,"DemBarE":0,"DemBarP":0,"BarRetP":0},{"id":208,"time":148,"name":"Torquemada110","marginal_cost":155.1481550542,"value":155.1481550542,"DemBarE":0,"DemBarP":0,"BarRetP":0},{"id":208,"time":149,"name":"Torquemada110","marginal_cost":155.1481550542,"value":155.1481550542,"DemBarE":0,"DemBarP":0,"BarRetP":0},{"id":208,"time":150,"name":"Torquemada110","marginal_cost":155.1481550542,"value":155.1481550542,"DemBarE":0,"DemBarP":0,"BarRetP":0},{"id":208,"time":151,"name":"Torquemada110","marginal_cost":159.1629308107,"value":159.1629308107,"DemBarE":0,"DemBarP":0,"BarRetP":0},{"id":208,"time":152,"name":"Torquemada110","marginal_cost":158.6229092738,"value":158.6229092738,"DemBarE":0,"DemBarP":0,"BarRetP":0},{"id":208,"time":153,"name":"Torquemada110","marginal_cost":158.6229092738,"value":158.6229092738,"DemBarE":0,"DemBarP":0,"BarRetP":0},{"id":208,"time":154,"name":"Torquemada110","marginal_cost":158.2741010188,"value":158.2741010188,"DemBarE":0,"DemBarP":0,"BarRetP":0},{"id":208,"time":155,"name":"Torquemada110","marginal_cost":158.2741010188,"value":158.2741010188,"DemBarE":0,"DemBarP":0,"BarRetP":0},{"id":208,"time":156,"name":"Torquemada110","marginal_cost":158.7237890579,"value":158.7237890579,"DemBarE":0,"DemBarP":0,"BarRetP":0},{"id":208,"time":157,"name":"Torquemada110","marginal_cost":159.2812172547,"value":159.2812172547,"DemBarE":0,"DemBarP":0,"BarRetP":0},{"id":208,"time":158,"name":"Torquemada110","marginal_cost":159.2812172547,"value":159.2812172547,"DemBarE":0,"DemBarP":0,"BarRetP":0},{"id":208,"time":159,"name":"Torquemada110","marginal_cost":159.2812172547,"value":159.2812172547,"DemBarE":0,"DemBarP":0,"BarRetP":0},{"id":208,"time":160,"name":"Torquemada110","marginal_cost":159.2266594697,"value":159.2266594697,"DemBarE":0,"DemBarP":0,"BarRetP":0},{"id":208,"time":161,"name":"Torquemada110","marginal_cost":159.2266594697,"value":159.2266594697,"DemBarE":0,"DemBarP":0,"BarRetP":0},{"id":208,"time":162,"name":"Torquemada110","marginal_cost":160.6170260072,"value":160.6170260072,"DemBarE":0,"DemBarP":0,"BarRetP":0},{"id":208,"time":163,"name":"Torquemada110","marginal_cost":162.7275729301,"value":162.7275729301,"DemBarE":0,"DemBarP":0,"BarRetP":0},{"id":208,"time":164,"name":"Torquemada110","marginal_cost":162.7275729301,"value":162.7275729301,"DemBarE":0,"DemBarP":0,"BarRetP":0},{"id":208,"time":165,"name":"Torquemada110","marginal_cost":162.7275729301,"value":162.7275729301,"DemBarE":0,"DemBarP":0,"BarRetP":0},{"id":208,"time":166,"name":"Torquemada110","marginal_cost":162.7275729301,"value":162.7275729301,"DemBarE":0,"DemBarP":0,"BarRetP":0},{"id":208,"time":167,"name":"Torquemada110","marginal_cost":161.8474686369,"value":161.8474686369,"DemBarE":0,"DemBarP":0,"BarRetP":0},{"id":208,"time":168,"name":"Torquemada110","marginal_cost":161.4408936947,"value":161.4408936947,"DemBarE":0,"DemBarP":0,"BarRetP":0}]