[{"id":128,"time":1,"name":"Concepcion066","marginal_cost":158.8112006277,"value":158.8112006277,"DemBarE":0,"DemBarP":0,"BarRetP":0},{"id":128,"time":2,"name":"Concepcion066","marginal_cost":159.3744850653,"value":159.3744850653,"DemBarE":0,"DemBarP":0,"BarRetP":0},{"id":128,"time":3,"name":"Concepcion066","marginal_cost":157.9800346751,"value":157.9800346751,"DemBarE":0,"DemBarP":0,"BarRetP":0},{"id":128,"time":4,"name":"Concepcion066","marginal_cost":156.9023915646,"value":156.9023915646,"DemBarE":0,"DemBarP":0,"BarRetP":0},{"id":128,"time":5,"name":"Concepcion066","marginal_cost":139.4964285462,"value":139.4964285462,"DemBarE":0,"DemBarP":0,"BarRetP":0},{"id":128,"time":6,"name":"Concepcion066","marginal_cost":121.8608623891,"value":121.8608623891,"DemBarE":0,"DemBarP":0,"BarRetP":0},{"id":128,"time":7,"name":"Concepcion066","marginal_cost":165.0770931524,"value":165.0770931524,"DemBarE":0,"DemBarP":0,"BarRetP":0},{"id":128,"time":8,"name":"Concepcion066","marginal_cost":170.6785336736,"value":170.6785336736,"DemBarE":0,"DemBarP":0,"BarRetP":0},{"id":128,"time":9,"name":"Concepcion066","marginal_cost":162.6066536711,"value":162.6066536711,"DemBarE":0,"DemBarP":0,"BarRetP":0},{"id":128,"time":10,"name":"Concepcion066","marginal_cost":162.2002435749,"value":162.2002435749,"DemBarE":0,"DemBarP":0,"BarRetP":0},{"id":128,"time":11,"name":"Concepcion066","marginal_cost":162.4244898899,"value":162.4244898899,"DemBarE":0,"DemBarP":0,"BarRetP":0},{"id":128,"time":12,"name":"Concepcion066","marginal_cost":163.3248557964,"value":163.3248557964,"DemBarE":0,"DemBarP":0,"BarRetP":0},{"id":128,"time":13,"name":"Concepcion066","marginal_cost":163.4865650521,"value":163.4865650521,"DemBarE":0,"DemBarP":0,"BarRetP":0},{"id":128,"time":14,"name":"Concepcion066","marginal_cost":162.961404732,"value":162.961404732,"DemBarE":0,"DemBarP":0,"BarRetP":0},{"id":128,"time":15,"name":"Concepcion066","marginal_cost":164.0023207206,"value":164.0023207206,"DemBarE":0,"DemBarP":0,"BarRetP":0},{"id":128,"time":16,"name":"Concepcion066","marginal_cost":163.0604094355,"value":163.0604094355,"DemBarE":0,"DemBarP":0,"BarRetP":0},{"id":128,"time":17,"name":"Concepcion066","marginal_cost":161.6412458131,"value":161.6412458131,"DemBarE":0,"DemBarP":0,"BarRetP":0},{"id":128,"time":18,"name":"Concepcion066","marginal_cost":161.7855565795,"value":161.7855565795,"DemBarE":0,"DemBarP":0,"BarRetP":0},{"id":128,"time":19,"name":"Concepcion066","marginal_cost":179.4971546766,"value":179.4971546766,"DemBarE":0,"DemBarP":0,"BarRetP":0},{"id":128,"time":20,"name":"Concepcion066","marginal_cost":182.0929712412,"value":182.0929712412,"DemBarE":0,"DemBarP":0,"BarRetP":0},{"id":128,"time":21,"name":"Concepcion066","marginal_cost":171.8346453407,"value":171.8346453407,"DemBarE":0,"DemBarP":0,"BarRetP":0},{"id":128,"time":22,"name":"Concepcion066","marginal_cost":169.8784068004,"value":169.8784068004,"DemBarE":0,"DemBarP":0,"BarRetP":0},{"id":128,"time":23,"name":"Concepcion066","marginal_cost":168.2119255495,"value":168.2119255495,"DemBarE":0,"DemBarP":0,"BarRetP":0},{"id":128,"time":24,"name":"Concepcion066","marginal_cost":167.4085730071,"value":167.4085730071,"DemBarE":0,"DemBarP":0,"BarRetP":0},{"id":128,"time":25,"name":"Concepcion066","marginal_cost":157.2201515126,"value":157.2201515126,"DemBarE":0,"DemBarP":0,"BarRetP":0},{"id":128,"time":26,"name":"Concepcion066","marginal_cost":157.4414347639,"value":157.4414347639,"DemBarE":0,"DemBarP":0,"BarRetP":0},{"id":128,"time":27,"name":"Concepcion066","marginal_cost":157.1348941843,"value":157.1348941843,"DemBarE":0,"DemBarP":0,"BarRetP":0},{"id":128,"time":28,"name":"Concepcion066","marginal_cost":157.0118257257,"value":157.0118257257,"DemBarE":0,"DemBarP":0,"BarRetP":0},{"id":128,"time":29,"name":"Concepcion066","marginal_cost":156.2514376457,"value":156.2514376457,"DemBarE":0,"DemBarP":0,"BarRetP":0},{"id":128,"time":30,"name":"Concepcion066","marginal_cost":157.5276794812,"value":157.5276794812,"DemBarE":0,"DemBarP":0,"BarRetP":0},{"id":128,"time":31,"name":"Concepcion066","marginal_cost":163.1180111632,"value":163.1180111632,"DemBarE":0,"DemBarP":0,"BarRetP":0},{"id":128,"time":32,"name":"Concepcion066","marginal_cost":170.6840458379,"value":170.6840458379,"DemBarE":0,"DemBarP":0,"BarRetP":0},{"id":128,"time":33,"name":"Concepcion066","marginal_cost":162.2367118085,"value":162.2367118085,"DemBarE":0,"DemBarP":0,"BarRetP":0},{"id":128,"time":34,"name":"Concepcion066","marginal_cost":162.3591218186,"value":162.3591218186,"DemBarE":0,"DemBarP":0,"BarRetP":0},{"id":128,"time":35,"name":"Concepcion066","marginal_cost":162.4893533898,"value":162.4893533898,"DemBarE":0,"DemBarP":0,"BarRetP":0},{"id":128,"time":36,"name":"Concepcion066","marginal_cost":162.2716606939,"value":162.2716606939,"DemBarE":0,"DemBarP":0,"BarRetP":0},{"id":128,"time":37,"name":"Concepcion066","marginal_cost":161.738491525,"value":161.738491525,"DemBarE":0,"DemBarP":0,"BarRetP":0},{"id":128,"time":38,"name":"Concepcion066","marginal_cost":161.738491525,"value":161.738491525,"DemBarE":0,"DemBarP":0,"BarRetP":0},{"id":128,"time":39,"name":"Concepcion066","marginal_cost":161.738491525,"value":161.738491525,"DemBarE":0,"DemBarP":0,"BarRetP":0},{"id":128,"time":40,"name":"Concepcion066","marginal_cost":161.738491525,"value":161.738491525,"DemBarE":0,"DemBarP":0,"BarRetP":0},{"id":128,"time":41,"name":"Concepcion066","marginal_cost":160.0913687685,"value":160.0913687685,"DemBarE":0,"DemBarP":0,"BarRetP":0},{"id":128,"time":42,"name":"Concepcion066","marginal_cost":157.4408811168,"value":157.4408811168,"DemBarE":0,"DemBarP":0,"BarRetP":0},{"id":128,"time":43,"name":"Concepcion066","marginal_cost":160.6880089175,"value":160.6880089175,"DemBarE":0,"DemBarP":0,"BarRetP":0},{"id":128,"time":44,"name":"Concepcion066","marginal_cost":160.6880089175,"value":160.6880089175,"DemBarE":0,"DemBarP":0,"BarRetP":0},{"id":128,"time":45,"name":"Concepcion066","marginal_cost":160.4197672253,"value":160.4197672253,"DemBarE":0,"DemBarP":0,"BarRetP":0},{"id":128,"time":46,"name":"Concepcion066","marginal_cost":158.7804323133,"value":158.7804323133,"DemBarE":0,"DemBarP":0,"BarRetP":0},{"id":128,"time":47,"name":"Concepcion066","marginal_cost":156.6645170453,"value":156.6645170453,"DemBarE":0,"DemBarP":0,"BarRetP":0},{"id":128,"time":48,"name":"Concepcion066","marginal_cost":155.8435451728,"value":155.8435451728,"DemBarE":0,"DemBarP":0,"BarRetP":0},{"id":128,"time":49,"name":"Concepcion066","marginal_cost":148.6037272133,"value":148.6037272133,"DemBarE":0,"DemBarP":0,"BarRetP":0},{"id":128,"time":50,"name":"Concepcion066","marginal_cost":151.6443758303,"value":151.6443758303,"DemBarE":0,"DemBarP":0,"BarRetP":0},{"id":128,"time":51,"name":"Concepcion066","marginal_cost":152.0815289975,"value":152.0815289975,"DemBarE":0,"DemBarP":0,"BarRetP":0},{"id":128,"time":52,"name":"Concepcion066","marginal_cost":134.6814221889,"value":134.6814221889,"DemBarE":0,"DemBarP":0,"BarRetP":0},{"id":128,"time":53,"name":"Concepcion066","marginal_cost":134.6814221889,"value":134.6814221889,"DemBarE":0,"DemBarP":0,"BarRetP":0},{"id":128,"time":54,"name":"Concepcion066","marginal_cost":135.4830909147,"value":135.4830909147,"DemBarE":0,"DemBarP":0,"BarRetP":0},{"id":128,"time":55,"name":"Concepcion066","marginal_cost":135.9513762085,"value":135.9513762085,"DemBarE":0,"DemBarP":0,"BarRetP":0},{"id":128,"time":56,"name":"Concepcion066","marginal_cost":136.4318615999,"value":136.4318615999,"DemBarE":0,"DemBarP":0,"BarRetP":0},{"id":128,"time":57,"name":"Concepcion066","marginal_cost":125.8560537728,"value":125.8560537728,"DemBarE":0,"DemBarP":0,"BarRetP":0},{"id":128,"time":58,"name":"Concepcion066","marginal_cost":140.641797795,"value":140.641797795,"DemBarE":0,"DemBarP":0,"BarRetP":0},{"id":128,"time":59,"name":"Concepcion066","marginal_cost":110.1840149032,"value":110.1840149032,"DemBarE":0,"DemBarP":0,"BarRetP":0},{"id":128,"time":60,"name":"Concepcion066","marginal_cost":139.8963258304,"value":139.8963258304,"DemBarE":0,"DemBarP":0,"BarRetP":0},{"id":128,"time":61,"name":"Concepcion066","marginal_cost":139.9819278298,"value":139.9819278298,"DemBarE":0,"DemBarP":0,"BarRetP":0},{"id":128,"time":62,"name":"Concepcion066","marginal_cost":139.9819278298,"value":139.9819278298,"DemBarE":0,"DemBarP":0,"BarRetP":0},{"id":128,"time":63,"name":"Concepcion066","marginal_cost":122.7490290458,"value":122.7490290458,"DemBarE":0,"DemBarP":0,"BarRetP":0},{"id":128,"time":64,"name":"Concepcion066","marginal_cost":139.7732371957,"value":139.7732371957,"DemBarE":0,"DemBarP":0,"BarRetP":0},{"id":128,"time":65,"name":"Concepcion066","marginal_cost":139.4006453837,"value":139.4006453837,"DemBarE":0,"DemBarP":0,"BarRetP":0},{"id":128,"time":66,"name":"Concepcion066","marginal_cost":139.4006453837,"value":139.4006453837,"DemBarE":0,"DemBarP":0,"BarRetP":0},{"id":128,"time":67,"name":"Concepcion066","marginal_cost":171.2976631825,"value":171.2976631825,"DemBarE":0,"DemBarP":0,"BarRetP":0},{"id":128,"time":68,"name":"Concepcion066","marginal_cost":164.5394836735,"value":164.5394836735,"DemBarE":0,"DemBarP":0,"BarRetP":0},{"id":128,"time":69,"name":"Concepcion066","marginal_cost":164.5394836735,"value":164.5394836735,"DemBarE":0,"DemBarP":0,"BarRetP":0},{"id":128,"time":70,"name":"Concepcion066","marginal_cost":163.2071052952,"value":163.2071052952,"DemBarE":0,"DemBarP":0,"BarRetP":0},{"id":128,"time":71,"name":"Concepcion066","marginal_cost":156.4805366364,"value":156.4805366364,"DemBarE":0,"DemBarP":0,"BarRetP":0},{"id":128,"time":72,"name":"Concepcion066","marginal_cost":155.0231561782,"value":155.0231561782,"DemBarE":0,"DemBarP":0,"BarRetP":0},{"id":128,"time":73,"name":"Concepcion066","marginal_cost":154.9295147253,"value":154.9295147253,"DemBarE":0,"DemBarP":0,"BarRetP":0},{"id":128,"time":74,"name":"Concepcion066","marginal_cost":151.8830086227,"value":151.8830086227,"DemBarE":0,"DemBarP":0,"BarRetP":0},{"id":128,"time":75,"name":"Concepcion066","marginal_cost":138.657100119,"value":138.657100119,"DemBarE":0,"DemBarP":0,"BarRetP":0},{"id":128,"time":76,"name":"Concepcion066","marginal_cost":138.657100119,"value":138.657100119,"DemBarE":0,"DemBarP":0,"BarRetP":0},{"id":128,"time":77,"name":"Concepcion066","marginal_cost":138.657100119,"value":138.657100119,"DemBarE":0,"DemBarP":0,"BarRetP":0},{"id":128,"time":78,"name":"Concepcion066","marginal_cost":138.657100119,"value":138.657100119,"DemBarE":0,"DemBarP":0,"BarRetP":0},{"id":128,"time":79,"name":"Concepcion066","marginal_cost":138.657100119,"value":138.657100119,"DemBarE":0,"DemBarP":0,"BarRetP":0},{"id":128,"time":80,"name":"Concepcion066","marginal_cost":129.7563630952,"value":129.7563630952,"DemBarE":0,"DemBarP":0,"BarRetP":0},{"id":128,"time":81,"name":"Concepcion066","marginal_cost":129.7563630952,"value":129.7563630952,"DemBarE":0,"DemBarP":0,"BarRetP":0},{"id":128,"time":82,"name":"Concepcion066","marginal_cost":100.2464219535,"value":100.2464219535,"DemBarE":0,"DemBarP":0,"BarRetP":0},{"id":128,"time":83,"name":"Concepcion066","marginal_cost":100.2464219535,"value":100.2464219535,"DemBarE":0,"DemBarP":0,"BarRetP":0},{"id":128,"time":84,"name":"Concepcion066","marginal_cost":128.3261783695,"value":128.3261783695,"DemBarE":0,"DemBarP":0,"BarRetP":0},{"id":128,"time":85,"name":"Concepcion066","marginal_cost":128.3261783695,"value":128.3261783695,"DemBarE":0,"DemBarP":0,"BarRetP":0},{"id":128,"time":86,"name":"Concepcion066","marginal_cost":140.0534505466,"value":140.0534505466,"DemBarE":0,"DemBarP":0,"BarRetP":0},{"id":128,"time":87,"name":"Concepcion066","marginal_cost":140.0534505466,"value":140.0534505466,"DemBarE":0,"DemBarP":0,"BarRetP":0},{"id":128,"time":88,"name":"Concepcion066","marginal_cost":140.0534505466,"value":140.0534505466,"DemBarE":0,"DemBarP":0,"BarRetP":0},{"id":128,"time":89,"name":"Concepcion066","marginal_cost":140.0534505466,"value":140.0534505466,"DemBarE":0,"DemBarP":0,"BarRetP":0},{"id":128,"time":90,"name":"Concepcion066","marginal_cost":140.0534505466,"value":140.0534505466,"DemBarE":0,"DemBarP":0,"BarRetP":0},{"id":128,"time":91,"name":"Concepcion066","marginal_cost":159.5366716015,"value":159.5366716015,"DemBarE":0,"DemBarP":0,"BarRetP":0},{"id":128,"time":92,"name":"Concepcion066","marginal_cost":159.5366716015,"value":159.5366716015,"DemBarE":0,"DemBarP":0,"BarRetP":0},{"id":128,"time":93,"name":"Concepcion066","marginal_cost":161.0488100389,"value":161.0488100389,"DemBarE":0,"DemBarP":0,"BarRetP":0},{"id":128,"time":94,"name":"Concepcion066","marginal_cost":157.8160215902,"value":157.8160215902,"DemBarE":0,"DemBarP":0,"BarRetP":0},{"id":128,"time":95,"name":"Concepcion066","marginal_cost":156.9029606431,"value":156.9029606431,"DemBarE":0,"DemBarP":0,"BarRetP":0},{"id":128,"time":96,"name":"Concepcion066","marginal_cost":157.1000367127,"value":157.1000367127,"DemBarE":0,"DemBarP":0,"BarRetP":0},{"id":128,"time":97,"name":"Concepcion066","marginal_cost":157.6465923952,"value":157.6465923952,"DemBarE":0,"DemBarP":0,"BarRetP":0},{"id":128,"time":98,"name":"Concepcion066","marginal_cost":151.8920637767,"value":151.8920637767,"DemBarE":0,"DemBarP":0,"BarRetP":0},{"id":128,"time":99,"name":"Concepcion066","marginal_cost":151.3625567449,"value":151.3625567449,"DemBarE":0,"DemBarP":0,"BarRetP":0},{"id":128,"time":100,"name":"Concepcion066","marginal_cost":151.2333240178,"value":151.2333240178,"DemBarE":0,"DemBarP":0,"BarRetP":0},{"id":128,"time":101,"name":"Concepcion066","marginal_cost":151.2333240178,"value":151.2333240178,"DemBarE":0,"DemBarP":0,"BarRetP":0},{"id":128,"time":102,"name":"Concepcion066","marginal_cost":151.2333240178,"value":151.2333240178,"DemBarE":0,"DemBarP":0,"BarRetP":0},{"id":128,"time":103,"name":"Concepcion066","marginal_cost":159.0214604606,"value":159.0214604606,"DemBarE":0,"DemBarP":0,"BarRetP":0},{"id":128,"time":104,"name":"Concepcion066","marginal_cost":162.0046094916,"value":162.0046094916,"DemBarE":0,"DemBarP":0,"BarRetP":0},{"id":128,"time":105,"name":"Concepcion066","marginal_cost":162.0046094916,"value":162.0046094916,"DemBarE":0,"DemBarP":0,"BarRetP":0},{"id":128,"time":106,"name":"Concepcion066","marginal_cost":159.881058593,"value":159.881058593,"DemBarE":0,"DemBarP":0,"BarRetP":0},{"id":128,"time":107,"name":"Concepcion066","marginal_cost":160.4702528266,"value":160.4702528266,"DemBarE":0,"DemBarP":0,"BarRetP":0},{"id":128,"time":108,"name":"Concepcion066","marginal_cost":160.5398372351,"value":160.5398372351,"DemBarE":0,"DemBarP":0,"BarRetP":0},{"id":128,"time":109,"name":"Concepcion066","marginal_cost":160.5398372351,"value":160.5398372351,"DemBarE":0,"DemBarP":0,"BarRetP":0},{"id":128,"time":110,"name":"Concepcion066","marginal_cost":160.8174904532,"value":160.8174904532,"DemBarE":0,"DemBarP":0,"BarRetP":0},{"id":128,"time":111,"name":"Concepcion066","marginal_cost":160.945674805,"value":160.945674805,"DemBarE":0,"DemBarP":0,"BarRetP":0},{"id":128,"time":112,"name":"Concepcion066","marginal_cost":160.945674805,"value":160.945674805,"DemBarE":0,"DemBarP":0,"BarRetP":0},{"id":128,"time":113,"name":"Concepcion066","marginal_cost":162.522097866,"value":162.522097866,"DemBarE":0,"DemBarP":0,"BarRetP":0},{"id":128,"time":114,"name":"Concepcion066","marginal_cost":162.522097866,"value":162.522097866,"DemBarE":0,"DemBarP":0,"BarRetP":0},{"id":128,"time":115,"name":"Concepcion066","marginal_cost":162.522097866,"value":162.522097866,"DemBarE":0,"DemBarP":0,"BarRetP":0},{"id":128,"time":116,"name":"Concepcion066","marginal_cost":164.4140362445,"value":164.4140362445,"DemBarE":0,"DemBarP":0,"BarRetP":0},{"id":128,"time":117,"name":"Concepcion066","marginal_cost":164.4140362445,"value":164.4140362445,"DemBarE":0,"DemBarP":0,"BarRetP":0},{"id":128,"time":118,"name":"Concepcion066","marginal_cost":164.4140362445,"value":164.4140362445,"DemBarE":0,"DemBarP":0,"BarRetP":0},{"id":128,"time":119,"name":"Concepcion066","marginal_cost":164.1305961889,"value":164.1305961889,"DemBarE":0,"DemBarP":0,"BarRetP":0},{"id":128,"time":120,"name":"Concepcion066","marginal_cost":160.9706980461,"value":160.9706980461,"DemBarE":0,"DemBarP":0,"BarRetP":0},{"id":128,"time":121,"name":"Concepcion066","marginal_cost":156.5254211637,"value":156.5254211637,"DemBarE":0,"DemBarP":0,"BarRetP":0},{"id":128,"time":122,"name":"Concepcion066","marginal_cost":156.3821348809,"value":156.3821348809,"DemBarE":0,"DemBarP":0,"BarRetP":0},{"id":128,"time":123,"name":"Concepcion066","marginal_cost":151.986377495,"value":151.986377495,"DemBarE":0,"DemBarP":0,"BarRetP":0},{"id":128,"time":124,"name":"Concepcion066","marginal_cost":151.986377495,"value":151.986377495,"DemBarE":0,"DemBarP":0,"BarRetP":0},{"id":128,"time":125,"name":"Concepcion066","marginal_cost":151.986377495,"value":151.986377495,"DemBarE":0,"DemBarP":0,"BarRetP":0},{"id":128,"time":126,"name":"Concepcion066","marginal_cost":151.986377495,"value":151.986377495,"DemBarE":0,"DemBarP":0,"BarRetP":0},{"id":128,"time":127,"name":"Concepcion066","marginal_cost":159.5077268738,"value":159.5077268738,"DemBarE":0,"DemBarP":0,"BarRetP":0},{"id":128,"time":128,"name":"Concepcion066","marginal_cost":166.0144060037,"value":166.0144060037,"DemBarE":0,"DemBarP":0,"BarRetP":0},{"id":128,"time":129,"name":"Concepcion066","marginal_cost":163.3682535665,"value":163.3682535665,"DemBarE":0,"DemBarP":0,"BarRetP":0},{"id":128,"time":130,"name":"Concepcion066","marginal_cost":167.1503507803,"value":167.1503507803,"DemBarE":0,"DemBarP":0,"BarRetP":0},{"id":128,"time":131,"name":"Concepcion066","marginal_cost":166.5061162114,"value":166.5061162114,"DemBarE":0,"DemBarP":0,"BarRetP":0},{"id":128,"time":132,"name":"Concepcion066","marginal_cost":167.7054014851,"value":167.7054014851,"DemBarE":0,"DemBarP":0,"BarRetP":0},{"id":128,"time":133,"name":"Concepcion066","marginal_cost":166.7822671524,"value":166.7822671524,"DemBarE":0,"DemBarP":0,"BarRetP":0},{"id":128,"time":134,"name":"Concepcion066","marginal_cost":166.7822671524,"value":166.7822671524,"DemBarE":0,"DemBarP":0,"BarRetP":0},{"id":128,"time":135,"name":"Concepcion066","marginal_cost":166.7822671524,"value":166.7822671524,"DemBarE":0,"DemBarP":0,"BarRetP":0},{"id":128,"time":136,"name":"Concepcion066","marginal_cost":166.7822671524,"value":166.7822671524,"DemBarE":0,"DemBarP":0,"BarRetP":0},{"id":128,"time":137,"name":"Concepcion066","marginal_cost":166.4483971061,"value":166.4483971061,"DemBarE":0,"DemBarP":0,"BarRetP":0},{"id":128,"time":138,"name":"Concepcion066","marginal_cost":166.4483971061,"value":166.4483971061,"DemBarE":0,"DemBarP":0,"BarRetP":0},{"id":128,"time":139,"name":"Concepcion066","marginal_cost":166.4483971061,"value":166.4483971061,"DemBarE":0,"DemBarP":0,"BarRetP":0},{"id":128,"time":140,"name":"Concepcion066","marginal_cost":166.4483971061,"value":166.4483971061,"DemBarE":0,"DemBarP":0,"BarRetP":0},{"id":128,"time":141,"name":"Concepcion066","marginal_cost":166.4483971061,"value":166.4483971061,"DemBarE":0,"DemBarP":0,"BarRetP":0},{"id":128,"time":142,"name":"Concepcion066","marginal_cost":166.4483971061,"value":166.4483971061,"DemBarE":0,"DemBarP":0,"BarRetP":0},{"id":128,"time":143,"name":"Concepcion066","marginal_cost":165.0071413079,"value":165.0071413079,"DemBarE":0,"DemBarP":0,"BarRetP":0},{"id":128,"time":144,"name":"Concepcion066","marginal_cost":165.4760794723,"value":165.4760794723,"DemBarE":0,"DemBarP":0,"BarRetP":0},{"id":128,"time":145,"name":"Concepcion066","marginal_cost":163.310648348,"value":163.310648348,"DemBarE":0,"DemBarP":0,"BarRetP":0},{"id":128,"time":146,"name":"Concepcion066","marginal_cost":162.0430198136,"value":162.0430198136,"DemBarE":0,"DemBarP":0,"BarRetP":0},{"id":128,"time":147,"name":"Concepcion066","marginal_cost":158.8399457312,"value":158.8399457312,"DemBarE":0,"DemBarP":0,"BarRetP":0},{"id":128,"time":148,"name":"Concepcion066","marginal_cost":158.8399457312,"value":158.8399457312,"DemBarE":0,"DemBarP":0,"BarRetP":0},{"id":128,"time":149,"name":"Concepcion066","marginal_cost":158.8399457312,"value":158.8399457312,"DemBarE":0,"DemBarP":0,"BarRetP":0},{"id":128,"time":150,"name":"Concepcion066","marginal_cost":158.8399457312,"value":158.8399457312,"DemBarE":0,"DemBarP":0,"BarRetP":0},{"id":128,"time":151,"name":"Concepcion066","marginal_cost":162.686433718,"value":162.686433718,"DemBarE":0,"DemBarP":0,"BarRetP":0},{"id":128,"time":152,"name":"Concepcion066","marginal_cost":166.6437939072,"value":166.6437939072,"DemBarE":0,"DemBarP":0,"BarRetP":0},{"id":128,"time":153,"name":"Concepcion066","marginal_cost":166.6437939072,"value":166.6437939072,"DemBarE":0,"DemBarP":0,"BarRetP":0},{"id":128,"time":154,"name":"Concepcion066","marginal_cost":166.2444537605,"value":166.2444537605,"DemBarE":0,"DemBarP":0,"BarRetP":0},{"id":128,"time":155,"name":"Concepcion066","marginal_cost":166.2444537605,"value":166.2444537605,"DemBarE":0,"DemBarP":0,"BarRetP":0},{"id":128,"time":156,"name":"Concepcion066","marginal_cost":167.2788864083,"value":167.2788864083,"DemBarE":0,"DemBarP":0,"BarRetP":0},{"id":128,"time":157,"name":"Concepcion066","marginal_cost":167.8400287253,"value":167.8400287253,"DemBarE":0,"DemBarP":0,"BarRetP":0},{"id":128,"time":158,"name":"Concepcion066","marginal_cost":167.8400287253,"value":167.8400287253,"DemBarE":0,"DemBarP":0,"BarRetP":0},{"id":128,"time":159,"name":"Concepcion066","marginal_cost":167.8400287253,"value":167.8400287253,"DemBarE":0,"DemBarP":0,"BarRetP":0},{"id":128,"time":160,"name":"Concepcion066","marginal_cost":166.9924177208,"value":166.9924177208,"DemBarE":0,"DemBarP":0,"BarRetP":0},{"id":128,"time":161,"name":"Concepcion066","marginal_cost":166.9924177208,"value":166.9924177208,"DemBarE":0,"DemBarP":0,"BarRetP":0},{"id":128,"time":162,"name":"Concepcion066","marginal_cost":166.9058540351,"value":166.9058540351,"DemBarE":0,"DemBarP":0,"BarRetP":0},{"id":128,"time":163,"name":"Concepcion066","marginal_cost":168.003955203,"value":168.003955203,"DemBarE":0,"DemBarP":0,"BarRetP":0},{"id":128,"time":164,"name":"Concepcion066","marginal_cost":168.003955203,"value":168.003955203,"DemBarE":0,"DemBarP":0,"BarRetP":0},{"id":128,"time":165,"name":"Concepcion066","marginal_cost":168.003955203,"value":168.003955203,"DemBarE":0,"DemBarP":0,"BarRetP":0},{"id":128,"time":166,"name":"Concepcion066","marginal_cost":168.003955203,"value":168.003955203,"DemBarE":0,"DemBarP":0,"BarRetP":0},{"id":128,"time":167,"name":"Concepcion066","marginal_cost":167.9153261696,"value":167.9153261696,"DemBarE":0,"DemBarP":0,"BarRetP":0},{"id":128,"time":168,"name":"Concepcion066","marginal_cost":166.6898832249,"value":166.6898832249,"DemBarE":0,"DemBarP":0,"BarRetP":0}]