[{"id":130,"time":1,"name":"Constitucion066","marginal_cost":138.8103882272,"value":138.8103882272,"DemBarE":0,"DemBarP":0,"BarRetP":0},{"id":130,"time":2,"name":"Constitucion066","marginal_cost":133.0849704533,"value":133.0849704533,"DemBarE":0,"DemBarP":0,"BarRetP":0},{"id":130,"time":3,"name":"Constitucion066","marginal_cost":130.1515958459,"value":130.1515958459,"DemBarE":0,"DemBarP":0,"BarRetP":0},{"id":130,"time":4,"name":"Constitucion066","marginal_cost":128.0038317495,"value":128.0038317495,"DemBarE":0,"DemBarP":0,"BarRetP":0},{"id":130,"time":5,"name":"Constitucion066","marginal_cost":113.9623110014,"value":113.9623110014,"DemBarE":0,"DemBarP":0,"BarRetP":0},{"id":130,"time":6,"name":"Constitucion066","marginal_cost":99.2435019149,"value":99.2435019149,"DemBarE":0,"DemBarP":0,"BarRetP":0},{"id":130,"time":7,"name":"Constitucion066","marginal_cost":142.1837552926,"value":142.1837552926,"DemBarE":0,"DemBarP":0,"BarRetP":0},{"id":130,"time":8,"name":"Constitucion066","marginal_cost":161.7064917384,"value":161.7064917384,"DemBarE":0,"DemBarP":0,"BarRetP":0},{"id":130,"time":9,"name":"Constitucion066","marginal_cost":167.4011091745,"value":167.4011091745,"DemBarE":0,"DemBarP":0,"BarRetP":0},{"id":130,"time":10,"name":"Constitucion066","marginal_cost":171.5712430643,"value":171.5712430643,"DemBarE":0,"DemBarP":0,"BarRetP":0},{"id":130,"time":11,"name":"Constitucion066","marginal_cost":172.7959263056,"value":172.7959263056,"DemBarE":0,"DemBarP":0,"BarRetP":0},{"id":130,"time":12,"name":"Constitucion066","marginal_cost":168.1990032409,"value":168.1990032409,"DemBarE":0,"DemBarP":0,"BarRetP":0},{"id":130,"time":13,"name":"Constitucion066","marginal_cost":148.6183555589,"value":148.6183555589,"DemBarE":0,"DemBarP":0,"BarRetP":0},{"id":130,"time":14,"name":"Constitucion066","marginal_cost":147.2275653813,"value":147.2275653813,"DemBarE":0,"DemBarP":0,"BarRetP":0},{"id":130,"time":15,"name":"Constitucion066","marginal_cost":152.0337960503,"value":152.0337960503,"DemBarE":0,"DemBarP":0,"BarRetP":0},{"id":130,"time":16,"name":"Constitucion066","marginal_cost":150.5111379891,"value":150.5111379891,"DemBarE":0,"DemBarP":0,"BarRetP":0},{"id":130,"time":17,"name":"Constitucion066","marginal_cost":142.9995653523,"value":142.9995653523,"DemBarE":0,"DemBarP":0,"BarRetP":0},{"id":130,"time":18,"name":"Constitucion066","marginal_cost":123.9836886407,"value":123.9836886407,"DemBarE":0,"DemBarP":0,"BarRetP":0},{"id":130,"time":19,"name":"Constitucion066","marginal_cost":144.642670122,"value":144.642670122,"DemBarE":0,"DemBarP":0,"BarRetP":0},{"id":130,"time":20,"name":"Constitucion066","marginal_cost":162.0510711091,"value":162.0510711091,"DemBarE":0,"DemBarP":0,"BarRetP":0},{"id":130,"time":21,"name":"Constitucion066","marginal_cost":148.8773140668,"value":148.8773140668,"DemBarE":0,"DemBarP":0,"BarRetP":0},{"id":130,"time":22,"name":"Constitucion066","marginal_cost":146.9807439207,"value":146.9807439207,"DemBarE":0,"DemBarP":0,"BarRetP":0},{"id":130,"time":23,"name":"Constitucion066","marginal_cost":145.0194774706,"value":145.0194774706,"DemBarE":0,"DemBarP":0,"BarRetP":0},{"id":130,"time":24,"name":"Constitucion066","marginal_cost":150.5236426519,"value":150.5236426519,"DemBarE":0,"DemBarP":0,"BarRetP":0},{"id":130,"time":25,"name":"Constitucion066","marginal_cost":136.705360887,"value":136.705360887,"DemBarE":0,"DemBarP":0,"BarRetP":0},{"id":130,"time":26,"name":"Constitucion066","marginal_cost":131.584107463,"value":131.584107463,"DemBarE":0,"DemBarP":0,"BarRetP":0},{"id":130,"time":27,"name":"Constitucion066","marginal_cost":129.5595960675,"value":129.5595960675,"DemBarE":0,"DemBarP":0,"BarRetP":0},{"id":130,"time":28,"name":"Constitucion066","marginal_cost":129.4570177001,"value":129.4570177001,"DemBarE":0,"DemBarP":0,"BarRetP":0},{"id":130,"time":29,"name":"Constitucion066","marginal_cost":127.4809061845,"value":127.4809061845,"DemBarE":0,"DemBarP":0,"BarRetP":0},{"id":130,"time":30,"name":"Constitucion066","marginal_cost":131.0728306421,"value":131.0728306421,"DemBarE":0,"DemBarP":0,"BarRetP":0},{"id":130,"time":31,"name":"Constitucion066","marginal_cost":144.3537613237,"value":144.3537613237,"DemBarE":0,"DemBarP":0,"BarRetP":0},{"id":130,"time":32,"name":"Constitucion066","marginal_cost":168.8410481449,"value":168.8410481449,"DemBarE":0,"DemBarP":0,"BarRetP":0},{"id":130,"time":33,"name":"Constitucion066","marginal_cost":167.5041355173,"value":167.5041355173,"DemBarE":0,"DemBarP":0,"BarRetP":0},{"id":130,"time":34,"name":"Constitucion066","marginal_cost":173.1624795649,"value":173.1624795649,"DemBarE":0,"DemBarP":0,"BarRetP":0},{"id":130,"time":35,"name":"Constitucion066","marginal_cost":170.366953213,"value":170.366953213,"DemBarE":0,"DemBarP":0,"BarRetP":0},{"id":130,"time":36,"name":"Constitucion066","marginal_cost":170.186058004,"value":170.186058004,"DemBarE":0,"DemBarP":0,"BarRetP":0},{"id":130,"time":37,"name":"Constitucion066","marginal_cost":157.4709534363,"value":157.4709534363,"DemBarE":0,"DemBarP":0,"BarRetP":0},{"id":130,"time":38,"name":"Constitucion066","marginal_cost":157.4709534363,"value":157.4709534363,"DemBarE":0,"DemBarP":0,"BarRetP":0},{"id":130,"time":39,"name":"Constitucion066","marginal_cost":157.4709534363,"value":157.4709534363,"DemBarE":0,"DemBarP":0,"BarRetP":0},{"id":130,"time":40,"name":"Constitucion066","marginal_cost":157.4709534363,"value":157.4709534363,"DemBarE":0,"DemBarP":0,"BarRetP":0},{"id":130,"time":41,"name":"Constitucion066","marginal_cost":149.694794193,"value":149.694794193,"DemBarE":0,"DemBarP":0,"BarRetP":0},{"id":130,"time":42,"name":"Constitucion066","marginal_cost":126.2004390793,"value":126.2004390793,"DemBarE":0,"DemBarP":0,"BarRetP":0},{"id":130,"time":43,"name":"Constitucion066","marginal_cost":140.3712681428,"value":140.3712681428,"DemBarE":0,"DemBarP":0,"BarRetP":0},{"id":130,"time":44,"name":"Constitucion066","marginal_cost":140.3712681428,"value":140.3712681428,"DemBarE":0,"DemBarP":0,"BarRetP":0},{"id":130,"time":45,"name":"Constitucion066","marginal_cost":141.2816144717,"value":141.2816144717,"DemBarE":0,"DemBarP":0,"BarRetP":0},{"id":130,"time":46,"name":"Constitucion066","marginal_cost":139.7735265758,"value":139.7735265758,"DemBarE":0,"DemBarP":0,"BarRetP":0},{"id":130,"time":47,"name":"Constitucion066","marginal_cost":136.2216673447,"value":136.2216673447,"DemBarE":0,"DemBarP":0,"BarRetP":0},{"id":130,"time":48,"name":"Constitucion066","marginal_cost":141.7512900037,"value":141.7512900037,"DemBarE":0,"DemBarP":0,"BarRetP":0},{"id":130,"time":49,"name":"Constitucion066","marginal_cost":129.2149034833,"value":129.2149034833,"DemBarE":0,"DemBarP":0,"BarRetP":0},{"id":130,"time":50,"name":"Constitucion066","marginal_cost":130.3030267378,"value":130.3030267378,"DemBarE":0,"DemBarP":0,"BarRetP":0},{"id":130,"time":51,"name":"Constitucion066","marginal_cost":130.2044277942,"value":130.2044277942,"DemBarE":0,"DemBarP":0,"BarRetP":0},{"id":130,"time":52,"name":"Constitucion066","marginal_cost":111.8060174386,"value":111.8060174386,"DemBarE":0,"DemBarP":0,"BarRetP":0},{"id":130,"time":53,"name":"Constitucion066","marginal_cost":111.8060174386,"value":111.8060174386,"DemBarE":0,"DemBarP":0,"BarRetP":0},{"id":130,"time":54,"name":"Constitucion066","marginal_cost":109.5073817456,"value":109.5073817456,"DemBarE":0,"DemBarP":0,"BarRetP":0},{"id":130,"time":55,"name":"Constitucion066","marginal_cost":113.4980791763,"value":113.4980791763,"DemBarE":0,"DemBarP":0,"BarRetP":0},{"id":130,"time":56,"name":"Constitucion066","marginal_cost":122.4089297166,"value":122.4089297166,"DemBarE":0,"DemBarP":0,"BarRetP":0},{"id":130,"time":57,"name":"Constitucion066","marginal_cost":110.4066310076,"value":110.4066310076,"DemBarE":0,"DemBarP":0,"BarRetP":0},{"id":130,"time":58,"name":"Constitucion066","marginal_cost":123.5854037272,"value":123.5854037272,"DemBarE":0,"DemBarP":0,"BarRetP":0},{"id":130,"time":59,"name":"Constitucion066","marginal_cost":97.4799814963,"value":97.4799814963,"DemBarE":0,"DemBarP":0,"BarRetP":0},{"id":130,"time":60,"name":"Constitucion066","marginal_cost":121.3834579018,"value":121.3834579018,"DemBarE":0,"DemBarP":0,"BarRetP":0},{"id":130,"time":61,"name":"Constitucion066","marginal_cost":119.8090257192,"value":119.8090257192,"DemBarE":0,"DemBarP":0,"BarRetP":0},{"id":130,"time":62,"name":"Constitucion066","marginal_cost":119.8090257192,"value":119.8090257192,"DemBarE":0,"DemBarP":0,"BarRetP":0},{"id":130,"time":63,"name":"Constitucion066","marginal_cost":103.3270700073,"value":103.3270700073,"DemBarE":0,"DemBarP":0,"BarRetP":0},{"id":130,"time":64,"name":"Constitucion066","marginal_cost":117.1746935461,"value":117.1746935461,"DemBarE":0,"DemBarP":0,"BarRetP":0},{"id":130,"time":65,"name":"Constitucion066","marginal_cost":109.9288239849,"value":109.9288239849,"DemBarE":0,"DemBarP":0,"BarRetP":0},{"id":130,"time":66,"name":"Constitucion066","marginal_cost":109.9288239849,"value":109.9288239849,"DemBarE":0,"DemBarP":0,"BarRetP":0},{"id":130,"time":67,"name":"Constitucion066","marginal_cost":149.371062227,"value":149.371062227,"DemBarE":0,"DemBarP":0,"BarRetP":0},{"id":130,"time":68,"name":"Constitucion066","marginal_cost":150.8391001056,"value":150.8391001056,"DemBarE":0,"DemBarP":0,"BarRetP":0},{"id":130,"time":69,"name":"Constitucion066","marginal_cost":150.8391001056,"value":150.8391001056,"DemBarE":0,"DemBarP":0,"BarRetP":0},{"id":130,"time":70,"name":"Constitucion066","marginal_cost":144.8743326416,"value":144.8743326416,"DemBarE":0,"DemBarP":0,"BarRetP":0},{"id":130,"time":71,"name":"Constitucion066","marginal_cost":136.395386966,"value":136.395386966,"DemBarE":0,"DemBarP":0,"BarRetP":0},{"id":130,"time":72,"name":"Constitucion066","marginal_cost":135.2731842484,"value":135.2731842484,"DemBarE":0,"DemBarP":0,"BarRetP":0},{"id":130,"time":73,"name":"Constitucion066","marginal_cost":132.0126606724,"value":132.0126606724,"DemBarE":0,"DemBarP":0,"BarRetP":0},{"id":130,"time":74,"name":"Constitucion066","marginal_cost":122.4746413071,"value":122.4746413071,"DemBarE":0,"DemBarP":0,"BarRetP":0},{"id":130,"time":75,"name":"Constitucion066","marginal_cost":109.8861883997,"value":109.8861883997,"DemBarE":0,"DemBarP":0,"BarRetP":0},{"id":130,"time":76,"name":"Constitucion066","marginal_cost":109.8861883997,"value":109.8861883997,"DemBarE":0,"DemBarP":0,"BarRetP":0},{"id":130,"time":77,"name":"Constitucion066","marginal_cost":109.8861883997,"value":109.8861883997,"DemBarE":0,"DemBarP":0,"BarRetP":0},{"id":130,"time":78,"name":"Constitucion066","marginal_cost":109.8861883997,"value":109.8861883997,"DemBarE":0,"DemBarP":0,"BarRetP":0},{"id":130,"time":79,"name":"Constitucion066","marginal_cost":109.8861883997,"value":109.8861883997,"DemBarE":0,"DemBarP":0,"BarRetP":0},{"id":130,"time":80,"name":"Constitucion066","marginal_cost":110.3684398513,"value":110.3684398513,"DemBarE":0,"DemBarP":0,"BarRetP":0},{"id":130,"time":81,"name":"Constitucion066","marginal_cost":110.3684398513,"value":110.3684398513,"DemBarE":0,"DemBarP":0,"BarRetP":0},{"id":130,"time":82,"name":"Constitucion066","marginal_cost":82.926634853,"value":82.926634853,"DemBarE":0,"DemBarP":0,"BarRetP":0},{"id":130,"time":83,"name":"Constitucion066","marginal_cost":82.926634853,"value":82.926634853,"DemBarE":0,"DemBarP":0,"BarRetP":0},{"id":130,"time":84,"name":"Constitucion066","marginal_cost":110.5828219274,"value":110.5828219274,"DemBarE":0,"DemBarP":0,"BarRetP":0},{"id":130,"time":85,"name":"Constitucion066","marginal_cost":110.5828219274,"value":110.5828219274,"DemBarE":0,"DemBarP":0,"BarRetP":0},{"id":130,"time":86,"name":"Constitucion066","marginal_cost":114.8575801944,"value":114.8575801944,"DemBarE":0,"DemBarP":0,"BarRetP":0},{"id":130,"time":87,"name":"Constitucion066","marginal_cost":114.8575801944,"value":114.8575801944,"DemBarE":0,"DemBarP":0,"BarRetP":0},{"id":130,"time":88,"name":"Constitucion066","marginal_cost":114.8575801944,"value":114.8575801944,"DemBarE":0,"DemBarP":0,"BarRetP":0},{"id":130,"time":89,"name":"Constitucion066","marginal_cost":114.8575801944,"value":114.8575801944,"DemBarE":0,"DemBarP":0,"BarRetP":0},{"id":130,"time":90,"name":"Constitucion066","marginal_cost":114.8575801944,"value":114.8575801944,"DemBarE":0,"DemBarP":0,"BarRetP":0},{"id":130,"time":91,"name":"Constitucion066","marginal_cost":143.7001387875,"value":143.7001387875,"DemBarE":0,"DemBarP":0,"BarRetP":0},{"id":130,"time":92,"name":"Constitucion066","marginal_cost":143.7001387875,"value":143.7001387875,"DemBarE":0,"DemBarP":0,"BarRetP":0},{"id":130,"time":93,"name":"Constitucion066","marginal_cost":145.8195441771,"value":145.8195441771,"DemBarE":0,"DemBarP":0,"BarRetP":0},{"id":130,"time":94,"name":"Constitucion066","marginal_cost":143.5377658508,"value":143.5377658508,"DemBarE":0,"DemBarP":0,"BarRetP":0},{"id":130,"time":95,"name":"Constitucion066","marginal_cost":136.4015643265,"value":136.4015643265,"DemBarE":0,"DemBarP":0,"BarRetP":0},{"id":130,"time":96,"name":"Constitucion066","marginal_cost":134.7561987909,"value":134.7561987909,"DemBarE":0,"DemBarP":0,"BarRetP":0},{"id":130,"time":97,"name":"Constitucion066","marginal_cost":130.5998251689,"value":130.5998251689,"DemBarE":0,"DemBarP":0,"BarRetP":0},{"id":130,"time":98,"name":"Constitucion066","marginal_cost":122.604796451,"value":122.604796451,"DemBarE":0,"DemBarP":0,"BarRetP":0},{"id":130,"time":99,"name":"Constitucion066","marginal_cost":120.3953891439,"value":120.3953891439,"DemBarE":0,"DemBarP":0,"BarRetP":0},{"id":130,"time":100,"name":"Constitucion066","marginal_cost":116.3005063111,"value":116.3005063111,"DemBarE":0,"DemBarP":0,"BarRetP":0},{"id":130,"time":101,"name":"Constitucion066","marginal_cost":116.3005063111,"value":116.3005063111,"DemBarE":0,"DemBarP":0,"BarRetP":0},{"id":130,"time":102,"name":"Constitucion066","marginal_cost":116.3005063111,"value":116.3005063111,"DemBarE":0,"DemBarP":0,"BarRetP":0},{"id":130,"time":103,"name":"Constitucion066","marginal_cost":125.7591003197,"value":125.7591003197,"DemBarE":0,"DemBarP":0,"BarRetP":0},{"id":130,"time":104,"name":"Constitucion066","marginal_cost":159.9161347256,"value":159.9161347256,"DemBarE":0,"DemBarP":0,"BarRetP":0},{"id":130,"time":105,"name":"Constitucion066","marginal_cost":159.9161347256,"value":159.9161347256,"DemBarE":0,"DemBarP":0,"BarRetP":0},{"id":130,"time":106,"name":"Constitucion066","marginal_cost":165.0383266675,"value":165.0383266675,"DemBarE":0,"DemBarP":0,"BarRetP":0},{"id":130,"time":107,"name":"Constitucion066","marginal_cost":164.7110574254,"value":164.7110574254,"DemBarE":0,"DemBarP":0,"BarRetP":0},{"id":130,"time":108,"name":"Constitucion066","marginal_cost":153.4299881235,"value":153.4299881235,"DemBarE":0,"DemBarP":0,"BarRetP":0},{"id":130,"time":109,"name":"Constitucion066","marginal_cost":153.4299881235,"value":153.4299881235,"DemBarE":0,"DemBarP":0,"BarRetP":0},{"id":130,"time":110,"name":"Constitucion066","marginal_cost":148.8719967708,"value":148.8719967708,"DemBarE":0,"DemBarP":0,"BarRetP":0},{"id":130,"time":111,"name":"Constitucion066","marginal_cost":157.9511519436,"value":157.9511519436,"DemBarE":0,"DemBarP":0,"BarRetP":0},{"id":130,"time":112,"name":"Constitucion066","marginal_cost":157.9511519436,"value":157.9511519436,"DemBarE":0,"DemBarP":0,"BarRetP":0},{"id":130,"time":113,"name":"Constitucion066","marginal_cost":147.7284591163,"value":147.7284591163,"DemBarE":0,"DemBarP":0,"BarRetP":0},{"id":130,"time":114,"name":"Constitucion066","marginal_cost":147.7284591163,"value":147.7284591163,"DemBarE":0,"DemBarP":0,"BarRetP":0},{"id":130,"time":115,"name":"Constitucion066","marginal_cost":147.7284591163,"value":147.7284591163,"DemBarE":0,"DemBarP":0,"BarRetP":0},{"id":130,"time":116,"name":"Constitucion066","marginal_cost":143.5979441415,"value":143.5979441415,"DemBarE":0,"DemBarP":0,"BarRetP":0},{"id":130,"time":117,"name":"Constitucion066","marginal_cost":143.5979441415,"value":143.5979441415,"DemBarE":0,"DemBarP":0,"BarRetP":0},{"id":130,"time":118,"name":"Constitucion066","marginal_cost":143.5979441415,"value":143.5979441415,"DemBarE":0,"DemBarP":0,"BarRetP":0},{"id":130,"time":119,"name":"Constitucion066","marginal_cost":145.0293987596,"value":145.0293987596,"DemBarE":0,"DemBarP":0,"BarRetP":0},{"id":130,"time":120,"name":"Constitucion066","marginal_cost":144.1355314116,"value":144.1355314116,"DemBarE":0,"DemBarP":0,"BarRetP":0},{"id":130,"time":121,"name":"Constitucion066","marginal_cost":136.3528311279,"value":136.3528311279,"DemBarE":0,"DemBarP":0,"BarRetP":0},{"id":130,"time":122,"name":"Constitucion066","marginal_cost":130.4776042386,"value":130.4776042386,"DemBarE":0,"DemBarP":0,"BarRetP":0},{"id":130,"time":123,"name":"Constitucion066","marginal_cost":124.9704530194,"value":124.9704530194,"DemBarE":0,"DemBarP":0,"BarRetP":0},{"id":130,"time":124,"name":"Constitucion066","marginal_cost":124.9704530194,"value":124.9704530194,"DemBarE":0,"DemBarP":0,"BarRetP":0},{"id":130,"time":125,"name":"Constitucion066","marginal_cost":124.9704530194,"value":124.9704530194,"DemBarE":0,"DemBarP":0,"BarRetP":0},{"id":130,"time":126,"name":"Constitucion066","marginal_cost":124.9704530194,"value":124.9704530194,"DemBarE":0,"DemBarP":0,"BarRetP":0},{"id":130,"time":127,"name":"Constitucion066","marginal_cost":139.9644960427,"value":139.9644960427,"DemBarE":0,"DemBarP":0,"BarRetP":0},{"id":130,"time":128,"name":"Constitucion066","marginal_cost":163.1307522948,"value":163.1307522948,"DemBarE":0,"DemBarP":0,"BarRetP":0},{"id":130,"time":129,"name":"Constitucion066","marginal_cost":168.2836693595,"value":168.2836693595,"DemBarE":0,"DemBarP":0,"BarRetP":0},{"id":130,"time":130,"name":"Constitucion066","marginal_cost":176.6099895086,"value":176.6099895086,"DemBarE":0,"DemBarP":0,"BarRetP":0},{"id":130,"time":131,"name":"Constitucion066","marginal_cost":174.2916172574,"value":174.2916172574,"DemBarE":0,"DemBarP":0,"BarRetP":0},{"id":130,"time":132,"name":"Constitucion066","marginal_cost":175.8311838847,"value":175.8311838847,"DemBarE":0,"DemBarP":0,"BarRetP":0},{"id":130,"time":133,"name":"Constitucion066","marginal_cost":161.1653576079,"value":161.1653576079,"DemBarE":0,"DemBarP":0,"BarRetP":0},{"id":130,"time":134,"name":"Constitucion066","marginal_cost":161.1653576079,"value":161.1653576079,"DemBarE":0,"DemBarP":0,"BarRetP":0},{"id":130,"time":135,"name":"Constitucion066","marginal_cost":161.1653576079,"value":161.1653576079,"DemBarE":0,"DemBarP":0,"BarRetP":0},{"id":130,"time":136,"name":"Constitucion066","marginal_cost":161.1653576079,"value":161.1653576079,"DemBarE":0,"DemBarP":0,"BarRetP":0},{"id":130,"time":137,"name":"Constitucion066","marginal_cost":146.1208616682,"value":146.1208616682,"DemBarE":0,"DemBarP":0,"BarRetP":0},{"id":130,"time":138,"name":"Constitucion066","marginal_cost":146.1208616682,"value":146.1208616682,"DemBarE":0,"DemBarP":0,"BarRetP":0},{"id":130,"time":139,"name":"Constitucion066","marginal_cost":146.1208616682,"value":146.1208616682,"DemBarE":0,"DemBarP":0,"BarRetP":0},{"id":130,"time":140,"name":"Constitucion066","marginal_cost":146.1208616682,"value":146.1208616682,"DemBarE":0,"DemBarP":0,"BarRetP":0},{"id":130,"time":141,"name":"Constitucion066","marginal_cost":146.1208616682,"value":146.1208616682,"DemBarE":0,"DemBarP":0,"BarRetP":0},{"id":130,"time":142,"name":"Constitucion066","marginal_cost":146.1208616682,"value":146.1208616682,"DemBarE":0,"DemBarP":0,"BarRetP":0},{"id":130,"time":143,"name":"Constitucion066","marginal_cost":142.6131401908,"value":142.6131401908,"DemBarE":0,"DemBarP":0,"BarRetP":0},{"id":130,"time":144,"name":"Constitucion066","marginal_cost":150.1292442237,"value":150.1292442237,"DemBarE":0,"DemBarP":0,"BarRetP":0},{"id":130,"time":145,"name":"Constitucion066","marginal_cost":141.7254196894,"value":141.7254196894,"DemBarE":0,"DemBarP":0,"BarRetP":0},{"id":130,"time":146,"name":"Constitucion066","marginal_cost":135.0078686374,"value":135.0078686374,"DemBarE":0,"DemBarP":0,"BarRetP":0},{"id":130,"time":147,"name":"Constitucion066","marginal_cost":130.0755741664,"value":130.0755741664,"DemBarE":0,"DemBarP":0,"BarRetP":0},{"id":130,"time":148,"name":"Constitucion066","marginal_cost":130.0755741664,"value":130.0755741664,"DemBarE":0,"DemBarP":0,"BarRetP":0},{"id":130,"time":149,"name":"Constitucion066","marginal_cost":130.0755741664,"value":130.0755741664,"DemBarE":0,"DemBarP":0,"BarRetP":0},{"id":130,"time":150,"name":"Constitucion066","marginal_cost":130.0755741664,"value":130.0755741664,"DemBarE":0,"DemBarP":0,"BarRetP":0},{"id":130,"time":151,"name":"Constitucion066","marginal_cost":142.7799075903,"value":142.7799075903,"DemBarE":0,"DemBarP":0,"BarRetP":0},{"id":130,"time":152,"name":"Constitucion066","marginal_cost":167.3764610592,"value":167.3764610592,"DemBarE":0,"DemBarP":0,"BarRetP":0},{"id":130,"time":153,"name":"Constitucion066","marginal_cost":167.3764610592,"value":167.3764610592,"DemBarE":0,"DemBarP":0,"BarRetP":0},{"id":130,"time":154,"name":"Constitucion066","marginal_cost":175.3177689855,"value":175.3177689855,"DemBarE":0,"DemBarP":0,"BarRetP":0},{"id":130,"time":155,"name":"Constitucion066","marginal_cost":175.3177689855,"value":175.3177689855,"DemBarE":0,"DemBarP":0,"BarRetP":0},{"id":130,"time":156,"name":"Constitucion066","marginal_cost":173.5280778768,"value":173.5280778768,"DemBarE":0,"DemBarP":0,"BarRetP":0},{"id":130,"time":157,"name":"Constitucion066","marginal_cost":157.1636834005,"value":157.1636834005,"DemBarE":0,"DemBarP":0,"BarRetP":0},{"id":130,"time":158,"name":"Constitucion066","marginal_cost":157.1636834005,"value":157.1636834005,"DemBarE":0,"DemBarP":0,"BarRetP":0},{"id":130,"time":159,"name":"Constitucion066","marginal_cost":157.1636834005,"value":157.1636834005,"DemBarE":0,"DemBarP":0,"BarRetP":0},{"id":130,"time":160,"name":"Constitucion066","marginal_cost":158.52196785,"value":158.52196785,"DemBarE":0,"DemBarP":0,"BarRetP":0},{"id":130,"time":161,"name":"Constitucion066","marginal_cost":158.52196785,"value":158.52196785,"DemBarE":0,"DemBarP":0,"BarRetP":0},{"id":130,"time":162,"name":"Constitucion066","marginal_cost":134.6696077874,"value":134.6696077874,"DemBarE":0,"DemBarP":0,"BarRetP":0},{"id":130,"time":163,"name":"Constitucion066","marginal_cost":147.2120803198,"value":147.2120803198,"DemBarE":0,"DemBarP":0,"BarRetP":0},{"id":130,"time":164,"name":"Constitucion066","marginal_cost":147.2120803198,"value":147.2120803198,"DemBarE":0,"DemBarP":0,"BarRetP":0},{"id":130,"time":165,"name":"Constitucion066","marginal_cost":147.2120803198,"value":147.2120803198,"DemBarE":0,"DemBarP":0,"BarRetP":0},{"id":130,"time":166,"name":"Constitucion066","marginal_cost":147.2120803198,"value":147.2120803198,"DemBarE":0,"DemBarP":0,"BarRetP":0},{"id":130,"time":167,"name":"Constitucion066","marginal_cost":144.8668019732,"value":144.8668019732,"DemBarE":0,"DemBarP":0,"BarRetP":0},{"id":130,"time":168,"name":"Constitucion066","marginal_cost":151.3295361576,"value":151.3295361576,"DemBarE":0,"DemBarP":0,"BarRetP":0}]