[{"id":180,"time":1,"name":"Quintero220","marginal_cost":154.0005310818,"value":154.0005310818,"DemBarE":0,"DemBarP":0,"BarRetP":0},{"id":180,"time":2,"name":"Quintero220","marginal_cost":154.1989178881,"value":154.1989178881,"DemBarE":0,"DemBarP":0,"BarRetP":0},{"id":180,"time":3,"name":"Quintero220","marginal_cost":153.2401232872,"value":153.2401232872,"DemBarE":0,"DemBarP":0,"BarRetP":0},{"id":180,"time":4,"name":"Quintero220","marginal_cost":152.3006446729,"value":152.3006446729,"DemBarE":0,"DemBarP":0,"BarRetP":0},{"id":180,"time":5,"name":"Quintero220","marginal_cost":134.8534667843,"value":134.8534667843,"DemBarE":0,"DemBarP":0,"BarRetP":0},{"id":180,"time":6,"name":"Quintero220","marginal_cost":118.0746717233,"value":118.0746717233,"DemBarE":0,"DemBarP":0,"BarRetP":0},{"id":180,"time":7,"name":"Quintero220","marginal_cost":161.1230236463,"value":161.1230236463,"DemBarE":0,"DemBarP":0,"BarRetP":0},{"id":180,"time":8,"name":"Quintero220","marginal_cost":164.1670959902,"value":164.1670959902,"DemBarE":0,"DemBarP":0,"BarRetP":0},{"id":180,"time":9,"name":"Quintero220","marginal_cost":153.8514329776,"value":153.8514329776,"DemBarE":0,"DemBarP":0,"BarRetP":0},{"id":180,"time":10,"name":"Quintero220","marginal_cost":152.7574126765,"value":152.7574126765,"DemBarE":0,"DemBarP":0,"BarRetP":0},{"id":180,"time":11,"name":"Quintero220","marginal_cost":152.8183044912,"value":152.8183044912,"DemBarE":0,"DemBarP":0,"BarRetP":0},{"id":180,"time":12,"name":"Quintero220","marginal_cost":153.3326064927,"value":153.3326064927,"DemBarE":0,"DemBarP":0,"BarRetP":0},{"id":180,"time":13,"name":"Quintero220","marginal_cost":152.9107558475,"value":152.9107558475,"DemBarE":0,"DemBarP":0,"BarRetP":0},{"id":180,"time":14,"name":"Quintero220","marginal_cost":152.4574416956,"value":152.4574416956,"DemBarE":0,"DemBarP":0,"BarRetP":0},{"id":180,"time":15,"name":"Quintero220","marginal_cost":152.8323337756,"value":152.8323337756,"DemBarE":0,"DemBarP":0,"BarRetP":0},{"id":180,"time":16,"name":"Quintero220","marginal_cost":152.4312400633,"value":152.4312400633,"DemBarE":0,"DemBarP":0,"BarRetP":0},{"id":180,"time":17,"name":"Quintero220","marginal_cost":153.1375930887,"value":153.1375930887,"DemBarE":0,"DemBarP":0,"BarRetP":0},{"id":180,"time":18,"name":"Quintero220","marginal_cost":154.3146024177,"value":154.3146024177,"DemBarE":0,"DemBarP":0,"BarRetP":0},{"id":180,"time":19,"name":"Quintero220","marginal_cost":173.7380075385,"value":173.7380075385,"DemBarE":0,"DemBarP":0,"BarRetP":0},{"id":180,"time":20,"name":"Quintero220","marginal_cost":175.5548994092,"value":175.5548994092,"DemBarE":0,"DemBarP":0,"BarRetP":0},{"id":180,"time":21,"name":"Quintero220","marginal_cost":166.6520376317,"value":166.6520376317,"DemBarE":0,"DemBarP":0,"BarRetP":0},{"id":180,"time":22,"name":"Quintero220","marginal_cost":164.7788359126,"value":164.7788359126,"DemBarE":0,"DemBarP":0,"BarRetP":0},{"id":180,"time":23,"name":"Quintero220","marginal_cost":162.6805214403,"value":162.6805214403,"DemBarE":0,"DemBarP":0,"BarRetP":0},{"id":180,"time":24,"name":"Quintero220","marginal_cost":162.3498299535,"value":162.3498299535,"DemBarE":0,"DemBarP":0,"BarRetP":0},{"id":180,"time":25,"name":"Quintero220","marginal_cost":152.1223593752,"value":152.1223593752,"DemBarE":0,"DemBarP":0,"BarRetP":0},{"id":180,"time":26,"name":"Quintero220","marginal_cost":152.0514631851,"value":152.0514631851,"DemBarE":0,"DemBarP":0,"BarRetP":0},{"id":180,"time":27,"name":"Quintero220","marginal_cost":151.7835172231,"value":151.7835172231,"DemBarE":0,"DemBarP":0,"BarRetP":0},{"id":180,"time":28,"name":"Quintero220","marginal_cost":152.0442494808,"value":152.0442494808,"DemBarE":0,"DemBarP":0,"BarRetP":0},{"id":180,"time":29,"name":"Quintero220","marginal_cost":151.0977470786,"value":151.0977470786,"DemBarE":0,"DemBarP":0,"BarRetP":0},{"id":180,"time":30,"name":"Quintero220","marginal_cost":152.3116322685,"value":152.3116322685,"DemBarE":0,"DemBarP":0,"BarRetP":0},{"id":180,"time":31,"name":"Quintero220","marginal_cost":157.7076783013,"value":157.7076783013,"DemBarE":0,"DemBarP":0,"BarRetP":0},{"id":180,"time":32,"name":"Quintero220","marginal_cost":163.0072007882,"value":163.0072007882,"DemBarE":0,"DemBarP":0,"BarRetP":0},{"id":180,"time":33,"name":"Quintero220","marginal_cost":152.0374573325,"value":152.0374573325,"DemBarE":0,"DemBarP":0,"BarRetP":0},{"id":180,"time":34,"name":"Quintero220","marginal_cost":152.6820502212,"value":152.6820502212,"DemBarE":0,"DemBarP":0,"BarRetP":0},{"id":180,"time":35,"name":"Quintero220","marginal_cost":152.9414878037,"value":152.9414878037,"DemBarE":0,"DemBarP":0,"BarRetP":0},{"id":180,"time":36,"name":"Quintero220","marginal_cost":152.8890745764,"value":152.8890745764,"DemBarE":0,"DemBarP":0,"BarRetP":0},{"id":180,"time":37,"name":"Quintero220","marginal_cost":152.3034289819,"value":152.3034289819,"DemBarE":0,"DemBarP":0,"BarRetP":0},{"id":180,"time":38,"name":"Quintero220","marginal_cost":152.3034289819,"value":152.3034289819,"DemBarE":0,"DemBarP":0,"BarRetP":0},{"id":180,"time":39,"name":"Quintero220","marginal_cost":152.3034289819,"value":152.3034289819,"DemBarE":0,"DemBarP":0,"BarRetP":0},{"id":180,"time":40,"name":"Quintero220","marginal_cost":152.3034289819,"value":152.3034289819,"DemBarE":0,"DemBarP":0,"BarRetP":0},{"id":180,"time":41,"name":"Quintero220","marginal_cost":152.5449680519,"value":152.5449680519,"DemBarE":0,"DemBarP":0,"BarRetP":0},{"id":180,"time":42,"name":"Quintero220","marginal_cost":152.0522082574,"value":152.0522082574,"DemBarE":0,"DemBarP":0,"BarRetP":0},{"id":180,"time":43,"name":"Quintero220","marginal_cost":157.479917681,"value":157.479917681,"DemBarE":0,"DemBarP":0,"BarRetP":0},{"id":180,"time":44,"name":"Quintero220","marginal_cost":157.479917681,"value":157.479917681,"DemBarE":0,"DemBarP":0,"BarRetP":0},{"id":180,"time":45,"name":"Quintero220","marginal_cost":157.3975086804,"value":157.3975086804,"DemBarE":0,"DemBarP":0,"BarRetP":0},{"id":180,"time":46,"name":"Quintero220","marginal_cost":156.4036576954,"value":156.4036576954,"DemBarE":0,"DemBarP":0,"BarRetP":0},{"id":180,"time":47,"name":"Quintero220","marginal_cost":154.1462821459,"value":154.1462821459,"DemBarE":0,"DemBarP":0,"BarRetP":0},{"id":180,"time":48,"name":"Quintero220","marginal_cost":152.2730256951,"value":152.2730256951,"DemBarE":0,"DemBarP":0,"BarRetP":0},{"id":180,"time":49,"name":"Quintero220","marginal_cost":144.6543202902,"value":144.6543202902,"DemBarE":0,"DemBarP":0,"BarRetP":0},{"id":180,"time":50,"name":"Quintero220","marginal_cost":147.2973154491,"value":147.2973154491,"DemBarE":0,"DemBarP":0,"BarRetP":0},{"id":180,"time":51,"name":"Quintero220","marginal_cost":148.4986470003,"value":148.4986470003,"DemBarE":0,"DemBarP":0,"BarRetP":0},{"id":180,"time":52,"name":"Quintero220","marginal_cost":131.3560041926,"value":131.3560041926,"DemBarE":0,"DemBarP":0,"BarRetP":0},{"id":180,"time":53,"name":"Quintero220","marginal_cost":131.3560041926,"value":131.3560041926,"DemBarE":0,"DemBarP":0,"BarRetP":0},{"id":180,"time":54,"name":"Quintero220","marginal_cost":131.6179241254,"value":131.6179241254,"DemBarE":0,"DemBarP":0,"BarRetP":0},{"id":180,"time":55,"name":"Quintero220","marginal_cost":132.1671622305,"value":132.1671622305,"DemBarE":0,"DemBarP":0,"BarRetP":0},{"id":180,"time":56,"name":"Quintero220","marginal_cost":131.9272142685,"value":131.9272142685,"DemBarE":0,"DemBarP":0,"BarRetP":0},{"id":180,"time":57,"name":"Quintero220","marginal_cost":120.2128871264,"value":120.2128871264,"DemBarE":0,"DemBarP":0,"BarRetP":0},{"id":180,"time":58,"name":"Quintero220","marginal_cost":133.3420467721,"value":133.3420467721,"DemBarE":0,"DemBarP":0,"BarRetP":0},{"id":180,"time":59,"name":"Quintero220","marginal_cost":104.0586288656,"value":104.0586288656,"DemBarE":0,"DemBarP":0,"BarRetP":0},{"id":180,"time":60,"name":"Quintero220","marginal_cost":131.3073414877,"value":131.3073414877,"DemBarE":0,"DemBarP":0,"BarRetP":0},{"id":180,"time":61,"name":"Quintero220","marginal_cost":130.7335419501,"value":130.7335419501,"DemBarE":0,"DemBarP":0,"BarRetP":0},{"id":180,"time":62,"name":"Quintero220","marginal_cost":130.7335419501,"value":130.7335419501,"DemBarE":0,"DemBarP":0,"BarRetP":0},{"id":180,"time":63,"name":"Quintero220","marginal_cost":115.1016704888,"value":115.1016704888,"DemBarE":0,"DemBarP":0,"BarRetP":0},{"id":180,"time":64,"name":"Quintero220","marginal_cost":131.7954236955,"value":131.7954236955,"DemBarE":0,"DemBarP":0,"BarRetP":0},{"id":180,"time":65,"name":"Quintero220","marginal_cost":131.9314023393,"value":131.9314023393,"DemBarE":0,"DemBarP":0,"BarRetP":0},{"id":180,"time":66,"name":"Quintero220","marginal_cost":131.9314023393,"value":131.9314023393,"DemBarE":0,"DemBarP":0,"BarRetP":0},{"id":180,"time":67,"name":"Quintero220","marginal_cost":163.223480201,"value":163.223480201,"DemBarE":0,"DemBarP":0,"BarRetP":0},{"id":180,"time":68,"name":"Quintero220","marginal_cost":157.5070032022,"value":157.5070032022,"DemBarE":0,"DemBarP":0,"BarRetP":0},{"id":180,"time":69,"name":"Quintero220","marginal_cost":157.5070032022,"value":157.5070032022,"DemBarE":0,"DemBarP":0,"BarRetP":0},{"id":180,"time":70,"name":"Quintero220","marginal_cost":157.1214457706,"value":157.1214457706,"DemBarE":0,"DemBarP":0,"BarRetP":0},{"id":180,"time":71,"name":"Quintero220","marginal_cost":149.8951669519,"value":149.8951669519,"DemBarE":0,"DemBarP":0,"BarRetP":0},{"id":180,"time":72,"name":"Quintero220","marginal_cost":148.6644325217,"value":148.6644325217,"DemBarE":0,"DemBarP":0,"BarRetP":0},{"id":180,"time":73,"name":"Quintero220","marginal_cost":148.9521622152,"value":148.9521622152,"DemBarE":0,"DemBarP":0,"BarRetP":0},{"id":180,"time":74,"name":"Quintero220","marginal_cost":147.6184477806,"value":147.6184477806,"DemBarE":0,"DemBarP":0,"BarRetP":0},{"id":180,"time":75,"name":"Quintero220","marginal_cost":132.6978005052,"value":132.6978005052,"DemBarE":0,"DemBarP":0,"BarRetP":0},{"id":180,"time":76,"name":"Quintero220","marginal_cost":132.6978005052,"value":132.6978005052,"DemBarE":0,"DemBarP":0,"BarRetP":0},{"id":180,"time":77,"name":"Quintero220","marginal_cost":132.6978005052,"value":132.6978005052,"DemBarE":0,"DemBarP":0,"BarRetP":0},{"id":180,"time":78,"name":"Quintero220","marginal_cost":132.6978005052,"value":132.6978005052,"DemBarE":0,"DemBarP":0,"BarRetP":0},{"id":180,"time":79,"name":"Quintero220","marginal_cost":132.6978005052,"value":132.6978005052,"DemBarE":0,"DemBarP":0,"BarRetP":0},{"id":180,"time":80,"name":"Quintero220","marginal_cost":122.9881782285,"value":122.9881782285,"DemBarE":0,"DemBarP":0,"BarRetP":0},{"id":180,"time":81,"name":"Quintero220","marginal_cost":122.9881782285,"value":122.9881782285,"DemBarE":0,"DemBarP":0,"BarRetP":0},{"id":180,"time":82,"name":"Quintero220","marginal_cost":97.1136633374,"value":97.1136633374,"DemBarE":0,"DemBarP":0,"BarRetP":0},{"id":180,"time":83,"name":"Quintero220","marginal_cost":97.1136633374,"value":97.1136633374,"DemBarE":0,"DemBarP":0,"BarRetP":0},{"id":180,"time":84,"name":"Quintero220","marginal_cost":122.0746838048,"value":122.0746838048,"DemBarE":0,"DemBarP":0,"BarRetP":0},{"id":180,"time":85,"name":"Quintero220","marginal_cost":122.0746838048,"value":122.0746838048,"DemBarE":0,"DemBarP":0,"BarRetP":0},{"id":180,"time":86,"name":"Quintero220","marginal_cost":130.7572272979,"value":130.7572272979,"DemBarE":0,"DemBarP":0,"BarRetP":0},{"id":180,"time":87,"name":"Quintero220","marginal_cost":130.7572272979,"value":130.7572272979,"DemBarE":0,"DemBarP":0,"BarRetP":0},{"id":180,"time":88,"name":"Quintero220","marginal_cost":130.7572272979,"value":130.7572272979,"DemBarE":0,"DemBarP":0,"BarRetP":0},{"id":180,"time":89,"name":"Quintero220","marginal_cost":130.7572272979,"value":130.7572272979,"DemBarE":0,"DemBarP":0,"BarRetP":0},{"id":180,"time":90,"name":"Quintero220","marginal_cost":130.7572272979,"value":130.7572272979,"DemBarE":0,"DemBarP":0,"BarRetP":0},{"id":180,"time":91,"name":"Quintero220","marginal_cost":151.8804567376,"value":151.8804567376,"DemBarE":0,"DemBarP":0,"BarRetP":0},{"id":180,"time":92,"name":"Quintero220","marginal_cost":151.8804567376,"value":151.8804567376,"DemBarE":0,"DemBarP":0,"BarRetP":0},{"id":180,"time":93,"name":"Quintero220","marginal_cost":154.3373350885,"value":154.3373350885,"DemBarE":0,"DemBarP":0,"BarRetP":0},{"id":180,"time":94,"name":"Quintero220","marginal_cost":151.3430691736,"value":151.3430691736,"DemBarE":0,"DemBarP":0,"BarRetP":0},{"id":180,"time":95,"name":"Quintero220","marginal_cost":149.872821223,"value":149.872821223,"DemBarE":0,"DemBarP":0,"BarRetP":0},{"id":180,"time":96,"name":"Quintero220","marginal_cost":149.857581693,"value":149.857581693,"DemBarE":0,"DemBarP":0,"BarRetP":0},{"id":180,"time":97,"name":"Quintero220","marginal_cost":149.858537787,"value":149.858537787,"DemBarE":0,"DemBarP":0,"BarRetP":0},{"id":180,"time":98,"name":"Quintero220","marginal_cost":144.6210343682,"value":144.6210343682,"DemBarE":0,"DemBarP":0,"BarRetP":0},{"id":180,"time":99,"name":"Quintero220","marginal_cost":144.525192082,"value":144.525192082,"DemBarE":0,"DemBarP":0,"BarRetP":0},{"id":180,"time":100,"name":"Quintero220","marginal_cost":144.7571689368,"value":144.7571689368,"DemBarE":0,"DemBarP":0,"BarRetP":0},{"id":180,"time":101,"name":"Quintero220","marginal_cost":144.7571689368,"value":144.7571689368,"DemBarE":0,"DemBarP":0,"BarRetP":0},{"id":180,"time":102,"name":"Quintero220","marginal_cost":144.7571689368,"value":144.7571689368,"DemBarE":0,"DemBarP":0,"BarRetP":0},{"id":180,"time":103,"name":"Quintero220","marginal_cost":151.8855002708,"value":151.8855002708,"DemBarE":0,"DemBarP":0,"BarRetP":0},{"id":180,"time":104,"name":"Quintero220","marginal_cost":151.769930134,"value":151.769930134,"DemBarE":0,"DemBarP":0,"BarRetP":0},{"id":180,"time":105,"name":"Quintero220","marginal_cost":151.769930134,"value":151.769930134,"DemBarE":0,"DemBarP":0,"BarRetP":0},{"id":180,"time":106,"name":"Quintero220","marginal_cost":149.4222103052,"value":149.4222103052,"DemBarE":0,"DemBarP":0,"BarRetP":0},{"id":180,"time":107,"name":"Quintero220","marginal_cost":149.6038820416,"value":149.6038820416,"DemBarE":0,"DemBarP":0,"BarRetP":0},{"id":180,"time":108,"name":"Quintero220","marginal_cost":149.9469561415,"value":149.9469561415,"DemBarE":0,"DemBarP":0,"BarRetP":0},{"id":180,"time":109,"name":"Quintero220","marginal_cost":149.9469561415,"value":149.9469561415,"DemBarE":0,"DemBarP":0,"BarRetP":0},{"id":180,"time":110,"name":"Quintero220","marginal_cost":150.2695273366,"value":150.2695273366,"DemBarE":0,"DemBarP":0,"BarRetP":0},{"id":180,"time":111,"name":"Quintero220","marginal_cost":150.2827752439,"value":150.2827752439,"DemBarE":0,"DemBarP":0,"BarRetP":0},{"id":180,"time":112,"name":"Quintero220","marginal_cost":150.2827752439,"value":150.2827752439,"DemBarE":0,"DemBarP":0,"BarRetP":0},{"id":180,"time":113,"name":"Quintero220","marginal_cost":153.3800766302,"value":153.3800766302,"DemBarE":0,"DemBarP":0,"BarRetP":0},{"id":180,"time":114,"name":"Quintero220","marginal_cost":153.3800766302,"value":153.3800766302,"DemBarE":0,"DemBarP":0,"BarRetP":0},{"id":180,"time":115,"name":"Quintero220","marginal_cost":153.3800766302,"value":153.3800766302,"DemBarE":0,"DemBarP":0,"BarRetP":0},{"id":180,"time":116,"name":"Quintero220","marginal_cost":156.8282929499,"value":156.8282929499,"DemBarE":0,"DemBarP":0,"BarRetP":0},{"id":180,"time":117,"name":"Quintero220","marginal_cost":156.8282929499,"value":156.8282929499,"DemBarE":0,"DemBarP":0,"BarRetP":0},{"id":180,"time":118,"name":"Quintero220","marginal_cost":156.8282929499,"value":156.8282929499,"DemBarE":0,"DemBarP":0,"BarRetP":0},{"id":180,"time":119,"name":"Quintero220","marginal_cost":156.7464541143,"value":156.7464541143,"DemBarE":0,"DemBarP":0,"BarRetP":0},{"id":180,"time":120,"name":"Quintero220","marginal_cost":154.5328473833,"value":154.5328473833,"DemBarE":0,"DemBarP":0,"BarRetP":0},{"id":180,"time":121,"name":"Quintero220","marginal_cost":150.5339539739,"value":150.5339539739,"DemBarE":0,"DemBarP":0,"BarRetP":0},{"id":180,"time":122,"name":"Quintero220","marginal_cost":150.1658207418,"value":150.1658207418,"DemBarE":0,"DemBarP":0,"BarRetP":0},{"id":180,"time":123,"name":"Quintero220","marginal_cost":146.1168524538,"value":146.1168524538,"DemBarE":0,"DemBarP":0,"BarRetP":0},{"id":180,"time":124,"name":"Quintero220","marginal_cost":146.1168524538,"value":146.1168524538,"DemBarE":0,"DemBarP":0,"BarRetP":0},{"id":180,"time":125,"name":"Quintero220","marginal_cost":146.1168524538,"value":146.1168524538,"DemBarE":0,"DemBarP":0,"BarRetP":0},{"id":180,"time":126,"name":"Quintero220","marginal_cost":146.1168524538,"value":146.1168524538,"DemBarE":0,"DemBarP":0,"BarRetP":0},{"id":180,"time":127,"name":"Quintero220","marginal_cost":152.5520233227,"value":152.5520233227,"DemBarE":0,"DemBarP":0,"BarRetP":0},{"id":180,"time":128,"name":"Quintero220","marginal_cost":156.8176439161,"value":156.8176439161,"DemBarE":0,"DemBarP":0,"BarRetP":0},{"id":180,"time":129,"name":"Quintero220","marginal_cost":152.5914957917,"value":152.5914957917,"DemBarE":0,"DemBarP":0,"BarRetP":0},{"id":180,"time":130,"name":"Quintero220","marginal_cost":155.4810545406,"value":155.4810545406,"DemBarE":0,"DemBarP":0,"BarRetP":0},{"id":180,"time":131,"name":"Quintero220","marginal_cost":154.6503055303,"value":154.6503055303,"DemBarE":0,"DemBarP":0,"BarRetP":0},{"id":180,"time":132,"name":"Quintero220","marginal_cost":156.1817055995,"value":156.1817055995,"DemBarE":0,"DemBarP":0,"BarRetP":0},{"id":180,"time":133,"name":"Quintero220","marginal_cost":155.5575876552,"value":155.5575876552,"DemBarE":0,"DemBarP":0,"BarRetP":0},{"id":180,"time":134,"name":"Quintero220","marginal_cost":155.5575876552,"value":155.5575876552,"DemBarE":0,"DemBarP":0,"BarRetP":0},{"id":180,"time":135,"name":"Quintero220","marginal_cost":155.5575876552,"value":155.5575876552,"DemBarE":0,"DemBarP":0,"BarRetP":0},{"id":180,"time":136,"name":"Quintero220","marginal_cost":155.5575876552,"value":155.5575876552,"DemBarE":0,"DemBarP":0,"BarRetP":0},{"id":180,"time":137,"name":"Quintero220","marginal_cost":157.503521701,"value":157.503521701,"DemBarE":0,"DemBarP":0,"BarRetP":0},{"id":180,"time":138,"name":"Quintero220","marginal_cost":157.503521701,"value":157.503521701,"DemBarE":0,"DemBarP":0,"BarRetP":0},{"id":180,"time":139,"name":"Quintero220","marginal_cost":157.503521701,"value":157.503521701,"DemBarE":0,"DemBarP":0,"BarRetP":0},{"id":180,"time":140,"name":"Quintero220","marginal_cost":157.503521701,"value":157.503521701,"DemBarE":0,"DemBarP":0,"BarRetP":0},{"id":180,"time":141,"name":"Quintero220","marginal_cost":157.503521701,"value":157.503521701,"DemBarE":0,"DemBarP":0,"BarRetP":0},{"id":180,"time":142,"name":"Quintero220","marginal_cost":157.503521701,"value":157.503521701,"DemBarE":0,"DemBarP":0,"BarRetP":0},{"id":180,"time":143,"name":"Quintero220","marginal_cost":156.7953507531,"value":156.7953507531,"DemBarE":0,"DemBarP":0,"BarRetP":0},{"id":180,"time":144,"name":"Quintero220","marginal_cost":156.7950654298,"value":156.7950654298,"DemBarE":0,"DemBarP":0,"BarRetP":0},{"id":180,"time":145,"name":"Quintero220","marginal_cost":154.6198625171,"value":154.6198625171,"DemBarE":0,"DemBarP":0,"BarRetP":0},{"id":180,"time":146,"name":"Quintero220","marginal_cost":153.9355950414,"value":153.9355950414,"DemBarE":0,"DemBarP":0,"BarRetP":0},{"id":180,"time":147,"name":"Quintero220","marginal_cost":151.3974675089,"value":151.3974675089,"DemBarE":0,"DemBarP":0,"BarRetP":0},{"id":180,"time":148,"name":"Quintero220","marginal_cost":151.3974675089,"value":151.3974675089,"DemBarE":0,"DemBarP":0,"BarRetP":0},{"id":180,"time":149,"name":"Quintero220","marginal_cost":151.3974675089,"value":151.3974675089,"DemBarE":0,"DemBarP":0,"BarRetP":0},{"id":180,"time":150,"name":"Quintero220","marginal_cost":151.3974675089,"value":151.3974675089,"DemBarE":0,"DemBarP":0,"BarRetP":0},{"id":180,"time":151,"name":"Quintero220","marginal_cost":155.0718511091,"value":155.0718511091,"DemBarE":0,"DemBarP":0,"BarRetP":0},{"id":180,"time":152,"name":"Quintero220","marginal_cost":154.8542565346,"value":154.8542565346,"DemBarE":0,"DemBarP":0,"BarRetP":0},{"id":180,"time":153,"name":"Quintero220","marginal_cost":154.8542565346,"value":154.8542565346,"DemBarE":0,"DemBarP":0,"BarRetP":0},{"id":180,"time":154,"name":"Quintero220","marginal_cost":154.2618231055,"value":154.2618231055,"DemBarE":0,"DemBarP":0,"BarRetP":0},{"id":180,"time":155,"name":"Quintero220","marginal_cost":154.2618231055,"value":154.2618231055,"DemBarE":0,"DemBarP":0,"BarRetP":0},{"id":180,"time":156,"name":"Quintero220","marginal_cost":154.6875524693,"value":154.6875524693,"DemBarE":0,"DemBarP":0,"BarRetP":0},{"id":180,"time":157,"name":"Quintero220","marginal_cost":155.2069928143,"value":155.2069928143,"DemBarE":0,"DemBarP":0,"BarRetP":0},{"id":180,"time":158,"name":"Quintero220","marginal_cost":155.2069928143,"value":155.2069928143,"DemBarE":0,"DemBarP":0,"BarRetP":0},{"id":180,"time":159,"name":"Quintero220","marginal_cost":155.2069928143,"value":155.2069928143,"DemBarE":0,"DemBarP":0,"BarRetP":0},{"id":180,"time":160,"name":"Quintero220","marginal_cost":155.2365514989,"value":155.2365514989,"DemBarE":0,"DemBarP":0,"BarRetP":0},{"id":180,"time":161,"name":"Quintero220","marginal_cost":155.2365514989,"value":155.2365514989,"DemBarE":0,"DemBarP":0,"BarRetP":0},{"id":180,"time":162,"name":"Quintero220","marginal_cost":156.3780379963,"value":156.3780379963,"DemBarE":0,"DemBarP":0,"BarRetP":0},{"id":180,"time":163,"name":"Quintero220","marginal_cost":158.9451963727,"value":158.9451963727,"DemBarE":0,"DemBarP":0,"BarRetP":0},{"id":180,"time":164,"name":"Quintero220","marginal_cost":158.9451963727,"value":158.9451963727,"DemBarE":0,"DemBarP":0,"BarRetP":0},{"id":180,"time":165,"name":"Quintero220","marginal_cost":158.9451963727,"value":158.9451963727,"DemBarE":0,"DemBarP":0,"BarRetP":0},{"id":180,"time":166,"name":"Quintero220","marginal_cost":158.9451963727,"value":158.9451963727,"DemBarE":0,"DemBarP":0,"BarRetP":0},{"id":180,"time":167,"name":"Quintero220","marginal_cost":157.6917302641,"value":157.6917302641,"DemBarE":0,"DemBarP":0,"BarRetP":0},{"id":180,"time":168,"name":"Quintero220","marginal_cost":157.4337841959,"value":157.4337841959,"DemBarE":0,"DemBarP":0,"BarRetP":0}]