[{"id":88,"time":1,"name":"Tocopilla110","marginal_cost":135.0169113482,"value":135.0169113482,"DemBarE":0,"DemBarP":0,"BarRetP":0},{"id":88,"time":2,"name":"Tocopilla110","marginal_cost":131.4493223243,"value":131.4493223243,"DemBarE":0,"DemBarP":0,"BarRetP":0},{"id":88,"time":3,"name":"Tocopilla110","marginal_cost":132.3241197724,"value":132.3241197724,"DemBarE":0,"DemBarP":0,"BarRetP":0},{"id":88,"time":4,"name":"Tocopilla110","marginal_cost":132.6442065865,"value":132.6442065865,"DemBarE":0,"DemBarP":0,"BarRetP":0},{"id":88,"time":5,"name":"Tocopilla110","marginal_cost":132.6156722633,"value":132.6156722633,"DemBarE":0,"DemBarP":0,"BarRetP":0},{"id":88,"time":6,"name":"Tocopilla110","marginal_cost":98.3163944521,"value":98.3163944521,"DemBarE":0,"DemBarP":0,"BarRetP":0},{"id":88,"time":7,"name":"Tocopilla110","marginal_cost":133.5427196074,"value":133.5427196074,"DemBarE":0,"DemBarP":0,"BarRetP":0},{"id":88,"time":8,"name":"Tocopilla110","marginal_cost":154.6943650882,"value":154.6943650882,"DemBarE":0,"DemBarP":0,"BarRetP":0},{"id":88,"time":9,"name":"Tocopilla110","marginal_cost":105.1870625801,"value":105.1870625801,"DemBarE":0,"DemBarP":0,"BarRetP":0},{"id":88,"time":10,"name":"Tocopilla110","marginal_cost":73.7590215011,"value":73.7590215011,"DemBarE":0,"DemBarP":0,"BarRetP":0},{"id":88,"time":11,"name":"Tocopilla110","marginal_cost":72.3705533259,"value":72.3705533259,"DemBarE":0,"DemBarP":0,"BarRetP":0},{"id":88,"time":12,"name":"Tocopilla110","marginal_cost":63.8995752459,"value":63.8995752459,"DemBarE":0,"DemBarP":0,"BarRetP":0},{"id":88,"time":13,"name":"Tocopilla110","marginal_cost":43.9180767489,"value":43.9180767489,"DemBarE":0,"DemBarP":0,"BarRetP":0},{"id":88,"time":14,"name":"Tocopilla110","marginal_cost":-1.7562056079,"value":-1.7562056079,"DemBarE":0,"DemBarP":0,"BarRetP":0},{"id":88,"time":15,"name":"Tocopilla110","marginal_cost":-1.4446317552,"value":-1.4446317552,"DemBarE":0,"DemBarP":0,"BarRetP":0},{"id":88,"time":16,"name":"Tocopilla110","marginal_cost":-1.4514001548,"value":-1.4514001548,"DemBarE":0,"DemBarP":0,"BarRetP":0},{"id":88,"time":17,"name":"Tocopilla110","marginal_cost":92.1182813114,"value":92.1182813114,"DemBarE":0,"DemBarP":0,"BarRetP":0},{"id":88,"time":18,"name":"Tocopilla110","marginal_cost":131.0251185337,"value":131.0251185337,"DemBarE":0,"DemBarP":0,"BarRetP":0},{"id":88,"time":19,"name":"Tocopilla110","marginal_cost":169.5083876199,"value":169.5083876199,"DemBarE":0,"DemBarP":0,"BarRetP":0},{"id":88,"time":20,"name":"Tocopilla110","marginal_cost":167.8342804432,"value":167.8342804432,"DemBarE":0,"DemBarP":0,"BarRetP":0},{"id":88,"time":21,"name":"Tocopilla110","marginal_cost":162.9223405265,"value":162.9223405265,"DemBarE":0,"DemBarP":0,"BarRetP":0},{"id":88,"time":22,"name":"Tocopilla110","marginal_cost":158.2793535117,"value":158.2793535117,"DemBarE":0,"DemBarP":0,"BarRetP":0},{"id":88,"time":23,"name":"Tocopilla110","marginal_cost":153.4843409442,"value":153.4843409442,"DemBarE":0,"DemBarP":0,"BarRetP":0},{"id":88,"time":24,"name":"Tocopilla110","marginal_cost":152.4048325804,"value":152.4048325804,"DemBarE":0,"DemBarP":0,"BarRetP":0},{"id":88,"time":25,"name":"Tocopilla110","marginal_cost":153.1423185725,"value":153.1423185725,"DemBarE":0,"DemBarP":0,"BarRetP":0},{"id":88,"time":26,"name":"Tocopilla110","marginal_cost":150.4621737909,"value":150.4621737909,"DemBarE":0,"DemBarP":0,"BarRetP":0},{"id":88,"time":27,"name":"Tocopilla110","marginal_cost":152.4857835322,"value":152.4857835322,"DemBarE":0,"DemBarP":0,"BarRetP":0},{"id":88,"time":28,"name":"Tocopilla110","marginal_cost":151.735909738,"value":151.735909738,"DemBarE":0,"DemBarP":0,"BarRetP":0},{"id":88,"time":29,"name":"Tocopilla110","marginal_cost":150.3933803312,"value":150.3933803312,"DemBarE":0,"DemBarP":0,"BarRetP":0},{"id":88,"time":30,"name":"Tocopilla110","marginal_cost":151.2079974306,"value":151.2079974306,"DemBarE":0,"DemBarP":0,"BarRetP":0},{"id":88,"time":31,"name":"Tocopilla110","marginal_cost":158.299111267,"value":158.299111267,"DemBarE":0,"DemBarP":0,"BarRetP":0},{"id":88,"time":32,"name":"Tocopilla110","marginal_cost":151.7711903013,"value":151.7711903013,"DemBarE":0,"DemBarP":0,"BarRetP":0},{"id":88,"time":33,"name":"Tocopilla110","marginal_cost":118.8563979623,"value":118.8563979623,"DemBarE":0,"DemBarP":0,"BarRetP":0},{"id":88,"time":34,"name":"Tocopilla110","marginal_cost":80.3998742388,"value":80.3998742388,"DemBarE":0,"DemBarP":0,"BarRetP":0},{"id":88,"time":35,"name":"Tocopilla110","marginal_cost":76.8864630145,"value":76.8864630145,"DemBarE":0,"DemBarP":0,"BarRetP":0},{"id":88,"time":36,"name":"Tocopilla110","marginal_cost":76.8175566155,"value":76.8175566155,"DemBarE":0,"DemBarP":0,"BarRetP":0},{"id":88,"time":37,"name":"Tocopilla110","marginal_cost":75.3328317864,"value":75.3328317864,"DemBarE":0,"DemBarP":0,"BarRetP":0},{"id":88,"time":38,"name":"Tocopilla110","marginal_cost":75.3328317864,"value":75.3328317864,"DemBarE":0,"DemBarP":0,"BarRetP":0},{"id":88,"time":39,"name":"Tocopilla110","marginal_cost":75.3328317864,"value":75.3328317864,"DemBarE":0,"DemBarP":0,"BarRetP":0},{"id":88,"time":40,"name":"Tocopilla110","marginal_cost":75.3328317864,"value":75.3328317864,"DemBarE":0,"DemBarP":0,"BarRetP":0},{"id":88,"time":41,"name":"Tocopilla110","marginal_cost":95.1701989273,"value":95.1701989273,"DemBarE":0,"DemBarP":0,"BarRetP":0},{"id":88,"time":42,"name":"Tocopilla110","marginal_cost":134.5266239743,"value":134.5266239743,"DemBarE":0,"DemBarP":0,"BarRetP":0},{"id":88,"time":43,"name":"Tocopilla110","marginal_cost":160.3935495209,"value":160.3935495209,"DemBarE":0,"DemBarP":0,"BarRetP":0},{"id":88,"time":44,"name":"Tocopilla110","marginal_cost":160.3935495209,"value":160.3935495209,"DemBarE":0,"DemBarP":0,"BarRetP":0},{"id":88,"time":45,"name":"Tocopilla110","marginal_cost":162.031468304,"value":162.031468304,"DemBarE":0,"DemBarP":0,"BarRetP":0},{"id":88,"time":46,"name":"Tocopilla110","marginal_cost":161.1372353672,"value":161.1372353672,"DemBarE":0,"DemBarP":0,"BarRetP":0},{"id":88,"time":47,"name":"Tocopilla110","marginal_cost":157.1703510778,"value":157.1703510778,"DemBarE":0,"DemBarP":0,"BarRetP":0},{"id":88,"time":48,"name":"Tocopilla110","marginal_cost":153.8803459043,"value":153.8803459043,"DemBarE":0,"DemBarP":0,"BarRetP":0},{"id":88,"time":49,"name":"Tocopilla110","marginal_cost":147.7422036516,"value":147.7422036516,"DemBarE":0,"DemBarP":0,"BarRetP":0},{"id":88,"time":50,"name":"Tocopilla110","marginal_cost":150.5296684379,"value":150.5296684379,"DemBarE":0,"DemBarP":0,"BarRetP":0},{"id":88,"time":51,"name":"Tocopilla110","marginal_cost":153.5959600684,"value":153.5959600684,"DemBarE":0,"DemBarP":0,"BarRetP":0},{"id":88,"time":52,"name":"Tocopilla110","marginal_cost":139.3737379438,"value":139.3737379438,"DemBarE":0,"DemBarP":0,"BarRetP":0},{"id":88,"time":53,"name":"Tocopilla110","marginal_cost":139.3737379438,"value":139.3737379438,"DemBarE":0,"DemBarP":0,"BarRetP":0},{"id":88,"time":54,"name":"Tocopilla110","marginal_cost":138.0759248467,"value":138.0759248467,"DemBarE":0,"DemBarP":0,"BarRetP":0},{"id":88,"time":55,"name":"Tocopilla110","marginal_cost":136.5168426889,"value":136.5168426889,"DemBarE":0,"DemBarP":0,"BarRetP":0},{"id":88,"time":56,"name":"Tocopilla110","marginal_cost":132.1315581495,"value":132.1315581495,"DemBarE":0,"DemBarP":0,"BarRetP":0},{"id":88,"time":57,"name":"Tocopilla110","marginal_cost":97.7666916823,"value":97.7666916823,"DemBarE":0,"DemBarP":0,"BarRetP":0},{"id":88,"time":58,"name":"Tocopilla110","marginal_cost":78.0008969762,"value":78.0008969762,"DemBarE":0,"DemBarP":0,"BarRetP":0},{"id":88,"time":59,"name":"Tocopilla110","marginal_cost":76.6922517353,"value":76.6922517353,"DemBarE":0,"DemBarP":0,"BarRetP":0},{"id":88,"time":60,"name":"Tocopilla110","marginal_cost":76.0629392328,"value":76.0629392328,"DemBarE":0,"DemBarP":0,"BarRetP":0},{"id":88,"time":61,"name":"Tocopilla110","marginal_cost":-2.0557091901,"value":-2.0557091901,"DemBarE":0,"DemBarP":0,"BarRetP":0},{"id":88,"time":62,"name":"Tocopilla110","marginal_cost":-2.0557091901,"value":-2.0557091901,"DemBarE":0,"DemBarP":0,"BarRetP":0},{"id":88,"time":63,"name":"Tocopilla110","marginal_cost":-1.7661353725,"value":-1.7661353725,"DemBarE":0,"DemBarP":0,"BarRetP":0},{"id":88,"time":64,"name":"Tocopilla110","marginal_cost":-1.2046868441,"value":-1.2046868441,"DemBarE":0,"DemBarP":0,"BarRetP":0},{"id":88,"time":65,"name":"Tocopilla110","marginal_cost":110.9790334108,"value":110.9790334108,"DemBarE":0,"DemBarP":0,"BarRetP":0},{"id":88,"time":66,"name":"Tocopilla110","marginal_cost":110.9790334108,"value":110.9790334108,"DemBarE":0,"DemBarP":0,"BarRetP":0},{"id":88,"time":67,"name":"Tocopilla110","marginal_cost":161.1069548255,"value":161.1069548255,"DemBarE":0,"DemBarP":0,"BarRetP":0},{"id":88,"time":68,"name":"Tocopilla110","marginal_cost":157.6310297434,"value":157.6310297434,"DemBarE":0,"DemBarP":0,"BarRetP":0},{"id":88,"time":69,"name":"Tocopilla110","marginal_cost":157.6310297434,"value":157.6310297434,"DemBarE":0,"DemBarP":0,"BarRetP":0},{"id":88,"time":70,"name":"Tocopilla110","marginal_cost":158.5575525042,"value":158.5575525042,"DemBarE":0,"DemBarP":0,"BarRetP":0},{"id":88,"time":71,"name":"Tocopilla110","marginal_cost":150.5515771573,"value":150.5515771573,"DemBarE":0,"DemBarP":0,"BarRetP":0},{"id":88,"time":72,"name":"Tocopilla110","marginal_cost":148.2161854917,"value":148.2161854917,"DemBarE":0,"DemBarP":0,"BarRetP":0},{"id":88,"time":73,"name":"Tocopilla110","marginal_cost":146.2908695895,"value":146.2908695895,"DemBarE":0,"DemBarP":0,"BarRetP":0},{"id":88,"time":74,"name":"Tocopilla110","marginal_cost":147.6248761658,"value":147.6248761658,"DemBarE":0,"DemBarP":0,"BarRetP":0},{"id":88,"time":75,"name":"Tocopilla110","marginal_cost":136.9786604769,"value":136.9786604769,"DemBarE":0,"DemBarP":0,"BarRetP":0},{"id":88,"time":76,"name":"Tocopilla110","marginal_cost":136.9786604769,"value":136.9786604769,"DemBarE":0,"DemBarP":0,"BarRetP":0},{"id":88,"time":77,"name":"Tocopilla110","marginal_cost":136.9786604769,"value":136.9786604769,"DemBarE":0,"DemBarP":0,"BarRetP":0},{"id":88,"time":78,"name":"Tocopilla110","marginal_cost":136.9786604769,"value":136.9786604769,"DemBarE":0,"DemBarP":0,"BarRetP":0},{"id":88,"time":79,"name":"Tocopilla110","marginal_cost":136.9786604769,"value":136.9786604769,"DemBarE":0,"DemBarP":0,"BarRetP":0},{"id":88,"time":80,"name":"Tocopilla110","marginal_cost":119.0469372414,"value":119.0469372414,"DemBarE":0,"DemBarP":0,"BarRetP":0},{"id":88,"time":81,"name":"Tocopilla110","marginal_cost":119.0469372414,"value":119.0469372414,"DemBarE":0,"DemBarP":0,"BarRetP":0},{"id":88,"time":82,"name":"Tocopilla110","marginal_cost":77.4824313345,"value":77.4824313345,"DemBarE":0,"DemBarP":0,"BarRetP":0},{"id":88,"time":83,"name":"Tocopilla110","marginal_cost":77.4824313345,"value":77.4824313345,"DemBarE":0,"DemBarP":0,"BarRetP":0},{"id":88,"time":84,"name":"Tocopilla110","marginal_cost":74.518790866,"value":74.518790866,"DemBarE":0,"DemBarP":0,"BarRetP":0},{"id":88,"time":85,"name":"Tocopilla110","marginal_cost":74.518790866,"value":74.518790866,"DemBarE":0,"DemBarP":0,"BarRetP":0},{"id":88,"time":86,"name":"Tocopilla110","marginal_cost":77.2769322972,"value":77.2769322972,"DemBarE":0,"DemBarP":0,"BarRetP":0},{"id":88,"time":87,"name":"Tocopilla110","marginal_cost":77.2769322972,"value":77.2769322972,"DemBarE":0,"DemBarP":0,"BarRetP":0},{"id":88,"time":88,"name":"Tocopilla110","marginal_cost":77.2769322972,"value":77.2769322972,"DemBarE":0,"DemBarP":0,"BarRetP":0},{"id":88,"time":89,"name":"Tocopilla110","marginal_cost":77.2769322972,"value":77.2769322972,"DemBarE":0,"DemBarP":0,"BarRetP":0},{"id":88,"time":90,"name":"Tocopilla110","marginal_cost":77.2769322972,"value":77.2769322972,"DemBarE":0,"DemBarP":0,"BarRetP":0},{"id":88,"time":91,"name":"Tocopilla110","marginal_cost":144.0027486752,"value":144.0027486752,"DemBarE":0,"DemBarP":0,"BarRetP":0},{"id":88,"time":92,"name":"Tocopilla110","marginal_cost":144.0027486752,"value":144.0027486752,"DemBarE":0,"DemBarP":0,"BarRetP":0},{"id":88,"time":93,"name":"Tocopilla110","marginal_cost":148.1030503707,"value":148.1030503707,"DemBarE":0,"DemBarP":0,"BarRetP":0},{"id":88,"time":94,"name":"Tocopilla110","marginal_cost":146.5558389636,"value":146.5558389636,"DemBarE":0,"DemBarP":0,"BarRetP":0},{"id":88,"time":95,"name":"Tocopilla110","marginal_cost":145.2352227156,"value":145.2352227156,"DemBarE":0,"DemBarP":0,"BarRetP":0},{"id":88,"time":96,"name":"Tocopilla110","marginal_cost":145.940647688,"value":145.940647688,"DemBarE":0,"DemBarP":0,"BarRetP":0},{"id":88,"time":97,"name":"Tocopilla110","marginal_cost":145.5767481104,"value":145.5767481104,"DemBarE":0,"DemBarP":0,"BarRetP":0},{"id":88,"time":98,"name":"Tocopilla110","marginal_cost":143.661423234,"value":143.661423234,"DemBarE":0,"DemBarP":0,"BarRetP":0},{"id":88,"time":99,"name":"Tocopilla110","marginal_cost":146.6667564955,"value":146.6667564955,"DemBarE":0,"DemBarP":0,"BarRetP":0},{"id":88,"time":100,"name":"Tocopilla110","marginal_cost":148.1391008412,"value":148.1391008412,"DemBarE":0,"DemBarP":0,"BarRetP":0},{"id":88,"time":101,"name":"Tocopilla110","marginal_cost":148.1391008412,"value":148.1391008412,"DemBarE":0,"DemBarP":0,"BarRetP":0},{"id":88,"time":102,"name":"Tocopilla110","marginal_cost":148.1391008412,"value":148.1391008412,"DemBarE":0,"DemBarP":0,"BarRetP":0},{"id":88,"time":103,"name":"Tocopilla110","marginal_cost":146.4214006475,"value":146.4214006475,"DemBarE":0,"DemBarP":0,"BarRetP":0},{"id":88,"time":104,"name":"Tocopilla110","marginal_cost":121.8127312527,"value":121.8127312527,"DemBarE":0,"DemBarP":0,"BarRetP":0},{"id":88,"time":105,"name":"Tocopilla110","marginal_cost":121.8127312527,"value":121.8127312527,"DemBarE":0,"DemBarP":0,"BarRetP":0},{"id":88,"time":106,"name":"Tocopilla110","marginal_cost":79.2363425518,"value":79.2363425518,"DemBarE":0,"DemBarP":0,"BarRetP":0},{"id":88,"time":107,"name":"Tocopilla110","marginal_cost":78.6733179745,"value":78.6733179745,"DemBarE":0,"DemBarP":0,"BarRetP":0},{"id":88,"time":108,"name":"Tocopilla110","marginal_cost":77.7812535134,"value":77.7812535134,"DemBarE":0,"DemBarP":0,"BarRetP":0},{"id":88,"time":109,"name":"Tocopilla110","marginal_cost":77.7812535134,"value":77.7812535134,"DemBarE":0,"DemBarP":0,"BarRetP":0},{"id":88,"time":110,"name":"Tocopilla110","marginal_cost":77.5512371046,"value":77.5512371046,"DemBarE":0,"DemBarP":0,"BarRetP":0},{"id":88,"time":111,"name":"Tocopilla110","marginal_cost":77.593302647,"value":77.593302647,"DemBarE":0,"DemBarP":0,"BarRetP":0},{"id":88,"time":112,"name":"Tocopilla110","marginal_cost":77.593302647,"value":77.593302647,"DemBarE":0,"DemBarP":0,"BarRetP":0},{"id":88,"time":113,"name":"Tocopilla110","marginal_cost":125.203763879,"value":125.203763879,"DemBarE":0,"DemBarP":0,"BarRetP":0},{"id":88,"time":114,"name":"Tocopilla110","marginal_cost":125.203763879,"value":125.203763879,"DemBarE":0,"DemBarP":0,"BarRetP":0},{"id":88,"time":115,"name":"Tocopilla110","marginal_cost":125.203763879,"value":125.203763879,"DemBarE":0,"DemBarP":0,"BarRetP":0},{"id":88,"time":116,"name":"Tocopilla110","marginal_cost":151.2030781516,"value":151.2030781516,"DemBarE":0,"DemBarP":0,"BarRetP":0},{"id":88,"time":117,"name":"Tocopilla110","marginal_cost":151.2030781516,"value":151.2030781516,"DemBarE":0,"DemBarP":0,"BarRetP":0},{"id":88,"time":118,"name":"Tocopilla110","marginal_cost":151.2030781516,"value":151.2030781516,"DemBarE":0,"DemBarP":0,"BarRetP":0},{"id":88,"time":119,"name":"Tocopilla110","marginal_cost":151.3115272898,"value":151.3115272898,"DemBarE":0,"DemBarP":0,"BarRetP":0},{"id":88,"time":120,"name":"Tocopilla110","marginal_cost":147.8317319003,"value":147.8317319003,"DemBarE":0,"DemBarP":0,"BarRetP":0},{"id":88,"time":121,"name":"Tocopilla110","marginal_cost":148.0741127297,"value":148.0741127297,"DemBarE":0,"DemBarP":0,"BarRetP":0},{"id":88,"time":122,"name":"Tocopilla110","marginal_cost":148.3475477145,"value":148.3475477145,"DemBarE":0,"DemBarP":0,"BarRetP":0},{"id":88,"time":123,"name":"Tocopilla110","marginal_cost":141.0179968501,"value":141.0179968501,"DemBarE":0,"DemBarP":0,"BarRetP":0},{"id":88,"time":124,"name":"Tocopilla110","marginal_cost":141.0179968501,"value":141.0179968501,"DemBarE":0,"DemBarP":0,"BarRetP":0},{"id":88,"time":125,"name":"Tocopilla110","marginal_cost":141.0179968501,"value":141.0179968501,"DemBarE":0,"DemBarP":0,"BarRetP":0},{"id":88,"time":126,"name":"Tocopilla110","marginal_cost":141.0179968501,"value":141.0179968501,"DemBarE":0,"DemBarP":0,"BarRetP":0},{"id":88,"time":127,"name":"Tocopilla110","marginal_cost":141.0847377283,"value":141.0847377283,"DemBarE":0,"DemBarP":0,"BarRetP":0},{"id":88,"time":128,"name":"Tocopilla110","marginal_cost":138.6000666436,"value":138.6000666436,"DemBarE":0,"DemBarP":0,"BarRetP":0},{"id":88,"time":129,"name":"Tocopilla110","marginal_cost":122.5791458138,"value":122.5791458138,"DemBarE":0,"DemBarP":0,"BarRetP":0},{"id":88,"time":130,"name":"Tocopilla110","marginal_cost":93.3216513602,"value":93.3216513602,"DemBarE":0,"DemBarP":0,"BarRetP":0},{"id":88,"time":131,"name":"Tocopilla110","marginal_cost":77.5510502333,"value":77.5510502333,"DemBarE":0,"DemBarP":0,"BarRetP":0},{"id":88,"time":132,"name":"Tocopilla110","marginal_cost":78.8921442243,"value":78.8921442243,"DemBarE":0,"DemBarP":0,"BarRetP":0},{"id":88,"time":133,"name":"Tocopilla110","marginal_cost":78.3111636861,"value":78.3111636861,"DemBarE":0,"DemBarP":0,"BarRetP":0},{"id":88,"time":134,"name":"Tocopilla110","marginal_cost":78.3111636861,"value":78.3111636861,"DemBarE":0,"DemBarP":0,"BarRetP":0},{"id":88,"time":135,"name":"Tocopilla110","marginal_cost":78.3111636861,"value":78.3111636861,"DemBarE":0,"DemBarP":0,"BarRetP":0},{"id":88,"time":136,"name":"Tocopilla110","marginal_cost":78.3111636861,"value":78.3111636861,"DemBarE":0,"DemBarP":0,"BarRetP":0},{"id":88,"time":137,"name":"Tocopilla110","marginal_cost":139.9548883444,"value":139.9548883444,"DemBarE":0,"DemBarP":0,"BarRetP":0},{"id":88,"time":138,"name":"Tocopilla110","marginal_cost":139.9548883444,"value":139.9548883444,"DemBarE":0,"DemBarP":0,"BarRetP":0},{"id":88,"time":139,"name":"Tocopilla110","marginal_cost":139.9548883444,"value":139.9548883444,"DemBarE":0,"DemBarP":0,"BarRetP":0},{"id":88,"time":140,"name":"Tocopilla110","marginal_cost":139.9548883444,"value":139.9548883444,"DemBarE":0,"DemBarP":0,"BarRetP":0},{"id":88,"time":141,"name":"Tocopilla110","marginal_cost":139.9548883444,"value":139.9548883444,"DemBarE":0,"DemBarP":0,"BarRetP":0},{"id":88,"time":142,"name":"Tocopilla110","marginal_cost":139.9548883444,"value":139.9548883444,"DemBarE":0,"DemBarP":0,"BarRetP":0},{"id":88,"time":143,"name":"Tocopilla110","marginal_cost":147.1821672981,"value":147.1821672981,"DemBarE":0,"DemBarP":0,"BarRetP":0},{"id":88,"time":144,"name":"Tocopilla110","marginal_cost":146.2132768809,"value":146.2132768809,"DemBarE":0,"DemBarP":0,"BarRetP":0},{"id":88,"time":145,"name":"Tocopilla110","marginal_cost":147.2903369685,"value":147.2903369685,"DemBarE":0,"DemBarP":0,"BarRetP":0},{"id":88,"time":146,"name":"Tocopilla110","marginal_cost":143.8999634347,"value":143.8999634347,"DemBarE":0,"DemBarP":0,"BarRetP":0},{"id":88,"time":147,"name":"Tocopilla110","marginal_cost":143.2166311512,"value":143.2166311512,"DemBarE":0,"DemBarP":0,"BarRetP":0},{"id":88,"time":148,"name":"Tocopilla110","marginal_cost":143.2166311512,"value":143.2166311512,"DemBarE":0,"DemBarP":0,"BarRetP":0},{"id":88,"time":149,"name":"Tocopilla110","marginal_cost":143.2166311512,"value":143.2166311512,"DemBarE":0,"DemBarP":0,"BarRetP":0},{"id":88,"time":150,"name":"Tocopilla110","marginal_cost":143.2166311512,"value":143.2166311512,"DemBarE":0,"DemBarP":0,"BarRetP":0},{"id":88,"time":151,"name":"Tocopilla110","marginal_cost":143.0634602175,"value":143.0634602175,"DemBarE":0,"DemBarP":0,"BarRetP":0},{"id":88,"time":152,"name":"Tocopilla110","marginal_cost":121.6889823516,"value":121.6889823516,"DemBarE":0,"DemBarP":0,"BarRetP":0},{"id":88,"time":153,"name":"Tocopilla110","marginal_cost":121.6889823516,"value":121.6889823516,"DemBarE":0,"DemBarP":0,"BarRetP":0},{"id":88,"time":154,"name":"Tocopilla110","marginal_cost":92.9591553409,"value":92.9591553409,"DemBarE":0,"DemBarP":0,"BarRetP":0},{"id":88,"time":155,"name":"Tocopilla110","marginal_cost":92.9591553409,"value":92.9591553409,"DemBarE":0,"DemBarP":0,"BarRetP":0},{"id":88,"time":156,"name":"Tocopilla110","marginal_cost":92.1567974461,"value":92.1567974461,"DemBarE":0,"DemBarP":0,"BarRetP":0},{"id":88,"time":157,"name":"Tocopilla110","marginal_cost":78.4792904122,"value":78.4792904122,"DemBarE":0,"DemBarP":0,"BarRetP":0},{"id":88,"time":158,"name":"Tocopilla110","marginal_cost":78.4792904122,"value":78.4792904122,"DemBarE":0,"DemBarP":0,"BarRetP":0},{"id":88,"time":159,"name":"Tocopilla110","marginal_cost":78.4792904122,"value":78.4792904122,"DemBarE":0,"DemBarP":0,"BarRetP":0},{"id":88,"time":160,"name":"Tocopilla110","marginal_cost":93.8014198204,"value":93.8014198204,"DemBarE":0,"DemBarP":0,"BarRetP":0},{"id":88,"time":161,"name":"Tocopilla110","marginal_cost":93.8014198204,"value":93.8014198204,"DemBarE":0,"DemBarP":0,"BarRetP":0},{"id":88,"time":162,"name":"Tocopilla110","marginal_cost":125.0545046493,"value":125.0545046493,"DemBarE":0,"DemBarP":0,"BarRetP":0},{"id":88,"time":163,"name":"Tocopilla110","marginal_cost":147.4540467404,"value":147.4540467404,"DemBarE":0,"DemBarP":0,"BarRetP":0},{"id":88,"time":164,"name":"Tocopilla110","marginal_cost":147.4540467404,"value":147.4540467404,"DemBarE":0,"DemBarP":0,"BarRetP":0},{"id":88,"time":165,"name":"Tocopilla110","marginal_cost":147.4540467404,"value":147.4540467404,"DemBarE":0,"DemBarP":0,"BarRetP":0},{"id":88,"time":166,"name":"Tocopilla110","marginal_cost":147.4540467404,"value":147.4540467404,"DemBarE":0,"DemBarP":0,"BarRetP":0},{"id":88,"time":167,"name":"Tocopilla110","marginal_cost":146.2725603959,"value":146.2725603959,"DemBarE":0,"DemBarP":0,"BarRetP":0},{"id":88,"time":168,"name":"Tocopilla110","marginal_cost":145.8897090947,"value":145.8897090947,"DemBarE":0,"DemBarP":0,"BarRetP":0}]