[{"id":80,"time":1,"name":"Salar110","marginal_cost":139.9919084863,"value":139.9919084863,"DemBarE":0,"DemBarP":0,"BarRetP":0},{"id":80,"time":2,"name":"Salar110","marginal_cost":136.1648276316,"value":136.1648276316,"DemBarE":0,"DemBarP":0,"BarRetP":0},{"id":80,"time":3,"name":"Salar110","marginal_cost":137.0430666698,"value":137.0430666698,"DemBarE":0,"DemBarP":0,"BarRetP":0},{"id":80,"time":4,"name":"Salar110","marginal_cost":137.3738287885,"value":137.3738287885,"DemBarE":0,"DemBarP":0,"BarRetP":0},{"id":80,"time":5,"name":"Salar110","marginal_cost":137.4325832684,"value":137.4325832684,"DemBarE":0,"DemBarP":0,"BarRetP":0},{"id":80,"time":6,"name":"Salar110","marginal_cost":101.7503417683,"value":101.7503417683,"DemBarE":0,"DemBarP":0,"BarRetP":0},{"id":80,"time":7,"name":"Salar110","marginal_cost":138.4106595969,"value":138.4106595969,"DemBarE":0,"DemBarP":0,"BarRetP":0},{"id":80,"time":8,"name":"Salar110","marginal_cost":161.9347543001,"value":161.9347543001,"DemBarE":0,"DemBarP":0,"BarRetP":0},{"id":80,"time":9,"name":"Salar110","marginal_cost":110.2634605228,"value":110.2634605228,"DemBarE":0,"DemBarP":0,"BarRetP":0},{"id":80,"time":10,"name":"Salar110","marginal_cost":75.6140344707,"value":75.6140344707,"DemBarE":0,"DemBarP":0,"BarRetP":0},{"id":80,"time":11,"name":"Salar110","marginal_cost":74.1576953172,"value":74.1576953172,"DemBarE":0,"DemBarP":0,"BarRetP":0},{"id":80,"time":12,"name":"Salar110","marginal_cost":65.4818854881,"value":65.4818854881,"DemBarE":0,"DemBarP":0,"BarRetP":0},{"id":80,"time":13,"name":"Salar110","marginal_cost":44.900208101,"value":44.900208101,"DemBarE":0,"DemBarP":0,"BarRetP":0},{"id":80,"time":14,"name":"Salar110","marginal_cost":-1.7918638484,"value":-1.7918638484,"DemBarE":0,"DemBarP":0,"BarRetP":0},{"id":80,"time":15,"name":"Salar110","marginal_cost":-1.4737433276,"value":-1.4737433276,"DemBarE":0,"DemBarP":0,"BarRetP":0},{"id":80,"time":16,"name":"Salar110","marginal_cost":-1.4801688648,"value":-1.4801688648,"DemBarE":0,"DemBarP":0,"BarRetP":0},{"id":80,"time":17,"name":"Salar110","marginal_cost":94.02966988,"value":94.02966988,"DemBarE":0,"DemBarP":0,"BarRetP":0},{"id":80,"time":18,"name":"Salar110","marginal_cost":136.7473397477,"value":136.7473397477,"DemBarE":0,"DemBarP":0,"BarRetP":0},{"id":80,"time":19,"name":"Salar110","marginal_cost":176.9494018381,"value":176.9494018381,"DemBarE":0,"DemBarP":0,"BarRetP":0},{"id":80,"time":20,"name":"Salar110","marginal_cost":177.0727640381,"value":177.0727640381,"DemBarE":0,"DemBarP":0,"BarRetP":0},{"id":80,"time":21,"name":"Salar110","marginal_cost":171.8101222253,"value":171.8101222253,"DemBarE":0,"DemBarP":0,"BarRetP":0},{"id":80,"time":22,"name":"Salar110","marginal_cost":166.3868491136,"value":166.3868491136,"DemBarE":0,"DemBarP":0,"BarRetP":0},{"id":80,"time":23,"name":"Salar110","marginal_cost":162.2234483013,"value":162.2234483013,"DemBarE":0,"DemBarP":0,"BarRetP":0},{"id":80,"time":24,"name":"Salar110","marginal_cost":161.0672004569,"value":161.0672004569,"DemBarE":0,"DemBarP":0,"BarRetP":0},{"id":80,"time":25,"name":"Salar110","marginal_cost":160.6926678791,"value":160.6926678791,"DemBarE":0,"DemBarP":0,"BarRetP":0},{"id":80,"time":26,"name":"Salar110","marginal_cost":158.278502601,"value":158.278502601,"DemBarE":0,"DemBarP":0,"BarRetP":0},{"id":80,"time":27,"name":"Salar110","marginal_cost":159.5684430875,"value":159.5684430875,"DemBarE":0,"DemBarP":0,"BarRetP":0},{"id":80,"time":28,"name":"Salar110","marginal_cost":158.7034652123,"value":158.7034652123,"DemBarE":0,"DemBarP":0,"BarRetP":0},{"id":80,"time":29,"name":"Salar110","marginal_cost":157.2690940074,"value":157.2690940074,"DemBarE":0,"DemBarP":0,"BarRetP":0},{"id":80,"time":30,"name":"Salar110","marginal_cost":158.1178989509,"value":158.1178989509,"DemBarE":0,"DemBarP":0,"BarRetP":0},{"id":80,"time":31,"name":"Salar110","marginal_cost":165.4882187347,"value":165.4882187347,"DemBarE":0,"DemBarP":0,"BarRetP":0},{"id":80,"time":32,"name":"Salar110","marginal_cost":159.389079242,"value":159.389079242,"DemBarE":0,"DemBarP":0,"BarRetP":0},{"id":80,"time":33,"name":"Salar110","marginal_cost":124.0122139268,"value":124.0122139268,"DemBarE":0,"DemBarP":0,"BarRetP":0},{"id":80,"time":34,"name":"Salar110","marginal_cost":82.4510139092,"value":82.4510139092,"DemBarE":0,"DemBarP":0,"BarRetP":0},{"id":80,"time":35,"name":"Salar110","marginal_cost":78.8421958972,"value":78.8421958972,"DemBarE":0,"DemBarP":0,"BarRetP":0},{"id":80,"time":36,"name":"Salar110","marginal_cost":78.7450839575,"value":78.7450839575,"DemBarE":0,"DemBarP":0,"BarRetP":0},{"id":80,"time":37,"name":"Salar110","marginal_cost":76.9242456155,"value":76.9242456155,"DemBarE":0,"DemBarP":0,"BarRetP":0},{"id":80,"time":38,"name":"Salar110","marginal_cost":76.9242456155,"value":76.9242456155,"DemBarE":0,"DemBarP":0,"BarRetP":0},{"id":80,"time":39,"name":"Salar110","marginal_cost":76.9242456155,"value":76.9242456155,"DemBarE":0,"DemBarP":0,"BarRetP":0},{"id":80,"time":40,"name":"Salar110","marginal_cost":76.9242456155,"value":76.9242456155,"DemBarE":0,"DemBarP":0,"BarRetP":0},{"id":80,"time":41,"name":"Salar110","marginal_cost":97.1081924404,"value":97.1081924404,"DemBarE":0,"DemBarP":0,"BarRetP":0},{"id":80,"time":42,"name":"Salar110","marginal_cost":141.1336389599,"value":141.1336389599,"DemBarE":0,"DemBarP":0,"BarRetP":0},{"id":80,"time":43,"name":"Salar110","marginal_cost":168.6261235347,"value":168.6261235347,"DemBarE":0,"DemBarP":0,"BarRetP":0},{"id":80,"time":44,"name":"Salar110","marginal_cost":168.6261235347,"value":168.6261235347,"DemBarE":0,"DemBarP":0,"BarRetP":0},{"id":80,"time":45,"name":"Salar110","marginal_cost":170.5645194922,"value":170.5645194922,"DemBarE":0,"DemBarP":0,"BarRetP":0},{"id":80,"time":46,"name":"Salar110","marginal_cost":169.5503359455,"value":169.5503359455,"DemBarE":0,"DemBarP":0,"BarRetP":0},{"id":80,"time":47,"name":"Salar110","marginal_cost":165.5570730884,"value":165.5570730884,"DemBarE":0,"DemBarP":0,"BarRetP":0},{"id":80,"time":48,"name":"Salar110","marginal_cost":162.105535073,"value":162.105535073,"DemBarE":0,"DemBarP":0,"BarRetP":0},{"id":80,"time":49,"name":"Salar110","marginal_cost":154.828594037,"value":154.828594037,"DemBarE":0,"DemBarP":0,"BarRetP":0},{"id":80,"time":50,"name":"Salar110","marginal_cost":157.5402378213,"value":157.5402378213,"DemBarE":0,"DemBarP":0,"BarRetP":0},{"id":80,"time":51,"name":"Salar110","marginal_cost":159.9639595001,"value":159.9639595001,"DemBarE":0,"DemBarP":0,"BarRetP":0},{"id":80,"time":52,"name":"Salar110","marginal_cost":143.9685130654,"value":143.9685130654,"DemBarE":0,"DemBarP":0,"BarRetP":0},{"id":80,"time":53,"name":"Salar110","marginal_cost":143.9685130654,"value":143.9685130654,"DemBarE":0,"DemBarP":0,"BarRetP":0},{"id":80,"time":54,"name":"Salar110","marginal_cost":142.6059993215,"value":142.6059993215,"DemBarE":0,"DemBarP":0,"BarRetP":0},{"id":80,"time":55,"name":"Salar110","marginal_cost":141.5367947626,"value":141.5367947626,"DemBarE":0,"DemBarP":0,"BarRetP":0},{"id":80,"time":56,"name":"Salar110","marginal_cost":136.6050864454,"value":136.6050864454,"DemBarE":0,"DemBarP":0,"BarRetP":0},{"id":80,"time":57,"name":"Salar110","marginal_cost":102.202180536,"value":102.202180536,"DemBarE":0,"DemBarP":0,"BarRetP":0},{"id":80,"time":58,"name":"Salar110","marginal_cost":79.8731849269,"value":79.8731849269,"DemBarE":0,"DemBarP":0,"BarRetP":0},{"id":80,"time":59,"name":"Salar110","marginal_cost":78.5292103063,"value":78.5292103063,"DemBarE":0,"DemBarP":0,"BarRetP":0},{"id":80,"time":60,"name":"Salar110","marginal_cost":77.8512936149,"value":77.8512936149,"DemBarE":0,"DemBarP":0,"BarRetP":0},{"id":80,"time":61,"name":"Salar110","marginal_cost":-2.0954661962,"value":-2.0954661962,"DemBarE":0,"DemBarP":0,"BarRetP":0},{"id":80,"time":62,"name":"Salar110","marginal_cost":-2.0954661962,"value":-2.0954661962,"DemBarE":0,"DemBarP":0,"BarRetP":0},{"id":80,"time":63,"name":"Salar110","marginal_cost":-1.7991482057,"value":-1.7991482057,"DemBarE":0,"DemBarP":0,"BarRetP":0},{"id":80,"time":64,"name":"Salar110","marginal_cost":-1.2262653581,"value":-1.2262653581,"DemBarE":0,"DemBarP":0,"BarRetP":0},{"id":80,"time":65,"name":"Salar110","marginal_cost":114.662135484,"value":114.662135484,"DemBarE":0,"DemBarP":0,"BarRetP":0},{"id":80,"time":66,"name":"Salar110","marginal_cost":114.662135484,"value":114.662135484,"DemBarE":0,"DemBarP":0,"BarRetP":0},{"id":80,"time":67,"name":"Salar110","marginal_cost":169.3703170421,"value":169.3703170421,"DemBarE":0,"DemBarP":0,"BarRetP":0},{"id":80,"time":68,"name":"Salar110","marginal_cost":165.9349019788,"value":165.9349019788,"DemBarE":0,"DemBarP":0,"BarRetP":0},{"id":80,"time":69,"name":"Salar110","marginal_cost":165.9349019788,"value":165.9349019788,"DemBarE":0,"DemBarP":0,"BarRetP":0},{"id":80,"time":70,"name":"Salar110","marginal_cost":167.0587502425,"value":167.0587502425,"DemBarE":0,"DemBarP":0,"BarRetP":0},{"id":80,"time":71,"name":"Salar110","marginal_cost":158.6701910455,"value":158.6701910455,"DemBarE":0,"DemBarP":0,"BarRetP":0},{"id":80,"time":72,"name":"Salar110","marginal_cost":156.2022702165,"value":156.2022702165,"DemBarE":0,"DemBarP":0,"BarRetP":0},{"id":80,"time":73,"name":"Salar110","marginal_cost":154.156069016,"value":154.156069016,"DemBarE":0,"DemBarP":0,"BarRetP":0},{"id":80,"time":74,"name":"Salar110","marginal_cost":154.6074479688,"value":154.6074479688,"DemBarE":0,"DemBarP":0,"BarRetP":0},{"id":80,"time":75,"name":"Salar110","marginal_cost":141.9449895612,"value":141.9449895612,"DemBarE":0,"DemBarP":0,"BarRetP":0},{"id":80,"time":76,"name":"Salar110","marginal_cost":141.9449895612,"value":141.9449895612,"DemBarE":0,"DemBarP":0,"BarRetP":0},{"id":80,"time":77,"name":"Salar110","marginal_cost":141.9449895612,"value":141.9449895612,"DemBarE":0,"DemBarP":0,"BarRetP":0},{"id":80,"time":78,"name":"Salar110","marginal_cost":141.9449895612,"value":141.9449895612,"DemBarE":0,"DemBarP":0,"BarRetP":0},{"id":80,"time":79,"name":"Salar110","marginal_cost":141.9449895612,"value":141.9449895612,"DemBarE":0,"DemBarP":0,"BarRetP":0},{"id":80,"time":80,"name":"Salar110","marginal_cost":123.1961753762,"value":123.1961753762,"DemBarE":0,"DemBarP":0,"BarRetP":0},{"id":80,"time":81,"name":"Salar110","marginal_cost":123.1961753762,"value":123.1961753762,"DemBarE":0,"DemBarP":0,"BarRetP":0},{"id":80,"time":82,"name":"Salar110","marginal_cost":79.3873171677,"value":79.3873171677,"DemBarE":0,"DemBarP":0,"BarRetP":0},{"id":80,"time":83,"name":"Salar110","marginal_cost":79.3873171677,"value":79.3873171677,"DemBarE":0,"DemBarP":0,"BarRetP":0},{"id":80,"time":84,"name":"Salar110","marginal_cost":76.1787072182,"value":76.1787072182,"DemBarE":0,"DemBarP":0,"BarRetP":0},{"id":80,"time":85,"name":"Salar110","marginal_cost":76.1787072182,"value":76.1787072182,"DemBarE":0,"DemBarP":0,"BarRetP":0},{"id":80,"time":86,"name":"Salar110","marginal_cost":78.6521361591,"value":78.6521361591,"DemBarE":0,"DemBarP":0,"BarRetP":0},{"id":80,"time":87,"name":"Salar110","marginal_cost":78.6521361591,"value":78.6521361591,"DemBarE":0,"DemBarP":0,"BarRetP":0},{"id":80,"time":88,"name":"Salar110","marginal_cost":78.6521361591,"value":78.6521361591,"DemBarE":0,"DemBarP":0,"BarRetP":0},{"id":80,"time":89,"name":"Salar110","marginal_cost":78.6521361591,"value":78.6521361591,"DemBarE":0,"DemBarP":0,"BarRetP":0},{"id":80,"time":90,"name":"Salar110","marginal_cost":78.6521361591,"value":78.6521361591,"DemBarE":0,"DemBarP":0,"BarRetP":0},{"id":80,"time":91,"name":"Salar110","marginal_cost":151.893386153,"value":151.893386153,"DemBarE":0,"DemBarP":0,"BarRetP":0},{"id":80,"time":92,"name":"Salar110","marginal_cost":151.893386153,"value":151.893386153,"DemBarE":0,"DemBarP":0,"BarRetP":0},{"id":80,"time":93,"name":"Salar110","marginal_cost":156.3882677403,"value":156.3882677403,"DemBarE":0,"DemBarP":0,"BarRetP":0},{"id":80,"time":94,"name":"Salar110","marginal_cost":154.7784701114,"value":154.7784701114,"DemBarE":0,"DemBarP":0,"BarRetP":0},{"id":80,"time":95,"name":"Salar110","marginal_cost":153.3967763852,"value":153.3967763852,"DemBarE":0,"DemBarP":0,"BarRetP":0},{"id":80,"time":96,"name":"Salar110","marginal_cost":154.0232918863,"value":154.0232918863,"DemBarE":0,"DemBarP":0,"BarRetP":0},{"id":80,"time":97,"name":"Salar110","marginal_cost":153.5918707745,"value":153.5918707745,"DemBarE":0,"DemBarP":0,"BarRetP":0},{"id":80,"time":98,"name":"Salar110","marginal_cost":150.6321252843,"value":150.6321252843,"DemBarE":0,"DemBarP":0,"BarRetP":0},{"id":80,"time":99,"name":"Salar110","marginal_cost":153.5707800917,"value":153.5707800917,"DemBarE":0,"DemBarP":0,"BarRetP":0},{"id":80,"time":100,"name":"Salar110","marginal_cost":154.9496715628,"value":154.9496715628,"DemBarE":0,"DemBarP":0,"BarRetP":0},{"id":80,"time":101,"name":"Salar110","marginal_cost":154.9496715628,"value":154.9496715628,"DemBarE":0,"DemBarP":0,"BarRetP":0},{"id":80,"time":102,"name":"Salar110","marginal_cost":154.9496715628,"value":154.9496715628,"DemBarE":0,"DemBarP":0,"BarRetP":0},{"id":80,"time":103,"name":"Salar110","marginal_cost":154.2515323669,"value":154.2515323669,"DemBarE":0,"DemBarP":0,"BarRetP":0},{"id":80,"time":104,"name":"Salar110","marginal_cost":129.3006473681,"value":129.3006473681,"DemBarE":0,"DemBarP":0,"BarRetP":0},{"id":80,"time":105,"name":"Salar110","marginal_cost":129.3006473681,"value":129.3006473681,"DemBarE":0,"DemBarP":0,"BarRetP":0},{"id":80,"time":106,"name":"Salar110","marginal_cost":81.2430346002,"value":81.2430346002,"DemBarE":0,"DemBarP":0,"BarRetP":0},{"id":80,"time":107,"name":"Salar110","marginal_cost":80.6662066326,"value":80.6662066326,"DemBarE":0,"DemBarP":0,"BarRetP":0},{"id":80,"time":108,"name":"Salar110","marginal_cost":79.5791057815,"value":79.5791057815,"DemBarE":0,"DemBarP":0,"BarRetP":0},{"id":80,"time":109,"name":"Salar110","marginal_cost":79.5791057815,"value":79.5791057815,"DemBarE":0,"DemBarP":0,"BarRetP":0},{"id":80,"time":110,"name":"Salar110","marginal_cost":79.1523773814,"value":79.1523773814,"DemBarE":0,"DemBarP":0,"BarRetP":0},{"id":80,"time":111,"name":"Salar110","marginal_cost":79.1704561465,"value":79.1704561465,"DemBarE":0,"DemBarP":0,"BarRetP":0},{"id":80,"time":112,"name":"Salar110","marginal_cost":79.1704561465,"value":79.1704561465,"DemBarE":0,"DemBarP":0,"BarRetP":0},{"id":80,"time":113,"name":"Salar110","marginal_cost":132.4612402049,"value":132.4612402049,"DemBarE":0,"DemBarP":0,"BarRetP":0},{"id":80,"time":114,"name":"Salar110","marginal_cost":132.4612402049,"value":132.4612402049,"DemBarE":0,"DemBarP":0,"BarRetP":0},{"id":80,"time":115,"name":"Salar110","marginal_cost":132.4612402049,"value":132.4612402049,"DemBarE":0,"DemBarP":0,"BarRetP":0},{"id":80,"time":116,"name":"Salar110","marginal_cost":159.7121055997,"value":159.7121055997,"DemBarE":0,"DemBarP":0,"BarRetP":0},{"id":80,"time":117,"name":"Salar110","marginal_cost":159.7121055997,"value":159.7121055997,"DemBarE":0,"DemBarP":0,"BarRetP":0},{"id":80,"time":118,"name":"Salar110","marginal_cost":159.7121055997,"value":159.7121055997,"DemBarE":0,"DemBarP":0,"BarRetP":0},{"id":80,"time":119,"name":"Salar110","marginal_cost":159.9601969431,"value":159.9601969431,"DemBarE":0,"DemBarP":0,"BarRetP":0},{"id":80,"time":120,"name":"Salar110","marginal_cost":156.2701446174,"value":156.2701446174,"DemBarE":0,"DemBarP":0,"BarRetP":0},{"id":80,"time":121,"name":"Salar110","marginal_cost":156.1775679083,"value":156.1775679083,"DemBarE":0,"DemBarP":0,"BarRetP":0},{"id":80,"time":122,"name":"Salar110","marginal_cost":156.3218606369,"value":156.3218606369,"DemBarE":0,"DemBarP":0,"BarRetP":0},{"id":80,"time":123,"name":"Salar110","marginal_cost":148.6278578313,"value":148.6278578313,"DemBarE":0,"DemBarP":0,"BarRetP":0},{"id":80,"time":124,"name":"Salar110","marginal_cost":148.6278578313,"value":148.6278578313,"DemBarE":0,"DemBarP":0,"BarRetP":0},{"id":80,"time":125,"name":"Salar110","marginal_cost":148.6278578313,"value":148.6278578313,"DemBarE":0,"DemBarP":0,"BarRetP":0},{"id":80,"time":126,"name":"Salar110","marginal_cost":148.6278578313,"value":148.6278578313,"DemBarE":0,"DemBarP":0,"BarRetP":0},{"id":80,"time":127,"name":"Salar110","marginal_cost":148.9476128418,"value":148.9476128418,"DemBarE":0,"DemBarP":0,"BarRetP":0},{"id":80,"time":128,"name":"Salar110","marginal_cost":146.4933594005,"value":146.4933594005,"DemBarE":0,"DemBarP":0,"BarRetP":0},{"id":80,"time":129,"name":"Salar110","marginal_cost":125.9375067208,"value":125.9375067208,"DemBarE":0,"DemBarP":0,"BarRetP":0},{"id":80,"time":130,"name":"Salar110","marginal_cost":95.7131691066,"value":95.7131691066,"DemBarE":0,"DemBarP":0,"BarRetP":0},{"id":80,"time":131,"name":"Salar110","marginal_cost":79.5114184211,"value":79.5114184211,"DemBarE":0,"DemBarP":0,"BarRetP":0},{"id":80,"time":132,"name":"Salar110","marginal_cost":80.8282712709,"value":80.8282712709,"DemBarE":0,"DemBarP":0,"BarRetP":0},{"id":80,"time":133,"name":"Salar110","marginal_cost":79.880396794,"value":79.880396794,"DemBarE":0,"DemBarP":0,"BarRetP":0},{"id":80,"time":134,"name":"Salar110","marginal_cost":79.880396794,"value":79.880396794,"DemBarE":0,"DemBarP":0,"BarRetP":0},{"id":80,"time":135,"name":"Salar110","marginal_cost":79.880396794,"value":79.880396794,"DemBarE":0,"DemBarP":0,"BarRetP":0},{"id":80,"time":136,"name":"Salar110","marginal_cost":79.880396794,"value":79.880396794,"DemBarE":0,"DemBarP":0,"BarRetP":0},{"id":80,"time":137,"name":"Salar110","marginal_cost":147.9579794839,"value":147.9579794839,"DemBarE":0,"DemBarP":0,"BarRetP":0},{"id":80,"time":138,"name":"Salar110","marginal_cost":147.9579794839,"value":147.9579794839,"DemBarE":0,"DemBarP":0,"BarRetP":0},{"id":80,"time":139,"name":"Salar110","marginal_cost":147.9579794839,"value":147.9579794839,"DemBarE":0,"DemBarP":0,"BarRetP":0},{"id":80,"time":140,"name":"Salar110","marginal_cost":147.9579794839,"value":147.9579794839,"DemBarE":0,"DemBarP":0,"BarRetP":0},{"id":80,"time":141,"name":"Salar110","marginal_cost":147.9579794839,"value":147.9579794839,"DemBarE":0,"DemBarP":0,"BarRetP":0},{"id":80,"time":142,"name":"Salar110","marginal_cost":147.9579794839,"value":147.9579794839,"DemBarE":0,"DemBarP":0,"BarRetP":0},{"id":80,"time":143,"name":"Salar110","marginal_cost":155.7648446914,"value":155.7648446914,"DemBarE":0,"DemBarP":0,"BarRetP":0},{"id":80,"time":144,"name":"Salar110","marginal_cost":154.7395083493,"value":154.7395083493,"DemBarE":0,"DemBarP":0,"BarRetP":0},{"id":80,"time":145,"name":"Salar110","marginal_cost":155.6265087763,"value":155.6265087763,"DemBarE":0,"DemBarP":0,"BarRetP":0},{"id":80,"time":146,"name":"Salar110","marginal_cost":152.0863388994,"value":152.0863388994,"DemBarE":0,"DemBarP":0,"BarRetP":0},{"id":80,"time":147,"name":"Salar110","marginal_cost":151.0942406635,"value":151.0942406635,"DemBarE":0,"DemBarP":0,"BarRetP":0},{"id":80,"time":148,"name":"Salar110","marginal_cost":151.0942406635,"value":151.0942406635,"DemBarE":0,"DemBarP":0,"BarRetP":0},{"id":80,"time":149,"name":"Salar110","marginal_cost":151.0942406635,"value":151.0942406635,"DemBarE":0,"DemBarP":0,"BarRetP":0},{"id":80,"time":150,"name":"Salar110","marginal_cost":151.0942406635,"value":151.0942406635,"DemBarE":0,"DemBarP":0,"BarRetP":0},{"id":80,"time":151,"name":"Salar110","marginal_cost":150.9952319627,"value":150.9952319627,"DemBarE":0,"DemBarP":0,"BarRetP":0},{"id":80,"time":152,"name":"Salar110","marginal_cost":129.4576398828,"value":129.4576398828,"DemBarE":0,"DemBarP":0,"BarRetP":0},{"id":80,"time":153,"name":"Salar110","marginal_cost":129.4576398828,"value":129.4576398828,"DemBarE":0,"DemBarP":0,"BarRetP":0},{"id":80,"time":154,"name":"Salar110","marginal_cost":95.327965671,"value":95.327965671,"DemBarE":0,"DemBarP":0,"BarRetP":0},{"id":80,"time":155,"name":"Salar110","marginal_cost":95.327965671,"value":95.327965671,"DemBarE":0,"DemBarP":0,"BarRetP":0},{"id":80,"time":156,"name":"Salar110","marginal_cost":94.3315456734,"value":94.3315456734,"DemBarE":0,"DemBarP":0,"BarRetP":0},{"id":80,"time":157,"name":"Salar110","marginal_cost":80.0788229087,"value":80.0788229087,"DemBarE":0,"DemBarP":0,"BarRetP":0},{"id":80,"time":158,"name":"Salar110","marginal_cost":80.0788229087,"value":80.0788229087,"DemBarE":0,"DemBarP":0,"BarRetP":0},{"id":80,"time":159,"name":"Salar110","marginal_cost":80.0788229087,"value":80.0788229087,"DemBarE":0,"DemBarP":0,"BarRetP":0},{"id":80,"time":160,"name":"Salar110","marginal_cost":95.563375972,"value":95.563375972,"DemBarE":0,"DemBarP":0,"BarRetP":0},{"id":80,"time":161,"name":"Salar110","marginal_cost":95.563375972,"value":95.563375972,"DemBarE":0,"DemBarP":0,"BarRetP":0},{"id":80,"time":162,"name":"Salar110","marginal_cost":132.0436761931,"value":132.0436761931,"DemBarE":0,"DemBarP":0,"BarRetP":0},{"id":80,"time":163,"name":"Salar110","marginal_cost":155.795444405,"value":155.795444405,"DemBarE":0,"DemBarP":0,"BarRetP":0},{"id":80,"time":164,"name":"Salar110","marginal_cost":155.795444405,"value":155.795444405,"DemBarE":0,"DemBarP":0,"BarRetP":0},{"id":80,"time":165,"name":"Salar110","marginal_cost":155.795444405,"value":155.795444405,"DemBarE":0,"DemBarP":0,"BarRetP":0},{"id":80,"time":166,"name":"Salar110","marginal_cost":155.795444405,"value":155.795444405,"DemBarE":0,"DemBarP":0,"BarRetP":0},{"id":80,"time":167,"name":"Salar110","marginal_cost":154.887725715,"value":154.887725715,"DemBarE":0,"DemBarP":0,"BarRetP":0},{"id":80,"time":168,"name":"Salar110","marginal_cost":154.4845784114,"value":154.4845784114,"DemBarE":0,"DemBarP":0,"BarRetP":0}]