[{"id":37,"time":1,"name":"Esmeralda110","marginal_cost":113.9940225545,"value":113.9940225545,"DemBarE":0,"DemBarP":0,"BarRetP":0},{"id":37,"time":2,"name":"Esmeralda110","marginal_cost":110.5767808674,"value":110.5767808674,"DemBarE":0,"DemBarP":0,"BarRetP":0},{"id":37,"time":3,"name":"Esmeralda110","marginal_cost":111.1842063667,"value":111.1842063667,"DemBarE":0,"DemBarP":0,"BarRetP":0},{"id":37,"time":4,"name":"Esmeralda110","marginal_cost":111.8670629322,"value":111.8670629322,"DemBarE":0,"DemBarP":0,"BarRetP":0},{"id":37,"time":5,"name":"Esmeralda110","marginal_cost":111.9288095422,"value":111.9288095422,"DemBarE":0,"DemBarP":0,"BarRetP":0},{"id":37,"time":6,"name":"Esmeralda110","marginal_cost":82.6648992306,"value":82.6648992306,"DemBarE":0,"DemBarP":0,"BarRetP":0},{"id":37,"time":7,"name":"Esmeralda110","marginal_cost":113.0975881967,"value":113.0975881967,"DemBarE":0,"DemBarP":0,"BarRetP":0},{"id":37,"time":8,"name":"Esmeralda110","marginal_cost":137.631573195,"value":137.631573195,"DemBarE":0,"DemBarP":0,"BarRetP":0},{"id":37,"time":9,"name":"Esmeralda110","marginal_cost":108.5328422673,"value":108.5328422673,"DemBarE":0,"DemBarP":0,"BarRetP":0},{"id":37,"time":10,"name":"Esmeralda110","marginal_cost":82.6529232174,"value":82.6529232174,"DemBarE":0,"DemBarP":0,"BarRetP":0},{"id":37,"time":11,"name":"Esmeralda110","marginal_cost":78.7606066409,"value":78.7606066409,"DemBarE":0,"DemBarP":0,"BarRetP":0},{"id":37,"time":12,"name":"Esmeralda110","marginal_cost":69.5612989077,"value":69.5612989077,"DemBarE":0,"DemBarP":0,"BarRetP":0},{"id":37,"time":13,"name":"Esmeralda110","marginal_cost":47.605235478,"value":47.605235478,"DemBarE":0,"DemBarP":0,"BarRetP":0},{"id":37,"time":14,"name":"Esmeralda110","marginal_cost":-1.8970153703,"value":-1.8970153703,"DemBarE":0,"DemBarP":0,"BarRetP":0},{"id":37,"time":15,"name":"Esmeralda110","marginal_cost":-1.5554400459,"value":-1.5554400459,"DemBarE":0,"DemBarP":0,"BarRetP":0},{"id":37,"time":16,"name":"Esmeralda110","marginal_cost":-1.550248313,"value":-1.550248313,"DemBarE":0,"DemBarP":0,"BarRetP":0},{"id":37,"time":17,"name":"Esmeralda110","marginal_cost":100.5397778125,"value":100.5397778125,"DemBarE":0,"DemBarP":0,"BarRetP":0},{"id":37,"time":18,"name":"Esmeralda110","marginal_cost":118.5555407042,"value":118.5555407042,"DemBarE":0,"DemBarP":0,"BarRetP":0},{"id":37,"time":19,"name":"Esmeralda110","marginal_cost":151.8455438687,"value":151.8455438687,"DemBarE":0,"DemBarP":0,"BarRetP":0},{"id":37,"time":20,"name":"Esmeralda110","marginal_cost":152.6812916929,"value":152.6812916929,"DemBarE":0,"DemBarP":0,"BarRetP":0},{"id":37,"time":21,"name":"Esmeralda110","marginal_cost":151.0346763554,"value":151.0346763554,"DemBarE":0,"DemBarP":0,"BarRetP":0},{"id":37,"time":22,"name":"Esmeralda110","marginal_cost":141.783516375,"value":141.783516375,"DemBarE":0,"DemBarP":0,"BarRetP":0},{"id":37,"time":23,"name":"Esmeralda110","marginal_cost":140.2329879001,"value":140.2329879001,"DemBarE":0,"DemBarP":0,"BarRetP":0},{"id":37,"time":24,"name":"Esmeralda110","marginal_cost":138.10020289,"value":138.10020289,"DemBarE":0,"DemBarP":0,"BarRetP":0},{"id":37,"time":25,"name":"Esmeralda110","marginal_cost":139.0839297814,"value":139.0839297814,"DemBarE":0,"DemBarP":0,"BarRetP":0},{"id":37,"time":26,"name":"Esmeralda110","marginal_cost":135.1242453539,"value":135.1242453539,"DemBarE":0,"DemBarP":0,"BarRetP":0},{"id":37,"time":27,"name":"Esmeralda110","marginal_cost":135.3260254935,"value":135.3260254935,"DemBarE":0,"DemBarP":0,"BarRetP":0},{"id":37,"time":28,"name":"Esmeralda110","marginal_cost":136.9248371062,"value":136.9248371062,"DemBarE":0,"DemBarP":0,"BarRetP":0},{"id":37,"time":29,"name":"Esmeralda110","marginal_cost":135.6100839663,"value":135.6100839663,"DemBarE":0,"DemBarP":0,"BarRetP":0},{"id":37,"time":30,"name":"Esmeralda110","marginal_cost":134.7916605537,"value":134.7916605537,"DemBarE":0,"DemBarP":0,"BarRetP":0},{"id":37,"time":31,"name":"Esmeralda110","marginal_cost":145.8745432792,"value":145.8745432792,"DemBarE":0,"DemBarP":0,"BarRetP":0},{"id":37,"time":32,"name":"Esmeralda110","marginal_cost":143.1474143581,"value":143.1474143581,"DemBarE":0,"DemBarP":0,"BarRetP":0},{"id":37,"time":33,"name":"Esmeralda110","marginal_cost":115.7415412734,"value":115.7415412734,"DemBarE":0,"DemBarP":0,"BarRetP":0},{"id":37,"time":34,"name":"Esmeralda110","marginal_cost":89.3416470598,"value":89.3416470598,"DemBarE":0,"DemBarP":0,"BarRetP":0},{"id":37,"time":35,"name":"Esmeralda110","marginal_cost":85.6043052359,"value":85.6043052359,"DemBarE":0,"DemBarP":0,"BarRetP":0},{"id":37,"time":36,"name":"Esmeralda110","marginal_cost":85.7772501758,"value":85.7772501758,"DemBarE":0,"DemBarP":0,"BarRetP":0},{"id":37,"time":37,"name":"Esmeralda110","marginal_cost":84.2759337705,"value":84.2759337705,"DemBarE":0,"DemBarP":0,"BarRetP":0},{"id":37,"time":38,"name":"Esmeralda110","marginal_cost":84.2759337705,"value":84.2759337705,"DemBarE":0,"DemBarP":0,"BarRetP":0},{"id":37,"time":39,"name":"Esmeralda110","marginal_cost":84.2759337705,"value":84.2759337705,"DemBarE":0,"DemBarP":0,"BarRetP":0},{"id":37,"time":40,"name":"Esmeralda110","marginal_cost":84.2759337705,"value":84.2759337705,"DemBarE":0,"DemBarP":0,"BarRetP":0},{"id":37,"time":41,"name":"Esmeralda110","marginal_cost":102.8947115332,"value":102.8947115332,"DemBarE":0,"DemBarP":0,"BarRetP":0},{"id":37,"time":42,"name":"Esmeralda110","marginal_cost":116.2436377729,"value":116.2436377729,"DemBarE":0,"DemBarP":0,"BarRetP":0},{"id":37,"time":43,"name":"Esmeralda110","marginal_cost":138.4056519213,"value":138.4056519213,"DemBarE":0,"DemBarP":0,"BarRetP":0},{"id":37,"time":44,"name":"Esmeralda110","marginal_cost":138.4056519213,"value":138.4056519213,"DemBarE":0,"DemBarP":0,"BarRetP":0},{"id":37,"time":45,"name":"Esmeralda110","marginal_cost":141.3289892956,"value":141.3289892956,"DemBarE":0,"DemBarP":0,"BarRetP":0},{"id":37,"time":46,"name":"Esmeralda110","marginal_cost":140.5386276815,"value":140.5386276815,"DemBarE":0,"DemBarP":0,"BarRetP":0},{"id":37,"time":47,"name":"Esmeralda110","marginal_cost":137.3726819066,"value":137.3726819066,"DemBarE":0,"DemBarP":0,"BarRetP":0},{"id":37,"time":48,"name":"Esmeralda110","marginal_cost":134.4770664739,"value":134.4770664739,"DemBarE":0,"DemBarP":0,"BarRetP":0},{"id":37,"time":49,"name":"Esmeralda110","marginal_cost":128.2762854347,"value":128.2762854347,"DemBarE":0,"DemBarP":0,"BarRetP":0},{"id":37,"time":50,"name":"Esmeralda110","marginal_cost":130.0238276038,"value":130.0238276038,"DemBarE":0,"DemBarP":0,"BarRetP":0},{"id":37,"time":51,"name":"Esmeralda110","marginal_cost":131.2985006177,"value":131.2985006177,"DemBarE":0,"DemBarP":0,"BarRetP":0},{"id":37,"time":52,"name":"Esmeralda110","marginal_cost":117.3626442009,"value":117.3626442009,"DemBarE":0,"DemBarP":0,"BarRetP":0},{"id":37,"time":53,"name":"Esmeralda110","marginal_cost":117.3626442009,"value":117.3626442009,"DemBarE":0,"DemBarP":0,"BarRetP":0},{"id":37,"time":54,"name":"Esmeralda110","marginal_cost":116.0188731392,"value":116.0188731392,"DemBarE":0,"DemBarP":0,"BarRetP":0},{"id":37,"time":55,"name":"Esmeralda110","marginal_cost":115.5551473087,"value":115.5551473087,"DemBarE":0,"DemBarP":0,"BarRetP":0},{"id":37,"time":56,"name":"Esmeralda110","marginal_cost":112.1970779922,"value":112.1970779922,"DemBarE":0,"DemBarP":0,"BarRetP":0},{"id":37,"time":57,"name":"Esmeralda110","marginal_cost":104.3762680978,"value":104.3762680978,"DemBarE":0,"DemBarP":0,"BarRetP":0},{"id":37,"time":58,"name":"Esmeralda110","marginal_cost":86.697450372,"value":86.697450372,"DemBarE":0,"DemBarP":0,"BarRetP":0},{"id":37,"time":59,"name":"Esmeralda110","marginal_cost":85.0119831375,"value":85.0119831375,"DemBarE":0,"DemBarP":0,"BarRetP":0},{"id":37,"time":60,"name":"Esmeralda110","marginal_cost":84.2072809924,"value":84.2072809924,"DemBarE":0,"DemBarP":0,"BarRetP":0},{"id":37,"time":61,"name":"Esmeralda110","marginal_cost":-2.2208665631,"value":-2.2208665631,"DemBarE":0,"DemBarP":0,"BarRetP":0},{"id":37,"time":62,"name":"Esmeralda110","marginal_cost":-2.2208665631,"value":-2.2208665631,"DemBarE":0,"DemBarP":0,"BarRetP":0},{"id":37,"time":63,"name":"Esmeralda110","marginal_cost":-1.877413388,"value":-1.877413388,"DemBarE":0,"DemBarP":0,"BarRetP":0},{"id":37,"time":64,"name":"Esmeralda110","marginal_cost":-1.2753250162,"value":-1.2753250162,"DemBarE":0,"DemBarP":0,"BarRetP":0},{"id":37,"time":65,"name":"Esmeralda110","marginal_cost":108.1975151778,"value":108.1975151778,"DemBarE":0,"DemBarP":0,"BarRetP":0},{"id":37,"time":66,"name":"Esmeralda110","marginal_cost":108.1975151778,"value":108.1975151778,"DemBarE":0,"DemBarP":0,"BarRetP":0},{"id":37,"time":67,"name":"Esmeralda110","marginal_cost":138.367081599,"value":138.367081599,"DemBarE":0,"DemBarP":0,"BarRetP":0},{"id":37,"time":68,"name":"Esmeralda110","marginal_cost":136.2242402769,"value":136.2242402769,"DemBarE":0,"DemBarP":0,"BarRetP":0},{"id":37,"time":69,"name":"Esmeralda110","marginal_cost":136.2242402769,"value":136.2242402769,"DemBarE":0,"DemBarP":0,"BarRetP":0},{"id":37,"time":70,"name":"Esmeralda110","marginal_cost":137.6191195126,"value":137.6191195126,"DemBarE":0,"DemBarP":0,"BarRetP":0},{"id":37,"time":71,"name":"Esmeralda110","marginal_cost":130.8253946972,"value":130.8253946972,"DemBarE":0,"DemBarP":0,"BarRetP":0},{"id":37,"time":72,"name":"Esmeralda110","marginal_cost":128.9572224853,"value":128.9572224853,"DemBarE":0,"DemBarP":0,"BarRetP":0},{"id":37,"time":73,"name":"Esmeralda110","marginal_cost":126.8687716904,"value":126.8687716904,"DemBarE":0,"DemBarP":0,"BarRetP":0},{"id":37,"time":74,"name":"Esmeralda110","marginal_cost":126.6320125634,"value":126.6320125634,"DemBarE":0,"DemBarP":0,"BarRetP":0},{"id":37,"time":75,"name":"Esmeralda110","marginal_cost":115.0691509572,"value":115.0691509572,"DemBarE":0,"DemBarP":0,"BarRetP":0},{"id":37,"time":76,"name":"Esmeralda110","marginal_cost":115.0691509572,"value":115.0691509572,"DemBarE":0,"DemBarP":0,"BarRetP":0},{"id":37,"time":77,"name":"Esmeralda110","marginal_cost":115.0691509572,"value":115.0691509572,"DemBarE":0,"DemBarP":0,"BarRetP":0},{"id":37,"time":78,"name":"Esmeralda110","marginal_cost":115.0691509572,"value":115.0691509572,"DemBarE":0,"DemBarP":0,"BarRetP":0},{"id":37,"time":79,"name":"Esmeralda110","marginal_cost":115.0691509572,"value":115.0691509572,"DemBarE":0,"DemBarP":0,"BarRetP":0},{"id":37,"time":80,"name":"Esmeralda110","marginal_cost":119.5096095323,"value":119.5096095323,"DemBarE":0,"DemBarP":0,"BarRetP":0},{"id":37,"time":81,"name":"Esmeralda110","marginal_cost":119.5096095323,"value":119.5096095323,"DemBarE":0,"DemBarP":0,"BarRetP":0},{"id":37,"time":82,"name":"Esmeralda110","marginal_cost":85.0952425879,"value":85.0952425879,"DemBarE":0,"DemBarP":0,"BarRetP":0},{"id":37,"time":83,"name":"Esmeralda110","marginal_cost":85.0952425879,"value":85.0952425879,"DemBarE":0,"DemBarP":0,"BarRetP":0},{"id":37,"time":84,"name":"Esmeralda110","marginal_cost":81.0788837162,"value":81.0788837162,"DemBarE":0,"DemBarP":0,"BarRetP":0},{"id":37,"time":85,"name":"Esmeralda110","marginal_cost":81.0788837162,"value":81.0788837162,"DemBarE":0,"DemBarP":0,"BarRetP":0},{"id":37,"time":86,"name":"Esmeralda110","marginal_cost":83.6229308646,"value":83.6229308646,"DemBarE":0,"DemBarP":0,"BarRetP":0},{"id":37,"time":87,"name":"Esmeralda110","marginal_cost":83.6229308646,"value":83.6229308646,"DemBarE":0,"DemBarP":0,"BarRetP":0},{"id":37,"time":88,"name":"Esmeralda110","marginal_cost":83.6229308646,"value":83.6229308646,"DemBarE":0,"DemBarP":0,"BarRetP":0},{"id":37,"time":89,"name":"Esmeralda110","marginal_cost":83.6229308646,"value":83.6229308646,"DemBarE":0,"DemBarP":0,"BarRetP":0},{"id":37,"time":90,"name":"Esmeralda110","marginal_cost":83.6229308646,"value":83.6229308646,"DemBarE":0,"DemBarP":0,"BarRetP":0},{"id":37,"time":91,"name":"Esmeralda110","marginal_cost":124.8687531839,"value":124.8687531839,"DemBarE":0,"DemBarP":0,"BarRetP":0},{"id":37,"time":92,"name":"Esmeralda110","marginal_cost":124.8687531839,"value":124.8687531839,"DemBarE":0,"DemBarP":0,"BarRetP":0},{"id":37,"time":93,"name":"Esmeralda110","marginal_cost":129.5947634576,"value":129.5947634576,"DemBarE":0,"DemBarP":0,"BarRetP":0},{"id":37,"time":94,"name":"Esmeralda110","marginal_cost":128.3817566595,"value":128.3817566595,"DemBarE":0,"DemBarP":0,"BarRetP":0},{"id":37,"time":95,"name":"Esmeralda110","marginal_cost":127.1397334621,"value":127.1397334621,"DemBarE":0,"DemBarP":0,"BarRetP":0},{"id":37,"time":96,"name":"Esmeralda110","marginal_cost":127.0663111392,"value":127.0663111392,"DemBarE":0,"DemBarP":0,"BarRetP":0},{"id":37,"time":97,"name":"Esmeralda110","marginal_cost":127.0561965305,"value":127.0561965305,"DemBarE":0,"DemBarP":0,"BarRetP":0},{"id":37,"time":98,"name":"Esmeralda110","marginal_cost":123.7641861061,"value":123.7641861061,"DemBarE":0,"DemBarP":0,"BarRetP":0},{"id":37,"time":99,"name":"Esmeralda110","marginal_cost":125.6086732175,"value":125.6086732175,"DemBarE":0,"DemBarP":0,"BarRetP":0},{"id":37,"time":100,"name":"Esmeralda110","marginal_cost":126.1848018776,"value":126.1848018776,"DemBarE":0,"DemBarP":0,"BarRetP":0},{"id":37,"time":101,"name":"Esmeralda110","marginal_cost":126.1848018776,"value":126.1848018776,"DemBarE":0,"DemBarP":0,"BarRetP":0},{"id":37,"time":102,"name":"Esmeralda110","marginal_cost":126.1848018776,"value":126.1848018776,"DemBarE":0,"DemBarP":0,"BarRetP":0},{"id":37,"time":103,"name":"Esmeralda110","marginal_cost":128.0614102399,"value":128.0614102399,"DemBarE":0,"DemBarP":0,"BarRetP":0},{"id":37,"time":104,"name":"Esmeralda110","marginal_cost":110.7525009571,"value":110.7525009571,"DemBarE":0,"DemBarP":0,"BarRetP":0},{"id":37,"time":105,"name":"Esmeralda110","marginal_cost":110.7525009571,"value":110.7525009571,"DemBarE":0,"DemBarP":0,"BarRetP":0},{"id":37,"time":106,"name":"Esmeralda110","marginal_cost":87.6171757946,"value":87.6171757946,"DemBarE":0,"DemBarP":0,"BarRetP":0},{"id":37,"time":107,"name":"Esmeralda110","marginal_cost":87.7046393812,"value":87.7046393812,"DemBarE":0,"DemBarP":0,"BarRetP":0},{"id":37,"time":108,"name":"Esmeralda110","marginal_cost":87.2362177679,"value":87.2362177679,"DemBarE":0,"DemBarP":0,"BarRetP":0},{"id":37,"time":109,"name":"Esmeralda110","marginal_cost":87.2362177679,"value":87.2362177679,"DemBarE":0,"DemBarP":0,"BarRetP":0},{"id":37,"time":110,"name":"Esmeralda110","marginal_cost":87.6543426064,"value":87.6543426064,"DemBarE":0,"DemBarP":0,"BarRetP":0},{"id":37,"time":111,"name":"Esmeralda110","marginal_cost":87.2117862495,"value":87.2117862495,"DemBarE":0,"DemBarP":0,"BarRetP":0},{"id":37,"time":112,"name":"Esmeralda110","marginal_cost":87.2117862495,"value":87.2117862495,"DemBarE":0,"DemBarP":0,"BarRetP":0},{"id":37,"time":113,"name":"Esmeralda110","marginal_cost":111.8947958331,"value":111.8947958331,"DemBarE":0,"DemBarP":0,"BarRetP":0},{"id":37,"time":114,"name":"Esmeralda110","marginal_cost":111.8947958331,"value":111.8947958331,"DemBarE":0,"DemBarP":0,"BarRetP":0},{"id":37,"time":115,"name":"Esmeralda110","marginal_cost":111.8947958331,"value":111.8947958331,"DemBarE":0,"DemBarP":0,"BarRetP":0},{"id":37,"time":116,"name":"Esmeralda110","marginal_cost":132.5811567734,"value":132.5811567734,"DemBarE":0,"DemBarP":0,"BarRetP":0},{"id":37,"time":117,"name":"Esmeralda110","marginal_cost":132.5811567734,"value":132.5811567734,"DemBarE":0,"DemBarP":0,"BarRetP":0},{"id":37,"time":118,"name":"Esmeralda110","marginal_cost":132.5811567734,"value":132.5811567734,"DemBarE":0,"DemBarP":0,"BarRetP":0},{"id":37,"time":119,"name":"Esmeralda110","marginal_cost":133.0638859762,"value":133.0638859762,"DemBarE":0,"DemBarP":0,"BarRetP":0},{"id":37,"time":120,"name":"Esmeralda110","marginal_cost":129.7795331909,"value":129.7795331909,"DemBarE":0,"DemBarP":0,"BarRetP":0},{"id":37,"time":121,"name":"Esmeralda110","marginal_cost":129.9196818441,"value":129.9196818441,"DemBarE":0,"DemBarP":0,"BarRetP":0},{"id":37,"time":122,"name":"Esmeralda110","marginal_cost":129.8444202613,"value":129.8444202613,"DemBarE":0,"DemBarP":0,"BarRetP":0},{"id":37,"time":123,"name":"Esmeralda110","marginal_cost":123.2526226998,"value":123.2526226998,"DemBarE":0,"DemBarP":0,"BarRetP":0},{"id":37,"time":124,"name":"Esmeralda110","marginal_cost":123.2526226998,"value":123.2526226998,"DemBarE":0,"DemBarP":0,"BarRetP":0},{"id":37,"time":125,"name":"Esmeralda110","marginal_cost":123.2526226998,"value":123.2526226998,"DemBarE":0,"DemBarP":0,"BarRetP":0},{"id":37,"time":126,"name":"Esmeralda110","marginal_cost":123.2526226998,"value":123.2526226998,"DemBarE":0,"DemBarP":0,"BarRetP":0},{"id":37,"time":127,"name":"Esmeralda110","marginal_cost":125.1182399092,"value":125.1182399092,"DemBarE":0,"DemBarP":0,"BarRetP":0},{"id":37,"time":128,"name":"Esmeralda110","marginal_cost":125.3333205113,"value":125.3333205113,"DemBarE":0,"DemBarP":0,"BarRetP":0},{"id":37,"time":129,"name":"Esmeralda110","marginal_cost":106.3285768594,"value":106.3285768594,"DemBarE":0,"DemBarP":0,"BarRetP":0},{"id":37,"time":130,"name":"Esmeralda110","marginal_cost":103.4078084153,"value":103.4078084153,"DemBarE":0,"DemBarP":0,"BarRetP":0},{"id":37,"time":131,"name":"Esmeralda110","marginal_cost":85.9971065655,"value":85.9971065655,"DemBarE":0,"DemBarP":0,"BarRetP":0},{"id":37,"time":132,"name":"Esmeralda110","marginal_cost":87.8835592663,"value":87.8835592663,"DemBarE":0,"DemBarP":0,"BarRetP":0},{"id":37,"time":133,"name":"Esmeralda110","marginal_cost":88.0566919831,"value":88.0566919831,"DemBarE":0,"DemBarP":0,"BarRetP":0},{"id":37,"time":134,"name":"Esmeralda110","marginal_cost":88.0566919831,"value":88.0566919831,"DemBarE":0,"DemBarP":0,"BarRetP":0},{"id":37,"time":135,"name":"Esmeralda110","marginal_cost":88.0566919831,"value":88.0566919831,"DemBarE":0,"DemBarP":0,"BarRetP":0},{"id":37,"time":136,"name":"Esmeralda110","marginal_cost":88.0566919831,"value":88.0566919831,"DemBarE":0,"DemBarP":0,"BarRetP":0},{"id":37,"time":137,"name":"Esmeralda110","marginal_cost":124.9687063123,"value":124.9687063123,"DemBarE":0,"DemBarP":0,"BarRetP":0},{"id":37,"time":138,"name":"Esmeralda110","marginal_cost":124.9687063123,"value":124.9687063123,"DemBarE":0,"DemBarP":0,"BarRetP":0},{"id":37,"time":139,"name":"Esmeralda110","marginal_cost":124.9687063123,"value":124.9687063123,"DemBarE":0,"DemBarP":0,"BarRetP":0},{"id":37,"time":140,"name":"Esmeralda110","marginal_cost":124.9687063123,"value":124.9687063123,"DemBarE":0,"DemBarP":0,"BarRetP":0},{"id":37,"time":141,"name":"Esmeralda110","marginal_cost":124.9687063123,"value":124.9687063123,"DemBarE":0,"DemBarP":0,"BarRetP":0},{"id":37,"time":142,"name":"Esmeralda110","marginal_cost":124.9687063123,"value":124.9687063123,"DemBarE":0,"DemBarP":0,"BarRetP":0},{"id":37,"time":143,"name":"Esmeralda110","marginal_cost":131.165862524,"value":131.165862524,"DemBarE":0,"DemBarP":0,"BarRetP":0},{"id":37,"time":144,"name":"Esmeralda110","marginal_cost":130.1074667102,"value":130.1074667102,"DemBarE":0,"DemBarP":0,"BarRetP":0},{"id":37,"time":145,"name":"Esmeralda110","marginal_cost":130.3009875337,"value":130.3009875337,"DemBarE":0,"DemBarP":0,"BarRetP":0},{"id":37,"time":146,"name":"Esmeralda110","marginal_cost":126.6442441871,"value":126.6442441871,"DemBarE":0,"DemBarP":0,"BarRetP":0},{"id":37,"time":147,"name":"Esmeralda110","marginal_cost":126.1678283057,"value":126.1678283057,"DemBarE":0,"DemBarP":0,"BarRetP":0},{"id":37,"time":148,"name":"Esmeralda110","marginal_cost":126.1678283057,"value":126.1678283057,"DemBarE":0,"DemBarP":0,"BarRetP":0},{"id":37,"time":149,"name":"Esmeralda110","marginal_cost":126.1678283057,"value":126.1678283057,"DemBarE":0,"DemBarP":0,"BarRetP":0},{"id":37,"time":150,"name":"Esmeralda110","marginal_cost":126.1678283057,"value":126.1678283057,"DemBarE":0,"DemBarP":0,"BarRetP":0},{"id":37,"time":151,"name":"Esmeralda110","marginal_cost":126.2725550306,"value":126.2725550306,"DemBarE":0,"DemBarP":0,"BarRetP":0},{"id":37,"time":152,"name":"Esmeralda110","marginal_cost":112.8600920416,"value":112.8600920416,"DemBarE":0,"DemBarP":0,"BarRetP":0},{"id":37,"time":153,"name":"Esmeralda110","marginal_cost":112.8600920416,"value":112.8600920416,"DemBarE":0,"DemBarP":0,"BarRetP":0},{"id":37,"time":154,"name":"Esmeralda110","marginal_cost":102.8469047352,"value":102.8469047352,"DemBarE":0,"DemBarP":0,"BarRetP":0},{"id":37,"time":155,"name":"Esmeralda110","marginal_cost":102.8469047352,"value":102.8469047352,"DemBarE":0,"DemBarP":0,"BarRetP":0},{"id":37,"time":156,"name":"Esmeralda110","marginal_cost":103.2455583208,"value":103.2455583208,"DemBarE":0,"DemBarP":0,"BarRetP":0},{"id":37,"time":157,"name":"Esmeralda110","marginal_cost":89.0429002873,"value":89.0429002873,"DemBarE":0,"DemBarP":0,"BarRetP":0},{"id":37,"time":158,"name":"Esmeralda110","marginal_cost":89.0429002873,"value":89.0429002873,"DemBarE":0,"DemBarP":0,"BarRetP":0},{"id":37,"time":159,"name":"Esmeralda110","marginal_cost":89.0429002873,"value":89.0429002873,"DemBarE":0,"DemBarP":0,"BarRetP":0},{"id":37,"time":160,"name":"Esmeralda110","marginal_cost":103.9665962692,"value":103.9665962692,"DemBarE":0,"DemBarP":0,"BarRetP":0},{"id":37,"time":161,"name":"Esmeralda110","marginal_cost":103.9665962692,"value":103.9665962692,"DemBarE":0,"DemBarP":0,"BarRetP":0},{"id":37,"time":162,"name":"Esmeralda110","marginal_cost":113.6502686867,"value":113.6502686867,"DemBarE":0,"DemBarP":0,"BarRetP":0},{"id":37,"time":163,"name":"Esmeralda110","marginal_cost":131.2005726568,"value":131.2005726568,"DemBarE":0,"DemBarP":0,"BarRetP":0},{"id":37,"time":164,"name":"Esmeralda110","marginal_cost":131.2005726568,"value":131.2005726568,"DemBarE":0,"DemBarP":0,"BarRetP":0},{"id":37,"time":165,"name":"Esmeralda110","marginal_cost":131.2005726568,"value":131.2005726568,"DemBarE":0,"DemBarP":0,"BarRetP":0},{"id":37,"time":166,"name":"Esmeralda110","marginal_cost":131.2005726568,"value":131.2005726568,"DemBarE":0,"DemBarP":0,"BarRetP":0},{"id":37,"time":167,"name":"Esmeralda110","marginal_cost":130.1618815769,"value":130.1618815769,"DemBarE":0,"DemBarP":0,"BarRetP":0},{"id":37,"time":168,"name":"Esmeralda110","marginal_cost":129.4441730137,"value":129.4441730137,"DemBarE":0,"DemBarP":0,"BarRetP":0}]