[{"id":96,"time":1,"name":"Almendros220","marginal_cost":159.6016024767,"value":159.6016024767,"DemBarE":0,"DemBarP":0,"BarRetP":0},{"id":96,"time":2,"name":"Almendros220","marginal_cost":159.8638097225,"value":159.8638097225,"DemBarE":0,"DemBarP":0,"BarRetP":0},{"id":96,"time":3,"name":"Almendros220","marginal_cost":158.5036420875,"value":158.5036420875,"DemBarE":0,"DemBarP":0,"BarRetP":0},{"id":96,"time":4,"name":"Almendros220","marginal_cost":157.440853107,"value":157.440853107,"DemBarE":0,"DemBarP":0,"BarRetP":0},{"id":96,"time":5,"name":"Almendros220","marginal_cost":139.5199148732,"value":139.5199148732,"DemBarE":0,"DemBarP":0,"BarRetP":0},{"id":96,"time":6,"name":"Almendros220","marginal_cost":122.0234857701,"value":122.0234857701,"DemBarE":0,"DemBarP":0,"BarRetP":0},{"id":96,"time":7,"name":"Almendros220","marginal_cost":166.6022782458,"value":166.6022782458,"DemBarE":0,"DemBarP":0,"BarRetP":0},{"id":96,"time":8,"name":"Almendros220","marginal_cost":170.6585193475,"value":170.6585193475,"DemBarE":0,"DemBarP":0,"BarRetP":0},{"id":96,"time":9,"name":"Almendros220","marginal_cost":160.3614709459,"value":160.3614709459,"DemBarE":0,"DemBarP":0,"BarRetP":0},{"id":96,"time":10,"name":"Almendros220","marginal_cost":159.5198706988,"value":159.5198706988,"DemBarE":0,"DemBarP":0,"BarRetP":0},{"id":96,"time":11,"name":"Almendros220","marginal_cost":159.7675777524,"value":159.7675777524,"DemBarE":0,"DemBarP":0,"BarRetP":0},{"id":96,"time":12,"name":"Almendros220","marginal_cost":160.4532961736,"value":160.4532961736,"DemBarE":0,"DemBarP":0,"BarRetP":0},{"id":96,"time":13,"name":"Almendros220","marginal_cost":160.0458705883,"value":160.0458705883,"DemBarE":0,"DemBarP":0,"BarRetP":0},{"id":96,"time":14,"name":"Almendros220","marginal_cost":159.6737161875,"value":159.6737161875,"DemBarE":0,"DemBarP":0,"BarRetP":0},{"id":96,"time":15,"name":"Almendros220","marginal_cost":160.1924539897,"value":160.1924539897,"DemBarE":0,"DemBarP":0,"BarRetP":0},{"id":96,"time":16,"name":"Almendros220","marginal_cost":159.7078283317,"value":159.7078283317,"DemBarE":0,"DemBarP":0,"BarRetP":0},{"id":96,"time":17,"name":"Almendros220","marginal_cost":159.7117860193,"value":159.7117860193,"DemBarE":0,"DemBarP":0,"BarRetP":0},{"id":96,"time":18,"name":"Almendros220","marginal_cost":160.9394155418,"value":160.9394155418,"DemBarE":0,"DemBarP":0,"BarRetP":0},{"id":96,"time":19,"name":"Almendros220","marginal_cost":181.0231798305,"value":181.0231798305,"DemBarE":0,"DemBarP":0,"BarRetP":0},{"id":96,"time":20,"name":"Almendros220","marginal_cost":183.1045860796,"value":183.1045860796,"DemBarE":0,"DemBarP":0,"BarRetP":0},{"id":96,"time":21,"name":"Almendros220","marginal_cost":173.5641968423,"value":173.5641968423,"DemBarE":0,"DemBarP":0,"BarRetP":0},{"id":96,"time":22,"name":"Almendros220","marginal_cost":171.5644788946,"value":171.5644788946,"DemBarE":0,"DemBarP":0,"BarRetP":0},{"id":96,"time":23,"name":"Almendros220","marginal_cost":168.9566762627,"value":168.9566762627,"DemBarE":0,"DemBarP":0,"BarRetP":0},{"id":96,"time":24,"name":"Almendros220","marginal_cost":168.2801724777,"value":168.2801724777,"DemBarE":0,"DemBarP":0,"BarRetP":0},{"id":96,"time":25,"name":"Almendros220","marginal_cost":158.5528653135,"value":158.5528653135,"DemBarE":0,"DemBarP":0,"BarRetP":0},{"id":96,"time":26,"name":"Almendros220","marginal_cost":158.4672894237,"value":158.4672894237,"DemBarE":0,"DemBarP":0,"BarRetP":0},{"id":96,"time":27,"name":"Almendros220","marginal_cost":158.173756043,"value":158.173756043,"DemBarE":0,"DemBarP":0,"BarRetP":0},{"id":96,"time":28,"name":"Almendros220","marginal_cost":158.0635641301,"value":158.0635641301,"DemBarE":0,"DemBarP":0,"BarRetP":0},{"id":96,"time":29,"name":"Almendros220","marginal_cost":157.0585022569,"value":157.0585022569,"DemBarE":0,"DemBarP":0,"BarRetP":0},{"id":96,"time":30,"name":"Almendros220","marginal_cost":158.5668482261,"value":158.5668482261,"DemBarE":0,"DemBarP":0,"BarRetP":0},{"id":96,"time":31,"name":"Almendros220","marginal_cost":164.8694519752,"value":164.8694519752,"DemBarE":0,"DemBarP":0,"BarRetP":0},{"id":96,"time":32,"name":"Almendros220","marginal_cost":171.2323211372,"value":171.2323211372,"DemBarE":0,"DemBarP":0,"BarRetP":0},{"id":96,"time":33,"name":"Almendros220","marginal_cost":159.7346970924,"value":159.7346970924,"DemBarE":0,"DemBarP":0,"BarRetP":0},{"id":96,"time":34,"name":"Almendros220","marginal_cost":160.2372184843,"value":160.2372184843,"DemBarE":0,"DemBarP":0,"BarRetP":0},{"id":96,"time":35,"name":"Almendros220","marginal_cost":160.5315106279,"value":160.5315106279,"DemBarE":0,"DemBarP":0,"BarRetP":0},{"id":96,"time":36,"name":"Almendros220","marginal_cost":160.6697331209,"value":160.6697331209,"DemBarE":0,"DemBarP":0,"BarRetP":0},{"id":96,"time":37,"name":"Almendros220","marginal_cost":160.2729315357,"value":160.2729315357,"DemBarE":0,"DemBarP":0,"BarRetP":0},{"id":96,"time":38,"name":"Almendros220","marginal_cost":160.2729315357,"value":160.2729315357,"DemBarE":0,"DemBarP":0,"BarRetP":0},{"id":96,"time":39,"name":"Almendros220","marginal_cost":160.2729315357,"value":160.2729315357,"DemBarE":0,"DemBarP":0,"BarRetP":0},{"id":96,"time":40,"name":"Almendros220","marginal_cost":160.2729315357,"value":160.2729315357,"DemBarE":0,"DemBarP":0,"BarRetP":0},{"id":96,"time":41,"name":"Almendros220","marginal_cost":159.6789592335,"value":159.6789592335,"DemBarE":0,"DemBarP":0,"BarRetP":0},{"id":96,"time":42,"name":"Almendros220","marginal_cost":158.961999203,"value":158.961999203,"DemBarE":0,"DemBarP":0,"BarRetP":0},{"id":96,"time":43,"name":"Almendros220","marginal_cost":164.5178962565,"value":164.5178962565,"DemBarE":0,"DemBarP":0,"BarRetP":0},{"id":96,"time":44,"name":"Almendros220","marginal_cost":164.5178962565,"value":164.5178962565,"DemBarE":0,"DemBarP":0,"BarRetP":0},{"id":96,"time":45,"name":"Almendros220","marginal_cost":164.4829958059,"value":164.4829958059,"DemBarE":0,"DemBarP":0,"BarRetP":0},{"id":96,"time":46,"name":"Almendros220","marginal_cost":163.009807247,"value":163.009807247,"DemBarE":0,"DemBarP":0,"BarRetP":0},{"id":96,"time":47,"name":"Almendros220","marginal_cost":160.2308188145,"value":160.2308188145,"DemBarE":0,"DemBarP":0,"BarRetP":0},{"id":96,"time":48,"name":"Almendros220","marginal_cost":158.4455056844,"value":158.4455056844,"DemBarE":0,"DemBarP":0,"BarRetP":0},{"id":96,"time":49,"name":"Almendros220","marginal_cost":150.418818705,"value":150.418818705,"DemBarE":0,"DemBarP":0,"BarRetP":0},{"id":96,"time":50,"name":"Almendros220","marginal_cost":153.2088460179,"value":153.2088460179,"DemBarE":0,"DemBarP":0,"BarRetP":0},{"id":96,"time":51,"name":"Almendros220","marginal_cost":153.8251371622,"value":153.8251371622,"DemBarE":0,"DemBarP":0,"BarRetP":0},{"id":96,"time":52,"name":"Almendros220","marginal_cost":135.9991509634,"value":135.9991509634,"DemBarE":0,"DemBarP":0,"BarRetP":0},{"id":96,"time":53,"name":"Almendros220","marginal_cost":135.9991509634,"value":135.9991509634,"DemBarE":0,"DemBarP":0,"BarRetP":0},{"id":96,"time":54,"name":"Almendros220","marginal_cost":136.1196565275,"value":136.1196565275,"DemBarE":0,"DemBarP":0,"BarRetP":0},{"id":96,"time":55,"name":"Almendros220","marginal_cost":136.9038463439,"value":136.9038463439,"DemBarE":0,"DemBarP":0,"BarRetP":0},{"id":96,"time":56,"name":"Almendros220","marginal_cost":137.0686665832,"value":137.0686665832,"DemBarE":0,"DemBarP":0,"BarRetP":0},{"id":96,"time":57,"name":"Almendros220","marginal_cost":124.4996507823,"value":124.4996507823,"DemBarE":0,"DemBarP":0,"BarRetP":0},{"id":96,"time":58,"name":"Almendros220","marginal_cost":138.259201778,"value":138.259201778,"DemBarE":0,"DemBarP":0,"BarRetP":0},{"id":96,"time":59,"name":"Almendros220","marginal_cost":108.1211661483,"value":108.1211661483,"DemBarE":0,"DemBarP":0,"BarRetP":0},{"id":96,"time":60,"name":"Almendros220","marginal_cost":137.0757572566,"value":137.0757572566,"DemBarE":0,"DemBarP":0,"BarRetP":0},{"id":96,"time":61,"name":"Almendros220","marginal_cost":136.6850403526,"value":136.6850403526,"DemBarE":0,"DemBarP":0,"BarRetP":0},{"id":96,"time":62,"name":"Almendros220","marginal_cost":136.6850403526,"value":136.6850403526,"DemBarE":0,"DemBarP":0,"BarRetP":0},{"id":96,"time":63,"name":"Almendros220","marginal_cost":120.1720625893,"value":120.1720625893,"DemBarE":0,"DemBarP":0,"BarRetP":0},{"id":96,"time":64,"name":"Almendros220","marginal_cost":137.4504207731,"value":137.4504207731,"DemBarE":0,"DemBarP":0,"BarRetP":0},{"id":96,"time":65,"name":"Almendros220","marginal_cost":137.4157929342,"value":137.4157929342,"DemBarE":0,"DemBarP":0,"BarRetP":0},{"id":96,"time":66,"name":"Almendros220","marginal_cost":137.4157929342,"value":137.4157929342,"DemBarE":0,"DemBarP":0,"BarRetP":0},{"id":96,"time":67,"name":"Almendros220","marginal_cost":170.664474991,"value":170.664474991,"DemBarE":0,"DemBarP":0,"BarRetP":0},{"id":96,"time":68,"name":"Almendros220","marginal_cost":164.6342993305,"value":164.6342993305,"DemBarE":0,"DemBarP":0,"BarRetP":0},{"id":96,"time":69,"name":"Almendros220","marginal_cost":164.6342993305,"value":164.6342993305,"DemBarE":0,"DemBarP":0,"BarRetP":0},{"id":96,"time":70,"name":"Almendros220","marginal_cost":163.9804915248,"value":163.9804915248,"DemBarE":0,"DemBarP":0,"BarRetP":0},{"id":96,"time":71,"name":"Almendros220","marginal_cost":156.4794732549,"value":156.4794732549,"DemBarE":0,"DemBarP":0,"BarRetP":0},{"id":96,"time":72,"name":"Almendros220","marginal_cost":155.1717688146,"value":155.1717688146,"DemBarE":0,"DemBarP":0,"BarRetP":0},{"id":96,"time":73,"name":"Almendros220","marginal_cost":155.0157714899,"value":155.0157714899,"DemBarE":0,"DemBarP":0,"BarRetP":0},{"id":96,"time":74,"name":"Almendros220","marginal_cost":152.4457165737,"value":152.4457165737,"DemBarE":0,"DemBarP":0,"BarRetP":0},{"id":96,"time":75,"name":"Almendros220","marginal_cost":137.691242329,"value":137.691242329,"DemBarE":0,"DemBarP":0,"BarRetP":0},{"id":96,"time":76,"name":"Almendros220","marginal_cost":137.691242329,"value":137.691242329,"DemBarE":0,"DemBarP":0,"BarRetP":0},{"id":96,"time":77,"name":"Almendros220","marginal_cost":137.691242329,"value":137.691242329,"DemBarE":0,"DemBarP":0,"BarRetP":0},{"id":96,"time":78,"name":"Almendros220","marginal_cost":137.691242329,"value":137.691242329,"DemBarE":0,"DemBarP":0,"BarRetP":0},{"id":96,"time":79,"name":"Almendros220","marginal_cost":137.691242329,"value":137.691242329,"DemBarE":0,"DemBarP":0,"BarRetP":0},{"id":96,"time":80,"name":"Almendros220","marginal_cost":128.1161605721,"value":128.1161605721,"DemBarE":0,"DemBarP":0,"BarRetP":0},{"id":96,"time":81,"name":"Almendros220","marginal_cost":128.1161605721,"value":128.1161605721,"DemBarE":0,"DemBarP":0,"BarRetP":0},{"id":96,"time":82,"name":"Almendros220","marginal_cost":98.4481761641,"value":98.4481761641,"DemBarE":0,"DemBarP":0,"BarRetP":0},{"id":96,"time":83,"name":"Almendros220","marginal_cost":98.4481761641,"value":98.4481761641,"DemBarE":0,"DemBarP":0,"BarRetP":0},{"id":96,"time":84,"name":"Almendros220","marginal_cost":125.5826163909,"value":125.5826163909,"DemBarE":0,"DemBarP":0,"BarRetP":0},{"id":96,"time":85,"name":"Almendros220","marginal_cost":125.5826163909,"value":125.5826163909,"DemBarE":0,"DemBarP":0,"BarRetP":0},{"id":96,"time":86,"name":"Almendros220","marginal_cost":136.9120274437,"value":136.9120274437,"DemBarE":0,"DemBarP":0,"BarRetP":0},{"id":96,"time":87,"name":"Almendros220","marginal_cost":136.9120274437,"value":136.9120274437,"DemBarE":0,"DemBarP":0,"BarRetP":0},{"id":96,"time":88,"name":"Almendros220","marginal_cost":136.9120274437,"value":136.9120274437,"DemBarE":0,"DemBarP":0,"BarRetP":0},{"id":96,"time":89,"name":"Almendros220","marginal_cost":136.9120274437,"value":136.9120274437,"DemBarE":0,"DemBarP":0,"BarRetP":0},{"id":96,"time":90,"name":"Almendros220","marginal_cost":136.9120274437,"value":136.9120274437,"DemBarE":0,"DemBarP":0,"BarRetP":0},{"id":96,"time":91,"name":"Almendros220","marginal_cost":159.0070273373,"value":159.0070273373,"DemBarE":0,"DemBarP":0,"BarRetP":0},{"id":96,"time":92,"name":"Almendros220","marginal_cost":159.0070273373,"value":159.0070273373,"DemBarE":0,"DemBarP":0,"BarRetP":0},{"id":96,"time":93,"name":"Almendros220","marginal_cost":161.5644757868,"value":161.5644757868,"DemBarE":0,"DemBarP":0,"BarRetP":0},{"id":96,"time":94,"name":"Almendros220","marginal_cost":158.3939309046,"value":158.3939309046,"DemBarE":0,"DemBarP":0,"BarRetP":0},{"id":96,"time":95,"name":"Almendros220","marginal_cost":156.7606415195,"value":156.7606415195,"DemBarE":0,"DemBarP":0,"BarRetP":0},{"id":96,"time":96,"name":"Almendros220","marginal_cost":156.7282393322,"value":156.7282393322,"DemBarE":0,"DemBarP":0,"BarRetP":0},{"id":96,"time":97,"name":"Almendros220","marginal_cost":156.7241948674,"value":156.7241948674,"DemBarE":0,"DemBarP":0,"BarRetP":0},{"id":96,"time":98,"name":"Almendros220","marginal_cost":151.0340274883,"value":151.0340274883,"DemBarE":0,"DemBarP":0,"BarRetP":0},{"id":96,"time":99,"name":"Almendros220","marginal_cost":150.4391258644,"value":150.4391258644,"DemBarE":0,"DemBarP":0,"BarRetP":0},{"id":96,"time":100,"name":"Almendros220","marginal_cost":150.5805985684,"value":150.5805985684,"DemBarE":0,"DemBarP":0,"BarRetP":0},{"id":96,"time":101,"name":"Almendros220","marginal_cost":150.5805985684,"value":150.5805985684,"DemBarE":0,"DemBarP":0,"BarRetP":0},{"id":96,"time":102,"name":"Almendros220","marginal_cost":150.5805985684,"value":150.5805985684,"DemBarE":0,"DemBarP":0,"BarRetP":0},{"id":96,"time":103,"name":"Almendros220","marginal_cost":158.3923963716,"value":158.3923963716,"DemBarE":0,"DemBarP":0,"BarRetP":0},{"id":96,"time":104,"name":"Almendros220","marginal_cost":159.1742150185,"value":159.1742150185,"DemBarE":0,"DemBarP":0,"BarRetP":0},{"id":96,"time":105,"name":"Almendros220","marginal_cost":159.1742150185,"value":159.1742150185,"DemBarE":0,"DemBarP":0,"BarRetP":0},{"id":96,"time":106,"name":"Almendros220","marginal_cost":156.6865263665,"value":156.6865263665,"DemBarE":0,"DemBarP":0,"BarRetP":0},{"id":96,"time":107,"name":"Almendros220","marginal_cost":156.9826185171,"value":156.9826185171,"DemBarE":0,"DemBarP":0,"BarRetP":0},{"id":96,"time":108,"name":"Almendros220","marginal_cost":157.5118465282,"value":157.5118465282,"DemBarE":0,"DemBarP":0,"BarRetP":0},{"id":96,"time":109,"name":"Almendros220","marginal_cost":157.5118465282,"value":157.5118465282,"DemBarE":0,"DemBarP":0,"BarRetP":0},{"id":96,"time":110,"name":"Almendros220","marginal_cost":158.0014344143,"value":158.0014344143,"DemBarE":0,"DemBarP":0,"BarRetP":0},{"id":96,"time":111,"name":"Almendros220","marginal_cost":158.0839949975,"value":158.0839949975,"DemBarE":0,"DemBarP":0,"BarRetP":0},{"id":96,"time":112,"name":"Almendros220","marginal_cost":158.0839949975,"value":158.0839949975,"DemBarE":0,"DemBarP":0,"BarRetP":0},{"id":96,"time":113,"name":"Almendros220","marginal_cost":160.6758800531,"value":160.6758800531,"DemBarE":0,"DemBarP":0,"BarRetP":0},{"id":96,"time":114,"name":"Almendros220","marginal_cost":160.6758800531,"value":160.6758800531,"DemBarE":0,"DemBarP":0,"BarRetP":0},{"id":96,"time":115,"name":"Almendros220","marginal_cost":160.6758800531,"value":160.6758800531,"DemBarE":0,"DemBarP":0,"BarRetP":0},{"id":96,"time":116,"name":"Almendros220","marginal_cost":164.6069897584,"value":164.6069897584,"DemBarE":0,"DemBarP":0,"BarRetP":0},{"id":96,"time":117,"name":"Almendros220","marginal_cost":164.6069897584,"value":164.6069897584,"DemBarE":0,"DemBarP":0,"BarRetP":0},{"id":96,"time":118,"name":"Almendros220","marginal_cost":164.6069897584,"value":164.6069897584,"DemBarE":0,"DemBarP":0,"BarRetP":0},{"id":96,"time":119,"name":"Almendros220","marginal_cost":164.1865149964,"value":164.1865149964,"DemBarE":0,"DemBarP":0,"BarRetP":0},{"id":96,"time":120,"name":"Almendros220","marginal_cost":161.2826692072,"value":161.2826692072,"DemBarE":0,"DemBarP":0,"BarRetP":0},{"id":96,"time":121,"name":"Almendros220","marginal_cost":156.8632049827,"value":156.8632049827,"DemBarE":0,"DemBarP":0,"BarRetP":0},{"id":96,"time":122,"name":"Almendros220","marginal_cost":156.5596090437,"value":156.5596090437,"DemBarE":0,"DemBarP":0,"BarRetP":0},{"id":96,"time":123,"name":"Almendros220","marginal_cost":151.9262637982,"value":151.9262637982,"DemBarE":0,"DemBarP":0,"BarRetP":0},{"id":96,"time":124,"name":"Almendros220","marginal_cost":151.9262637982,"value":151.9262637982,"DemBarE":0,"DemBarP":0,"BarRetP":0},{"id":96,"time":125,"name":"Almendros220","marginal_cost":151.9262637982,"value":151.9262637982,"DemBarE":0,"DemBarP":0,"BarRetP":0},{"id":96,"time":126,"name":"Almendros220","marginal_cost":151.9262637982,"value":151.9262637982,"DemBarE":0,"DemBarP":0,"BarRetP":0},{"id":96,"time":127,"name":"Almendros220","marginal_cost":159.2940382596,"value":159.2940382596,"DemBarE":0,"DemBarP":0,"BarRetP":0},{"id":96,"time":128,"name":"Almendros220","marginal_cost":164.693453241,"value":164.693453241,"DemBarE":0,"DemBarP":0,"BarRetP":0},{"id":96,"time":129,"name":"Almendros220","marginal_cost":160.3972416058,"value":160.3972416058,"DemBarE":0,"DemBarP":0,"BarRetP":0},{"id":96,"time":130,"name":"Almendros220","marginal_cost":163.5585750849,"value":163.5585750849,"DemBarE":0,"DemBarP":0,"BarRetP":0},{"id":96,"time":131,"name":"Almendros220","marginal_cost":163.018845849,"value":163.018845849,"DemBarE":0,"DemBarP":0,"BarRetP":0},{"id":96,"time":132,"name":"Almendros220","marginal_cost":164.7152566055,"value":164.7152566055,"DemBarE":0,"DemBarP":0,"BarRetP":0},{"id":96,"time":133,"name":"Almendros220","marginal_cost":164.2063204467,"value":164.2063204467,"DemBarE":0,"DemBarP":0,"BarRetP":0},{"id":96,"time":134,"name":"Almendros220","marginal_cost":164.2063204467,"value":164.2063204467,"DemBarE":0,"DemBarP":0,"BarRetP":0},{"id":96,"time":135,"name":"Almendros220","marginal_cost":164.2063204467,"value":164.2063204467,"DemBarE":0,"DemBarP":0,"BarRetP":0},{"id":96,"time":136,"name":"Almendros220","marginal_cost":164.2063204467,"value":164.2063204467,"DemBarE":0,"DemBarP":0,"BarRetP":0},{"id":96,"time":137,"name":"Almendros220","marginal_cost":165.7040682874,"value":165.7040682874,"DemBarE":0,"DemBarP":0,"BarRetP":0},{"id":96,"time":138,"name":"Almendros220","marginal_cost":165.7040682874,"value":165.7040682874,"DemBarE":0,"DemBarP":0,"BarRetP":0},{"id":96,"time":139,"name":"Almendros220","marginal_cost":165.7040682874,"value":165.7040682874,"DemBarE":0,"DemBarP":0,"BarRetP":0},{"id":96,"time":140,"name":"Almendros220","marginal_cost":165.7040682874,"value":165.7040682874,"DemBarE":0,"DemBarP":0,"BarRetP":0},{"id":96,"time":141,"name":"Almendros220","marginal_cost":165.7040682874,"value":165.7040682874,"DemBarE":0,"DemBarP":0,"BarRetP":0},{"id":96,"time":142,"name":"Almendros220","marginal_cost":165.7040682874,"value":165.7040682874,"DemBarE":0,"DemBarP":0,"BarRetP":0},{"id":96,"time":143,"name":"Almendros220","marginal_cost":164.4217312337,"value":164.4217312337,"DemBarE":0,"DemBarP":0,"BarRetP":0},{"id":96,"time":144,"name":"Almendros220","marginal_cost":164.518779445,"value":164.518779445,"DemBarE":0,"DemBarP":0,"BarRetP":0},{"id":96,"time":145,"name":"Almendros220","marginal_cost":161.9326210749,"value":161.9326210749,"DemBarE":0,"DemBarP":0,"BarRetP":0},{"id":96,"time":146,"name":"Almendros220","marginal_cost":160.8284897925,"value":160.8284897925,"DemBarE":0,"DemBarP":0,"BarRetP":0},{"id":96,"time":147,"name":"Almendros220","marginal_cost":157.8624724456,"value":157.8624724456,"DemBarE":0,"DemBarP":0,"BarRetP":0},{"id":96,"time":148,"name":"Almendros220","marginal_cost":157.8624724456,"value":157.8624724456,"DemBarE":0,"DemBarP":0,"BarRetP":0},{"id":96,"time":149,"name":"Almendros220","marginal_cost":157.8624724456,"value":157.8624724456,"DemBarE":0,"DemBarP":0,"BarRetP":0},{"id":96,"time":150,"name":"Almendros220","marginal_cost":157.8624724456,"value":157.8624724456,"DemBarE":0,"DemBarP":0,"BarRetP":0},{"id":96,"time":151,"name":"Almendros220","marginal_cost":162.0630580419,"value":162.0630580419,"DemBarE":0,"DemBarP":0,"BarRetP":0},{"id":96,"time":152,"name":"Almendros220","marginal_cost":163.1493420066,"value":163.1493420066,"DemBarE":0,"DemBarP":0,"BarRetP":0},{"id":96,"time":153,"name":"Almendros220","marginal_cost":163.1493420066,"value":163.1493420066,"DemBarE":0,"DemBarP":0,"BarRetP":0},{"id":96,"time":154,"name":"Almendros220","marginal_cost":162.48835181,"value":162.48835181,"DemBarE":0,"DemBarP":0,"BarRetP":0},{"id":96,"time":155,"name":"Almendros220","marginal_cost":162.48835181,"value":162.48835181,"DemBarE":0,"DemBarP":0,"BarRetP":0},{"id":96,"time":156,"name":"Almendros220","marginal_cost":163.5597491058,"value":163.5597491058,"DemBarE":0,"DemBarP":0,"BarRetP":0},{"id":96,"time":157,"name":"Almendros220","marginal_cost":164.0102923412,"value":164.0102923412,"DemBarE":0,"DemBarP":0,"BarRetP":0},{"id":96,"time":158,"name":"Almendros220","marginal_cost":164.0102923412,"value":164.0102923412,"DemBarE":0,"DemBarP":0,"BarRetP":0},{"id":96,"time":159,"name":"Almendros220","marginal_cost":164.0102923412,"value":164.0102923412,"DemBarE":0,"DemBarP":0,"BarRetP":0},{"id":96,"time":160,"name":"Almendros220","marginal_cost":163.7087308672,"value":163.7087308672,"DemBarE":0,"DemBarP":0,"BarRetP":0},{"id":96,"time":161,"name":"Almendros220","marginal_cost":163.7087308672,"value":163.7087308672,"DemBarE":0,"DemBarP":0,"BarRetP":0},{"id":96,"time":162,"name":"Almendros220","marginal_cost":164.5929295564,"value":164.5929295564,"DemBarE":0,"DemBarP":0,"BarRetP":0},{"id":96,"time":163,"name":"Almendros220","marginal_cost":167.4146654783,"value":167.4146654783,"DemBarE":0,"DemBarP":0,"BarRetP":0},{"id":96,"time":164,"name":"Almendros220","marginal_cost":167.4146654783,"value":167.4146654783,"DemBarE":0,"DemBarP":0,"BarRetP":0},{"id":96,"time":165,"name":"Almendros220","marginal_cost":167.4146654783,"value":167.4146654783,"DemBarE":0,"DemBarP":0,"BarRetP":0},{"id":96,"time":166,"name":"Almendros220","marginal_cost":167.4146654783,"value":167.4146654783,"DemBarE":0,"DemBarP":0,"BarRetP":0},{"id":96,"time":167,"name":"Almendros220","marginal_cost":165.8473668208,"value":165.8473668208,"DemBarE":0,"DemBarP":0,"BarRetP":0},{"id":96,"time":168,"name":"Almendros220","marginal_cost":165.2038715671,"value":165.2038715671,"DemBarE":0,"DemBarP":0,"BarRetP":0}]