[{"id":142,"time":1,"name":"Hualpen220","marginal_cost":156.68417418,"value":156.68417418,"DemBarE":0,"DemBarP":0,"BarRetP":0},{"id":142,"time":2,"name":"Hualpen220","marginal_cost":157.505547506,"value":157.505547506,"DemBarE":0,"DemBarP":0,"BarRetP":0},{"id":142,"time":3,"name":"Hualpen220","marginal_cost":156.2382228558,"value":156.2382228558,"DemBarE":0,"DemBarP":0,"BarRetP":0},{"id":142,"time":4,"name":"Hualpen220","marginal_cost":155.2015027997,"value":155.2015027997,"DemBarE":0,"DemBarP":0,"BarRetP":0},{"id":142,"time":5,"name":"Hualpen220","marginal_cost":137.9919460244,"value":137.9919460244,"DemBarE":0,"DemBarP":0,"BarRetP":0},{"id":142,"time":6,"name":"Hualpen220","marginal_cost":120.5396810574,"value":120.5396810574,"DemBarE":0,"DemBarP":0,"BarRetP":0},{"id":142,"time":7,"name":"Hualpen220","marginal_cost":163.1174839916,"value":163.1174839916,"DemBarE":0,"DemBarP":0,"BarRetP":0},{"id":142,"time":8,"name":"Hualpen220","marginal_cost":168.3089036311,"value":168.3089036311,"DemBarE":0,"DemBarP":0,"BarRetP":0},{"id":142,"time":9,"name":"Hualpen220","marginal_cost":160.1350307994,"value":160.1350307994,"DemBarE":0,"DemBarP":0,"BarRetP":0},{"id":142,"time":10,"name":"Hualpen220","marginal_cost":159.5637078542,"value":159.5637078542,"DemBarE":0,"DemBarP":0,"BarRetP":0},{"id":142,"time":11,"name":"Hualpen220","marginal_cost":159.7354165896,"value":159.7354165896,"DemBarE":0,"DemBarP":0,"BarRetP":0},{"id":142,"time":12,"name":"Hualpen220","marginal_cost":160.6496949175,"value":160.6496949175,"DemBarE":0,"DemBarP":0,"BarRetP":0},{"id":142,"time":13,"name":"Hualpen220","marginal_cost":160.8087415865,"value":160.8087415865,"DemBarE":0,"DemBarP":0,"BarRetP":0},{"id":142,"time":14,"name":"Hualpen220","marginal_cost":160.3055565969,"value":160.3055565969,"DemBarE":0,"DemBarP":0,"BarRetP":0},{"id":142,"time":15,"name":"Hualpen220","marginal_cost":161.2887698031,"value":161.2887698031,"DemBarE":0,"DemBarP":0,"BarRetP":0},{"id":142,"time":16,"name":"Hualpen220","marginal_cost":160.448855735,"value":160.448855735,"DemBarE":0,"DemBarP":0,"BarRetP":0},{"id":142,"time":17,"name":"Hualpen220","marginal_cost":159.0676563335,"value":159.0676563335,"DemBarE":0,"DemBarP":0,"BarRetP":0},{"id":142,"time":18,"name":"Hualpen220","marginal_cost":159.2657949117,"value":159.2657949117,"DemBarE":0,"DemBarP":0,"BarRetP":0},{"id":142,"time":19,"name":"Hualpen220","marginal_cost":176.8389116634,"value":176.8389116634,"DemBarE":0,"DemBarP":0,"BarRetP":0},{"id":142,"time":20,"name":"Hualpen220","marginal_cost":179.3346973037,"value":179.3346973037,"DemBarE":0,"DemBarP":0,"BarRetP":0},{"id":142,"time":21,"name":"Hualpen220","marginal_cost":169.1572586325,"value":169.1572586325,"DemBarE":0,"DemBarP":0,"BarRetP":0},{"id":142,"time":22,"name":"Hualpen220","marginal_cost":167.3315278047,"value":167.3315278047,"DemBarE":0,"DemBarP":0,"BarRetP":0},{"id":142,"time":23,"name":"Hualpen220","marginal_cost":165.6514968437,"value":165.6514968437,"DemBarE":0,"DemBarP":0,"BarRetP":0},{"id":142,"time":24,"name":"Hualpen220","marginal_cost":165.00746443,"value":165.00746443,"DemBarE":0,"DemBarP":0,"BarRetP":0},{"id":142,"time":25,"name":"Hualpen220","marginal_cost":155.1111773948,"value":155.1111773948,"DemBarE":0,"DemBarP":0,"BarRetP":0},{"id":142,"time":26,"name":"Hualpen220","marginal_cost":155.563575626,"value":155.563575626,"DemBarE":0,"DemBarP":0,"BarRetP":0},{"id":142,"time":27,"name":"Hualpen220","marginal_cost":155.3865356733,"value":155.3865356733,"DemBarE":0,"DemBarP":0,"BarRetP":0},{"id":142,"time":28,"name":"Hualpen220","marginal_cost":155.2811247456,"value":155.2811247456,"DemBarE":0,"DemBarP":0,"BarRetP":0},{"id":142,"time":29,"name":"Hualpen220","marginal_cost":154.5586039592,"value":154.5586039592,"DemBarE":0,"DemBarP":0,"BarRetP":0},{"id":142,"time":30,"name":"Hualpen220","marginal_cost":155.7709013316,"value":155.7709013316,"DemBarE":0,"DemBarP":0,"BarRetP":0},{"id":142,"time":31,"name":"Hualpen220","marginal_cost":161.0663781593,"value":161.0663781593,"DemBarE":0,"DemBarP":0,"BarRetP":0},{"id":142,"time":32,"name":"Hualpen220","marginal_cost":168.1922006596,"value":168.1922006596,"DemBarE":0,"DemBarP":0,"BarRetP":0},{"id":142,"time":33,"name":"Hualpen220","marginal_cost":159.7226896386,"value":159.7226896386,"DemBarE":0,"DemBarP":0,"BarRetP":0},{"id":142,"time":34,"name":"Hualpen220","marginal_cost":159.6930733797,"value":159.6930733797,"DemBarE":0,"DemBarP":0,"BarRetP":0},{"id":142,"time":35,"name":"Hualpen220","marginal_cost":159.7638655744,"value":159.7638655744,"DemBarE":0,"DemBarP":0,"BarRetP":0},{"id":142,"time":36,"name":"Hualpen220","marginal_cost":159.533649364,"value":159.533649364,"DemBarE":0,"DemBarP":0,"BarRetP":0},{"id":142,"time":37,"name":"Hualpen220","marginal_cost":158.9964611475,"value":158.9964611475,"DemBarE":0,"DemBarP":0,"BarRetP":0},{"id":142,"time":38,"name":"Hualpen220","marginal_cost":158.9964611475,"value":158.9964611475,"DemBarE":0,"DemBarP":0,"BarRetP":0},{"id":142,"time":39,"name":"Hualpen220","marginal_cost":158.9964611475,"value":158.9964611475,"DemBarE":0,"DemBarP":0,"BarRetP":0},{"id":142,"time":40,"name":"Hualpen220","marginal_cost":158.9964611475,"value":158.9964611475,"DemBarE":0,"DemBarP":0,"BarRetP":0},{"id":142,"time":41,"name":"Hualpen220","marginal_cost":157.4615063957,"value":157.4615063957,"DemBarE":0,"DemBarP":0,"BarRetP":0},{"id":142,"time":42,"name":"Hualpen220","marginal_cost":154.9359721697,"value":154.9359721697,"DemBarE":0,"DemBarP":0,"BarRetP":0},{"id":142,"time":43,"name":"Hualpen220","marginal_cost":158.1623612474,"value":158.1623612474,"DemBarE":0,"DemBarP":0,"BarRetP":0},{"id":142,"time":44,"name":"Hualpen220","marginal_cost":158.1623612474,"value":158.1623612474,"DemBarE":0,"DemBarP":0,"BarRetP":0},{"id":142,"time":45,"name":"Hualpen220","marginal_cost":157.8077714649,"value":157.8077714649,"DemBarE":0,"DemBarP":0,"BarRetP":0},{"id":142,"time":46,"name":"Hualpen220","marginal_cost":156.2608451625,"value":156.2608451625,"DemBarE":0,"DemBarP":0,"BarRetP":0},{"id":142,"time":47,"name":"Hualpen220","marginal_cost":154.1169131532,"value":154.1169131532,"DemBarE":0,"DemBarP":0,"BarRetP":0},{"id":142,"time":48,"name":"Hualpen220","marginal_cost":153.4155116777,"value":153.4155116777,"DemBarE":0,"DemBarP":0,"BarRetP":0},{"id":142,"time":49,"name":"Hualpen220","marginal_cost":146.4889052548,"value":146.4889052548,"DemBarE":0,"DemBarP":0,"BarRetP":0},{"id":142,"time":50,"name":"Hualpen220","marginal_cost":149.6104452067,"value":149.6104452067,"DemBarE":0,"DemBarP":0,"BarRetP":0},{"id":142,"time":51,"name":"Hualpen220","marginal_cost":150.1303698866,"value":150.1303698866,"DemBarE":0,"DemBarP":0,"BarRetP":0},{"id":142,"time":52,"name":"Hualpen220","marginal_cost":132.9377837007,"value":132.9377837007,"DemBarE":0,"DemBarP":0,"BarRetP":0},{"id":142,"time":53,"name":"Hualpen220","marginal_cost":132.9377837007,"value":132.9377837007,"DemBarE":0,"DemBarP":0,"BarRetP":0},{"id":142,"time":54,"name":"Hualpen220","marginal_cost":133.692484006,"value":133.692484006,"DemBarE":0,"DemBarP":0,"BarRetP":0},{"id":142,"time":55,"name":"Hualpen220","marginal_cost":134.1234356286,"value":134.1234356286,"DemBarE":0,"DemBarP":0,"BarRetP":0},{"id":142,"time":56,"name":"Hualpen220","marginal_cost":134.4760368988,"value":134.4760368988,"DemBarE":0,"DemBarP":0,"BarRetP":0},{"id":142,"time":57,"name":"Hualpen220","marginal_cost":124.0183308042,"value":124.0183308042,"DemBarE":0,"DemBarP":0,"BarRetP":0},{"id":142,"time":58,"name":"Hualpen220","marginal_cost":138.4814156001,"value":138.4814156001,"DemBarE":0,"DemBarP":0,"BarRetP":0},{"id":142,"time":59,"name":"Hualpen220","marginal_cost":108.3704441169,"value":108.3704441169,"DemBarE":0,"DemBarP":0,"BarRetP":0},{"id":142,"time":60,"name":"Hualpen220","marginal_cost":137.4844025906,"value":137.4844025906,"DemBarE":0,"DemBarP":0,"BarRetP":0},{"id":142,"time":61,"name":"Hualpen220","marginal_cost":137.4202223398,"value":137.4202223398,"DemBarE":0,"DemBarP":0,"BarRetP":0},{"id":142,"time":62,"name":"Hualpen220","marginal_cost":137.4202223398,"value":137.4202223398,"DemBarE":0,"DemBarP":0,"BarRetP":0},{"id":142,"time":63,"name":"Hualpen220","marginal_cost":120.6171093969,"value":120.6171093969,"DemBarE":0,"DemBarP":0,"BarRetP":0},{"id":142,"time":64,"name":"Hualpen220","marginal_cost":137.5151543462,"value":137.5151543462,"DemBarE":0,"DemBarP":0,"BarRetP":0},{"id":142,"time":65,"name":"Hualpen220","marginal_cost":137.2316698247,"value":137.2316698247,"DemBarE":0,"DemBarP":0,"BarRetP":0},{"id":142,"time":66,"name":"Hualpen220","marginal_cost":137.2316698247,"value":137.2316698247,"DemBarE":0,"DemBarP":0,"BarRetP":0},{"id":142,"time":67,"name":"Hualpen220","marginal_cost":168.4796532659,"value":168.4796532659,"DemBarE":0,"DemBarP":0,"BarRetP":0},{"id":142,"time":68,"name":"Hualpen220","marginal_cost":161.7997262045,"value":161.7997262045,"DemBarE":0,"DemBarP":0,"BarRetP":0},{"id":142,"time":69,"name":"Hualpen220","marginal_cost":161.7997262045,"value":161.7997262045,"DemBarE":0,"DemBarP":0,"BarRetP":0},{"id":142,"time":70,"name":"Hualpen220","marginal_cost":160.5847256748,"value":160.5847256748,"DemBarE":0,"DemBarP":0,"BarRetP":0},{"id":142,"time":71,"name":"Hualpen220","marginal_cost":154.0567863869,"value":154.0567863869,"DemBarE":0,"DemBarP":0,"BarRetP":0},{"id":142,"time":72,"name":"Hualpen220","marginal_cost":152.711604816,"value":152.711604816,"DemBarE":0,"DemBarP":0,"BarRetP":0},{"id":142,"time":73,"name":"Hualpen220","marginal_cost":152.8727734446,"value":152.8727734446,"DemBarE":0,"DemBarP":0,"BarRetP":0},{"id":142,"time":74,"name":"Hualpen220","marginal_cost":149.9621174266,"value":149.9621174266,"DemBarE":0,"DemBarP":0,"BarRetP":0},{"id":142,"time":75,"name":"Hualpen220","marginal_cost":137.0142291698,"value":137.0142291698,"DemBarE":0,"DemBarP":0,"BarRetP":0},{"id":142,"time":76,"name":"Hualpen220","marginal_cost":137.0142291698,"value":137.0142291698,"DemBarE":0,"DemBarP":0,"BarRetP":0},{"id":142,"time":77,"name":"Hualpen220","marginal_cost":137.0142291698,"value":137.0142291698,"DemBarE":0,"DemBarP":0,"BarRetP":0},{"id":142,"time":78,"name":"Hualpen220","marginal_cost":137.0142291698,"value":137.0142291698,"DemBarE":0,"DemBarP":0,"BarRetP":0},{"id":142,"time":79,"name":"Hualpen220","marginal_cost":137.0142291698,"value":137.0142291698,"DemBarE":0,"DemBarP":0,"BarRetP":0},{"id":142,"time":80,"name":"Hualpen220","marginal_cost":128.0808097702,"value":128.0808097702,"DemBarE":0,"DemBarP":0,"BarRetP":0},{"id":142,"time":81,"name":"Hualpen220","marginal_cost":128.0808097702,"value":128.0808097702,"DemBarE":0,"DemBarP":0,"BarRetP":0},{"id":142,"time":82,"name":"Hualpen220","marginal_cost":98.7706330212,"value":98.7706330212,"DemBarE":0,"DemBarP":0,"BarRetP":0},{"id":142,"time":83,"name":"Hualpen220","marginal_cost":98.7706330212,"value":98.7706330212,"DemBarE":0,"DemBarP":0,"BarRetP":0},{"id":142,"time":84,"name":"Hualpen220","marginal_cost":126.2614724249,"value":126.2614724249,"DemBarE":0,"DemBarP":0,"BarRetP":0},{"id":142,"time":85,"name":"Hualpen220","marginal_cost":126.2614724249,"value":126.2614724249,"DemBarE":0,"DemBarP":0,"BarRetP":0},{"id":142,"time":86,"name":"Hualpen220","marginal_cost":137.7996284609,"value":137.7996284609,"DemBarE":0,"DemBarP":0,"BarRetP":0},{"id":142,"time":87,"name":"Hualpen220","marginal_cost":137.7996284609,"value":137.7996284609,"DemBarE":0,"DemBarP":0,"BarRetP":0},{"id":142,"time":88,"name":"Hualpen220","marginal_cost":137.7996284609,"value":137.7996284609,"DemBarE":0,"DemBarP":0,"BarRetP":0},{"id":142,"time":89,"name":"Hualpen220","marginal_cost":137.7996284609,"value":137.7996284609,"DemBarE":0,"DemBarP":0,"BarRetP":0},{"id":142,"time":90,"name":"Hualpen220","marginal_cost":137.7996284609,"value":137.7996284609,"DemBarE":0,"DemBarP":0,"BarRetP":0},{"id":142,"time":91,"name":"Hualpen220","marginal_cost":156.7368374934,"value":156.7368374934,"DemBarE":0,"DemBarP":0,"BarRetP":0},{"id":142,"time":92,"name":"Hualpen220","marginal_cost":156.7368374934,"value":156.7368374934,"DemBarE":0,"DemBarP":0,"BarRetP":0},{"id":142,"time":93,"name":"Hualpen220","marginal_cost":158.1653360535,"value":158.1653360535,"DemBarE":0,"DemBarP":0,"BarRetP":0},{"id":142,"time":94,"name":"Hualpen220","marginal_cost":155.0246337127,"value":155.0246337127,"DemBarE":0,"DemBarP":0,"BarRetP":0},{"id":142,"time":95,"name":"Hualpen220","marginal_cost":154.2977764293,"value":154.2977764293,"DemBarE":0,"DemBarP":0,"BarRetP":0},{"id":142,"time":96,"name":"Hualpen220","marginal_cost":154.7688610616,"value":154.7688610616,"DemBarE":0,"DemBarP":0,"BarRetP":0},{"id":142,"time":97,"name":"Hualpen220","marginal_cost":155.6875798291,"value":155.6875798291,"DemBarE":0,"DemBarP":0,"BarRetP":0},{"id":142,"time":98,"name":"Hualpen220","marginal_cost":150.1715940205,"value":150.1715940205,"DemBarE":0,"DemBarP":0,"BarRetP":0},{"id":142,"time":99,"name":"Hualpen220","marginal_cost":149.6269393878,"value":149.6269393878,"DemBarE":0,"DemBarP":0,"BarRetP":0},{"id":142,"time":100,"name":"Hualpen220","marginal_cost":149.5729591466,"value":149.5729591466,"DemBarE":0,"DemBarP":0,"BarRetP":0},{"id":142,"time":101,"name":"Hualpen220","marginal_cost":149.5729591466,"value":149.5729591466,"DemBarE":0,"DemBarP":0,"BarRetP":0},{"id":142,"time":102,"name":"Hualpen220","marginal_cost":149.5729591466,"value":149.5729591466,"DemBarE":0,"DemBarP":0,"BarRetP":0},{"id":142,"time":103,"name":"Hualpen220","marginal_cost":156.9574160677,"value":156.9574160677,"DemBarE":0,"DemBarP":0,"BarRetP":0},{"id":142,"time":104,"name":"Hualpen220","marginal_cost":159.5769977853,"value":159.5769977853,"DemBarE":0,"DemBarP":0,"BarRetP":0},{"id":142,"time":105,"name":"Hualpen220","marginal_cost":159.5769977853,"value":159.5769977853,"DemBarE":0,"DemBarP":0,"BarRetP":0},{"id":142,"time":106,"name":"Hualpen220","marginal_cost":157.2810197678,"value":157.2810197678,"DemBarE":0,"DemBarP":0,"BarRetP":0},{"id":142,"time":107,"name":"Hualpen220","marginal_cost":157.7463904392,"value":157.7463904392,"DemBarE":0,"DemBarP":0,"BarRetP":0},{"id":142,"time":108,"name":"Hualpen220","marginal_cost":157.6604903081,"value":157.6604903081,"DemBarE":0,"DemBarP":0,"BarRetP":0},{"id":142,"time":109,"name":"Hualpen220","marginal_cost":157.6604903081,"value":157.6604903081,"DemBarE":0,"DemBarP":0,"BarRetP":0},{"id":142,"time":110,"name":"Hualpen220","marginal_cost":157.8272375389,"value":157.8272375389,"DemBarE":0,"DemBarP":0,"BarRetP":0},{"id":142,"time":111,"name":"Hualpen220","marginal_cost":158.0091281218,"value":158.0091281218,"DemBarE":0,"DemBarP":0,"BarRetP":0},{"id":142,"time":112,"name":"Hualpen220","marginal_cost":158.0091281218,"value":158.0091281218,"DemBarE":0,"DemBarP":0,"BarRetP":0},{"id":142,"time":113,"name":"Hualpen220","marginal_cost":159.7634779066,"value":159.7634779066,"DemBarE":0,"DemBarP":0,"BarRetP":0},{"id":142,"time":114,"name":"Hualpen220","marginal_cost":159.7634779066,"value":159.7634779066,"DemBarE":0,"DemBarP":0,"BarRetP":0},{"id":142,"time":115,"name":"Hualpen220","marginal_cost":159.7634779066,"value":159.7634779066,"DemBarE":0,"DemBarP":0,"BarRetP":0},{"id":142,"time":116,"name":"Hualpen220","marginal_cost":161.701561229,"value":161.701561229,"DemBarE":0,"DemBarP":0,"BarRetP":0},{"id":142,"time":117,"name":"Hualpen220","marginal_cost":161.701561229,"value":161.701561229,"DemBarE":0,"DemBarP":0,"BarRetP":0},{"id":142,"time":118,"name":"Hualpen220","marginal_cost":161.701561229,"value":161.701561229,"DemBarE":0,"DemBarP":0,"BarRetP":0},{"id":142,"time":119,"name":"Hualpen220","marginal_cost":161.4871616525,"value":161.4871616525,"DemBarE":0,"DemBarP":0,"BarRetP":0},{"id":142,"time":120,"name":"Hualpen220","marginal_cost":158.4753985932,"value":158.4753985932,"DemBarE":0,"DemBarP":0,"BarRetP":0},{"id":142,"time":121,"name":"Hualpen220","marginal_cost":154.4030586041,"value":154.4030586041,"DemBarE":0,"DemBarP":0,"BarRetP":0},{"id":142,"time":122,"name":"Hualpen220","marginal_cost":154.488823464,"value":154.488823464,"DemBarE":0,"DemBarP":0,"BarRetP":0},{"id":142,"time":123,"name":"Hualpen220","marginal_cost":150.2873512136,"value":150.2873512136,"DemBarE":0,"DemBarP":0,"BarRetP":0},{"id":142,"time":124,"name":"Hualpen220","marginal_cost":150.2873512136,"value":150.2873512136,"DemBarE":0,"DemBarP":0,"BarRetP":0},{"id":142,"time":125,"name":"Hualpen220","marginal_cost":150.2873512136,"value":150.2873512136,"DemBarE":0,"DemBarP":0,"BarRetP":0},{"id":142,"time":126,"name":"Hualpen220","marginal_cost":150.2873512136,"value":150.2873512136,"DemBarE":0,"DemBarP":0,"BarRetP":0},{"id":142,"time":127,"name":"Hualpen220","marginal_cost":157.5001053353,"value":157.5001053353,"DemBarE":0,"DemBarP":0,"BarRetP":0},{"id":142,"time":128,"name":"Hualpen220","marginal_cost":163.6007387368,"value":163.6007387368,"DemBarE":0,"DemBarP":0,"BarRetP":0},{"id":142,"time":129,"name":"Hualpen220","marginal_cost":160.8301728565,"value":160.8301728565,"DemBarE":0,"DemBarP":0,"BarRetP":0},{"id":142,"time":130,"name":"Hualpen220","marginal_cost":164.4270427411,"value":164.4270427411,"DemBarE":0,"DemBarP":0,"BarRetP":0},{"id":142,"time":131,"name":"Hualpen220","marginal_cost":163.7367579894,"value":163.7367579894,"DemBarE":0,"DemBarP":0,"BarRetP":0},{"id":142,"time":132,"name":"Hualpen220","marginal_cost":164.9052954476,"value":164.9052954476,"DemBarE":0,"DemBarP":0,"BarRetP":0},{"id":142,"time":133,"name":"Hualpen220","marginal_cost":163.9783033865,"value":163.9783033865,"DemBarE":0,"DemBarP":0,"BarRetP":0},{"id":142,"time":134,"name":"Hualpen220","marginal_cost":163.9783033865,"value":163.9783033865,"DemBarE":0,"DemBarP":0,"BarRetP":0},{"id":142,"time":135,"name":"Hualpen220","marginal_cost":163.9783033865,"value":163.9783033865,"DemBarE":0,"DemBarP":0,"BarRetP":0},{"id":142,"time":136,"name":"Hualpen220","marginal_cost":163.9783033865,"value":163.9783033865,"DemBarE":0,"DemBarP":0,"BarRetP":0},{"id":142,"time":137,"name":"Hualpen220","marginal_cost":163.892490384,"value":163.892490384,"DemBarE":0,"DemBarP":0,"BarRetP":0},{"id":142,"time":138,"name":"Hualpen220","marginal_cost":163.892490384,"value":163.892490384,"DemBarE":0,"DemBarP":0,"BarRetP":0},{"id":142,"time":139,"name":"Hualpen220","marginal_cost":163.892490384,"value":163.892490384,"DemBarE":0,"DemBarP":0,"BarRetP":0},{"id":142,"time":140,"name":"Hualpen220","marginal_cost":163.892490384,"value":163.892490384,"DemBarE":0,"DemBarP":0,"BarRetP":0},{"id":142,"time":141,"name":"Hualpen220","marginal_cost":163.892490384,"value":163.892490384,"DemBarE":0,"DemBarP":0,"BarRetP":0},{"id":142,"time":142,"name":"Hualpen220","marginal_cost":163.892490384,"value":163.892490384,"DemBarE":0,"DemBarP":0,"BarRetP":0},{"id":142,"time":143,"name":"Hualpen220","marginal_cost":162.4727479112,"value":162.4727479112,"DemBarE":0,"DemBarP":0,"BarRetP":0},{"id":142,"time":144,"name":"Hualpen220","marginal_cost":163.043895389,"value":163.043895389,"DemBarE":0,"DemBarP":0,"BarRetP":0},{"id":142,"time":145,"name":"Hualpen220","marginal_cost":161.1575786718,"value":161.1575786718,"DemBarE":0,"DemBarP":0,"BarRetP":0},{"id":142,"time":146,"name":"Hualpen220","marginal_cost":160.1304158826,"value":160.1304158826,"DemBarE":0,"DemBarP":0,"BarRetP":0},{"id":142,"time":147,"name":"Hualpen220","marginal_cost":157.1003408347,"value":157.1003408347,"DemBarE":0,"DemBarP":0,"BarRetP":0},{"id":142,"time":148,"name":"Hualpen220","marginal_cost":157.1003408347,"value":157.1003408347,"DemBarE":0,"DemBarP":0,"BarRetP":0},{"id":142,"time":149,"name":"Hualpen220","marginal_cost":157.1003408347,"value":157.1003408347,"DemBarE":0,"DemBarP":0,"BarRetP":0},{"id":142,"time":150,"name":"Hualpen220","marginal_cost":157.1003408347,"value":157.1003408347,"DemBarE":0,"DemBarP":0,"BarRetP":0},{"id":142,"time":151,"name":"Hualpen220","marginal_cost":160.6520536435,"value":160.6520536435,"DemBarE":0,"DemBarP":0,"BarRetP":0},{"id":142,"time":152,"name":"Hualpen220","marginal_cost":164.1703359705,"value":164.1703359705,"DemBarE":0,"DemBarP":0,"BarRetP":0},{"id":142,"time":153,"name":"Hualpen220","marginal_cost":164.1703359705,"value":164.1703359705,"DemBarE":0,"DemBarP":0,"BarRetP":0},{"id":142,"time":154,"name":"Hualpen220","marginal_cost":163.5283637365,"value":163.5283637365,"DemBarE":0,"DemBarP":0,"BarRetP":0},{"id":142,"time":155,"name":"Hualpen220","marginal_cost":163.5283637365,"value":163.5283637365,"DemBarE":0,"DemBarP":0,"BarRetP":0},{"id":142,"time":156,"name":"Hualpen220","marginal_cost":164.5337752868,"value":164.5337752868,"DemBarE":0,"DemBarP":0,"BarRetP":0},{"id":142,"time":157,"name":"Hualpen220","marginal_cost":165.054122699,"value":165.054122699,"DemBarE":0,"DemBarP":0,"BarRetP":0},{"id":142,"time":158,"name":"Hualpen220","marginal_cost":165.054122699,"value":165.054122699,"DemBarE":0,"DemBarP":0,"BarRetP":0},{"id":142,"time":159,"name":"Hualpen220","marginal_cost":165.054122699,"value":165.054122699,"DemBarE":0,"DemBarP":0,"BarRetP":0},{"id":142,"time":160,"name":"Hualpen220","marginal_cost":164.3192434864,"value":164.3192434864,"DemBarE":0,"DemBarP":0,"BarRetP":0},{"id":142,"time":161,"name":"Hualpen220","marginal_cost":164.3192434864,"value":164.3192434864,"DemBarE":0,"DemBarP":0,"BarRetP":0},{"id":142,"time":162,"name":"Hualpen220","marginal_cost":164.386582587,"value":164.386582587,"DemBarE":0,"DemBarP":0,"BarRetP":0},{"id":142,"time":163,"name":"Hualpen220","marginal_cost":165.4955270172,"value":165.4955270172,"DemBarE":0,"DemBarP":0,"BarRetP":0},{"id":142,"time":164,"name":"Hualpen220","marginal_cost":165.4955270172,"value":165.4955270172,"DemBarE":0,"DemBarP":0,"BarRetP":0},{"id":142,"time":165,"name":"Hualpen220","marginal_cost":165.4955270172,"value":165.4955270172,"DemBarE":0,"DemBarP":0,"BarRetP":0},{"id":142,"time":166,"name":"Hualpen220","marginal_cost":165.4955270172,"value":165.4955270172,"DemBarE":0,"DemBarP":0,"BarRetP":0},{"id":142,"time":167,"name":"Hualpen220","marginal_cost":165.3921536329,"value":165.3921536329,"DemBarE":0,"DemBarP":0,"BarRetP":0},{"id":142,"time":168,"name":"Hualpen220","marginal_cost":164.2718631817,"value":164.2718631817,"DemBarE":0,"DemBarP":0,"BarRetP":0}]