[{"id":168,"time":1,"name":"Petroquim154","marginal_cost":158.2396912241,"value":158.2396912241,"DemBarE":0,"DemBarP":0,"BarRetP":0},{"id":168,"time":2,"name":"Petroquim154","marginal_cost":158.9715026834,"value":158.9715026834,"DemBarE":0,"DemBarP":0,"BarRetP":0},{"id":168,"time":3,"name":"Petroquim154","marginal_cost":157.6631874335,"value":157.6631874335,"DemBarE":0,"DemBarP":0,"BarRetP":0},{"id":168,"time":4,"name":"Petroquim154","marginal_cost":156.6026673823,"value":156.6026673823,"DemBarE":0,"DemBarP":0,"BarRetP":0},{"id":168,"time":5,"name":"Petroquim154","marginal_cost":139.2417444449,"value":139.2417444449,"DemBarE":0,"DemBarP":0,"BarRetP":0},{"id":168,"time":6,"name":"Petroquim154","marginal_cost":121.624114107,"value":121.624114107,"DemBarE":0,"DemBarP":0,"BarRetP":0},{"id":168,"time":7,"name":"Petroquim154","marginal_cost":164.6350504539,"value":164.6350504539,"DemBarE":0,"DemBarP":0,"BarRetP":0},{"id":168,"time":8,"name":"Petroquim154","marginal_cost":169.9461085844,"value":169.9461085844,"DemBarE":0,"DemBarP":0,"BarRetP":0},{"id":168,"time":9,"name":"Petroquim154","marginal_cost":161.7373156961,"value":161.7373156961,"DemBarE":0,"DemBarP":0,"BarRetP":0},{"id":168,"time":10,"name":"Petroquim154","marginal_cost":161.212907784,"value":161.212907784,"DemBarE":0,"DemBarP":0,"BarRetP":0},{"id":168,"time":11,"name":"Petroquim154","marginal_cost":161.4238006955,"value":161.4238006955,"DemBarE":0,"DemBarP":0,"BarRetP":0},{"id":168,"time":12,"name":"Petroquim154","marginal_cost":162.3201650519,"value":162.3201650519,"DemBarE":0,"DemBarP":0,"BarRetP":0},{"id":168,"time":13,"name":"Petroquim154","marginal_cost":162.4930622163,"value":162.4930622163,"DemBarE":0,"DemBarP":0,"BarRetP":0},{"id":168,"time":14,"name":"Petroquim154","marginal_cost":161.985552088,"value":161.985552088,"DemBarE":0,"DemBarP":0,"BarRetP":0},{"id":168,"time":15,"name":"Petroquim154","marginal_cost":162.9898752215,"value":162.9898752215,"DemBarE":0,"DemBarP":0,"BarRetP":0},{"id":168,"time":16,"name":"Petroquim154","marginal_cost":162.0934515563,"value":162.0934515563,"DemBarE":0,"DemBarP":0,"BarRetP":0},{"id":168,"time":17,"name":"Petroquim154","marginal_cost":160.6630258857,"value":160.6630258857,"DemBarE":0,"DemBarP":0,"BarRetP":0},{"id":168,"time":18,"name":"Petroquim154","marginal_cost":160.8887186151,"value":160.8887186151,"DemBarE":0,"DemBarP":0,"BarRetP":0},{"id":168,"time":19,"name":"Petroquim154","marginal_cost":178.6069295611,"value":178.6069295611,"DemBarE":0,"DemBarP":0,"BarRetP":0},{"id":168,"time":20,"name":"Petroquim154","marginal_cost":181.1252396422,"value":181.1252396422,"DemBarE":0,"DemBarP":0,"BarRetP":0},{"id":168,"time":21,"name":"Petroquim154","marginal_cost":170.9121730822,"value":170.9121730822,"DemBarE":0,"DemBarP":0,"BarRetP":0},{"id":168,"time":22,"name":"Petroquim154","marginal_cost":169.0378619946,"value":169.0378619946,"DemBarE":0,"DemBarP":0,"BarRetP":0},{"id":168,"time":23,"name":"Petroquim154","marginal_cost":167.3443057129,"value":167.3443057129,"DemBarE":0,"DemBarP":0,"BarRetP":0},{"id":168,"time":24,"name":"Petroquim154","marginal_cost":166.6496225771,"value":166.6496225771,"DemBarE":0,"DemBarP":0,"BarRetP":0},{"id":168,"time":25,"name":"Petroquim154","marginal_cost":156.6424263998,"value":156.6424263998,"DemBarE":0,"DemBarP":0,"BarRetP":0},{"id":168,"time":26,"name":"Petroquim154","marginal_cost":157.0081181904,"value":157.0081181904,"DemBarE":0,"DemBarP":0,"BarRetP":0},{"id":168,"time":27,"name":"Petroquim154","marginal_cost":156.7870685271,"value":156.7870685271,"DemBarE":0,"DemBarP":0,"BarRetP":0},{"id":168,"time":28,"name":"Petroquim154","marginal_cost":156.6662699143,"value":156.6662699143,"DemBarE":0,"DemBarP":0,"BarRetP":0},{"id":168,"time":29,"name":"Petroquim154","marginal_cost":155.9298955245,"value":155.9298955245,"DemBarE":0,"DemBarP":0,"BarRetP":0},{"id":168,"time":30,"name":"Petroquim154","marginal_cost":157.158001909,"value":157.158001909,"DemBarE":0,"DemBarP":0,"BarRetP":0},{"id":168,"time":31,"name":"Petroquim154","marginal_cost":162.5694171258,"value":162.5694171258,"DemBarE":0,"DemBarP":0,"BarRetP":0},{"id":168,"time":32,"name":"Petroquim154","marginal_cost":169.8528803012,"value":169.8528803012,"DemBarE":0,"DemBarP":0,"BarRetP":0},{"id":168,"time":33,"name":"Petroquim154","marginal_cost":161.3339975837,"value":161.3339975837,"DemBarE":0,"DemBarP":0,"BarRetP":0},{"id":168,"time":34,"name":"Petroquim154","marginal_cost":161.3761699464,"value":161.3761699464,"DemBarE":0,"DemBarP":0,"BarRetP":0},{"id":168,"time":35,"name":"Petroquim154","marginal_cost":161.4839161727,"value":161.4839161727,"DemBarE":0,"DemBarP":0,"BarRetP":0},{"id":168,"time":36,"name":"Petroquim154","marginal_cost":161.2400941688,"value":161.2400941688,"DemBarE":0,"DemBarP":0,"BarRetP":0},{"id":168,"time":37,"name":"Petroquim154","marginal_cost":160.7364861569,"value":160.7364861569,"DemBarE":0,"DemBarP":0,"BarRetP":0},{"id":168,"time":38,"name":"Petroquim154","marginal_cost":160.7364861569,"value":160.7364861569,"DemBarE":0,"DemBarP":0,"BarRetP":0},{"id":168,"time":39,"name":"Petroquim154","marginal_cost":160.7364861569,"value":160.7364861569,"DemBarE":0,"DemBarP":0,"BarRetP":0},{"id":168,"time":40,"name":"Petroquim154","marginal_cost":160.7364861569,"value":160.7364861569,"DemBarE":0,"DemBarP":0,"BarRetP":0},{"id":168,"time":41,"name":"Petroquim154","marginal_cost":159.1627920847,"value":159.1627920847,"DemBarE":0,"DemBarP":0,"BarRetP":0},{"id":168,"time":42,"name":"Petroquim154","marginal_cost":156.6155625157,"value":156.6155625157,"DemBarE":0,"DemBarP":0,"BarRetP":0},{"id":168,"time":43,"name":"Petroquim154","marginal_cost":159.8734177195,"value":159.8734177195,"DemBarE":0,"DemBarP":0,"BarRetP":0},{"id":168,"time":44,"name":"Petroquim154","marginal_cost":159.8734177195,"value":159.8734177195,"DemBarE":0,"DemBarP":0,"BarRetP":0},{"id":168,"time":45,"name":"Petroquim154","marginal_cost":159.5807383581,"value":159.5807383581,"DemBarE":0,"DemBarP":0,"BarRetP":0},{"id":168,"time":46,"name":"Petroquim154","marginal_cost":158.0050284166,"value":158.0050284166,"DemBarE":0,"DemBarP":0,"BarRetP":0},{"id":168,"time":47,"name":"Petroquim154","marginal_cost":155.8670239211,"value":155.8670239211,"DemBarE":0,"DemBarP":0,"BarRetP":0},{"id":168,"time":48,"name":"Petroquim154","marginal_cost":155.1294721428,"value":155.1294721428,"DemBarE":0,"DemBarP":0,"BarRetP":0},{"id":168,"time":49,"name":"Petroquim154","marginal_cost":148.1970024968,"value":148.1970024968,"DemBarE":0,"DemBarP":0,"BarRetP":0},{"id":168,"time":50,"name":"Petroquim154","marginal_cost":151.330407376,"value":151.330407376,"DemBarE":0,"DemBarP":0,"BarRetP":0},{"id":168,"time":51,"name":"Petroquim154","marginal_cost":151.8394362876,"value":151.8394362876,"DemBarE":0,"DemBarP":0,"BarRetP":0},{"id":168,"time":52,"name":"Petroquim154","marginal_cost":134.4446137303,"value":134.4446137303,"DemBarE":0,"DemBarP":0,"BarRetP":0},{"id":168,"time":53,"name":"Petroquim154","marginal_cost":134.4446137303,"value":134.4446137303,"DemBarE":0,"DemBarP":0,"BarRetP":0},{"id":168,"time":54,"name":"Petroquim154","marginal_cost":135.2076538707,"value":135.2076538707,"DemBarE":0,"DemBarP":0,"BarRetP":0},{"id":168,"time":55,"name":"Petroquim154","marginal_cost":135.6421743245,"value":135.6421743245,"DemBarE":0,"DemBarP":0,"BarRetP":0},{"id":168,"time":56,"name":"Petroquim154","marginal_cost":136.0139583297,"value":136.0139583297,"DemBarE":0,"DemBarP":0,"BarRetP":0},{"id":168,"time":57,"name":"Petroquim154","marginal_cost":125.4297000984,"value":125.4297000984,"DemBarE":0,"DemBarP":0,"BarRetP":0},{"id":168,"time":58,"name":"Petroquim154","marginal_cost":140.0838361471,"value":140.0838361471,"DemBarE":0,"DemBarP":0,"BarRetP":0},{"id":168,"time":59,"name":"Petroquim154","marginal_cost":109.652144836,"value":109.652144836,"DemBarE":0,"DemBarP":0,"BarRetP":0},{"id":168,"time":60,"name":"Petroquim154","marginal_cost":139.1225673707,"value":139.1225673707,"DemBarE":0,"DemBarP":0,"BarRetP":0},{"id":168,"time":61,"name":"Petroquim154","marginal_cost":139.0950311344,"value":139.0950311344,"DemBarE":0,"DemBarP":0,"BarRetP":0},{"id":168,"time":62,"name":"Petroquim154","marginal_cost":139.0950311344,"value":139.0950311344,"DemBarE":0,"DemBarP":0,"BarRetP":0},{"id":168,"time":63,"name":"Petroquim154","marginal_cost":122.0563849553,"value":122.0563849553,"DemBarE":0,"DemBarP":0,"BarRetP":0},{"id":168,"time":64,"name":"Petroquim154","marginal_cost":139.1137805693,"value":139.1137805693,"DemBarE":0,"DemBarP":0,"BarRetP":0},{"id":168,"time":65,"name":"Petroquim154","marginal_cost":138.7749998539,"value":138.7749998539,"DemBarE":0,"DemBarP":0,"BarRetP":0},{"id":168,"time":66,"name":"Petroquim154","marginal_cost":138.7749998539,"value":138.7749998539,"DemBarE":0,"DemBarP":0,"BarRetP":0},{"id":168,"time":67,"name":"Petroquim154","marginal_cost":170.3800446726,"value":170.3800446726,"DemBarE":0,"DemBarP":0,"BarRetP":0},{"id":168,"time":68,"name":"Petroquim154","marginal_cost":163.6210168548,"value":163.6210168548,"DemBarE":0,"DemBarP":0,"BarRetP":0},{"id":168,"time":69,"name":"Petroquim154","marginal_cost":163.6210168548,"value":163.6210168548,"DemBarE":0,"DemBarP":0,"BarRetP":0},{"id":168,"time":70,"name":"Petroquim154","marginal_cost":162.3658865488,"value":162.3658865488,"DemBarE":0,"DemBarP":0,"BarRetP":0},{"id":168,"time":71,"name":"Petroquim154","marginal_cost":155.7106484343,"value":155.7106484343,"DemBarE":0,"DemBarP":0,"BarRetP":0},{"id":168,"time":72,"name":"Petroquim154","marginal_cost":154.3315879521,"value":154.3315879521,"DemBarE":0,"DemBarP":0,"BarRetP":0},{"id":168,"time":73,"name":"Petroquim154","marginal_cost":154.411521742,"value":154.411521742,"DemBarE":0,"DemBarP":0,"BarRetP":0},{"id":168,"time":74,"name":"Petroquim154","marginal_cost":151.4605291675,"value":151.4605291675,"DemBarE":0,"DemBarP":0,"BarRetP":0},{"id":168,"time":75,"name":"Petroquim154","marginal_cost":138.3326867952,"value":138.3326867952,"DemBarE":0,"DemBarP":0,"BarRetP":0},{"id":168,"time":76,"name":"Petroquim154","marginal_cost":138.3326867952,"value":138.3326867952,"DemBarE":0,"DemBarP":0,"BarRetP":0},{"id":168,"time":77,"name":"Petroquim154","marginal_cost":138.3326867952,"value":138.3326867952,"DemBarE":0,"DemBarP":0,"BarRetP":0},{"id":168,"time":78,"name":"Petroquim154","marginal_cost":138.3326867952,"value":138.3326867952,"DemBarE":0,"DemBarP":0,"BarRetP":0},{"id":168,"time":79,"name":"Petroquim154","marginal_cost":138.3326867952,"value":138.3326867952,"DemBarE":0,"DemBarP":0,"BarRetP":0},{"id":168,"time":80,"name":"Petroquim154","marginal_cost":129.3350163895,"value":129.3350163895,"DemBarE":0,"DemBarP":0,"BarRetP":0},{"id":168,"time":81,"name":"Petroquim154","marginal_cost":129.3350163895,"value":129.3350163895,"DemBarE":0,"DemBarP":0,"BarRetP":0},{"id":168,"time":82,"name":"Petroquim154","marginal_cost":99.8025925305,"value":99.8025925305,"DemBarE":0,"DemBarP":0,"BarRetP":0},{"id":168,"time":83,"name":"Petroquim154","marginal_cost":99.8025925305,"value":99.8025925305,"DemBarE":0,"DemBarP":0,"BarRetP":0},{"id":168,"time":84,"name":"Petroquim154","marginal_cost":127.6305619684,"value":127.6305619684,"DemBarE":0,"DemBarP":0,"BarRetP":0},{"id":168,"time":85,"name":"Petroquim154","marginal_cost":127.6305619684,"value":127.6305619684,"DemBarE":0,"DemBarP":0,"BarRetP":0},{"id":168,"time":86,"name":"Petroquim154","marginal_cost":139.3184740902,"value":139.3184740902,"DemBarE":0,"DemBarP":0,"BarRetP":0},{"id":168,"time":87,"name":"Petroquim154","marginal_cost":139.3184740902,"value":139.3184740902,"DemBarE":0,"DemBarP":0,"BarRetP":0},{"id":168,"time":88,"name":"Petroquim154","marginal_cost":139.3184740902,"value":139.3184740902,"DemBarE":0,"DemBarP":0,"BarRetP":0},{"id":168,"time":89,"name":"Petroquim154","marginal_cost":139.3184740902,"value":139.3184740902,"DemBarE":0,"DemBarP":0,"BarRetP":0},{"id":168,"time":90,"name":"Petroquim154","marginal_cost":139.3184740902,"value":139.3184740902,"DemBarE":0,"DemBarP":0,"BarRetP":0},{"id":168,"time":91,"name":"Petroquim154","marginal_cost":158.5714291776,"value":158.5714291776,"DemBarE":0,"DemBarP":0,"BarRetP":0},{"id":168,"time":92,"name":"Petroquim154","marginal_cost":158.5714291776,"value":158.5714291776,"DemBarE":0,"DemBarP":0,"BarRetP":0},{"id":168,"time":93,"name":"Petroquim154","marginal_cost":160.0285832648,"value":160.0285832648,"DemBarE":0,"DemBarP":0,"BarRetP":0},{"id":168,"time":94,"name":"Petroquim154","marginal_cost":156.8158765161,"value":156.8158765161,"DemBarE":0,"DemBarP":0,"BarRetP":0},{"id":168,"time":95,"name":"Petroquim154","marginal_cost":156.023073041,"value":156.023073041,"DemBarE":0,"DemBarP":0,"BarRetP":0},{"id":168,"time":96,"name":"Petroquim154","marginal_cost":156.3852987744,"value":156.3852987744,"DemBarE":0,"DemBarP":0,"BarRetP":0},{"id":168,"time":97,"name":"Petroquim154","marginal_cost":157.1443087422,"value":157.1443087422,"DemBarE":0,"DemBarP":0,"BarRetP":0},{"id":168,"time":98,"name":"Petroquim154","marginal_cost":151.522993846,"value":151.522993846,"DemBarE":0,"DemBarP":0,"BarRetP":0},{"id":168,"time":99,"name":"Petroquim154","marginal_cost":150.9893544277,"value":150.9893544277,"DemBarE":0,"DemBarP":0,"BarRetP":0},{"id":168,"time":100,"name":"Petroquim154","marginal_cost":150.9300951246,"value":150.9300951246,"DemBarE":0,"DemBarP":0,"BarRetP":0},{"id":168,"time":101,"name":"Petroquim154","marginal_cost":150.9300951246,"value":150.9300951246,"DemBarE":0,"DemBarP":0,"BarRetP":0},{"id":168,"time":102,"name":"Petroquim154","marginal_cost":150.9300951246,"value":150.9300951246,"DemBarE":0,"DemBarP":0,"BarRetP":0},{"id":168,"time":103,"name":"Petroquim154","marginal_cost":158.4750504983,"value":158.4750504983,"DemBarE":0,"DemBarP":0,"BarRetP":0},{"id":168,"time":104,"name":"Petroquim154","marginal_cost":161.2187218947,"value":161.2187218947,"DemBarE":0,"DemBarP":0,"BarRetP":0},{"id":168,"time":105,"name":"Petroquim154","marginal_cost":161.2187218947,"value":161.2187218947,"DemBarE":0,"DemBarP":0,"BarRetP":0},{"id":168,"time":106,"name":"Petroquim154","marginal_cost":158.9530135504,"value":158.9530135504,"DemBarE":0,"DemBarP":0,"BarRetP":0},{"id":168,"time":107,"name":"Petroquim154","marginal_cost":159.4711246548,"value":159.4711246548,"DemBarE":0,"DemBarP":0,"BarRetP":0},{"id":168,"time":108,"name":"Petroquim154","marginal_cost":159.432676415,"value":159.432676415,"DemBarE":0,"DemBarP":0,"BarRetP":0},{"id":168,"time":109,"name":"Petroquim154","marginal_cost":159.432676415,"value":159.432676415,"DemBarE":0,"DemBarP":0,"BarRetP":0},{"id":168,"time":110,"name":"Petroquim154","marginal_cost":159.6676389383,"value":159.6676389383,"DemBarE":0,"DemBarP":0,"BarRetP":0},{"id":168,"time":111,"name":"Petroquim154","marginal_cost":159.8549313795,"value":159.8549313795,"DemBarE":0,"DemBarP":0,"BarRetP":0},{"id":168,"time":112,"name":"Petroquim154","marginal_cost":159.8549313795,"value":159.8549313795,"DemBarE":0,"DemBarP":0,"BarRetP":0},{"id":168,"time":113,"name":"Petroquim154","marginal_cost":161.5809891893,"value":161.5809891893,"DemBarE":0,"DemBarP":0,"BarRetP":0},{"id":168,"time":114,"name":"Petroquim154","marginal_cost":161.5809891893,"value":161.5809891893,"DemBarE":0,"DemBarP":0,"BarRetP":0},{"id":168,"time":115,"name":"Petroquim154","marginal_cost":161.5809891893,"value":161.5809891893,"DemBarE":0,"DemBarP":0,"BarRetP":0},{"id":168,"time":116,"name":"Petroquim154","marginal_cost":163.5428845065,"value":163.5428845065,"DemBarE":0,"DemBarP":0,"BarRetP":0},{"id":168,"time":117,"name":"Petroquim154","marginal_cost":163.5428845065,"value":163.5428845065,"DemBarE":0,"DemBarP":0,"BarRetP":0},{"id":168,"time":118,"name":"Petroquim154","marginal_cost":163.5428845065,"value":163.5428845065,"DemBarE":0,"DemBarP":0,"BarRetP":0},{"id":168,"time":119,"name":"Petroquim154","marginal_cost":163.3264456105,"value":163.3264456105,"DemBarE":0,"DemBarP":0,"BarRetP":0},{"id":168,"time":120,"name":"Petroquim154","marginal_cost":160.2454277413,"value":160.2454277413,"DemBarE":0,"DemBarP":0,"BarRetP":0},{"id":168,"time":121,"name":"Petroquim154","marginal_cost":156.0040989822,"value":156.0040989822,"DemBarE":0,"DemBarP":0,"BarRetP":0},{"id":168,"time":122,"name":"Petroquim154","marginal_cost":156.0016156637,"value":156.0016156637,"DemBarE":0,"DemBarP":0,"BarRetP":0},{"id":168,"time":123,"name":"Petroquim154","marginal_cost":151.6985424544,"value":151.6985424544,"DemBarE":0,"DemBarP":0,"BarRetP":0},{"id":168,"time":124,"name":"Petroquim154","marginal_cost":151.6985424544,"value":151.6985424544,"DemBarE":0,"DemBarP":0,"BarRetP":0},{"id":168,"time":125,"name":"Petroquim154","marginal_cost":151.6985424544,"value":151.6985424544,"DemBarE":0,"DemBarP":0,"BarRetP":0},{"id":168,"time":126,"name":"Petroquim154","marginal_cost":151.6985424544,"value":151.6985424544,"DemBarE":0,"DemBarP":0,"BarRetP":0},{"id":168,"time":127,"name":"Petroquim154","marginal_cost":159.0237577259,"value":159.0237577259,"DemBarE":0,"DemBarP":0,"BarRetP":0},{"id":168,"time":128,"name":"Petroquim154","marginal_cost":165.2616647831,"value":165.2616647831,"DemBarE":0,"DemBarP":0,"BarRetP":0},{"id":168,"time":129,"name":"Petroquim154","marginal_cost":162.5033184436,"value":162.5033184436,"DemBarE":0,"DemBarP":0,"BarRetP":0},{"id":168,"time":130,"name":"Petroquim154","marginal_cost":166.1951465501,"value":166.1951465501,"DemBarE":0,"DemBarP":0,"BarRetP":0},{"id":168,"time":131,"name":"Petroquim154","marginal_cost":165.5366293606,"value":165.5366293606,"DemBarE":0,"DemBarP":0,"BarRetP":0},{"id":168,"time":132,"name":"Petroquim154","marginal_cost":166.6934960766,"value":166.6934960766,"DemBarE":0,"DemBarP":0,"BarRetP":0},{"id":168,"time":133,"name":"Petroquim154","marginal_cost":165.7948760679,"value":165.7948760679,"DemBarE":0,"DemBarP":0,"BarRetP":0},{"id":168,"time":134,"name":"Petroquim154","marginal_cost":165.7948760679,"value":165.7948760679,"DemBarE":0,"DemBarP":0,"BarRetP":0},{"id":168,"time":135,"name":"Petroquim154","marginal_cost":165.7948760679,"value":165.7948760679,"DemBarE":0,"DemBarP":0,"BarRetP":0},{"id":168,"time":136,"name":"Petroquim154","marginal_cost":165.7948760679,"value":165.7948760679,"DemBarE":0,"DemBarP":0,"BarRetP":0},{"id":168,"time":137,"name":"Petroquim154","marginal_cost":165.594406289,"value":165.594406289,"DemBarE":0,"DemBarP":0,"BarRetP":0},{"id":168,"time":138,"name":"Petroquim154","marginal_cost":165.594406289,"value":165.594406289,"DemBarE":0,"DemBarP":0,"BarRetP":0},{"id":168,"time":139,"name":"Petroquim154","marginal_cost":165.594406289,"value":165.594406289,"DemBarE":0,"DemBarP":0,"BarRetP":0},{"id":168,"time":140,"name":"Petroquim154","marginal_cost":165.594406289,"value":165.594406289,"DemBarE":0,"DemBarP":0,"BarRetP":0},{"id":168,"time":141,"name":"Petroquim154","marginal_cost":165.594406289,"value":165.594406289,"DemBarE":0,"DemBarP":0,"BarRetP":0},{"id":168,"time":142,"name":"Petroquim154","marginal_cost":165.594406289,"value":165.594406289,"DemBarE":0,"DemBarP":0,"BarRetP":0},{"id":168,"time":143,"name":"Petroquim154","marginal_cost":164.1778103694,"value":164.1778103694,"DemBarE":0,"DemBarP":0,"BarRetP":0},{"id":168,"time":144,"name":"Petroquim154","marginal_cost":164.7134495203,"value":164.7134495203,"DemBarE":0,"DemBarP":0,"BarRetP":0},{"id":168,"time":145,"name":"Petroquim154","marginal_cost":162.7451149811,"value":162.7451149811,"DemBarE":0,"DemBarP":0,"BarRetP":0},{"id":168,"time":146,"name":"Petroquim154","marginal_cost":161.6248619954,"value":161.6248619954,"DemBarE":0,"DemBarP":0,"BarRetP":0},{"id":168,"time":147,"name":"Petroquim154","marginal_cost":158.5158595783,"value":158.5158595783,"DemBarE":0,"DemBarP":0,"BarRetP":0},{"id":168,"time":148,"name":"Petroquim154","marginal_cost":158.5158595783,"value":158.5158595783,"DemBarE":0,"DemBarP":0,"BarRetP":0},{"id":168,"time":149,"name":"Petroquim154","marginal_cost":158.5158595783,"value":158.5158595783,"DemBarE":0,"DemBarP":0,"BarRetP":0},{"id":168,"time":150,"name":"Petroquim154","marginal_cost":158.5158595783,"value":158.5158595783,"DemBarE":0,"DemBarP":0,"BarRetP":0},{"id":168,"time":151,"name":"Petroquim154","marginal_cost":162.1660109082,"value":162.1660109082,"DemBarE":0,"DemBarP":0,"BarRetP":0},{"id":168,"time":152,"name":"Petroquim154","marginal_cost":165.8061236865,"value":165.8061236865,"DemBarE":0,"DemBarP":0,"BarRetP":0},{"id":168,"time":153,"name":"Petroquim154","marginal_cost":165.8061236865,"value":165.8061236865,"DemBarE":0,"DemBarP":0,"BarRetP":0},{"id":168,"time":154,"name":"Petroquim154","marginal_cost":165.2503660614,"value":165.2503660614,"DemBarE":0,"DemBarP":0,"BarRetP":0},{"id":168,"time":155,"name":"Petroquim154","marginal_cost":165.2503660614,"value":165.2503660614,"DemBarE":0,"DemBarP":0,"BarRetP":0},{"id":168,"time":156,"name":"Petroquim154","marginal_cost":166.2418479123,"value":166.2418479123,"DemBarE":0,"DemBarP":0,"BarRetP":0},{"id":168,"time":157,"name":"Petroquim154","marginal_cost":166.8185246081,"value":166.8185246081,"DemBarE":0,"DemBarP":0,"BarRetP":0},{"id":168,"time":158,"name":"Petroquim154","marginal_cost":166.8185246081,"value":166.8185246081,"DemBarE":0,"DemBarP":0,"BarRetP":0},{"id":168,"time":159,"name":"Petroquim154","marginal_cost":166.8185246081,"value":166.8185246081,"DemBarE":0,"DemBarP":0,"BarRetP":0},{"id":168,"time":160,"name":"Petroquim154","marginal_cost":166.0139938142,"value":166.0139938142,"DemBarE":0,"DemBarP":0,"BarRetP":0},{"id":168,"time":161,"name":"Petroquim154","marginal_cost":166.0139938142,"value":166.0139938142,"DemBarE":0,"DemBarP":0,"BarRetP":0},{"id":168,"time":162,"name":"Petroquim154","marginal_cost":166.0471843883,"value":166.0471843883,"DemBarE":0,"DemBarP":0,"BarRetP":0},{"id":168,"time":163,"name":"Petroquim154","marginal_cost":167.1707659039,"value":167.1707659039,"DemBarE":0,"DemBarP":0,"BarRetP":0},{"id":168,"time":164,"name":"Petroquim154","marginal_cost":167.1707659039,"value":167.1707659039,"DemBarE":0,"DemBarP":0,"BarRetP":0},{"id":168,"time":165,"name":"Petroquim154","marginal_cost":167.1707659039,"value":167.1707659039,"DemBarE":0,"DemBarP":0,"BarRetP":0},{"id":168,"time":166,"name":"Petroquim154","marginal_cost":167.1707659039,"value":167.1707659039,"DemBarE":0,"DemBarP":0,"BarRetP":0},{"id":168,"time":167,"name":"Petroquim154","marginal_cost":167.0805022649,"value":167.0805022649,"DemBarE":0,"DemBarP":0,"BarRetP":0},{"id":168,"time":168,"name":"Petroquim154","marginal_cost":165.9238205201,"value":165.9238205201,"DemBarE":0,"DemBarP":0,"BarRetP":0}]