[{"id":166,"time":1,"name":"PCortes154","marginal_cost":162.8080432649,"value":162.8080432649,"DemBarE":0,"DemBarP":0,"BarRetP":0},{"id":166,"time":2,"name":"PCortes154","marginal_cost":164.0677157191,"value":164.0677157191,"DemBarE":0,"DemBarP":0,"BarRetP":0},{"id":166,"time":3,"name":"PCortes154","marginal_cost":162.5754760555,"value":162.5754760555,"DemBarE":0,"DemBarP":0,"BarRetP":0},{"id":166,"time":4,"name":"PCortes154","marginal_cost":161.3760354827,"value":161.3760354827,"DemBarE":0,"DemBarP":0,"BarRetP":0},{"id":166,"time":5,"name":"PCortes154","marginal_cost":143.1676265569,"value":143.1676265569,"DemBarE":0,"DemBarP":0,"BarRetP":0},{"id":166,"time":6,"name":"PCortes154","marginal_cost":125.5905090598,"value":125.5905090598,"DemBarE":0,"DemBarP":0,"BarRetP":0},{"id":166,"time":7,"name":"PCortes154","marginal_cost":171.5167815576,"value":171.5167815576,"DemBarE":0,"DemBarP":0,"BarRetP":0},{"id":166,"time":8,"name":"PCortes154","marginal_cost":176.8505548522,"value":176.8505548522,"DemBarE":0,"DemBarP":0,"BarRetP":0},{"id":166,"time":9,"name":"PCortes154","marginal_cost":166.405764465,"value":166.405764465,"DemBarE":0,"DemBarP":0,"BarRetP":0},{"id":166,"time":10,"name":"PCortes154","marginal_cost":165.0968797508,"value":165.0968797508,"DemBarE":0,"DemBarP":0,"BarRetP":0},{"id":166,"time":11,"name":"PCortes154","marginal_cost":165.3291506977,"value":165.3291506977,"DemBarE":0,"DemBarP":0,"BarRetP":0},{"id":166,"time":12,"name":"PCortes154","marginal_cost":165.2808143565,"value":165.2808143565,"DemBarE":0,"DemBarP":0,"BarRetP":0},{"id":166,"time":13,"name":"PCortes154","marginal_cost":164.3270318087,"value":164.3270318087,"DemBarE":0,"DemBarP":0,"BarRetP":0},{"id":166,"time":14,"name":"PCortes154","marginal_cost":163.5091225603,"value":163.5091225603,"DemBarE":0,"DemBarP":0,"BarRetP":0},{"id":166,"time":15,"name":"PCortes154","marginal_cost":163.882132252,"value":163.882132252,"DemBarE":0,"DemBarP":0,"BarRetP":0},{"id":166,"time":16,"name":"PCortes154","marginal_cost":163.4559412536,"value":163.4559412536,"DemBarE":0,"DemBarP":0,"BarRetP":0},{"id":166,"time":17,"name":"PCortes154","marginal_cost":162.3149764803,"value":162.3149764803,"DemBarE":0,"DemBarP":0,"BarRetP":0},{"id":166,"time":18,"name":"PCortes154","marginal_cost":160.3657316072,"value":160.3657316072,"DemBarE":0,"DemBarP":0,"BarRetP":0},{"id":166,"time":19,"name":"PCortes154","marginal_cost":180.8004484483,"value":180.8004484483,"DemBarE":0,"DemBarP":0,"BarRetP":0},{"id":166,"time":20,"name":"PCortes154","marginal_cost":184.725965608,"value":184.725965608,"DemBarE":0,"DemBarP":0,"BarRetP":0},{"id":166,"time":21,"name":"PCortes154","marginal_cost":174.4265370782,"value":174.4265370782,"DemBarE":0,"DemBarP":0,"BarRetP":0},{"id":166,"time":22,"name":"PCortes154","marginal_cost":172.6772333303,"value":172.6772333303,"DemBarE":0,"DemBarP":0,"BarRetP":0},{"id":166,"time":23,"name":"PCortes154","marginal_cost":170.3319913171,"value":170.3319913171,"DemBarE":0,"DemBarP":0,"BarRetP":0},{"id":166,"time":24,"name":"PCortes154","marginal_cost":170.7563259164,"value":170.7563259164,"DemBarE":0,"DemBarP":0,"BarRetP":0},{"id":166,"time":25,"name":"PCortes154","marginal_cost":161.513321161,"value":161.513321161,"DemBarE":0,"DemBarP":0,"BarRetP":0},{"id":166,"time":26,"name":"PCortes154","marginal_cost":162.4843219231,"value":162.4843219231,"DemBarE":0,"DemBarP":0,"BarRetP":0},{"id":166,"time":27,"name":"PCortes154","marginal_cost":162.0876792491,"value":162.0876792491,"DemBarE":0,"DemBarP":0,"BarRetP":0},{"id":166,"time":28,"name":"PCortes154","marginal_cost":162.0802851983,"value":162.0802851983,"DemBarE":0,"DemBarP":0,"BarRetP":0},{"id":166,"time":29,"name":"PCortes154","marginal_cost":160.9899048557,"value":160.9899048557,"DemBarE":0,"DemBarP":0,"BarRetP":0},{"id":166,"time":30,"name":"PCortes154","marginal_cost":163.027963559,"value":163.027963559,"DemBarE":0,"DemBarP":0,"BarRetP":0},{"id":166,"time":31,"name":"PCortes154","marginal_cost":169.8784096542,"value":169.8784096542,"DemBarE":0,"DemBarP":0,"BarRetP":0},{"id":166,"time":32,"name":"PCortes154","marginal_cost":177.7785960968,"value":177.7785960968,"DemBarE":0,"DemBarP":0,"BarRetP":0},{"id":166,"time":33,"name":"PCortes154","marginal_cost":165.6055723294,"value":165.6055723294,"DemBarE":0,"DemBarP":0,"BarRetP":0},{"id":166,"time":34,"name":"PCortes154","marginal_cost":165.9593143371,"value":165.9593143371,"DemBarE":0,"DemBarP":0,"BarRetP":0},{"id":166,"time":35,"name":"PCortes154","marginal_cost":166.0299519247,"value":166.0299519247,"DemBarE":0,"DemBarP":0,"BarRetP":0},{"id":166,"time":36,"name":"PCortes154","marginal_cost":165.8643632334,"value":165.8643632334,"DemBarE":0,"DemBarP":0,"BarRetP":0},{"id":166,"time":37,"name":"PCortes154","marginal_cost":164.6102802106,"value":164.6102802106,"DemBarE":0,"DemBarP":0,"BarRetP":0},{"id":166,"time":38,"name":"PCortes154","marginal_cost":164.6102802106,"value":164.6102802106,"DemBarE":0,"DemBarP":0,"BarRetP":0},{"id":166,"time":39,"name":"PCortes154","marginal_cost":164.6102802106,"value":164.6102802106,"DemBarE":0,"DemBarP":0,"BarRetP":0},{"id":166,"time":40,"name":"PCortes154","marginal_cost":164.6102802106,"value":164.6102802106,"DemBarE":0,"DemBarP":0,"BarRetP":0},{"id":166,"time":41,"name":"PCortes154","marginal_cost":162.6453786212,"value":162.6453786212,"DemBarE":0,"DemBarP":0,"BarRetP":0},{"id":166,"time":42,"name":"PCortes154","marginal_cost":158.2156857226,"value":158.2156857226,"DemBarE":0,"DemBarP":0,"BarRetP":0},{"id":166,"time":43,"name":"PCortes154","marginal_cost":165.004193157,"value":165.004193157,"DemBarE":0,"DemBarP":0,"BarRetP":0},{"id":166,"time":44,"name":"PCortes154","marginal_cost":165.004193157,"value":165.004193157,"DemBarE":0,"DemBarP":0,"BarRetP":0},{"id":166,"time":45,"name":"PCortes154","marginal_cost":165.1250283516,"value":165.1250283516,"DemBarE":0,"DemBarP":0,"BarRetP":0},{"id":166,"time":46,"name":"PCortes154","marginal_cost":163.7736403169,"value":163.7736403169,"DemBarE":0,"DemBarP":0,"BarRetP":0},{"id":166,"time":47,"name":"PCortes154","marginal_cost":160.8734998552,"value":160.8734998552,"DemBarE":0,"DemBarP":0,"BarRetP":0},{"id":166,"time":48,"name":"PCortes154","marginal_cost":160.2750573964,"value":160.2750573964,"DemBarE":0,"DemBarP":0,"BarRetP":0},{"id":166,"time":49,"name":"PCortes154","marginal_cost":153.0307975062,"value":153.0307975062,"DemBarE":0,"DemBarP":0,"BarRetP":0},{"id":166,"time":50,"name":"PCortes154","marginal_cost":157.4262302647,"value":157.4262302647,"DemBarE":0,"DemBarP":0,"BarRetP":0},{"id":166,"time":51,"name":"PCortes154","marginal_cost":158.0737741115,"value":158.0737741115,"DemBarE":0,"DemBarP":0,"BarRetP":0},{"id":166,"time":52,"name":"PCortes154","marginal_cost":139.4723416904,"value":139.4723416904,"DemBarE":0,"DemBarP":0,"BarRetP":0},{"id":166,"time":53,"name":"PCortes154","marginal_cost":139.4723416904,"value":139.4723416904,"DemBarE":0,"DemBarP":0,"BarRetP":0},{"id":166,"time":54,"name":"PCortes154","marginal_cost":139.5179109558,"value":139.5179109558,"DemBarE":0,"DemBarP":0,"BarRetP":0},{"id":166,"time":55,"name":"PCortes154","marginal_cost":140.758777052,"value":140.758777052,"DemBarE":0,"DemBarP":0,"BarRetP":0},{"id":166,"time":56,"name":"PCortes154","marginal_cost":142.1561614287,"value":142.1561614287,"DemBarE":0,"DemBarP":0,"BarRetP":0},{"id":166,"time":57,"name":"PCortes154","marginal_cost":129.4154867593,"value":129.4154867593,"DemBarE":0,"DemBarP":0,"BarRetP":0},{"id":166,"time":58,"name":"PCortes154","marginal_cost":143.7103171816,"value":143.7103171816,"DemBarE":0,"DemBarP":0,"BarRetP":0},{"id":166,"time":59,"name":"PCortes154","marginal_cost":112.2563219285,"value":112.2563219285,"DemBarE":0,"DemBarP":0,"BarRetP":0},{"id":166,"time":60,"name":"PCortes154","marginal_cost":141.8640347366,"value":141.8640347366,"DemBarE":0,"DemBarP":0,"BarRetP":0},{"id":166,"time":61,"name":"PCortes154","marginal_cost":141.3120746393,"value":141.3120746393,"DemBarE":0,"DemBarP":0,"BarRetP":0},{"id":166,"time":62,"name":"PCortes154","marginal_cost":141.3120746393,"value":141.3120746393,"DemBarE":0,"DemBarP":0,"BarRetP":0},{"id":166,"time":63,"name":"PCortes154","marginal_cost":123.5431321732,"value":123.5431321732,"DemBarE":0,"DemBarP":0,"BarRetP":0},{"id":166,"time":64,"name":"PCortes154","marginal_cost":141.2960745235,"value":141.2960745235,"DemBarE":0,"DemBarP":0,"BarRetP":0},{"id":166,"time":65,"name":"PCortes154","marginal_cost":140.7218819081,"value":140.7218819081,"DemBarE":0,"DemBarP":0,"BarRetP":0},{"id":166,"time":66,"name":"PCortes154","marginal_cost":140.7218819081,"value":140.7218819081,"DemBarE":0,"DemBarP":0,"BarRetP":0},{"id":166,"time":67,"name":"PCortes154","marginal_cost":175.4248793963,"value":175.4248793963,"DemBarE":0,"DemBarP":0,"BarRetP":0},{"id":166,"time":68,"name":"PCortes154","marginal_cost":169.3613546605,"value":169.3613546605,"DemBarE":0,"DemBarP":0,"BarRetP":0},{"id":166,"time":69,"name":"PCortes154","marginal_cost":169.3613546605,"value":169.3613546605,"DemBarE":0,"DemBarP":0,"BarRetP":0},{"id":166,"time":70,"name":"PCortes154","marginal_cost":165.6223250463,"value":165.6223250463,"DemBarE":0,"DemBarP":0,"BarRetP":0},{"id":166,"time":71,"name":"PCortes154","marginal_cost":158.1322719209,"value":158.1322719209,"DemBarE":0,"DemBarP":0,"BarRetP":0},{"id":166,"time":72,"name":"PCortes154","marginal_cost":157.9178653324,"value":157.9178653324,"DemBarE":0,"DemBarP":0,"BarRetP":0},{"id":166,"time":73,"name":"PCortes154","marginal_cost":158.5141468085,"value":158.5141468085,"DemBarE":0,"DemBarP":0,"BarRetP":0},{"id":166,"time":74,"name":"PCortes154","marginal_cost":154.9717729625,"value":154.9717729625,"DemBarE":0,"DemBarP":0,"BarRetP":0},{"id":166,"time":75,"name":"PCortes154","marginal_cost":140.1712526663,"value":140.1712526663,"DemBarE":0,"DemBarP":0,"BarRetP":0},{"id":166,"time":76,"name":"PCortes154","marginal_cost":140.1712526663,"value":140.1712526663,"DemBarE":0,"DemBarP":0,"BarRetP":0},{"id":166,"time":77,"name":"PCortes154","marginal_cost":140.1712526663,"value":140.1712526663,"DemBarE":0,"DemBarP":0,"BarRetP":0},{"id":166,"time":78,"name":"PCortes154","marginal_cost":140.1712526663,"value":140.1712526663,"DemBarE":0,"DemBarP":0,"BarRetP":0},{"id":166,"time":79,"name":"PCortes154","marginal_cost":140.1712526663,"value":140.1712526663,"DemBarE":0,"DemBarP":0,"BarRetP":0},{"id":166,"time":80,"name":"PCortes154","marginal_cost":131.5277619041,"value":131.5277619041,"DemBarE":0,"DemBarP":0,"BarRetP":0},{"id":166,"time":81,"name":"PCortes154","marginal_cost":131.5277619041,"value":131.5277619041,"DemBarE":0,"DemBarP":0,"BarRetP":0},{"id":166,"time":82,"name":"PCortes154","marginal_cost":100.184272175,"value":100.184272175,"DemBarE":0,"DemBarP":0,"BarRetP":0},{"id":166,"time":83,"name":"PCortes154","marginal_cost":100.184272175,"value":100.184272175,"DemBarE":0,"DemBarP":0,"BarRetP":0},{"id":166,"time":84,"name":"PCortes154","marginal_cost":128.0753845562,"value":128.0753845562,"DemBarE":0,"DemBarP":0,"BarRetP":0},{"id":166,"time":85,"name":"PCortes154","marginal_cost":128.0753845562,"value":128.0753845562,"DemBarE":0,"DemBarP":0,"BarRetP":0},{"id":166,"time":86,"name":"PCortes154","marginal_cost":139.3338026175,"value":139.3338026175,"DemBarE":0,"DemBarP":0,"BarRetP":0},{"id":166,"time":87,"name":"PCortes154","marginal_cost":139.3338026175,"value":139.3338026175,"DemBarE":0,"DemBarP":0,"BarRetP":0},{"id":166,"time":88,"name":"PCortes154","marginal_cost":139.3338026175,"value":139.3338026175,"DemBarE":0,"DemBarP":0,"BarRetP":0},{"id":166,"time":89,"name":"PCortes154","marginal_cost":139.3338026175,"value":139.3338026175,"DemBarE":0,"DemBarP":0,"BarRetP":0},{"id":166,"time":90,"name":"PCortes154","marginal_cost":139.3338026175,"value":139.3338026175,"DemBarE":0,"DemBarP":0,"BarRetP":0},{"id":166,"time":91,"name":"PCortes154","marginal_cost":162.3266547266,"value":162.3266547266,"DemBarE":0,"DemBarP":0,"BarRetP":0},{"id":166,"time":92,"name":"PCortes154","marginal_cost":162.3266547266,"value":162.3266547266,"DemBarE":0,"DemBarP":0,"BarRetP":0},{"id":166,"time":93,"name":"PCortes154","marginal_cost":164.685528259,"value":164.685528259,"DemBarE":0,"DemBarP":0,"BarRetP":0},{"id":166,"time":94,"name":"PCortes154","marginal_cost":161.5708984043,"value":161.5708984043,"DemBarE":0,"DemBarP":0,"BarRetP":0},{"id":166,"time":95,"name":"PCortes154","marginal_cost":159.7994661793,"value":159.7994661793,"DemBarE":0,"DemBarP":0,"BarRetP":0},{"id":166,"time":96,"name":"PCortes154","marginal_cost":160.0921854847,"value":160.0921854847,"DemBarE":0,"DemBarP":0,"BarRetP":0},{"id":166,"time":97,"name":"PCortes154","marginal_cost":160.3455886192,"value":160.3455886192,"DemBarE":0,"DemBarP":0,"BarRetP":0},{"id":166,"time":98,"name":"PCortes154","marginal_cost":154.3182808388,"value":154.3182808388,"DemBarE":0,"DemBarP":0,"BarRetP":0},{"id":166,"time":99,"name":"PCortes154","marginal_cost":153.6070331958,"value":153.6070331958,"DemBarE":0,"DemBarP":0,"BarRetP":0},{"id":166,"time":100,"name":"PCortes154","marginal_cost":153.3551941865,"value":153.3551941865,"DemBarE":0,"DemBarP":0,"BarRetP":0},{"id":166,"time":101,"name":"PCortes154","marginal_cost":153.3551941865,"value":153.3551941865,"DemBarE":0,"DemBarP":0,"BarRetP":0},{"id":166,"time":102,"name":"PCortes154","marginal_cost":153.3551941865,"value":153.3551941865,"DemBarE":0,"DemBarP":0,"BarRetP":0},{"id":166,"time":103,"name":"PCortes154","marginal_cost":161.3396239656,"value":161.3396239656,"DemBarE":0,"DemBarP":0,"BarRetP":0},{"id":166,"time":104,"name":"PCortes154","marginal_cost":164.600559797,"value":164.600559797,"DemBarE":0,"DemBarP":0,"BarRetP":0},{"id":166,"time":105,"name":"PCortes154","marginal_cost":164.600559797,"value":164.600559797,"DemBarE":0,"DemBarP":0,"BarRetP":0},{"id":166,"time":106,"name":"PCortes154","marginal_cost":160.4359191009,"value":160.4359191009,"DemBarE":0,"DemBarP":0,"BarRetP":0},{"id":166,"time":107,"name":"PCortes154","marginal_cost":160.4193649888,"value":160.4193649888,"DemBarE":0,"DemBarP":0,"BarRetP":0},{"id":166,"time":108,"name":"PCortes154","marginal_cost":160.5536539705,"value":160.5536539705,"DemBarE":0,"DemBarP":0,"BarRetP":0},{"id":166,"time":109,"name":"PCortes154","marginal_cost":160.5536539705,"value":160.5536539705,"DemBarE":0,"DemBarP":0,"BarRetP":0},{"id":166,"time":110,"name":"PCortes154","marginal_cost":160.7272732068,"value":160.7272732068,"DemBarE":0,"DemBarP":0,"BarRetP":0},{"id":166,"time":111,"name":"PCortes154","marginal_cost":161.2500116982,"value":161.2500116982,"DemBarE":0,"DemBarP":0,"BarRetP":0},{"id":166,"time":112,"name":"PCortes154","marginal_cost":161.2500116982,"value":161.2500116982,"DemBarE":0,"DemBarP":0,"BarRetP":0},{"id":166,"time":113,"name":"PCortes154","marginal_cost":164.0928881601,"value":164.0928881601,"DemBarE":0,"DemBarP":0,"BarRetP":0},{"id":166,"time":114,"name":"PCortes154","marginal_cost":164.0928881601,"value":164.0928881601,"DemBarE":0,"DemBarP":0,"BarRetP":0},{"id":166,"time":115,"name":"PCortes154","marginal_cost":164.0928881601,"value":164.0928881601,"DemBarE":0,"DemBarP":0,"BarRetP":0},{"id":166,"time":116,"name":"PCortes154","marginal_cost":168.1551728268,"value":168.1551728268,"DemBarE":0,"DemBarP":0,"BarRetP":0},{"id":166,"time":117,"name":"PCortes154","marginal_cost":168.1551728268,"value":168.1551728268,"DemBarE":0,"DemBarP":0,"BarRetP":0},{"id":166,"time":118,"name":"PCortes154","marginal_cost":168.1551728268,"value":168.1551728268,"DemBarE":0,"DemBarP":0,"BarRetP":0},{"id":166,"time":119,"name":"PCortes154","marginal_cost":168.1454712513,"value":168.1454712513,"DemBarE":0,"DemBarP":0,"BarRetP":0},{"id":166,"time":120,"name":"PCortes154","marginal_cost":165.5060257845,"value":165.5060257845,"DemBarE":0,"DemBarP":0,"BarRetP":0},{"id":166,"time":121,"name":"PCortes154","marginal_cost":160.6705198899,"value":160.6705198899,"DemBarE":0,"DemBarP":0,"BarRetP":0},{"id":166,"time":122,"name":"PCortes154","marginal_cost":160.011070551,"value":160.011070551,"DemBarE":0,"DemBarP":0,"BarRetP":0},{"id":166,"time":123,"name":"PCortes154","marginal_cost":155.3660702095,"value":155.3660702095,"DemBarE":0,"DemBarP":0,"BarRetP":0},{"id":166,"time":124,"name":"PCortes154","marginal_cost":155.3660702095,"value":155.3660702095,"DemBarE":0,"DemBarP":0,"BarRetP":0},{"id":166,"time":125,"name":"PCortes154","marginal_cost":155.3660702095,"value":155.3660702095,"DemBarE":0,"DemBarP":0,"BarRetP":0},{"id":166,"time":126,"name":"PCortes154","marginal_cost":155.3660702095,"value":155.3660702095,"DemBarE":0,"DemBarP":0,"BarRetP":0},{"id":166,"time":127,"name":"PCortes154","marginal_cost":163.6714077724,"value":163.6714077724,"DemBarE":0,"DemBarP":0,"BarRetP":0},{"id":166,"time":128,"name":"PCortes154","marginal_cost":170.6187473084,"value":170.6187473084,"DemBarE":0,"DemBarP":0,"BarRetP":0},{"id":166,"time":129,"name":"PCortes154","marginal_cost":165.6237929246,"value":165.6237929246,"DemBarE":0,"DemBarP":0,"BarRetP":0},{"id":166,"time":130,"name":"PCortes154","marginal_cost":168.594176291,"value":168.594176291,"DemBarE":0,"DemBarP":0,"BarRetP":0},{"id":166,"time":131,"name":"PCortes154","marginal_cost":168.0244933395,"value":168.0244933395,"DemBarE":0,"DemBarP":0,"BarRetP":0},{"id":166,"time":132,"name":"PCortes154","marginal_cost":169.3518245932,"value":169.3518245932,"DemBarE":0,"DemBarP":0,"BarRetP":0},{"id":166,"time":133,"name":"PCortes154","marginal_cost":168.2436563827,"value":168.2436563827,"DemBarE":0,"DemBarP":0,"BarRetP":0},{"id":166,"time":134,"name":"PCortes154","marginal_cost":168.2436563827,"value":168.2436563827,"DemBarE":0,"DemBarP":0,"BarRetP":0},{"id":166,"time":135,"name":"PCortes154","marginal_cost":168.2436563827,"value":168.2436563827,"DemBarE":0,"DemBarP":0,"BarRetP":0},{"id":166,"time":136,"name":"PCortes154","marginal_cost":168.2436563827,"value":168.2436563827,"DemBarE":0,"DemBarP":0,"BarRetP":0},{"id":166,"time":137,"name":"PCortes154","marginal_cost":168.9386981785,"value":168.9386981785,"DemBarE":0,"DemBarP":0,"BarRetP":0},{"id":166,"time":138,"name":"PCortes154","marginal_cost":168.9386981785,"value":168.9386981785,"DemBarE":0,"DemBarP":0,"BarRetP":0},{"id":166,"time":139,"name":"PCortes154","marginal_cost":168.9386981785,"value":168.9386981785,"DemBarE":0,"DemBarP":0,"BarRetP":0},{"id":166,"time":140,"name":"PCortes154","marginal_cost":168.9386981785,"value":168.9386981785,"DemBarE":0,"DemBarP":0,"BarRetP":0},{"id":166,"time":141,"name":"PCortes154","marginal_cost":168.9386981785,"value":168.9386981785,"DemBarE":0,"DemBarP":0,"BarRetP":0},{"id":166,"time":142,"name":"PCortes154","marginal_cost":168.9386981785,"value":168.9386981785,"DemBarE":0,"DemBarP":0,"BarRetP":0},{"id":166,"time":143,"name":"PCortes154","marginal_cost":167.9343505849,"value":167.9343505849,"DemBarE":0,"DemBarP":0,"BarRetP":0},{"id":166,"time":144,"name":"PCortes154","marginal_cost":169.1802139904,"value":169.1802139904,"DemBarE":0,"DemBarP":0,"BarRetP":0},{"id":166,"time":145,"name":"PCortes154","marginal_cost":166.2409542393,"value":166.2409542393,"DemBarE":0,"DemBarP":0,"BarRetP":0},{"id":166,"time":146,"name":"PCortes154","marginal_cost":164.7220383724,"value":164.7220383724,"DemBarE":0,"DemBarP":0,"BarRetP":0},{"id":166,"time":147,"name":"PCortes154","marginal_cost":161.5501219366,"value":161.5501219366,"DemBarE":0,"DemBarP":0,"BarRetP":0},{"id":166,"time":148,"name":"PCortes154","marginal_cost":161.5501219366,"value":161.5501219366,"DemBarE":0,"DemBarP":0,"BarRetP":0},{"id":166,"time":149,"name":"PCortes154","marginal_cost":161.5501219366,"value":161.5501219366,"DemBarE":0,"DemBarP":0,"BarRetP":0},{"id":166,"time":150,"name":"PCortes154","marginal_cost":161.5501219366,"value":161.5501219366,"DemBarE":0,"DemBarP":0,"BarRetP":0},{"id":166,"time":151,"name":"PCortes154","marginal_cost":166.6321219672,"value":166.6321219672,"DemBarE":0,"DemBarP":0,"BarRetP":0},{"id":166,"time":152,"name":"PCortes154","marginal_cost":169.0842912394,"value":169.0842912394,"DemBarE":0,"DemBarP":0,"BarRetP":0},{"id":166,"time":153,"name":"PCortes154","marginal_cost":169.0842912394,"value":169.0842912394,"DemBarE":0,"DemBarP":0,"BarRetP":0},{"id":166,"time":154,"name":"PCortes154","marginal_cost":167.0882723888,"value":167.0882723888,"DemBarE":0,"DemBarP":0,"BarRetP":0},{"id":166,"time":155,"name":"PCortes154","marginal_cost":167.0882723888,"value":167.0882723888,"DemBarE":0,"DemBarP":0,"BarRetP":0},{"id":166,"time":156,"name":"PCortes154","marginal_cost":167.8483484481,"value":167.8483484481,"DemBarE":0,"DemBarP":0,"BarRetP":0},{"id":166,"time":157,"name":"PCortes154","marginal_cost":167.3119030781,"value":167.3119030781,"DemBarE":0,"DemBarP":0,"BarRetP":0},{"id":166,"time":158,"name":"PCortes154","marginal_cost":167.3119030781,"value":167.3119030781,"DemBarE":0,"DemBarP":0,"BarRetP":0},{"id":166,"time":159,"name":"PCortes154","marginal_cost":167.3119030781,"value":167.3119030781,"DemBarE":0,"DemBarP":0,"BarRetP":0},{"id":166,"time":160,"name":"PCortes154","marginal_cost":166.9419478391,"value":166.9419478391,"DemBarE":0,"DemBarP":0,"BarRetP":0},{"id":166,"time":161,"name":"PCortes154","marginal_cost":166.9419478391,"value":166.9419478391,"DemBarE":0,"DemBarP":0,"BarRetP":0},{"id":166,"time":162,"name":"PCortes154","marginal_cost":166.5576633348,"value":166.5576633348,"DemBarE":0,"DemBarP":0,"BarRetP":0},{"id":166,"time":163,"name":"PCortes154","marginal_cost":170.9853616917,"value":170.9853616917,"DemBarE":0,"DemBarP":0,"BarRetP":0},{"id":166,"time":164,"name":"PCortes154","marginal_cost":170.9853616917,"value":170.9853616917,"DemBarE":0,"DemBarP":0,"BarRetP":0},{"id":166,"time":165,"name":"PCortes154","marginal_cost":170.9853616917,"value":170.9853616917,"DemBarE":0,"DemBarP":0,"BarRetP":0},{"id":166,"time":166,"name":"PCortes154","marginal_cost":170.9853616917,"value":170.9853616917,"DemBarE":0,"DemBarP":0,"BarRetP":0},{"id":166,"time":167,"name":"PCortes154","marginal_cost":169.7657485982,"value":169.7657485982,"DemBarE":0,"DemBarP":0,"BarRetP":0},{"id":166,"time":168,"name":"PCortes154","marginal_cost":170.1622965929,"value":170.1622965929,"DemBarE":0,"DemBarP":0,"BarRetP":0}]