[{"id":77,"time":1,"name":"Portada110","marginal_cost":115.3478548205,"value":115.3478548205,"DemBarE":0,"DemBarP":0,"BarRetP":0},{"id":77,"time":2,"name":"Portada110","marginal_cost":111.7597784532,"value":111.7597784532,"DemBarE":0,"DemBarP":0,"BarRetP":0},{"id":77,"time":3,"name":"Portada110","marginal_cost":112.2982054969,"value":112.2982054969,"DemBarE":0,"DemBarP":0,"BarRetP":0},{"id":77,"time":4,"name":"Portada110","marginal_cost":112.9295095162,"value":112.9295095162,"DemBarE":0,"DemBarP":0,"BarRetP":0},{"id":77,"time":5,"name":"Portada110","marginal_cost":112.9651149761,"value":112.9651149761,"DemBarE":0,"DemBarP":0,"BarRetP":0},{"id":77,"time":6,"name":"Portada110","marginal_cost":83.4436600377,"value":83.4436600377,"DemBarE":0,"DemBarP":0,"BarRetP":0},{"id":77,"time":7,"name":"Portada110","marginal_cost":114.2865576364,"value":114.2865576364,"DemBarE":0,"DemBarP":0,"BarRetP":0},{"id":77,"time":8,"name":"Portada110","marginal_cost":139.1839240221,"value":139.1839240221,"DemBarE":0,"DemBarP":0,"BarRetP":0},{"id":77,"time":9,"name":"Portada110","marginal_cost":109.664648232,"value":109.664648232,"DemBarE":0,"DemBarP":0,"BarRetP":0},{"id":77,"time":10,"name":"Portada110","marginal_cost":83.414105705,"value":83.414105705,"DemBarE":0,"DemBarP":0,"BarRetP":0},{"id":77,"time":11,"name":"Portada110","marginal_cost":79.4744179562,"value":79.4744179562,"DemBarE":0,"DemBarP":0,"BarRetP":0},{"id":77,"time":12,"name":"Portada110","marginal_cost":70.1943181716,"value":70.1943181716,"DemBarE":0,"DemBarP":0,"BarRetP":0},{"id":77,"time":13,"name":"Portada110","marginal_cost":48.0530704935,"value":48.0530704935,"DemBarE":0,"DemBarP":0,"BarRetP":0},{"id":77,"time":14,"name":"Portada110","marginal_cost":-1.9148002067,"value":-1.9148002067,"DemBarE":0,"DemBarP":0,"BarRetP":0},{"id":77,"time":15,"name":"Portada110","marginal_cost":-1.5709503245,"value":-1.5709503245,"DemBarE":0,"DemBarP":0,"BarRetP":0},{"id":77,"time":16,"name":"Portada110","marginal_cost":-1.565219549,"value":-1.565219549,"DemBarE":0,"DemBarP":0,"BarRetP":0},{"id":77,"time":17,"name":"Portada110","marginal_cost":101.5632039194,"value":101.5632039194,"DemBarE":0,"DemBarP":0,"BarRetP":0},{"id":77,"time":18,"name":"Portada110","marginal_cost":120.1125273004,"value":120.1125273004,"DemBarE":0,"DemBarP":0,"BarRetP":0},{"id":77,"time":19,"name":"Portada110","marginal_cost":153.6629408936,"value":153.6629408936,"DemBarE":0,"DemBarP":0,"BarRetP":0},{"id":77,"time":20,"name":"Portada110","marginal_cost":154.6880651548,"value":154.6880651548,"DemBarE":0,"DemBarP":0,"BarRetP":0},{"id":77,"time":21,"name":"Portada110","marginal_cost":153.1933823763,"value":153.1933823763,"DemBarE":0,"DemBarP":0,"BarRetP":0},{"id":77,"time":22,"name":"Portada110","marginal_cost":143.9121990022,"value":143.9121990022,"DemBarE":0,"DemBarP":0,"BarRetP":0},{"id":77,"time":23,"name":"Portada110","marginal_cost":142.2862128646,"value":142.2862128646,"DemBarE":0,"DemBarP":0,"BarRetP":0},{"id":77,"time":24,"name":"Portada110","marginal_cost":139.9995409222,"value":139.9995409222,"DemBarE":0,"DemBarP":0,"BarRetP":0},{"id":77,"time":25,"name":"Portada110","marginal_cost":140.5624621405,"value":140.5624621405,"DemBarE":0,"DemBarP":0,"BarRetP":0},{"id":77,"time":26,"name":"Portada110","marginal_cost":136.4405175893,"value":136.4405175893,"DemBarE":0,"DemBarP":0,"BarRetP":0},{"id":77,"time":27,"name":"Portada110","marginal_cost":136.5444152345,"value":136.5444152345,"DemBarE":0,"DemBarP":0,"BarRetP":0},{"id":77,"time":28,"name":"Portada110","marginal_cost":138.0966819141,"value":138.0966819141,"DemBarE":0,"DemBarP":0,"BarRetP":0},{"id":77,"time":29,"name":"Portada110","marginal_cost":136.7373152809,"value":136.7373152809,"DemBarE":0,"DemBarP":0,"BarRetP":0},{"id":77,"time":30,"name":"Portada110","marginal_cost":135.9576023333,"value":135.9576023333,"DemBarE":0,"DemBarP":0,"BarRetP":0},{"id":77,"time":31,"name":"Portada110","marginal_cost":147.2378761884,"value":147.2378761884,"DemBarE":0,"DemBarP":0,"BarRetP":0},{"id":77,"time":32,"name":"Portada110","marginal_cost":144.607114771,"value":144.607114771,"DemBarE":0,"DemBarP":0,"BarRetP":0},{"id":77,"time":33,"name":"Portada110","marginal_cost":116.9238136551,"value":116.9238136551,"DemBarE":0,"DemBarP":0,"BarRetP":0},{"id":77,"time":34,"name":"Portada110","marginal_cost":90.093711263,"value":90.093711263,"DemBarE":0,"DemBarP":0,"BarRetP":0},{"id":77,"time":35,"name":"Portada110","marginal_cost":86.3260105429,"value":86.3260105429,"DemBarE":0,"DemBarP":0,"BarRetP":0},{"id":77,"time":36,"name":"Portada110","marginal_cost":86.5150489915,"value":86.5150489915,"DemBarE":0,"DemBarP":0,"BarRetP":0},{"id":77,"time":37,"name":"Portada110","marginal_cost":85.0373338349,"value":85.0373338349,"DemBarE":0,"DemBarP":0,"BarRetP":0},{"id":77,"time":38,"name":"Portada110","marginal_cost":85.0373338349,"value":85.0373338349,"DemBarE":0,"DemBarP":0,"BarRetP":0},{"id":77,"time":39,"name":"Portada110","marginal_cost":85.0373338349,"value":85.0373338349,"DemBarE":0,"DemBarP":0,"BarRetP":0},{"id":77,"time":40,"name":"Portada110","marginal_cost":85.0373338349,"value":85.0373338349,"DemBarE":0,"DemBarP":0,"BarRetP":0},{"id":77,"time":41,"name":"Portada110","marginal_cost":103.8746453161,"value":103.8746453161,"DemBarE":0,"DemBarP":0,"BarRetP":0},{"id":77,"time":42,"name":"Portada110","marginal_cost":117.6831326348,"value":117.6831326348,"DemBarE":0,"DemBarP":0,"BarRetP":0},{"id":77,"time":43,"name":"Portada110","marginal_cost":140.0273331837,"value":140.0273331837,"DemBarE":0,"DemBarP":0,"BarRetP":0},{"id":77,"time":44,"name":"Portada110","marginal_cost":140.0273331837,"value":140.0273331837,"DemBarE":0,"DemBarP":0,"BarRetP":0},{"id":77,"time":45,"name":"Portada110","marginal_cost":143.3142655847,"value":143.3142655847,"DemBarE":0,"DemBarP":0,"BarRetP":0},{"id":77,"time":46,"name":"Portada110","marginal_cost":142.5156540109,"value":142.5156540109,"DemBarE":0,"DemBarP":0,"BarRetP":0},{"id":77,"time":47,"name":"Portada110","marginal_cost":139.2719809083,"value":139.2719809083,"DemBarE":0,"DemBarP":0,"BarRetP":0},{"id":77,"time":48,"name":"Portada110","marginal_cost":136.2177255848,"value":136.2177255848,"DemBarE":0,"DemBarP":0,"BarRetP":0},{"id":77,"time":49,"name":"Portada110","marginal_cost":129.8228653298,"value":129.8228653298,"DemBarE":0,"DemBarP":0,"BarRetP":0},{"id":77,"time":50,"name":"Portada110","marginal_cost":131.4444453247,"value":131.4444453247,"DemBarE":0,"DemBarP":0,"BarRetP":0},{"id":77,"time":51,"name":"Portada110","marginal_cost":132.6309116114,"value":132.6309116114,"DemBarE":0,"DemBarP":0,"BarRetP":0},{"id":77,"time":52,"name":"Portada110","marginal_cost":118.4455578538,"value":118.4455578538,"DemBarE":0,"DemBarP":0,"BarRetP":0},{"id":77,"time":53,"name":"Portada110","marginal_cost":118.4455578538,"value":118.4455578538,"DemBarE":0,"DemBarP":0,"BarRetP":0},{"id":77,"time":54,"name":"Portada110","marginal_cost":117.0636710471,"value":117.0636710471,"DemBarE":0,"DemBarP":0,"BarRetP":0},{"id":77,"time":55,"name":"Portada110","marginal_cost":116.6108184188,"value":116.6108184188,"DemBarE":0,"DemBarP":0,"BarRetP":0},{"id":77,"time":56,"name":"Portada110","marginal_cost":113.2358928328,"value":113.2358928328,"DemBarE":0,"DemBarP":0,"BarRetP":0},{"id":77,"time":57,"name":"Portada110","marginal_cost":105.2552425299,"value":105.2552425299,"DemBarE":0,"DemBarP":0,"BarRetP":0},{"id":77,"time":58,"name":"Portada110","marginal_cost":87.4165394222,"value":87.4165394222,"DemBarE":0,"DemBarP":0,"BarRetP":0},{"id":77,"time":59,"name":"Portada110","marginal_cost":85.7441725345,"value":85.7441725345,"DemBarE":0,"DemBarP":0,"BarRetP":0},{"id":77,"time":60,"name":"Portada110","marginal_cost":84.947116864,"value":84.947116864,"DemBarE":0,"DemBarP":0,"BarRetP":0},{"id":77,"time":61,"name":"Portada110","marginal_cost":-2.2416245587,"value":-2.2416245587,"DemBarE":0,"DemBarP":0,"BarRetP":0},{"id":77,"time":62,"name":"Portada110","marginal_cost":-2.2416245587,"value":-2.2416245587,"DemBarE":0,"DemBarP":0,"BarRetP":0},{"id":77,"time":63,"name":"Portada110","marginal_cost":-1.895626356,"value":-1.895626356,"DemBarE":0,"DemBarP":0,"BarRetP":0},{"id":77,"time":64,"name":"Portada110","marginal_cost":-1.2873279313,"value":-1.2873279313,"DemBarE":0,"DemBarP":0,"BarRetP":0},{"id":77,"time":65,"name":"Portada110","marginal_cost":109.4068197573,"value":109.4068197573,"DemBarE":0,"DemBarP":0,"BarRetP":0},{"id":77,"time":66,"name":"Portada110","marginal_cost":109.4068197573,"value":109.4068197573,"DemBarE":0,"DemBarP":0,"BarRetP":0},{"id":77,"time":67,"name":"Portada110","marginal_cost":140.0066900916,"value":140.0066900916,"DemBarE":0,"DemBarP":0,"BarRetP":0},{"id":77,"time":68,"name":"Portada110","marginal_cost":138.0359535881,"value":138.0359535881,"DemBarE":0,"DemBarP":0,"BarRetP":0},{"id":77,"time":69,"name":"Portada110","marginal_cost":138.0359535881,"value":138.0359535881,"DemBarE":0,"DemBarP":0,"BarRetP":0},{"id":77,"time":70,"name":"Portada110","marginal_cost":139.5378561951,"value":139.5378561951,"DemBarE":0,"DemBarP":0,"BarRetP":0},{"id":77,"time":71,"name":"Portada110","marginal_cost":132.6121794314,"value":132.6121794314,"DemBarE":0,"DemBarP":0,"BarRetP":0},{"id":77,"time":72,"name":"Portada110","marginal_cost":130.6542974855,"value":130.6542974855,"DemBarE":0,"DemBarP":0,"BarRetP":0},{"id":77,"time":73,"name":"Portada110","marginal_cost":128.3986228739,"value":128.3986228739,"DemBarE":0,"DemBarP":0,"BarRetP":0},{"id":77,"time":74,"name":"Portada110","marginal_cost":128.0187497986,"value":128.0187497986,"DemBarE":0,"DemBarP":0,"BarRetP":0},{"id":77,"time":75,"name":"Portada110","marginal_cost":116.1156758584,"value":116.1156758584,"DemBarE":0,"DemBarP":0,"BarRetP":0},{"id":77,"time":76,"name":"Portada110","marginal_cost":116.1156758584,"value":116.1156758584,"DemBarE":0,"DemBarP":0,"BarRetP":0},{"id":77,"time":77,"name":"Portada110","marginal_cost":116.1156758584,"value":116.1156758584,"DemBarE":0,"DemBarP":0,"BarRetP":0},{"id":77,"time":78,"name":"Portada110","marginal_cost":116.1156758584,"value":116.1156758584,"DemBarE":0,"DemBarP":0,"BarRetP":0},{"id":77,"time":79,"name":"Portada110","marginal_cost":116.1156758584,"value":116.1156758584,"DemBarE":0,"DemBarP":0,"BarRetP":0},{"id":77,"time":80,"name":"Portada110","marginal_cost":120.3603937962,"value":120.3603937962,"DemBarE":0,"DemBarP":0,"BarRetP":0},{"id":77,"time":81,"name":"Portada110","marginal_cost":120.3603937962,"value":120.3603937962,"DemBarE":0,"DemBarP":0,"BarRetP":0},{"id":77,"time":82,"name":"Portada110","marginal_cost":85.777426656,"value":85.777426656,"DemBarE":0,"DemBarP":0,"BarRetP":0},{"id":77,"time":83,"name":"Portada110","marginal_cost":85.777426656,"value":85.777426656,"DemBarE":0,"DemBarP":0,"BarRetP":0},{"id":77,"time":84,"name":"Portada110","marginal_cost":81.7933979512,"value":81.7933979512,"DemBarE":0,"DemBarP":0,"BarRetP":0},{"id":77,"time":85,"name":"Portada110","marginal_cost":81.7933979512,"value":81.7933979512,"DemBarE":0,"DemBarP":0,"BarRetP":0},{"id":77,"time":86,"name":"Portada110","marginal_cost":84.4180079469,"value":84.4180079469,"DemBarE":0,"DemBarP":0,"BarRetP":0},{"id":77,"time":87,"name":"Portada110","marginal_cost":84.4180079469,"value":84.4180079469,"DemBarE":0,"DemBarP":0,"BarRetP":0},{"id":77,"time":88,"name":"Portada110","marginal_cost":84.4180079469,"value":84.4180079469,"DemBarE":0,"DemBarP":0,"BarRetP":0},{"id":77,"time":89,"name":"Portada110","marginal_cost":84.4180079469,"value":84.4180079469,"DemBarE":0,"DemBarP":0,"BarRetP":0},{"id":77,"time":90,"name":"Portada110","marginal_cost":84.4180079469,"value":84.4180079469,"DemBarE":0,"DemBarP":0,"BarRetP":0},{"id":77,"time":91,"name":"Portada110","marginal_cost":126.4516830338,"value":126.4516830338,"DemBarE":0,"DemBarP":0,"BarRetP":0},{"id":77,"time":92,"name":"Portada110","marginal_cost":126.4516830338,"value":126.4516830338,"DemBarE":0,"DemBarP":0,"BarRetP":0},{"id":77,"time":93,"name":"Portada110","marginal_cost":131.511970233,"value":131.511970233,"DemBarE":0,"DemBarP":0,"BarRetP":0},{"id":77,"time":94,"name":"Portada110","marginal_cost":130.257507964,"value":130.257507964,"DemBarE":0,"DemBarP":0,"BarRetP":0},{"id":77,"time":95,"name":"Portada110","marginal_cost":128.9304938329,"value":128.9304938329,"DemBarE":0,"DemBarP":0,"BarRetP":0},{"id":77,"time":96,"name":"Portada110","marginal_cost":128.7055305543,"value":128.7055305543,"DemBarE":0,"DemBarP":0,"BarRetP":0},{"id":77,"time":97,"name":"Portada110","marginal_cost":128.5496816105,"value":128.5496816105,"DemBarE":0,"DemBarP":0,"BarRetP":0},{"id":77,"time":98,"name":"Portada110","marginal_cost":125.0088810431,"value":125.0088810431,"DemBarE":0,"DemBarP":0,"BarRetP":0},{"id":77,"time":99,"name":"Portada110","marginal_cost":126.7510845412,"value":126.7510845412,"DemBarE":0,"DemBarP":0,"BarRetP":0},{"id":77,"time":100,"name":"Portada110","marginal_cost":127.2422229623,"value":127.2422229623,"DemBarE":0,"DemBarP":0,"BarRetP":0},{"id":77,"time":101,"name":"Portada110","marginal_cost":127.2422229623,"value":127.2422229623,"DemBarE":0,"DemBarP":0,"BarRetP":0},{"id":77,"time":102,"name":"Portada110","marginal_cost":127.2422229623,"value":127.2422229623,"DemBarE":0,"DemBarP":0,"BarRetP":0},{"id":77,"time":103,"name":"Portada110","marginal_cost":129.2927566339,"value":129.2927566339,"DemBarE":0,"DemBarP":0,"BarRetP":0},{"id":77,"time":104,"name":"Portada110","marginal_cost":111.9851392106,"value":111.9851392106,"DemBarE":0,"DemBarP":0,"BarRetP":0},{"id":77,"time":105,"name":"Portada110","marginal_cost":111.9851392106,"value":111.9851392106,"DemBarE":0,"DemBarP":0,"BarRetP":0},{"id":77,"time":106,"name":"Portada110","marginal_cost":88.3212306035,"value":88.3212306035,"DemBarE":0,"DemBarP":0,"BarRetP":0},{"id":77,"time":107,"name":"Portada110","marginal_cost":88.4100523938,"value":88.4100523938,"DemBarE":0,"DemBarP":0,"BarRetP":0},{"id":77,"time":108,"name":"Portada110","marginal_cost":87.9993460117,"value":87.9993460117,"DemBarE":0,"DemBarP":0,"BarRetP":0},{"id":77,"time":109,"name":"Portada110","marginal_cost":87.9993460117,"value":87.9993460117,"DemBarE":0,"DemBarP":0,"BarRetP":0},{"id":77,"time":110,"name":"Portada110","marginal_cost":88.4498458452,"value":88.4498458452,"DemBarE":0,"DemBarP":0,"BarRetP":0},{"id":77,"time":111,"name":"Portada110","marginal_cost":87.9959308775,"value":87.9959308775,"DemBarE":0,"DemBarP":0,"BarRetP":0},{"id":77,"time":112,"name":"Portada110","marginal_cost":87.9959308775,"value":87.9959308775,"DemBarE":0,"DemBarP":0,"BarRetP":0},{"id":77,"time":113,"name":"Portada110","marginal_cost":113.3097950124,"value":113.3097950124,"DemBarE":0,"DemBarP":0,"BarRetP":0},{"id":77,"time":114,"name":"Portada110","marginal_cost":113.3097950124,"value":113.3097950124,"DemBarE":0,"DemBarP":0,"BarRetP":0},{"id":77,"time":115,"name":"Portada110","marginal_cost":113.3097950124,"value":113.3097950124,"DemBarE":0,"DemBarP":0,"BarRetP":0},{"id":77,"time":116,"name":"Portada110","marginal_cost":134.4612614821,"value":134.4612614821,"DemBarE":0,"DemBarP":0,"BarRetP":0},{"id":77,"time":117,"name":"Portada110","marginal_cost":134.4612614821,"value":134.4612614821,"DemBarE":0,"DemBarP":0,"BarRetP":0},{"id":77,"time":118,"name":"Portada110","marginal_cost":134.4612614821,"value":134.4612614821,"DemBarE":0,"DemBarP":0,"BarRetP":0},{"id":77,"time":119,"name":"Portada110","marginal_cost":134.9737038846,"value":134.9737038846,"DemBarE":0,"DemBarP":0,"BarRetP":0},{"id":77,"time":120,"name":"Portada110","marginal_cost":131.5284197152,"value":131.5284197152,"DemBarE":0,"DemBarP":0,"BarRetP":0},{"id":77,"time":121,"name":"Portada110","marginal_cost":131.4545080499,"value":131.4545080499,"DemBarE":0,"DemBarP":0,"BarRetP":0},{"id":77,"time":122,"name":"Portada110","marginal_cost":131.2206821659,"value":131.2206821659,"DemBarE":0,"DemBarP":0,"BarRetP":0},{"id":77,"time":123,"name":"Portada110","marginal_cost":124.442311255,"value":124.442311255,"DemBarE":0,"DemBarP":0,"BarRetP":0},{"id":77,"time":124,"name":"Portada110","marginal_cost":124.442311255,"value":124.442311255,"DemBarE":0,"DemBarP":0,"BarRetP":0},{"id":77,"time":125,"name":"Portada110","marginal_cost":124.442311255,"value":124.442311255,"DemBarE":0,"DemBarP":0,"BarRetP":0},{"id":77,"time":126,"name":"Portada110","marginal_cost":124.442311255,"value":124.442311255,"DemBarE":0,"DemBarP":0,"BarRetP":0},{"id":77,"time":127,"name":"Portada110","marginal_cost":126.4764459777,"value":126.4764459777,"DemBarE":0,"DemBarP":0,"BarRetP":0},{"id":77,"time":128,"name":"Portada110","marginal_cost":126.8249751471,"value":126.8249751471,"DemBarE":0,"DemBarP":0,"BarRetP":0},{"id":77,"time":129,"name":"Portada110","marginal_cost":107.5398996582,"value":107.5398996582,"DemBarE":0,"DemBarP":0,"BarRetP":0},{"id":77,"time":130,"name":"Portada110","marginal_cost":104.3305827654,"value":104.3305827654,"DemBarE":0,"DemBarP":0,"BarRetP":0},{"id":77,"time":131,"name":"Portada110","marginal_cost":86.7482127552,"value":86.7482127552,"DemBarE":0,"DemBarP":0,"BarRetP":0},{"id":77,"time":132,"name":"Portada110","marginal_cost":88.6562098468,"value":88.6562098468,"DemBarE":0,"DemBarP":0,"BarRetP":0},{"id":77,"time":133,"name":"Portada110","marginal_cost":88.8741466247,"value":88.8741466247,"DemBarE":0,"DemBarP":0,"BarRetP":0},{"id":77,"time":134,"name":"Portada110","marginal_cost":88.8741466247,"value":88.8741466247,"DemBarE":0,"DemBarP":0,"BarRetP":0},{"id":77,"time":135,"name":"Portada110","marginal_cost":88.8741466247,"value":88.8741466247,"DemBarE":0,"DemBarP":0,"BarRetP":0},{"id":77,"time":136,"name":"Portada110","marginal_cost":88.8741466247,"value":88.8741466247,"DemBarE":0,"DemBarP":0,"BarRetP":0},{"id":77,"time":137,"name":"Portada110","marginal_cost":126.7315987579,"value":126.7315987579,"DemBarE":0,"DemBarP":0,"BarRetP":0},{"id":77,"time":138,"name":"Portada110","marginal_cost":126.7315987579,"value":126.7315987579,"DemBarE":0,"DemBarP":0,"BarRetP":0},{"id":77,"time":139,"name":"Portada110","marginal_cost":126.7315987579,"value":126.7315987579,"DemBarE":0,"DemBarP":0,"BarRetP":0},{"id":77,"time":140,"name":"Portada110","marginal_cost":126.7315987579,"value":126.7315987579,"DemBarE":0,"DemBarP":0,"BarRetP":0},{"id":77,"time":141,"name":"Portada110","marginal_cost":126.7315987579,"value":126.7315987579,"DemBarE":0,"DemBarP":0,"BarRetP":0},{"id":77,"time":142,"name":"Portada110","marginal_cost":126.7315987579,"value":126.7315987579,"DemBarE":0,"DemBarP":0,"BarRetP":0},{"id":77,"time":143,"name":"Portada110","marginal_cost":133.1574326814,"value":133.1574326814,"DemBarE":0,"DemBarP":0,"BarRetP":0},{"id":77,"time":144,"name":"Portada110","marginal_cost":131.9534157669,"value":131.9534157669,"DemBarE":0,"DemBarP":0,"BarRetP":0},{"id":77,"time":145,"name":"Portada110","marginal_cost":131.8773980828,"value":131.8773980828,"DemBarE":0,"DemBarP":0,"BarRetP":0},{"id":77,"time":146,"name":"Portada110","marginal_cost":128.0552147653,"value":128.0552147653,"DemBarE":0,"DemBarP":0,"BarRetP":0},{"id":77,"time":147,"name":"Portada110","marginal_cost":127.4000612221,"value":127.4000612221,"DemBarE":0,"DemBarP":0,"BarRetP":0},{"id":77,"time":148,"name":"Portada110","marginal_cost":127.4000612221,"value":127.4000612221,"DemBarE":0,"DemBarP":0,"BarRetP":0},{"id":77,"time":149,"name":"Portada110","marginal_cost":127.4000612221,"value":127.4000612221,"DemBarE":0,"DemBarP":0,"BarRetP":0},{"id":77,"time":150,"name":"Portada110","marginal_cost":127.4000612221,"value":127.4000612221,"DemBarE":0,"DemBarP":0,"BarRetP":0},{"id":77,"time":151,"name":"Portada110","marginal_cost":127.6533808789,"value":127.6533808789,"DemBarE":0,"DemBarP":0,"BarRetP":0},{"id":77,"time":152,"name":"Portada110","marginal_cost":114.2444374316,"value":114.2444374316,"DemBarE":0,"DemBarP":0,"BarRetP":0},{"id":77,"time":153,"name":"Portada110","marginal_cost":114.2444374316,"value":114.2444374316,"DemBarE":0,"DemBarP":0,"BarRetP":0},{"id":77,"time":154,"name":"Portada110","marginal_cost":103.763294878,"value":103.763294878,"DemBarE":0,"DemBarP":0,"BarRetP":0},{"id":77,"time":155,"name":"Portada110","marginal_cost":103.763294878,"value":103.763294878,"DemBarE":0,"DemBarP":0,"BarRetP":0},{"id":77,"time":156,"name":"Portada110","marginal_cost":104.1571369556,"value":104.1571369556,"DemBarE":0,"DemBarP":0,"BarRetP":0},{"id":77,"time":157,"name":"Portada110","marginal_cost":89.8685351179,"value":89.8685351179,"DemBarE":0,"DemBarP":0,"BarRetP":0},{"id":77,"time":158,"name":"Portada110","marginal_cost":89.8685351179,"value":89.8685351179,"DemBarE":0,"DemBarP":0,"BarRetP":0},{"id":77,"time":159,"name":"Portada110","marginal_cost":89.8685351179,"value":89.8685351179,"DemBarE":0,"DemBarP":0,"BarRetP":0},{"id":77,"time":160,"name":"Portada110","marginal_cost":104.9737944766,"value":104.9737944766,"DemBarE":0,"DemBarP":0,"BarRetP":0},{"id":77,"time":161,"name":"Portada110","marginal_cost":104.9737944766,"value":104.9737944766,"DemBarE":0,"DemBarP":0,"BarRetP":0},{"id":77,"time":162,"name":"Portada110","marginal_cost":115.2370166572,"value":115.2370166572,"DemBarE":0,"DemBarP":0,"BarRetP":0},{"id":77,"time":163,"name":"Portada110","marginal_cost":133.1090787718,"value":133.1090787718,"DemBarE":0,"DemBarP":0,"BarRetP":0},{"id":77,"time":164,"name":"Portada110","marginal_cost":133.1090787718,"value":133.1090787718,"DemBarE":0,"DemBarP":0,"BarRetP":0},{"id":77,"time":165,"name":"Portada110","marginal_cost":133.1090787718,"value":133.1090787718,"DemBarE":0,"DemBarP":0,"BarRetP":0},{"id":77,"time":166,"name":"Portada110","marginal_cost":133.1090787718,"value":133.1090787718,"DemBarE":0,"DemBarP":0,"BarRetP":0},{"id":77,"time":167,"name":"Portada110","marginal_cost":132.1651073087,"value":132.1651073087,"DemBarE":0,"DemBarP":0,"BarRetP":0},{"id":77,"time":168,"name":"Portada110","marginal_cost":131.2976586163,"value":131.2976586163,"DemBarE":0,"DemBarP":0,"BarRetP":0}]