[{"id":18,"time":1,"name":"Collahuasi220","marginal_cost":144.5547000349,"value":144.5547000349,"DemBarE":0,"DemBarP":0,"BarRetP":0},{"id":18,"time":2,"name":"Collahuasi220","marginal_cost":140.7655918547,"value":140.7655918547,"DemBarE":0,"DemBarP":0,"BarRetP":0},{"id":18,"time":3,"name":"Collahuasi220","marginal_cost":141.7933770495,"value":141.7933770495,"DemBarE":0,"DemBarP":0,"BarRetP":0},{"id":18,"time":4,"name":"Collahuasi220","marginal_cost":142.1979141414,"value":142.1979141414,"DemBarE":0,"DemBarP":0,"BarRetP":0},{"id":18,"time":5,"name":"Collahuasi220","marginal_cost":142.3373999162,"value":142.3373999162,"DemBarE":0,"DemBarP":0,"BarRetP":0},{"id":18,"time":6,"name":"Collahuasi220","marginal_cost":105.3597607273,"value":105.3597607273,"DemBarE":0,"DemBarP":0,"BarRetP":0},{"id":18,"time":7,"name":"Collahuasi220","marginal_cost":143.5257319936,"value":143.5257319936,"DemBarE":0,"DemBarP":0,"BarRetP":0},{"id":18,"time":8,"name":"Collahuasi220","marginal_cost":167.990163083,"value":167.990163083,"DemBarE":0,"DemBarP":0,"BarRetP":0},{"id":18,"time":9,"name":"Collahuasi220","marginal_cost":114.2926568477,"value":114.2926568477,"DemBarE":0,"DemBarP":0,"BarRetP":0},{"id":18,"time":10,"name":"Collahuasi220","marginal_cost":77.6747363719,"value":77.6747363719,"DemBarE":0,"DemBarP":0,"BarRetP":0},{"id":18,"time":11,"name":"Collahuasi220","marginal_cost":75.8504736157,"value":75.8504736157,"DemBarE":0,"DemBarP":0,"BarRetP":0},{"id":18,"time":12,"name":"Collahuasi220","marginal_cost":66.9338169192,"value":66.9338169192,"DemBarE":0,"DemBarP":0,"BarRetP":0},{"id":18,"time":13,"name":"Collahuasi220","marginal_cost":45.9591699136,"value":45.9591699136,"DemBarE":0,"DemBarP":0,"BarRetP":0},{"id":18,"time":14,"name":"Collahuasi220","marginal_cost":-1.8361585246,"value":-1.8361585246,"DemBarE":0,"DemBarP":0,"BarRetP":0},{"id":18,"time":15,"name":"Collahuasi220","marginal_cost":-1.5096937977,"value":-1.5096937977,"DemBarE":0,"DemBarP":0,"BarRetP":0},{"id":18,"time":16,"name":"Collahuasi220","marginal_cost":-1.5170811032,"value":-1.5170811032,"DemBarE":0,"DemBarP":0,"BarRetP":0},{"id":18,"time":17,"name":"Collahuasi220","marginal_cost":97.2505403519,"value":97.2505403519,"DemBarE":0,"DemBarP":0,"BarRetP":0},{"id":18,"time":18,"name":"Collahuasi220","marginal_cost":142.2757929533,"value":142.2757929533,"DemBarE":0,"DemBarP":0,"BarRetP":0},{"id":18,"time":19,"name":"Collahuasi220","marginal_cost":183.1613660787,"value":183.1613660787,"DemBarE":0,"DemBarP":0,"BarRetP":0},{"id":18,"time":20,"name":"Collahuasi220","marginal_cost":182.7682068933,"value":182.7682068933,"DemBarE":0,"DemBarP":0,"BarRetP":0},{"id":18,"time":21,"name":"Collahuasi220","marginal_cost":177.2245237648,"value":177.2245237648,"DemBarE":0,"DemBarP":0,"BarRetP":0},{"id":18,"time":22,"name":"Collahuasi220","marginal_cost":171.7732449133,"value":171.7732449133,"DemBarE":0,"DemBarP":0,"BarRetP":0},{"id":18,"time":23,"name":"Collahuasi220","marginal_cost":167.604296778,"value":167.604296778,"DemBarE":0,"DemBarP":0,"BarRetP":0},{"id":18,"time":24,"name":"Collahuasi220","marginal_cost":166.5093426398,"value":166.5093426398,"DemBarE":0,"DemBarP":0,"BarRetP":0},{"id":18,"time":25,"name":"Collahuasi220","marginal_cost":166.068378474,"value":166.068378474,"DemBarE":0,"DemBarP":0,"BarRetP":0},{"id":18,"time":26,"name":"Collahuasi220","marginal_cost":163.8895980602,"value":163.8895980602,"DemBarE":0,"DemBarP":0,"BarRetP":0},{"id":18,"time":27,"name":"Collahuasi220","marginal_cost":165.2445701426,"value":165.2445701426,"DemBarE":0,"DemBarP":0,"BarRetP":0},{"id":18,"time":28,"name":"Collahuasi220","marginal_cost":164.4942547456,"value":164.4942547456,"DemBarE":0,"DemBarP":0,"BarRetP":0},{"id":18,"time":29,"name":"Collahuasi220","marginal_cost":163.0884867988,"value":163.0884867988,"DemBarE":0,"DemBarP":0,"BarRetP":0},{"id":18,"time":30,"name":"Collahuasi220","marginal_cost":163.8815995048,"value":163.8815995048,"DemBarE":0,"DemBarP":0,"BarRetP":0},{"id":18,"time":31,"name":"Collahuasi220","marginal_cost":171.6352852557,"value":171.6352852557,"DemBarE":0,"DemBarP":0,"BarRetP":0},{"id":18,"time":32,"name":"Collahuasi220","marginal_cost":165.4597418937,"value":165.4597418937,"DemBarE":0,"DemBarP":0,"BarRetP":0},{"id":18,"time":33,"name":"Collahuasi220","marginal_cost":128.4166403736,"value":128.4166403736,"DemBarE":0,"DemBarP":0,"BarRetP":0},{"id":18,"time":34,"name":"Collahuasi220","marginal_cost":84.6051886132,"value":84.6051886132,"DemBarE":0,"DemBarP":0,"BarRetP":0},{"id":18,"time":35,"name":"Collahuasi220","marginal_cost":80.7103049446,"value":80.7103049446,"DemBarE":0,"DemBarP":0,"BarRetP":0},{"id":18,"time":36,"name":"Collahuasi220","marginal_cost":80.593321976,"value":80.593321976,"DemBarE":0,"DemBarP":0,"BarRetP":0},{"id":18,"time":37,"name":"Collahuasi220","marginal_cost":78.9443987037,"value":78.9443987037,"DemBarE":0,"DemBarP":0,"BarRetP":0},{"id":18,"time":38,"name":"Collahuasi220","marginal_cost":78.9443987037,"value":78.9443987037,"DemBarE":0,"DemBarP":0,"BarRetP":0},{"id":18,"time":39,"name":"Collahuasi220","marginal_cost":78.9443987037,"value":78.9443987037,"DemBarE":0,"DemBarP":0,"BarRetP":0},{"id":18,"time":40,"name":"Collahuasi220","marginal_cost":78.9443987037,"value":78.9443987037,"DemBarE":0,"DemBarP":0,"BarRetP":0},{"id":18,"time":41,"name":"Collahuasi220","marginal_cost":100.4349505358,"value":100.4349505358,"DemBarE":0,"DemBarP":0,"BarRetP":0},{"id":18,"time":42,"name":"Collahuasi220","marginal_cost":146.7363802753,"value":146.7363802753,"DemBarE":0,"DemBarP":0,"BarRetP":0},{"id":18,"time":43,"name":"Collahuasi220","marginal_cost":174.1367436139,"value":174.1367436139,"DemBarE":0,"DemBarP":0,"BarRetP":0},{"id":18,"time":44,"name":"Collahuasi220","marginal_cost":174.1367436139,"value":174.1367436139,"DemBarE":0,"DemBarP":0,"BarRetP":0},{"id":18,"time":45,"name":"Collahuasi220","marginal_cost":175.6181530606,"value":175.6181530606,"DemBarE":0,"DemBarP":0,"BarRetP":0},{"id":18,"time":46,"name":"Collahuasi220","marginal_cost":174.7058525325,"value":174.7058525325,"DemBarE":0,"DemBarP":0,"BarRetP":0},{"id":18,"time":47,"name":"Collahuasi220","marginal_cost":170.6621226094,"value":170.6621226094,"DemBarE":0,"DemBarP":0,"BarRetP":0},{"id":18,"time":48,"name":"Collahuasi220","marginal_cost":167.0369138503,"value":167.0369138503,"DemBarE":0,"DemBarP":0,"BarRetP":0},{"id":18,"time":49,"name":"Collahuasi220","marginal_cost":160.0981341211,"value":160.0981341211,"DemBarE":0,"DemBarP":0,"BarRetP":0},{"id":18,"time":50,"name":"Collahuasi220","marginal_cost":162.9091879244,"value":162.9091879244,"DemBarE":0,"DemBarP":0,"BarRetP":0},{"id":18,"time":51,"name":"Collahuasi220","marginal_cost":165.5920142783,"value":165.5920142783,"DemBarE":0,"DemBarP":0,"BarRetP":0},{"id":18,"time":52,"name":"Collahuasi220","marginal_cost":149.2209565718,"value":149.2209565718,"DemBarE":0,"DemBarP":0,"BarRetP":0},{"id":18,"time":53,"name":"Collahuasi220","marginal_cost":149.2209565718,"value":149.2209565718,"DemBarE":0,"DemBarP":0,"BarRetP":0},{"id":18,"time":54,"name":"Collahuasi220","marginal_cost":147.9593245166,"value":147.9593245166,"DemBarE":0,"DemBarP":0,"BarRetP":0},{"id":18,"time":55,"name":"Collahuasi220","marginal_cost":147.1914595665,"value":147.1914595665,"DemBarE":0,"DemBarP":0,"BarRetP":0},{"id":18,"time":56,"name":"Collahuasi220","marginal_cost":142.0558593015,"value":142.0558593015,"DemBarE":0,"DemBarP":0,"BarRetP":0},{"id":18,"time":57,"name":"Collahuasi220","marginal_cost":106.1737391936,"value":106.1737391936,"DemBarE":0,"DemBarP":0,"BarRetP":0},{"id":18,"time":58,"name":"Collahuasi220","marginal_cost":262.3293176279,"value":262.3293176279,"DemBarE":0,"DemBarP":0,"BarRetP":0},{"id":18,"time":59,"name":"Collahuasi220","marginal_cost":258.7843299989,"value":258.7843299989,"DemBarE":0,"DemBarP":0,"BarRetP":0},{"id":18,"time":60,"name":"Collahuasi220","marginal_cost":257.4096004735,"value":257.4096004735,"DemBarE":0,"DemBarP":0,"BarRetP":0},{"id":18,"time":61,"name":"Collahuasi220","marginal_cost":-2.1461795114,"value":-2.1461795114,"DemBarE":0,"DemBarP":0,"BarRetP":0},{"id":18,"time":62,"name":"Collahuasi220","marginal_cost":-2.1461795114,"value":-2.1461795114,"DemBarE":0,"DemBarP":0,"BarRetP":0},{"id":18,"time":63,"name":"Collahuasi220","marginal_cost":-1.8350722823,"value":-1.8350722823,"DemBarE":0,"DemBarP":0,"BarRetP":0},{"id":18,"time":64,"name":"Collahuasi220","marginal_cost":-1.2434079541,"value":-1.2434079541,"DemBarE":0,"DemBarP":0,"BarRetP":0},{"id":18,"time":65,"name":"Collahuasi220","marginal_cost":119.1593308856,"value":119.1593308856,"DemBarE":0,"DemBarP":0,"BarRetP":0},{"id":18,"time":66,"name":"Collahuasi220","marginal_cost":119.1593308856,"value":119.1593308856,"DemBarE":0,"DemBarP":0,"BarRetP":0},{"id":18,"time":67,"name":"Collahuasi220","marginal_cost":175.9907634368,"value":175.9907634368,"DemBarE":0,"DemBarP":0,"BarRetP":0},{"id":18,"time":68,"name":"Collahuasi220","marginal_cost":171.9352645409,"value":171.9352645409,"DemBarE":0,"DemBarP":0,"BarRetP":0},{"id":18,"time":69,"name":"Collahuasi220","marginal_cost":171.9352645409,"value":171.9352645409,"DemBarE":0,"DemBarP":0,"BarRetP":0},{"id":18,"time":70,"name":"Collahuasi220","marginal_cost":173.027374791,"value":173.027374791,"DemBarE":0,"DemBarP":0,"BarRetP":0},{"id":18,"time":71,"name":"Collahuasi220","marginal_cost":164.40075392,"value":164.40075392,"DemBarE":0,"DemBarP":0,"BarRetP":0},{"id":18,"time":72,"name":"Collahuasi220","marginal_cost":161.8558743427,"value":161.8558743427,"DemBarE":0,"DemBarP":0,"BarRetP":0},{"id":18,"time":73,"name":"Collahuasi220","marginal_cost":159.96573355,"value":159.96573355,"DemBarE":0,"DemBarP":0,"BarRetP":0},{"id":18,"time":74,"name":"Collahuasi220","marginal_cost":160.5287382244,"value":160.5287382244,"DemBarE":0,"DemBarP":0,"BarRetP":0},{"id":18,"time":75,"name":"Collahuasi220","marginal_cost":147.3990795138,"value":147.3990795138,"DemBarE":0,"DemBarP":0,"BarRetP":0},{"id":18,"time":76,"name":"Collahuasi220","marginal_cost":147.3990795138,"value":147.3990795138,"DemBarE":0,"DemBarP":0,"BarRetP":0},{"id":18,"time":77,"name":"Collahuasi220","marginal_cost":147.3990795138,"value":147.3990795138,"DemBarE":0,"DemBarP":0,"BarRetP":0},{"id":18,"time":78,"name":"Collahuasi220","marginal_cost":147.3990795138,"value":147.3990795138,"DemBarE":0,"DemBarP":0,"BarRetP":0},{"id":18,"time":79,"name":"Collahuasi220","marginal_cost":147.3990795138,"value":147.3990795138,"DemBarE":0,"DemBarP":0,"BarRetP":0},{"id":18,"time":80,"name":"Collahuasi220","marginal_cost":127.7027802443,"value":127.7027802443,"DemBarE":0,"DemBarP":0,"BarRetP":0},{"id":18,"time":81,"name":"Collahuasi220","marginal_cost":127.7027802443,"value":127.7027802443,"DemBarE":0,"DemBarP":0,"BarRetP":0},{"id":18,"time":82,"name":"Collahuasi220","marginal_cost":260.2903541657,"value":260.2903541657,"DemBarE":0,"DemBarP":0,"BarRetP":0},{"id":18,"time":83,"name":"Collahuasi220","marginal_cost":260.2903541657,"value":260.2903541657,"DemBarE":0,"DemBarP":0,"BarRetP":0},{"id":18,"time":84,"name":"Collahuasi220","marginal_cost":250.738929527,"value":250.738929527,"DemBarE":0,"DemBarP":0,"BarRetP":0},{"id":18,"time":85,"name":"Collahuasi220","marginal_cost":250.738929527,"value":250.738929527,"DemBarE":0,"DemBarP":0,"BarRetP":0},{"id":18,"time":86,"name":"Collahuasi220","marginal_cost":81.3450828312,"value":81.3450828312,"DemBarE":0,"DemBarP":0,"BarRetP":0},{"id":18,"time":87,"name":"Collahuasi220","marginal_cost":81.3450828312,"value":81.3450828312,"DemBarE":0,"DemBarP":0,"BarRetP":0},{"id":18,"time":88,"name":"Collahuasi220","marginal_cost":81.3450828312,"value":81.3450828312,"DemBarE":0,"DemBarP":0,"BarRetP":0},{"id":18,"time":89,"name":"Collahuasi220","marginal_cost":81.3450828312,"value":81.3450828312,"DemBarE":0,"DemBarP":0,"BarRetP":0},{"id":18,"time":90,"name":"Collahuasi220","marginal_cost":81.3450828312,"value":81.3450828312,"DemBarE":0,"DemBarP":0,"BarRetP":0},{"id":18,"time":91,"name":"Collahuasi220","marginal_cost":157.7750387611,"value":157.7750387611,"DemBarE":0,"DemBarP":0,"BarRetP":0},{"id":18,"time":92,"name":"Collahuasi220","marginal_cost":157.7750387611,"value":157.7750387611,"DemBarE":0,"DemBarP":0,"BarRetP":0},{"id":18,"time":93,"name":"Collahuasi220","marginal_cost":162.1650691967,"value":162.1650691967,"DemBarE":0,"DemBarP":0,"BarRetP":0},{"id":18,"time":94,"name":"Collahuasi220","marginal_cost":160.4618585284,"value":160.4618585284,"DemBarE":0,"DemBarP":0,"BarRetP":0},{"id":18,"time":95,"name":"Collahuasi220","marginal_cost":158.9868649932,"value":158.9868649932,"DemBarE":0,"DemBarP":0,"BarRetP":0},{"id":18,"time":96,"name":"Collahuasi220","marginal_cost":159.5840016468,"value":159.5840016468,"DemBarE":0,"DemBarP":0,"BarRetP":0},{"id":18,"time":97,"name":"Collahuasi220","marginal_cost":159.3003161367,"value":159.3003161367,"DemBarE":0,"DemBarP":0,"BarRetP":0},{"id":18,"time":98,"name":"Collahuasi220","marginal_cost":156.2364770988,"value":156.2364770988,"DemBarE":0,"DemBarP":0,"BarRetP":0},{"id":18,"time":99,"name":"Collahuasi220","marginal_cost":159.2131079574,"value":159.2131079574,"DemBarE":0,"DemBarP":0,"BarRetP":0},{"id":18,"time":100,"name":"Collahuasi220","marginal_cost":160.7403038636,"value":160.7403038636,"DemBarE":0,"DemBarP":0,"BarRetP":0},{"id":18,"time":101,"name":"Collahuasi220","marginal_cost":160.7403038636,"value":160.7403038636,"DemBarE":0,"DemBarP":0,"BarRetP":0},{"id":18,"time":102,"name":"Collahuasi220","marginal_cost":160.7403038636,"value":160.7403038636,"DemBarE":0,"DemBarP":0,"BarRetP":0},{"id":18,"time":103,"name":"Collahuasi220","marginal_cost":160.4967673589,"value":160.4967673589,"DemBarE":0,"DemBarP":0,"BarRetP":0},{"id":18,"time":104,"name":"Collahuasi220","marginal_cost":134.5375920059,"value":134.5375920059,"DemBarE":0,"DemBarP":0,"BarRetP":0},{"id":18,"time":105,"name":"Collahuasi220","marginal_cost":134.5375920059,"value":134.5375920059,"DemBarE":0,"DemBarP":0,"BarRetP":0},{"id":18,"time":106,"name":"Collahuasi220","marginal_cost":83.3496682767,"value":83.3496682767,"DemBarE":0,"DemBarP":0,"BarRetP":0},{"id":18,"time":107,"name":"Collahuasi220","marginal_cost":82.4908814183,"value":82.4908814183,"DemBarE":0,"DemBarP":0,"BarRetP":0},{"id":18,"time":108,"name":"Collahuasi220","marginal_cost":81.4746862687,"value":81.4746862687,"DemBarE":0,"DemBarP":0,"BarRetP":0},{"id":18,"time":109,"name":"Collahuasi220","marginal_cost":81.4746862687,"value":81.4746862687,"DemBarE":0,"DemBarP":0,"BarRetP":0},{"id":18,"time":110,"name":"Collahuasi220","marginal_cost":81.1675418207,"value":81.1675418207,"DemBarE":0,"DemBarP":0,"BarRetP":0},{"id":18,"time":111,"name":"Collahuasi220","marginal_cost":81.1939389238,"value":81.1939389238,"DemBarE":0,"DemBarP":0,"BarRetP":0},{"id":18,"time":112,"name":"Collahuasi220","marginal_cost":81.1939389238,"value":81.1939389238,"DemBarE":0,"DemBarP":0,"BarRetP":0},{"id":18,"time":113,"name":"Collahuasi220","marginal_cost":137.7306729421,"value":137.7306729421,"DemBarE":0,"DemBarP":0,"BarRetP":0},{"id":18,"time":114,"name":"Collahuasi220","marginal_cost":137.7306729421,"value":137.7306729421,"DemBarE":0,"DemBarP":0,"BarRetP":0},{"id":18,"time":115,"name":"Collahuasi220","marginal_cost":137.7306729421,"value":137.7306729421,"DemBarE":0,"DemBarP":0,"BarRetP":0},{"id":18,"time":116,"name":"Collahuasi220","marginal_cost":164.903890223,"value":164.903890223,"DemBarE":0,"DemBarP":0,"BarRetP":0},{"id":18,"time":117,"name":"Collahuasi220","marginal_cost":164.903890223,"value":164.903890223,"DemBarE":0,"DemBarP":0,"BarRetP":0},{"id":18,"time":118,"name":"Collahuasi220","marginal_cost":164.903890223,"value":164.903890223,"DemBarE":0,"DemBarP":0,"BarRetP":0},{"id":18,"time":119,"name":"Collahuasi220","marginal_cost":165.2065566525,"value":165.2065566525,"DemBarE":0,"DemBarP":0,"BarRetP":0},{"id":18,"time":120,"name":"Collahuasi220","marginal_cost":161.3271470234,"value":161.3271470234,"DemBarE":0,"DemBarP":0,"BarRetP":0},{"id":18,"time":121,"name":"Collahuasi220","marginal_cost":161.3261012226,"value":161.3261012226,"DemBarE":0,"DemBarP":0,"BarRetP":0},{"id":18,"time":122,"name":"Collahuasi220","marginal_cost":161.6174704781,"value":161.6174704781,"DemBarE":0,"DemBarP":0,"BarRetP":0},{"id":18,"time":123,"name":"Collahuasi220","marginal_cost":153.9667240321,"value":153.9667240321,"DemBarE":0,"DemBarP":0,"BarRetP":0},{"id":18,"time":124,"name":"Collahuasi220","marginal_cost":153.9667240321,"value":153.9667240321,"DemBarE":0,"DemBarP":0,"BarRetP":0},{"id":18,"time":125,"name":"Collahuasi220","marginal_cost":153.9667240321,"value":153.9667240321,"DemBarE":0,"DemBarP":0,"BarRetP":0},{"id":18,"time":126,"name":"Collahuasi220","marginal_cost":153.9667240321,"value":153.9667240321,"DemBarE":0,"DemBarP":0,"BarRetP":0},{"id":18,"time":127,"name":"Collahuasi220","marginal_cost":154.7405534563,"value":154.7405534563,"DemBarE":0,"DemBarP":0,"BarRetP":0},{"id":18,"time":128,"name":"Collahuasi220","marginal_cost":152.1889847468,"value":152.1889847468,"DemBarE":0,"DemBarP":0,"BarRetP":0},{"id":18,"time":129,"name":"Collahuasi220","marginal_cost":129.9418868863,"value":129.9418868863,"DemBarE":0,"DemBarP":0,"BarRetP":0},{"id":18,"time":130,"name":"Collahuasi220","marginal_cost":98.2243956218,"value":98.2243956218,"DemBarE":0,"DemBarP":0,"BarRetP":0},{"id":18,"time":131,"name":"Collahuasi220","marginal_cost":81.3629141461,"value":81.3629141461,"DemBarE":0,"DemBarP":0,"BarRetP":0},{"id":18,"time":132,"name":"Collahuasi220","marginal_cost":82.7515256471,"value":82.7515256471,"DemBarE":0,"DemBarP":0,"BarRetP":0},{"id":18,"time":133,"name":"Collahuasi220","marginal_cost":82.0074887742,"value":82.0074887742,"DemBarE":0,"DemBarP":0,"BarRetP":0},{"id":18,"time":134,"name":"Collahuasi220","marginal_cost":82.0074887742,"value":82.0074887742,"DemBarE":0,"DemBarP":0,"BarRetP":0},{"id":18,"time":135,"name":"Collahuasi220","marginal_cost":82.0074887742,"value":82.0074887742,"DemBarE":0,"DemBarP":0,"BarRetP":0},{"id":18,"time":136,"name":"Collahuasi220","marginal_cost":82.0074887742,"value":82.0074887742,"DemBarE":0,"DemBarP":0,"BarRetP":0},{"id":18,"time":137,"name":"Collahuasi220","marginal_cost":153.5338212094,"value":153.5338212094,"DemBarE":0,"DemBarP":0,"BarRetP":0},{"id":18,"time":138,"name":"Collahuasi220","marginal_cost":153.5338212094,"value":153.5338212094,"DemBarE":0,"DemBarP":0,"BarRetP":0},{"id":18,"time":139,"name":"Collahuasi220","marginal_cost":153.5338212094,"value":153.5338212094,"DemBarE":0,"DemBarP":0,"BarRetP":0},{"id":18,"time":140,"name":"Collahuasi220","marginal_cost":153.5338212094,"value":153.5338212094,"DemBarE":0,"DemBarP":0,"BarRetP":0},{"id":18,"time":141,"name":"Collahuasi220","marginal_cost":153.5338212094,"value":153.5338212094,"DemBarE":0,"DemBarP":0,"BarRetP":0},{"id":18,"time":142,"name":"Collahuasi220","marginal_cost":153.5338212094,"value":153.5338212094,"DemBarE":0,"DemBarP":0,"BarRetP":0},{"id":18,"time":143,"name":"Collahuasi220","marginal_cost":161.0711961049,"value":161.0711961049,"DemBarE":0,"DemBarP":0,"BarRetP":0},{"id":18,"time":144,"name":"Collahuasi220","marginal_cost":159.9539648227,"value":159.9539648227,"DemBarE":0,"DemBarP":0,"BarRetP":0},{"id":18,"time":145,"name":"Collahuasi220","marginal_cost":160.9005892781,"value":160.9005892781,"DemBarE":0,"DemBarP":0,"BarRetP":0},{"id":18,"time":146,"name":"Collahuasi220","marginal_cost":157.5022627897,"value":157.5022627897,"DemBarE":0,"DemBarP":0,"BarRetP":0},{"id":18,"time":147,"name":"Collahuasi220","marginal_cost":156.6302395292,"value":156.6302395292,"DemBarE":0,"DemBarP":0,"BarRetP":0},{"id":18,"time":148,"name":"Collahuasi220","marginal_cost":156.6302395292,"value":156.6302395292,"DemBarE":0,"DemBarP":0,"BarRetP":0},{"id":18,"time":149,"name":"Collahuasi220","marginal_cost":156.6302395292,"value":156.6302395292,"DemBarE":0,"DemBarP":0,"BarRetP":0},{"id":18,"time":150,"name":"Collahuasi220","marginal_cost":156.6302395292,"value":156.6302395292,"DemBarE":0,"DemBarP":0,"BarRetP":0},{"id":18,"time":151,"name":"Collahuasi220","marginal_cost":156.8482988879,"value":156.8482988879,"DemBarE":0,"DemBarP":0,"BarRetP":0},{"id":18,"time":152,"name":"Collahuasi220","marginal_cost":134.4922937462,"value":134.4922937462,"DemBarE":0,"DemBarP":0,"BarRetP":0},{"id":18,"time":153,"name":"Collahuasi220","marginal_cost":134.4922937462,"value":134.4922937462,"DemBarE":0,"DemBarP":0,"BarRetP":0},{"id":18,"time":154,"name":"Collahuasi220","marginal_cost":97.661977834,"value":97.661977834,"DemBarE":0,"DemBarP":0,"BarRetP":0},{"id":18,"time":155,"name":"Collahuasi220","marginal_cost":97.661977834,"value":97.661977834,"DemBarE":0,"DemBarP":0,"BarRetP":0},{"id":18,"time":156,"name":"Collahuasi220","marginal_cost":96.632702212,"value":96.632702212,"DemBarE":0,"DemBarP":0,"BarRetP":0},{"id":18,"time":157,"name":"Collahuasi220","marginal_cost":82.1620537181,"value":82.1620537181,"DemBarE":0,"DemBarP":0,"BarRetP":0},{"id":18,"time":158,"name":"Collahuasi220","marginal_cost":82.1620537181,"value":82.1620537181,"DemBarE":0,"DemBarP":0,"BarRetP":0},{"id":18,"time":159,"name":"Collahuasi220","marginal_cost":82.1620537181,"value":82.1620537181,"DemBarE":0,"DemBarP":0,"BarRetP":0},{"id":18,"time":160,"name":"Collahuasi220","marginal_cost":98.4784960207,"value":98.4784960207,"DemBarE":0,"DemBarP":0,"BarRetP":0},{"id":18,"time":161,"name":"Collahuasi220","marginal_cost":98.4784960207,"value":98.4784960207,"DemBarE":0,"DemBarP":0,"BarRetP":0},{"id":18,"time":162,"name":"Collahuasi220","marginal_cost":137.9304287514,"value":137.9304287514,"DemBarE":0,"DemBarP":0,"BarRetP":0},{"id":18,"time":163,"name":"Collahuasi220","marginal_cost":161.4067455783,"value":161.4067455783,"DemBarE":0,"DemBarP":0,"BarRetP":0},{"id":18,"time":164,"name":"Collahuasi220","marginal_cost":161.4067455783,"value":161.4067455783,"DemBarE":0,"DemBarP":0,"BarRetP":0},{"id":18,"time":165,"name":"Collahuasi220","marginal_cost":161.4067455783,"value":161.4067455783,"DemBarE":0,"DemBarP":0,"BarRetP":0},{"id":18,"time":166,"name":"Collahuasi220","marginal_cost":161.4067455783,"value":161.4067455783,"DemBarE":0,"DemBarP":0,"BarRetP":0},{"id":18,"time":167,"name":"Collahuasi220","marginal_cost":160.269566744,"value":160.269566744,"DemBarE":0,"DemBarP":0,"BarRetP":0},{"id":18,"time":168,"name":"Collahuasi220","marginal_cost":159.6847416163,"value":159.6847416163,"DemBarE":0,"DemBarP":0,"BarRetP":0}]