[{"id":110,"time":1,"name":"Cautin220","marginal_cost":151.5571887617,"value":151.5571887617,"DemBarE":0,"DemBarP":0,"BarRetP":0},{"id":110,"time":2,"name":"Cautin220","marginal_cost":152.0591513215,"value":152.0591513215,"DemBarE":0,"DemBarP":0,"BarRetP":0},{"id":110,"time":3,"name":"Cautin220","marginal_cost":150.967303244,"value":150.967303244,"DemBarE":0,"DemBarP":0,"BarRetP":0},{"id":110,"time":4,"name":"Cautin220","marginal_cost":149.4698141285,"value":149.4698141285,"DemBarE":0,"DemBarP":0,"BarRetP":0},{"id":110,"time":5,"name":"Cautin220","marginal_cost":133.6335353693,"value":133.6335353693,"DemBarE":0,"DemBarP":0,"BarRetP":0},{"id":110,"time":6,"name":"Cautin220","marginal_cost":117.212969747,"value":117.212969747,"DemBarE":0,"DemBarP":0,"BarRetP":0},{"id":110,"time":7,"name":"Cautin220","marginal_cost":159.5769278422,"value":159.5769278422,"DemBarE":0,"DemBarP":0,"BarRetP":0},{"id":110,"time":8,"name":"Cautin220","marginal_cost":166.8705186772,"value":166.8705186772,"DemBarE":0,"DemBarP":0,"BarRetP":0},{"id":110,"time":9,"name":"Cautin220","marginal_cost":160.9233090916,"value":160.9233090916,"DemBarE":0,"DemBarP":0,"BarRetP":0},{"id":110,"time":10,"name":"Cautin220","marginal_cost":160.9875694239,"value":160.9875694239,"DemBarE":0,"DemBarP":0,"BarRetP":0},{"id":110,"time":11,"name":"Cautin220","marginal_cost":161.8491282264,"value":161.8491282264,"DemBarE":0,"DemBarP":0,"BarRetP":0},{"id":110,"time":12,"name":"Cautin220","marginal_cost":162.8957739493,"value":162.8957739493,"DemBarE":0,"DemBarP":0,"BarRetP":0},{"id":110,"time":13,"name":"Cautin220","marginal_cost":162.7357029212,"value":162.7357029212,"DemBarE":0,"DemBarP":0,"BarRetP":0},{"id":110,"time":14,"name":"Cautin220","marginal_cost":162.5509233776,"value":162.5509233776,"DemBarE":0,"DemBarP":0,"BarRetP":0},{"id":110,"time":15,"name":"Cautin220","marginal_cost":163.4617034477,"value":163.4617034477,"DemBarE":0,"DemBarP":0,"BarRetP":0},{"id":110,"time":16,"name":"Cautin220","marginal_cost":162.6799191843,"value":162.6799191843,"DemBarE":0,"DemBarP":0,"BarRetP":0},{"id":110,"time":17,"name":"Cautin220","marginal_cost":161.0863815864,"value":161.0863815864,"DemBarE":0,"DemBarP":0,"BarRetP":0},{"id":110,"time":18,"name":"Cautin220","marginal_cost":161.1504453871,"value":161.1504453871,"DemBarE":0,"DemBarP":0,"BarRetP":0},{"id":110,"time":19,"name":"Cautin220","marginal_cost":177.9854879924,"value":177.9854879924,"DemBarE":0,"DemBarP":0,"BarRetP":0},{"id":110,"time":20,"name":"Cautin220","marginal_cost":180.018426486,"value":180.018426486,"DemBarE":0,"DemBarP":0,"BarRetP":0},{"id":110,"time":21,"name":"Cautin220","marginal_cost":168.6454645735,"value":168.6454645735,"DemBarE":0,"DemBarP":0,"BarRetP":0},{"id":110,"time":22,"name":"Cautin220","marginal_cost":166.1510116063,"value":166.1510116063,"DemBarE":0,"DemBarP":0,"BarRetP":0},{"id":110,"time":23,"name":"Cautin220","marginal_cost":163.9360800557,"value":163.9360800557,"DemBarE":0,"DemBarP":0,"BarRetP":0},{"id":110,"time":24,"name":"Cautin220","marginal_cost":162.8378667983,"value":162.8378667983,"DemBarE":0,"DemBarP":0,"BarRetP":0},{"id":110,"time":25,"name":"Cautin220","marginal_cost":152.7201229791,"value":152.7201229791,"DemBarE":0,"DemBarP":0,"BarRetP":0},{"id":110,"time":26,"name":"Cautin220","marginal_cost":152.8112300556,"value":152.8112300556,"DemBarE":0,"DemBarP":0,"BarRetP":0},{"id":110,"time":27,"name":"Cautin220","marginal_cost":151.892741556,"value":151.892741556,"DemBarE":0,"DemBarP":0,"BarRetP":0},{"id":110,"time":28,"name":"Cautin220","marginal_cost":151.2567144071,"value":151.2567144071,"DemBarE":0,"DemBarP":0,"BarRetP":0},{"id":110,"time":29,"name":"Cautin220","marginal_cost":150.3255263855,"value":150.3255263855,"DemBarE":0,"DemBarP":0,"BarRetP":0},{"id":110,"time":30,"name":"Cautin220","marginal_cost":151.666354437,"value":151.666354437,"DemBarE":0,"DemBarP":0,"BarRetP":0},{"id":110,"time":31,"name":"Cautin220","marginal_cost":157.2861624282,"value":157.2861624282,"DemBarE":0,"DemBarP":0,"BarRetP":0},{"id":110,"time":32,"name":"Cautin220","marginal_cost":165.423410398,"value":165.423410398,"DemBarE":0,"DemBarP":0,"BarRetP":0},{"id":110,"time":33,"name":"Cautin220","marginal_cost":157.8584554534,"value":157.8584554534,"DemBarE":0,"DemBarP":0,"BarRetP":0},{"id":110,"time":34,"name":"Cautin220","marginal_cost":158.2415049173,"value":158.2415049173,"DemBarE":0,"DemBarP":0,"BarRetP":0},{"id":110,"time":35,"name":"Cautin220","marginal_cost":157.8565807043,"value":157.8565807043,"DemBarE":0,"DemBarP":0,"BarRetP":0},{"id":110,"time":36,"name":"Cautin220","marginal_cost":157.6438355696,"value":157.6438355696,"DemBarE":0,"DemBarP":0,"BarRetP":0},{"id":110,"time":37,"name":"Cautin220","marginal_cost":154.2696834407,"value":154.2696834407,"DemBarE":0,"DemBarP":0,"BarRetP":0},{"id":110,"time":38,"name":"Cautin220","marginal_cost":154.2696834407,"value":154.2696834407,"DemBarE":0,"DemBarP":0,"BarRetP":0},{"id":110,"time":39,"name":"Cautin220","marginal_cost":154.2696834407,"value":154.2696834407,"DemBarE":0,"DemBarP":0,"BarRetP":0},{"id":110,"time":40,"name":"Cautin220","marginal_cost":154.2696834407,"value":154.2696834407,"DemBarE":0,"DemBarP":0,"BarRetP":0},{"id":110,"time":41,"name":"Cautin220","marginal_cost":151.7378787377,"value":151.7378787377,"DemBarE":0,"DemBarP":0,"BarRetP":0},{"id":110,"time":42,"name":"Cautin220","marginal_cost":147.7863937522,"value":147.7863937522,"DemBarE":0,"DemBarP":0,"BarRetP":0},{"id":110,"time":43,"name":"Cautin220","marginal_cost":149.5703712113,"value":149.5703712113,"DemBarE":0,"DemBarP":0,"BarRetP":0},{"id":110,"time":44,"name":"Cautin220","marginal_cost":149.5703712113,"value":149.5703712113,"DemBarE":0,"DemBarP":0,"BarRetP":0},{"id":110,"time":45,"name":"Cautin220","marginal_cost":147.9560412568,"value":147.9560412568,"DemBarE":0,"DemBarP":0,"BarRetP":0},{"id":110,"time":46,"name":"Cautin220","marginal_cost":146.2040531679,"value":146.2040531679,"DemBarE":0,"DemBarP":0,"BarRetP":0},{"id":110,"time":47,"name":"Cautin220","marginal_cost":106.7378286634,"value":106.7378286634,"DemBarE":0,"DemBarP":0,"BarRetP":0},{"id":110,"time":48,"name":"Cautin220","marginal_cost":128.9717251199,"value":128.9717251199,"DemBarE":0,"DemBarP":0,"BarRetP":0},{"id":110,"time":49,"name":"Cautin220","marginal_cost":107.4393438092,"value":107.4393438092,"DemBarE":0,"DemBarP":0,"BarRetP":0},{"id":110,"time":50,"name":"Cautin220","marginal_cost":139.6740300613,"value":139.6740300613,"DemBarE":0,"DemBarP":0,"BarRetP":0},{"id":110,"time":51,"name":"Cautin220","marginal_cost":93.2582413708,"value":93.2582413708,"DemBarE":0,"DemBarP":0,"BarRetP":0},{"id":110,"time":52,"name":"Cautin220","marginal_cost":63.6113212955,"value":63.6113212955,"DemBarE":0,"DemBarP":0,"BarRetP":0},{"id":110,"time":53,"name":"Cautin220","marginal_cost":63.6113212955,"value":63.6113212955,"DemBarE":0,"DemBarP":0,"BarRetP":0},{"id":110,"time":54,"name":"Cautin220","marginal_cost":38.6318241573,"value":38.6318241573,"DemBarE":0,"DemBarP":0,"BarRetP":0},{"id":110,"time":55,"name":"Cautin220","marginal_cost":63.7067185923,"value":63.7067185923,"DemBarE":0,"DemBarP":0,"BarRetP":0},{"id":110,"time":56,"name":"Cautin220","marginal_cost":125.8467871466,"value":125.8467871466,"DemBarE":0,"DemBarP":0,"BarRetP":0},{"id":110,"time":57,"name":"Cautin220","marginal_cost":117.4764894133,"value":117.4764894133,"DemBarE":0,"DemBarP":0,"BarRetP":0},{"id":110,"time":58,"name":"Cautin220","marginal_cost":132.6918556009,"value":132.6918556009,"DemBarE":0,"DemBarP":0,"BarRetP":0},{"id":110,"time":59,"name":"Cautin220","marginal_cost":105.2311391086,"value":105.2311391086,"DemBarE":0,"DemBarP":0,"BarRetP":0},{"id":110,"time":60,"name":"Cautin220","marginal_cost":134.2468273136,"value":134.2468273136,"DemBarE":0,"DemBarP":0,"BarRetP":0},{"id":110,"time":61,"name":"Cautin220","marginal_cost":133.3039697142,"value":133.3039697142,"DemBarE":0,"DemBarP":0,"BarRetP":0},{"id":110,"time":62,"name":"Cautin220","marginal_cost":133.3039697142,"value":133.3039697142,"DemBarE":0,"DemBarP":0,"BarRetP":0},{"id":110,"time":63,"name":"Cautin220","marginal_cost":117.7060960425,"value":117.7060960425,"DemBarE":0,"DemBarP":0,"BarRetP":0},{"id":110,"time":64,"name":"Cautin220","marginal_cost":134.6203914979,"value":134.6203914979,"DemBarE":0,"DemBarP":0,"BarRetP":0},{"id":110,"time":65,"name":"Cautin220","marginal_cost":134.7213603971,"value":134.7213603971,"DemBarE":0,"DemBarP":0,"BarRetP":0},{"id":110,"time":66,"name":"Cautin220","marginal_cost":134.7213603971,"value":134.7213603971,"DemBarE":0,"DemBarP":0,"BarRetP":0},{"id":110,"time":67,"name":"Cautin220","marginal_cost":165.7377119228,"value":165.7377119228,"DemBarE":0,"DemBarP":0,"BarRetP":0},{"id":110,"time":68,"name":"Cautin220","marginal_cost":158.620209249,"value":158.620209249,"DemBarE":0,"DemBarP":0,"BarRetP":0},{"id":110,"time":69,"name":"Cautin220","marginal_cost":158.620209249,"value":158.620209249,"DemBarE":0,"DemBarP":0,"BarRetP":0},{"id":110,"time":70,"name":"Cautin220","marginal_cost":157.1282927147,"value":157.1282927147,"DemBarE":0,"DemBarP":0,"BarRetP":0},{"id":110,"time":71,"name":"Cautin220","marginal_cost":151.5859435283,"value":151.5859435283,"DemBarE":0,"DemBarP":0,"BarRetP":0},{"id":110,"time":72,"name":"Cautin220","marginal_cost":149.6655727645,"value":149.6655727645,"DemBarE":0,"DemBarP":0,"BarRetP":0},{"id":110,"time":73,"name":"Cautin220","marginal_cost":148.9337647934,"value":148.9337647934,"DemBarE":0,"DemBarP":0,"BarRetP":0},{"id":110,"time":74,"name":"Cautin220","marginal_cost":144.9823613568,"value":144.9823613568,"DemBarE":0,"DemBarP":0,"BarRetP":0},{"id":110,"time":75,"name":"Cautin220","marginal_cost":130.9390964164,"value":130.9390964164,"DemBarE":0,"DemBarP":0,"BarRetP":0},{"id":110,"time":76,"name":"Cautin220","marginal_cost":130.9390964164,"value":130.9390964164,"DemBarE":0,"DemBarP":0,"BarRetP":0},{"id":110,"time":77,"name":"Cautin220","marginal_cost":130.9390964164,"value":130.9390964164,"DemBarE":0,"DemBarP":0,"BarRetP":0},{"id":110,"time":78,"name":"Cautin220","marginal_cost":130.9390964164,"value":130.9390964164,"DemBarE":0,"DemBarP":0,"BarRetP":0},{"id":110,"time":79,"name":"Cautin220","marginal_cost":130.9390964164,"value":130.9390964164,"DemBarE":0,"DemBarP":0,"BarRetP":0},{"id":110,"time":80,"name":"Cautin220","marginal_cost":121.893299167,"value":121.893299167,"DemBarE":0,"DemBarP":0,"BarRetP":0},{"id":110,"time":81,"name":"Cautin220","marginal_cost":121.893299167,"value":121.893299167,"DemBarE":0,"DemBarP":0,"BarRetP":0},{"id":110,"time":82,"name":"Cautin220","marginal_cost":94.5455213121,"value":94.5455213121,"DemBarE":0,"DemBarP":0,"BarRetP":0},{"id":110,"time":83,"name":"Cautin220","marginal_cost":94.5455213121,"value":94.5455213121,"DemBarE":0,"DemBarP":0,"BarRetP":0},{"id":110,"time":84,"name":"Cautin220","marginal_cost":122.0050732293,"value":122.0050732293,"DemBarE":0,"DemBarP":0,"BarRetP":0},{"id":110,"time":85,"name":"Cautin220","marginal_cost":122.0050732293,"value":122.0050732293,"DemBarE":0,"DemBarP":0,"BarRetP":0},{"id":110,"time":86,"name":"Cautin220","marginal_cost":134.4084560766,"value":134.4084560766,"DemBarE":0,"DemBarP":0,"BarRetP":0},{"id":110,"time":87,"name":"Cautin220","marginal_cost":134.4084560766,"value":134.4084560766,"DemBarE":0,"DemBarP":0,"BarRetP":0},{"id":110,"time":88,"name":"Cautin220","marginal_cost":134.4084560766,"value":134.4084560766,"DemBarE":0,"DemBarP":0,"BarRetP":0},{"id":110,"time":89,"name":"Cautin220","marginal_cost":134.4084560766,"value":134.4084560766,"DemBarE":0,"DemBarP":0,"BarRetP":0},{"id":110,"time":90,"name":"Cautin220","marginal_cost":134.4084560766,"value":134.4084560766,"DemBarE":0,"DemBarP":0,"BarRetP":0},{"id":110,"time":91,"name":"Cautin220","marginal_cost":153.55343073,"value":153.55343073,"DemBarE":0,"DemBarP":0,"BarRetP":0},{"id":110,"time":92,"name":"Cautin220","marginal_cost":153.55343073,"value":153.55343073,"DemBarE":0,"DemBarP":0,"BarRetP":0},{"id":110,"time":93,"name":"Cautin220","marginal_cost":154.3079310361,"value":154.3079310361,"DemBarE":0,"DemBarP":0,"BarRetP":0},{"id":110,"time":94,"name":"Cautin220","marginal_cost":152.1726635158,"value":152.1726635158,"DemBarE":0,"DemBarP":0,"BarRetP":0},{"id":110,"time":95,"name":"Cautin220","marginal_cost":151.4586845844,"value":151.4586845844,"DemBarE":0,"DemBarP":0,"BarRetP":0},{"id":110,"time":96,"name":"Cautin220","marginal_cost":151.2650352573,"value":151.2650352573,"DemBarE":0,"DemBarP":0,"BarRetP":0},{"id":110,"time":97,"name":"Cautin220","marginal_cost":150.2175938969,"value":150.2175938969,"DemBarE":0,"DemBarP":0,"BarRetP":0},{"id":110,"time":98,"name":"Cautin220","marginal_cost":145.5409243146,"value":145.5409243146,"DemBarE":0,"DemBarP":0,"BarRetP":0},{"id":110,"time":99,"name":"Cautin220","marginal_cost":145.1094810213,"value":145.1094810213,"DemBarE":0,"DemBarP":0,"BarRetP":0},{"id":110,"time":100,"name":"Cautin220","marginal_cost":145.1139863258,"value":145.1139863258,"DemBarE":0,"DemBarP":0,"BarRetP":0},{"id":110,"time":101,"name":"Cautin220","marginal_cost":145.1139863258,"value":145.1139863258,"DemBarE":0,"DemBarP":0,"BarRetP":0},{"id":110,"time":102,"name":"Cautin220","marginal_cost":145.1139863258,"value":145.1139863258,"DemBarE":0,"DemBarP":0,"BarRetP":0},{"id":110,"time":103,"name":"Cautin220","marginal_cost":153.4556208415,"value":153.4556208415,"DemBarE":0,"DemBarP":0,"BarRetP":0},{"id":110,"time":104,"name":"Cautin220","marginal_cost":157.5183473921,"value":157.5183473921,"DemBarE":0,"DemBarP":0,"BarRetP":0},{"id":110,"time":105,"name":"Cautin220","marginal_cost":157.5183473921,"value":157.5183473921,"DemBarE":0,"DemBarP":0,"BarRetP":0},{"id":110,"time":106,"name":"Cautin220","marginal_cost":156.1682733402,"value":156.1682733402,"DemBarE":0,"DemBarP":0,"BarRetP":0},{"id":110,"time":107,"name":"Cautin220","marginal_cost":157.4230406368,"value":157.4230406368,"DemBarE":0,"DemBarP":0,"BarRetP":0},{"id":110,"time":108,"name":"Cautin220","marginal_cost":157.2103076652,"value":157.2103076652,"DemBarE":0,"DemBarP":0,"BarRetP":0},{"id":110,"time":109,"name":"Cautin220","marginal_cost":157.2103076652,"value":157.2103076652,"DemBarE":0,"DemBarP":0,"BarRetP":0},{"id":110,"time":110,"name":"Cautin220","marginal_cost":156.4742831167,"value":156.4742831167,"DemBarE":0,"DemBarP":0,"BarRetP":0},{"id":110,"time":111,"name":"Cautin220","marginal_cost":156.4084682316,"value":156.4084682316,"DemBarE":0,"DemBarP":0,"BarRetP":0},{"id":110,"time":112,"name":"Cautin220","marginal_cost":156.4084682316,"value":156.4084682316,"DemBarE":0,"DemBarP":0,"BarRetP":0},{"id":110,"time":113,"name":"Cautin220","marginal_cost":157.1750799122,"value":157.1750799122,"DemBarE":0,"DemBarP":0,"BarRetP":0},{"id":110,"time":114,"name":"Cautin220","marginal_cost":157.1750799122,"value":157.1750799122,"DemBarE":0,"DemBarP":0,"BarRetP":0},{"id":110,"time":115,"name":"Cautin220","marginal_cost":157.1750799122,"value":157.1750799122,"DemBarE":0,"DemBarP":0,"BarRetP":0},{"id":110,"time":116,"name":"Cautin220","marginal_cost":156.1960284702,"value":156.1960284702,"DemBarE":0,"DemBarP":0,"BarRetP":0},{"id":110,"time":117,"name":"Cautin220","marginal_cost":156.1960284702,"value":156.1960284702,"DemBarE":0,"DemBarP":0,"BarRetP":0},{"id":110,"time":118,"name":"Cautin220","marginal_cost":156.1960284702,"value":156.1960284702,"DemBarE":0,"DemBarP":0,"BarRetP":0},{"id":110,"time":119,"name":"Cautin220","marginal_cost":154.65394692,"value":154.65394692,"DemBarE":0,"DemBarP":0,"BarRetP":0},{"id":110,"time":120,"name":"Cautin220","marginal_cost":150.6441707113,"value":150.6441707113,"DemBarE":0,"DemBarP":0,"BarRetP":0},{"id":110,"time":121,"name":"Cautin220","marginal_cost":147.4710145198,"value":147.4710145198,"DemBarE":0,"DemBarP":0,"BarRetP":0},{"id":110,"time":122,"name":"Cautin220","marginal_cost":147.7483060514,"value":147.7483060514,"DemBarE":0,"DemBarP":0,"BarRetP":0},{"id":110,"time":123,"name":"Cautin220","marginal_cost":143.6212456588,"value":143.6212456588,"DemBarE":0,"DemBarP":0,"BarRetP":0},{"id":110,"time":124,"name":"Cautin220","marginal_cost":143.6212456588,"value":143.6212456588,"DemBarE":0,"DemBarP":0,"BarRetP":0},{"id":110,"time":125,"name":"Cautin220","marginal_cost":143.6212456588,"value":143.6212456588,"DemBarE":0,"DemBarP":0,"BarRetP":0},{"id":110,"time":126,"name":"Cautin220","marginal_cost":143.6212456588,"value":143.6212456588,"DemBarE":0,"DemBarP":0,"BarRetP":0},{"id":110,"time":127,"name":"Cautin220","marginal_cost":152.6860812304,"value":152.6860812304,"DemBarE":0,"DemBarP":0,"BarRetP":0},{"id":110,"time":128,"name":"Cautin220","marginal_cost":160.5904096156,"value":160.5904096156,"DemBarE":0,"DemBarP":0,"BarRetP":0},{"id":110,"time":129,"name":"Cautin220","marginal_cost":158.688391942,"value":158.688391942,"DemBarE":0,"DemBarP":0,"BarRetP":0},{"id":110,"time":130,"name":"Cautin220","marginal_cost":163.7336223993,"value":163.7336223993,"DemBarE":0,"DemBarP":0,"BarRetP":0},{"id":110,"time":131,"name":"Cautin220","marginal_cost":163.6007885943,"value":163.6007885943,"DemBarE":0,"DemBarP":0,"BarRetP":0},{"id":110,"time":132,"name":"Cautin220","marginal_cost":165.4974064779,"value":165.4974064779,"DemBarE":0,"DemBarP":0,"BarRetP":0},{"id":110,"time":133,"name":"Cautin220","marginal_cost":163.5662338547,"value":163.5662338547,"DemBarE":0,"DemBarP":0,"BarRetP":0},{"id":110,"time":134,"name":"Cautin220","marginal_cost":163.5662338547,"value":163.5662338547,"DemBarE":0,"DemBarP":0,"BarRetP":0},{"id":110,"time":135,"name":"Cautin220","marginal_cost":163.5662338547,"value":163.5662338547,"DemBarE":0,"DemBarP":0,"BarRetP":0},{"id":110,"time":136,"name":"Cautin220","marginal_cost":163.5662338547,"value":163.5662338547,"DemBarE":0,"DemBarP":0,"BarRetP":0},{"id":110,"time":137,"name":"Cautin220","marginal_cost":162.172217667,"value":162.172217667,"DemBarE":0,"DemBarP":0,"BarRetP":0},{"id":110,"time":138,"name":"Cautin220","marginal_cost":162.172217667,"value":162.172217667,"DemBarE":0,"DemBarP":0,"BarRetP":0},{"id":110,"time":139,"name":"Cautin220","marginal_cost":162.172217667,"value":162.172217667,"DemBarE":0,"DemBarP":0,"BarRetP":0},{"id":110,"time":140,"name":"Cautin220","marginal_cost":162.172217667,"value":162.172217667,"DemBarE":0,"DemBarP":0,"BarRetP":0},{"id":110,"time":141,"name":"Cautin220","marginal_cost":162.172217667,"value":162.172217667,"DemBarE":0,"DemBarP":0,"BarRetP":0},{"id":110,"time":142,"name":"Cautin220","marginal_cost":162.172217667,"value":162.172217667,"DemBarE":0,"DemBarP":0,"BarRetP":0},{"id":110,"time":143,"name":"Cautin220","marginal_cost":159.1125195104,"value":159.1125195104,"DemBarE":0,"DemBarP":0,"BarRetP":0},{"id":110,"time":144,"name":"Cautin220","marginal_cost":159.3311794962,"value":159.3311794962,"DemBarE":0,"DemBarP":0,"BarRetP":0},{"id":110,"time":145,"name":"Cautin220","marginal_cost":157.4175994895,"value":157.4175994895,"DemBarE":0,"DemBarP":0,"BarRetP":0},{"id":110,"time":146,"name":"Cautin220","marginal_cost":155.5848219586,"value":155.5848219586,"DemBarE":0,"DemBarP":0,"BarRetP":0},{"id":110,"time":147,"name":"Cautin220","marginal_cost":152.2034650165,"value":152.2034650165,"DemBarE":0,"DemBarP":0,"BarRetP":0},{"id":110,"time":148,"name":"Cautin220","marginal_cost":152.2034650165,"value":152.2034650165,"DemBarE":0,"DemBarP":0,"BarRetP":0},{"id":110,"time":149,"name":"Cautin220","marginal_cost":152.2034650165,"value":152.2034650165,"DemBarE":0,"DemBarP":0,"BarRetP":0},{"id":110,"time":150,"name":"Cautin220","marginal_cost":152.2034650165,"value":152.2034650165,"DemBarE":0,"DemBarP":0,"BarRetP":0},{"id":110,"time":151,"name":"Cautin220","marginal_cost":157.0700797954,"value":157.0700797954,"DemBarE":0,"DemBarP":0,"BarRetP":0},{"id":110,"time":152,"name":"Cautin220","marginal_cost":163.306768132,"value":163.306768132,"DemBarE":0,"DemBarP":0,"BarRetP":0},{"id":110,"time":153,"name":"Cautin220","marginal_cost":163.306768132,"value":163.306768132,"DemBarE":0,"DemBarP":0,"BarRetP":0},{"id":110,"time":154,"name":"Cautin220","marginal_cost":164.1980139512,"value":164.1980139512,"DemBarE":0,"DemBarP":0,"BarRetP":0},{"id":110,"time":155,"name":"Cautin220","marginal_cost":164.1980139512,"value":164.1980139512,"DemBarE":0,"DemBarP":0,"BarRetP":0},{"id":110,"time":156,"name":"Cautin220","marginal_cost":166.1752304152,"value":166.1752304152,"DemBarE":0,"DemBarP":0,"BarRetP":0},{"id":110,"time":157,"name":"Cautin220","marginal_cost":165.9171419539,"value":165.9171419539,"DemBarE":0,"DemBarP":0,"BarRetP":0},{"id":110,"time":158,"name":"Cautin220","marginal_cost":165.9171419539,"value":165.9171419539,"DemBarE":0,"DemBarP":0,"BarRetP":0},{"id":110,"time":159,"name":"Cautin220","marginal_cost":165.9171419539,"value":165.9171419539,"DemBarE":0,"DemBarP":0,"BarRetP":0},{"id":110,"time":160,"name":"Cautin220","marginal_cost":165.0317964585,"value":165.0317964585,"DemBarE":0,"DemBarP":0,"BarRetP":0},{"id":110,"time":161,"name":"Cautin220","marginal_cost":165.0317964585,"value":165.0317964585,"DemBarE":0,"DemBarP":0,"BarRetP":0},{"id":110,"time":162,"name":"Cautin220","marginal_cost":164.6114722564,"value":164.6114722564,"DemBarE":0,"DemBarP":0,"BarRetP":0},{"id":110,"time":163,"name":"Cautin220","marginal_cost":163.634544267,"value":163.634544267,"DemBarE":0,"DemBarP":0,"BarRetP":0},{"id":110,"time":164,"name":"Cautin220","marginal_cost":163.634544267,"value":163.634544267,"DemBarE":0,"DemBarP":0,"BarRetP":0},{"id":110,"time":165,"name":"Cautin220","marginal_cost":163.634544267,"value":163.634544267,"DemBarE":0,"DemBarP":0,"BarRetP":0},{"id":110,"time":166,"name":"Cautin220","marginal_cost":163.634544267,"value":163.634544267,"DemBarE":0,"DemBarP":0,"BarRetP":0},{"id":110,"time":167,"name":"Cautin220","marginal_cost":163.2811983756,"value":163.2811983756,"DemBarE":0,"DemBarP":0,"BarRetP":0},{"id":110,"time":168,"name":"Cautin220","marginal_cost":160.8891243064,"value":160.8891243064,"DemBarE":0,"DemBarP":0,"BarRetP":0}]