[{"id":30,"time":1,"name":"DonGoyo220","marginal_cost":151.0820168553,"value":151.0820168553,"DemBarE":0,"DemBarP":0,"BarRetP":0},{"id":30,"time":2,"name":"DonGoyo220","marginal_cost":151.6165695147,"value":151.6165695147,"DemBarE":0,"DemBarP":0,"BarRetP":0},{"id":30,"time":3,"name":"DonGoyo220","marginal_cost":150.445700218,"value":150.445700218,"DemBarE":0,"DemBarP":0,"BarRetP":0},{"id":30,"time":4,"name":"DonGoyo220","marginal_cost":150.0199213957,"value":150.0199213957,"DemBarE":0,"DemBarP":0,"BarRetP":0},{"id":30,"time":5,"name":"DonGoyo220","marginal_cost":132.5945708557,"value":132.5945708557,"DemBarE":0,"DemBarP":0,"BarRetP":0},{"id":30,"time":6,"name":"DonGoyo220","marginal_cost":115.2682602,"value":115.2682602,"DemBarE":0,"DemBarP":0,"BarRetP":0},{"id":30,"time":7,"name":"DonGoyo220","marginal_cost":157.6147251049,"value":157.6147251049,"DemBarE":0,"DemBarP":0,"BarRetP":0},{"id":30,"time":8,"name":"DonGoyo220","marginal_cost":161.640328677,"value":161.640328677,"DemBarE":0,"DemBarP":0,"BarRetP":0},{"id":30,"time":9,"name":"DonGoyo220","marginal_cost":128.1552916443,"value":128.1552916443,"DemBarE":0,"DemBarP":0,"BarRetP":0},{"id":30,"time":10,"name":"DonGoyo220","marginal_cost":89.1651987354,"value":89.1651987354,"DemBarE":0,"DemBarP":0,"BarRetP":0},{"id":30,"time":11,"name":"DonGoyo220","marginal_cost":84.4619041388,"value":84.4619041388,"DemBarE":0,"DemBarP":0,"BarRetP":0},{"id":30,"time":12,"name":"DonGoyo220","marginal_cost":74.223848214,"value":74.223848214,"DemBarE":0,"DemBarP":0,"BarRetP":0},{"id":30,"time":13,"name":"DonGoyo220","marginal_cost":50.3672364289,"value":50.3672364289,"DemBarE":0,"DemBarP":0,"BarRetP":0},{"id":30,"time":14,"name":"DonGoyo220","marginal_cost":-2.0231056046,"value":-2.0231056046,"DemBarE":0,"DemBarP":0,"BarRetP":0},{"id":30,"time":15,"name":"DonGoyo220","marginal_cost":-1.6664760626,"value":-1.6664760626,"DemBarE":0,"DemBarP":0,"BarRetP":0},{"id":30,"time":16,"name":"DonGoyo220","marginal_cost":-1.6505277151,"value":-1.6505277151,"DemBarE":0,"DemBarP":0,"BarRetP":0},{"id":30,"time":17,"name":"DonGoyo220","marginal_cost":106.9398287512,"value":106.9398287512,"DemBarE":0,"DemBarP":0,"BarRetP":0},{"id":30,"time":18,"name":"DonGoyo220","marginal_cost":146.5962285921,"value":146.5962285921,"DemBarE":0,"DemBarP":0,"BarRetP":0},{"id":30,"time":19,"name":"DonGoyo220","marginal_cost":171.7399039205,"value":171.7399039205,"DemBarE":0,"DemBarP":0,"BarRetP":0},{"id":30,"time":20,"name":"DonGoyo220","marginal_cost":173.9655475676,"value":173.9655475676,"DemBarE":0,"DemBarP":0,"BarRetP":0},{"id":30,"time":21,"name":"DonGoyo220","marginal_cost":166.6016476685,"value":166.6016476685,"DemBarE":0,"DemBarP":0,"BarRetP":0},{"id":30,"time":22,"name":"DonGoyo220","marginal_cost":163.8366484628,"value":163.8366484628,"DemBarE":0,"DemBarP":0,"BarRetP":0},{"id":30,"time":23,"name":"DonGoyo220","marginal_cost":161.7549073774,"value":161.7549073774,"DemBarE":0,"DemBarP":0,"BarRetP":0},{"id":30,"time":24,"name":"DonGoyo220","marginal_cost":161.5256444478,"value":161.5256444478,"DemBarE":0,"DemBarP":0,"BarRetP":0},{"id":30,"time":25,"name":"DonGoyo220","marginal_cost":155.0965338821,"value":155.0965338821,"DemBarE":0,"DemBarP":0,"BarRetP":0},{"id":30,"time":26,"name":"DonGoyo220","marginal_cost":154.6498227663,"value":154.6498227663,"DemBarE":0,"DemBarP":0,"BarRetP":0},{"id":30,"time":27,"name":"DonGoyo220","marginal_cost":154.7908784665,"value":154.7908784665,"DemBarE":0,"DemBarP":0,"BarRetP":0},{"id":30,"time":28,"name":"DonGoyo220","marginal_cost":154.691203921,"value":154.691203921,"DemBarE":0,"DemBarP":0,"BarRetP":0},{"id":30,"time":29,"name":"DonGoyo220","marginal_cost":153.6007018605,"value":153.6007018605,"DemBarE":0,"DemBarP":0,"BarRetP":0},{"id":30,"time":30,"name":"DonGoyo220","marginal_cost":154.9936068118,"value":154.9936068118,"DemBarE":0,"DemBarP":0,"BarRetP":0},{"id":30,"time":31,"name":"DonGoyo220","marginal_cost":161.3512250633,"value":161.3512250633,"DemBarE":0,"DemBarP":0,"BarRetP":0},{"id":30,"time":32,"name":"DonGoyo220","marginal_cost":164.2683991198,"value":164.2683991198,"DemBarE":0,"DemBarP":0,"BarRetP":0},{"id":30,"time":33,"name":"DonGoyo220","marginal_cost":146.1893654696,"value":146.1893654696,"DemBarE":0,"DemBarP":0,"BarRetP":0},{"id":30,"time":34,"name":"DonGoyo220","marginal_cost":96.3967497554,"value":96.3967497554,"DemBarE":0,"DemBarP":0,"BarRetP":0},{"id":30,"time":35,"name":"DonGoyo220","marginal_cost":92.0941096481,"value":92.0941096481,"DemBarE":0,"DemBarP":0,"BarRetP":0},{"id":30,"time":36,"name":"DonGoyo220","marginal_cost":92.043244438,"value":92.043244438,"DemBarE":0,"DemBarP":0,"BarRetP":0},{"id":30,"time":37,"name":"DonGoyo220","marginal_cost":91.1640939785,"value":91.1640939785,"DemBarE":0,"DemBarP":0,"BarRetP":0},{"id":30,"time":38,"name":"DonGoyo220","marginal_cost":91.1640939785,"value":91.1640939785,"DemBarE":0,"DemBarP":0,"BarRetP":0},{"id":30,"time":39,"name":"DonGoyo220","marginal_cost":91.1640939785,"value":91.1640939785,"DemBarE":0,"DemBarP":0,"BarRetP":0},{"id":30,"time":40,"name":"DonGoyo220","marginal_cost":91.1640939785,"value":91.1640939785,"DemBarE":0,"DemBarP":0,"BarRetP":0},{"id":30,"time":41,"name":"DonGoyo220","marginal_cost":112.2068761675,"value":112.2068761675,"DemBarE":0,"DemBarP":0,"BarRetP":0},{"id":30,"time":42,"name":"DonGoyo220","marginal_cost":149.14072325,"value":149.14072325,"DemBarE":0,"DemBarP":0,"BarRetP":0},{"id":30,"time":43,"name":"DonGoyo220","marginal_cost":160.3365728246,"value":160.3365728246,"DemBarE":0,"DemBarP":0,"BarRetP":0},{"id":30,"time":44,"name":"DonGoyo220","marginal_cost":160.3365728246,"value":160.3365728246,"DemBarE":0,"DemBarP":0,"BarRetP":0},{"id":30,"time":45,"name":"DonGoyo220","marginal_cost":160.642763871,"value":160.642763871,"DemBarE":0,"DemBarP":0,"BarRetP":0},{"id":30,"time":46,"name":"DonGoyo220","marginal_cost":159.4531253095,"value":159.4531253095,"DemBarE":0,"DemBarP":0,"BarRetP":0},{"id":30,"time":47,"name":"DonGoyo220","marginal_cost":156.751999151,"value":156.751999151,"DemBarE":0,"DemBarP":0,"BarRetP":0},{"id":30,"time":48,"name":"DonGoyo220","marginal_cost":154.8109403221,"value":154.8109403221,"DemBarE":0,"DemBarP":0,"BarRetP":0},{"id":30,"time":49,"name":"DonGoyo220","marginal_cost":147.4782356464,"value":147.4782356464,"DemBarE":0,"DemBarP":0,"BarRetP":0},{"id":30,"time":50,"name":"DonGoyo220","marginal_cost":150.1939131992,"value":150.1939131992,"DemBarE":0,"DemBarP":0,"BarRetP":0},{"id":30,"time":51,"name":"DonGoyo220","marginal_cost":151.1721795196,"value":151.1721795196,"DemBarE":0,"DemBarP":0,"BarRetP":0},{"id":30,"time":52,"name":"DonGoyo220","marginal_cost":134.1679385277,"value":134.1679385277,"DemBarE":0,"DemBarP":0,"BarRetP":0},{"id":30,"time":53,"name":"DonGoyo220","marginal_cost":134.1679385277,"value":134.1679385277,"DemBarE":0,"DemBarP":0,"BarRetP":0},{"id":30,"time":54,"name":"DonGoyo220","marginal_cost":133.917756912,"value":133.917756912,"DemBarE":0,"DemBarP":0,"BarRetP":0},{"id":30,"time":55,"name":"DonGoyo220","marginal_cost":134.2123328413,"value":134.2123328413,"DemBarE":0,"DemBarP":0,"BarRetP":0},{"id":30,"time":56,"name":"DonGoyo220","marginal_cost":132.8013519815,"value":132.8013519815,"DemBarE":0,"DemBarP":0,"BarRetP":0},{"id":30,"time":57,"name":"DonGoyo220","marginal_cost":115.3871618376,"value":115.3871618376,"DemBarE":0,"DemBarP":0,"BarRetP":0},{"id":30,"time":58,"name":"DonGoyo220","marginal_cost":91.4326170973,"value":91.4326170973,"DemBarE":0,"DemBarP":0,"BarRetP":0},{"id":30,"time":59,"name":"DonGoyo220","marginal_cost":89.9617794542,"value":89.9617794542,"DemBarE":0,"DemBarP":0,"BarRetP":0},{"id":30,"time":60,"name":"DonGoyo220","marginal_cost":88.6292732821,"value":88.6292732821,"DemBarE":0,"DemBarP":0,"BarRetP":0},{"id":30,"time":61,"name":"DonGoyo220","marginal_cost":-2.2989960519,"value":-2.2989960519,"DemBarE":0,"DemBarP":0,"BarRetP":0},{"id":30,"time":62,"name":"DonGoyo220","marginal_cost":-2.2989960519,"value":-2.2989960519,"DemBarE":0,"DemBarP":0,"BarRetP":0},{"id":30,"time":63,"name":"DonGoyo220","marginal_cost":-1.9510344098,"value":-1.9510344098,"DemBarE":0,"DemBarP":0,"BarRetP":0},{"id":30,"time":64,"name":"DonGoyo220","marginal_cost":-1.317789541,"value":-1.317789541,"DemBarE":0,"DemBarP":0,"BarRetP":0},{"id":30,"time":65,"name":"DonGoyo220","marginal_cost":120.4075415719,"value":120.4075415719,"DemBarE":0,"DemBarP":0,"BarRetP":0},{"id":30,"time":66,"name":"DonGoyo220","marginal_cost":120.4075415719,"value":120.4075415719,"DemBarE":0,"DemBarP":0,"BarRetP":0},{"id":30,"time":67,"name":"DonGoyo220","marginal_cost":160.3419695621,"value":160.3419695621,"DemBarE":0,"DemBarP":0,"BarRetP":0},{"id":30,"time":68,"name":"DonGoyo220","marginal_cost":155.1088374941,"value":155.1088374941,"DemBarE":0,"DemBarP":0,"BarRetP":0},{"id":30,"time":69,"name":"DonGoyo220","marginal_cost":155.1088374941,"value":155.1088374941,"DemBarE":0,"DemBarP":0,"BarRetP":0},{"id":30,"time":70,"name":"DonGoyo220","marginal_cost":155.3006363129,"value":155.3006363129,"DemBarE":0,"DemBarP":0,"BarRetP":0},{"id":30,"time":71,"name":"DonGoyo220","marginal_cost":148.1427142487,"value":148.1427142487,"DemBarE":0,"DemBarP":0,"BarRetP":0},{"id":30,"time":72,"name":"DonGoyo220","marginal_cost":147.0048494633,"value":147.0048494633,"DemBarE":0,"DemBarP":0,"BarRetP":0},{"id":30,"time":73,"name":"DonGoyo220","marginal_cost":146.9359857417,"value":146.9359857417,"DemBarE":0,"DemBarP":0,"BarRetP":0},{"id":30,"time":74,"name":"DonGoyo220","marginal_cost":145.6292363046,"value":145.6292363046,"DemBarE":0,"DemBarP":0,"BarRetP":0},{"id":30,"time":75,"name":"DonGoyo220","marginal_cost":131.8789152388,"value":131.8789152388,"DemBarE":0,"DemBarP":0,"BarRetP":0},{"id":30,"time":76,"name":"DonGoyo220","marginal_cost":131.8789152388,"value":131.8789152388,"DemBarE":0,"DemBarP":0,"BarRetP":0},{"id":30,"time":77,"name":"DonGoyo220","marginal_cost":131.8789152388,"value":131.8789152388,"DemBarE":0,"DemBarP":0,"BarRetP":0},{"id":30,"time":78,"name":"DonGoyo220","marginal_cost":131.8789152388,"value":131.8789152388,"DemBarE":0,"DemBarP":0,"BarRetP":0},{"id":30,"time":79,"name":"DonGoyo220","marginal_cost":131.8789152388,"value":131.8789152388,"DemBarE":0,"DemBarP":0,"BarRetP":0},{"id":30,"time":80,"name":"DonGoyo220","marginal_cost":120.7821139258,"value":120.7821139258,"DemBarE":0,"DemBarP":0,"BarRetP":0},{"id":30,"time":81,"name":"DonGoyo220","marginal_cost":120.7821139258,"value":120.7821139258,"DemBarE":0,"DemBarP":0,"BarRetP":0},{"id":30,"time":82,"name":"DonGoyo220","marginal_cost":88.4864545216,"value":88.4864545216,"DemBarE":0,"DemBarP":0,"BarRetP":0},{"id":30,"time":83,"name":"DonGoyo220","marginal_cost":88.4864545216,"value":88.4864545216,"DemBarE":0,"DemBarP":0,"BarRetP":0},{"id":30,"time":84,"name":"DonGoyo220","marginal_cost":83.1810013477,"value":83.1810013477,"DemBarE":0,"DemBarP":0,"BarRetP":0},{"id":30,"time":85,"name":"DonGoyo220","marginal_cost":83.1810013477,"value":83.1810013477,"DemBarE":0,"DemBarP":0,"BarRetP":0},{"id":30,"time":86,"name":"DonGoyo220","marginal_cost":83.9133620051,"value":83.9133620051,"DemBarE":0,"DemBarP":0,"BarRetP":0},{"id":30,"time":87,"name":"DonGoyo220","marginal_cost":83.9133620051,"value":83.9133620051,"DemBarE":0,"DemBarP":0,"BarRetP":0},{"id":30,"time":88,"name":"DonGoyo220","marginal_cost":83.9133620051,"value":83.9133620051,"DemBarE":0,"DemBarP":0,"BarRetP":0},{"id":30,"time":89,"name":"DonGoyo220","marginal_cost":83.9133620051,"value":83.9133620051,"DemBarE":0,"DemBarP":0,"BarRetP":0},{"id":30,"time":90,"name":"DonGoyo220","marginal_cost":83.9133620051,"value":83.9133620051,"DemBarE":0,"DemBarP":0,"BarRetP":0},{"id":30,"time":91,"name":"DonGoyo220","marginal_cost":145.3073882519,"value":145.3073882519,"DemBarE":0,"DemBarP":0,"BarRetP":0},{"id":30,"time":92,"name":"DonGoyo220","marginal_cost":145.3073882519,"value":145.3073882519,"DemBarE":0,"DemBarP":0,"BarRetP":0},{"id":30,"time":93,"name":"DonGoyo220","marginal_cost":148.2671187267,"value":148.2671187267,"DemBarE":0,"DemBarP":0,"BarRetP":0},{"id":30,"time":94,"name":"DonGoyo220","marginal_cost":146.1059960711,"value":146.1059960711,"DemBarE":0,"DemBarP":0,"BarRetP":0},{"id":30,"time":95,"name":"DonGoyo220","marginal_cost":145.0330596915,"value":145.0330596915,"DemBarE":0,"DemBarP":0,"BarRetP":0},{"id":30,"time":96,"name":"DonGoyo220","marginal_cost":145.5911763757,"value":145.5911763757,"DemBarE":0,"DemBarP":0,"BarRetP":0},{"id":30,"time":97,"name":"DonGoyo220","marginal_cost":145.9686113776,"value":145.9686113776,"DemBarE":0,"DemBarP":0,"BarRetP":0},{"id":30,"time":98,"name":"DonGoyo220","marginal_cost":141.7077563929,"value":141.7077563929,"DemBarE":0,"DemBarP":0,"BarRetP":0},{"id":30,"time":99,"name":"DonGoyo220","marginal_cost":142.4089171322,"value":142.4089171322,"DemBarE":0,"DemBarP":0,"BarRetP":0},{"id":30,"time":100,"name":"DonGoyo220","marginal_cost":143.3512762126,"value":143.3512762126,"DemBarE":0,"DemBarP":0,"BarRetP":0},{"id":30,"time":101,"name":"DonGoyo220","marginal_cost":143.3512762126,"value":143.3512762126,"DemBarE":0,"DemBarP":0,"BarRetP":0},{"id":30,"time":102,"name":"DonGoyo220","marginal_cost":143.3512762126,"value":143.3512762126,"DemBarE":0,"DemBarP":0,"BarRetP":0},{"id":30,"time":103,"name":"DonGoyo220","marginal_cost":149.5327051485,"value":149.5327051485,"DemBarE":0,"DemBarP":0,"BarRetP":0},{"id":30,"time":104,"name":"DonGoyo220","marginal_cost":143.8304976117,"value":143.8304976117,"DemBarE":0,"DemBarP":0,"BarRetP":0},{"id":30,"time":105,"name":"DonGoyo220","marginal_cost":143.8304976117,"value":143.8304976117,"DemBarE":0,"DemBarP":0,"BarRetP":0},{"id":30,"time":106,"name":"DonGoyo220","marginal_cost":90.7122612818,"value":90.7122612818,"DemBarE":0,"DemBarP":0,"BarRetP":0},{"id":30,"time":107,"name":"DonGoyo220","marginal_cost":90.6852031543,"value":90.6852031543,"DemBarE":0,"DemBarP":0,"BarRetP":0},{"id":30,"time":108,"name":"DonGoyo220","marginal_cost":89.9416702724,"value":89.9416702724,"DemBarE":0,"DemBarP":0,"BarRetP":0},{"id":30,"time":109,"name":"DonGoyo220","marginal_cost":89.9416702724,"value":89.9416702724,"DemBarE":0,"DemBarP":0,"BarRetP":0},{"id":30,"time":110,"name":"DonGoyo220","marginal_cost":90.5889544441,"value":90.5889544441,"DemBarE":0,"DemBarP":0,"BarRetP":0},{"id":30,"time":111,"name":"DonGoyo220","marginal_cost":90.5414299356,"value":90.5414299356,"DemBarE":0,"DemBarP":0,"BarRetP":0},{"id":30,"time":112,"name":"DonGoyo220","marginal_cost":90.5414299356,"value":90.5414299356,"DemBarE":0,"DemBarP":0,"BarRetP":0},{"id":30,"time":113,"name":"DonGoyo220","marginal_cost":144.6365330666,"value":144.6365330666,"DemBarE":0,"DemBarP":0,"BarRetP":0},{"id":30,"time":114,"name":"DonGoyo220","marginal_cost":144.6365330666,"value":144.6365330666,"DemBarE":0,"DemBarP":0,"BarRetP":0},{"id":30,"time":115,"name":"DonGoyo220","marginal_cost":144.6365330666,"value":144.6365330666,"DemBarE":0,"DemBarP":0,"BarRetP":0},{"id":30,"time":116,"name":"DonGoyo220","marginal_cost":155.2697244511,"value":155.2697244511,"DemBarE":0,"DemBarP":0,"BarRetP":0},{"id":30,"time":117,"name":"DonGoyo220","marginal_cost":155.2697244511,"value":155.2697244511,"DemBarE":0,"DemBarP":0,"BarRetP":0},{"id":30,"time":118,"name":"DonGoyo220","marginal_cost":155.2697244511,"value":155.2697244511,"DemBarE":0,"DemBarP":0,"BarRetP":0},{"id":30,"time":119,"name":"DonGoyo220","marginal_cost":155.8312602222,"value":155.8312602222,"DemBarE":0,"DemBarP":0,"BarRetP":0},{"id":30,"time":120,"name":"DonGoyo220","marginal_cost":153.3864473334,"value":153.3864473334,"DemBarE":0,"DemBarP":0,"BarRetP":0},{"id":30,"time":121,"name":"DonGoyo220","marginal_cost":150.7817231348,"value":150.7817231348,"DemBarE":0,"DemBarP":0,"BarRetP":0},{"id":30,"time":122,"name":"DonGoyo220","marginal_cost":150.8741953164,"value":150.8741953164,"DemBarE":0,"DemBarP":0,"BarRetP":0},{"id":30,"time":123,"name":"DonGoyo220","marginal_cost":145.927627566,"value":145.927627566,"DemBarE":0,"DemBarP":0,"BarRetP":0},{"id":30,"time":124,"name":"DonGoyo220","marginal_cost":145.927627566,"value":145.927627566,"DemBarE":0,"DemBarP":0,"BarRetP":0},{"id":30,"time":125,"name":"DonGoyo220","marginal_cost":145.927627566,"value":145.927627566,"DemBarE":0,"DemBarP":0,"BarRetP":0},{"id":30,"time":126,"name":"DonGoyo220","marginal_cost":145.927627566,"value":145.927627566,"DemBarE":0,"DemBarP":0,"BarRetP":0},{"id":30,"time":127,"name":"DonGoyo220","marginal_cost":151.3581812171,"value":151.3581812171,"DemBarE":0,"DemBarP":0,"BarRetP":0},{"id":30,"time":128,"name":"DonGoyo220","marginal_cost":154.5497248965,"value":154.5497248965,"DemBarE":0,"DemBarP":0,"BarRetP":0},{"id":30,"time":129,"name":"DonGoyo220","marginal_cost":138.7718929626,"value":138.7718929626,"DemBarE":0,"DemBarP":0,"BarRetP":0},{"id":30,"time":130,"name":"DonGoyo220","marginal_cost":109.130488413,"value":109.130488413,"DemBarE":0,"DemBarP":0,"BarRetP":0},{"id":30,"time":131,"name":"DonGoyo220","marginal_cost":89.6470843337,"value":89.6470843337,"DemBarE":0,"DemBarP":0,"BarRetP":0},{"id":30,"time":132,"name":"DonGoyo220","marginal_cost":91.4135745454,"value":91.4135745454,"DemBarE":0,"DemBarP":0,"BarRetP":0},{"id":30,"time":133,"name":"DonGoyo220","marginal_cost":91.6215675669,"value":91.6215675669,"DemBarE":0,"DemBarP":0,"BarRetP":0},{"id":30,"time":134,"name":"DonGoyo220","marginal_cost":91.6215675669,"value":91.6215675669,"DemBarE":0,"DemBarP":0,"BarRetP":0},{"id":30,"time":135,"name":"DonGoyo220","marginal_cost":91.6215675669,"value":91.6215675669,"DemBarE":0,"DemBarP":0,"BarRetP":0},{"id":30,"time":136,"name":"DonGoyo220","marginal_cost":91.6215675669,"value":91.6215675669,"DemBarE":0,"DemBarP":0,"BarRetP":0},{"id":30,"time":137,"name":"DonGoyo220","marginal_cost":154.0899527994,"value":154.0899527994,"DemBarE":0,"DemBarP":0,"BarRetP":0},{"id":30,"time":138,"name":"DonGoyo220","marginal_cost":154.0899527994,"value":154.0899527994,"DemBarE":0,"DemBarP":0,"BarRetP":0},{"id":30,"time":139,"name":"DonGoyo220","marginal_cost":154.0899527994,"value":154.0899527994,"DemBarE":0,"DemBarP":0,"BarRetP":0},{"id":30,"time":140,"name":"DonGoyo220","marginal_cost":154.0899527994,"value":154.0899527994,"DemBarE":0,"DemBarP":0,"BarRetP":0},{"id":30,"time":141,"name":"DonGoyo220","marginal_cost":154.0899527994,"value":154.0899527994,"DemBarE":0,"DemBarP":0,"BarRetP":0},{"id":30,"time":142,"name":"DonGoyo220","marginal_cost":154.0899527994,"value":154.0899527994,"DemBarE":0,"DemBarP":0,"BarRetP":0},{"id":30,"time":143,"name":"DonGoyo220","marginal_cost":155.7575350108,"value":155.7575350108,"DemBarE":0,"DemBarP":0,"BarRetP":0},{"id":30,"time":144,"name":"DonGoyo220","marginal_cost":155.9107070879,"value":155.9107070879,"DemBarE":0,"DemBarP":0,"BarRetP":0},{"id":30,"time":145,"name":"DonGoyo220","marginal_cost":154.5827244157,"value":154.5827244157,"DemBarE":0,"DemBarP":0,"BarRetP":0},{"id":30,"time":146,"name":"DonGoyo220","marginal_cost":153.0746268173,"value":153.0746268173,"DemBarE":0,"DemBarP":0,"BarRetP":0},{"id":30,"time":147,"name":"DonGoyo220","marginal_cost":151.0707739426,"value":151.0707739426,"DemBarE":0,"DemBarP":0,"BarRetP":0},{"id":30,"time":148,"name":"DonGoyo220","marginal_cost":151.0707739426,"value":151.0707739426,"DemBarE":0,"DemBarP":0,"BarRetP":0},{"id":30,"time":149,"name":"DonGoyo220","marginal_cost":151.0707739426,"value":151.0707739426,"DemBarE":0,"DemBarP":0,"BarRetP":0},{"id":30,"time":150,"name":"DonGoyo220","marginal_cost":151.0707739426,"value":151.0707739426,"DemBarE":0,"DemBarP":0,"BarRetP":0},{"id":30,"time":151,"name":"DonGoyo220","marginal_cost":153.769929595,"value":153.769929595,"DemBarE":0,"DemBarP":0,"BarRetP":0},{"id":30,"time":152,"name":"DonGoyo220","marginal_cost":148.9944888712,"value":148.9944888712,"DemBarE":0,"DemBarP":0,"BarRetP":0},{"id":30,"time":153,"name":"DonGoyo220","marginal_cost":148.9944888712,"value":148.9944888712,"DemBarE":0,"DemBarP":0,"BarRetP":0},{"id":30,"time":154,"name":"DonGoyo220","marginal_cost":109.0928300565,"value":109.0928300565,"DemBarE":0,"DemBarP":0,"BarRetP":0},{"id":30,"time":155,"name":"DonGoyo220","marginal_cost":109.0928300565,"value":109.0928300565,"DemBarE":0,"DemBarP":0,"BarRetP":0},{"id":30,"time":156,"name":"DonGoyo220","marginal_cost":108.2914994821,"value":108.2914994821,"DemBarE":0,"DemBarP":0,"BarRetP":0},{"id":30,"time":157,"name":"DonGoyo220","marginal_cost":92.9566646344,"value":92.9566646344,"DemBarE":0,"DemBarP":0,"BarRetP":0},{"id":30,"time":158,"name":"DonGoyo220","marginal_cost":92.9566646344,"value":92.9566646344,"DemBarE":0,"DemBarP":0,"BarRetP":0},{"id":30,"time":159,"name":"DonGoyo220","marginal_cost":92.9566646344,"value":92.9566646344,"DemBarE":0,"DemBarP":0,"BarRetP":0},{"id":30,"time":160,"name":"DonGoyo220","marginal_cost":110.1607604009,"value":110.1607604009,"DemBarE":0,"DemBarP":0,"BarRetP":0},{"id":30,"time":161,"name":"DonGoyo220","marginal_cost":110.1607604009,"value":110.1607604009,"DemBarE":0,"DemBarP":0,"BarRetP":0},{"id":30,"time":162,"name":"DonGoyo220","marginal_cost":149.8758896759,"value":149.8758896759,"DemBarE":0,"DemBarP":0,"BarRetP":0},{"id":30,"time":163,"name":"DonGoyo220","marginal_cost":157.7079779238,"value":157.7079779238,"DemBarE":0,"DemBarP":0,"BarRetP":0},{"id":30,"time":164,"name":"DonGoyo220","marginal_cost":157.7079779238,"value":157.7079779238,"DemBarE":0,"DemBarP":0,"BarRetP":0},{"id":30,"time":165,"name":"DonGoyo220","marginal_cost":157.7079779238,"value":157.7079779238,"DemBarE":0,"DemBarP":0,"BarRetP":0},{"id":30,"time":166,"name":"DonGoyo220","marginal_cost":157.7079779238,"value":157.7079779238,"DemBarE":0,"DemBarP":0,"BarRetP":0},{"id":30,"time":167,"name":"DonGoyo220","marginal_cost":156.4659472802,"value":156.4659472802,"DemBarE":0,"DemBarP":0,"BarRetP":0},{"id":30,"time":168,"name":"DonGoyo220","marginal_cost":156.2011588274,"value":156.2011588274,"DemBarE":0,"DemBarP":0,"BarRetP":0}]