[{"id":8,"time":1,"name":"Barriles220","marginal_cost":136.586872304,"value":136.586872304,"DemBarE":0,"DemBarP":0,"BarRetP":0},{"id":8,"time":2,"name":"Barriles220","marginal_cost":133.0758458796,"value":133.0758458796,"DemBarE":0,"DemBarP":0,"BarRetP":0},{"id":8,"time":3,"name":"Barriles220","marginal_cost":133.8938819109,"value":133.8938819109,"DemBarE":0,"DemBarP":0,"BarRetP":0},{"id":8,"time":4,"name":"Barriles220","marginal_cost":134.3165737664,"value":134.3165737664,"DemBarE":0,"DemBarP":0,"BarRetP":0},{"id":8,"time":5,"name":"Barriles220","marginal_cost":134.4114400215,"value":134.4114400215,"DemBarE":0,"DemBarP":0,"BarRetP":0},{"id":8,"time":6,"name":"Barriles220","marginal_cost":99.5007536467,"value":99.5007536467,"DemBarE":0,"DemBarP":0,"BarRetP":0},{"id":8,"time":7,"name":"Barriles220","marginal_cost":135.3566931305,"value":135.3566931305,"DemBarE":0,"DemBarP":0,"BarRetP":0},{"id":8,"time":8,"name":"Barriles220","marginal_cost":158.1090406848,"value":158.1090406848,"DemBarE":0,"DemBarP":0,"BarRetP":0},{"id":8,"time":9,"name":"Barriles220","marginal_cost":108.377208663,"value":108.377208663,"DemBarE":0,"DemBarP":0,"BarRetP":0},{"id":8,"time":10,"name":"Barriles220","marginal_cost":74.5683378676,"value":74.5683378676,"DemBarE":0,"DemBarP":0,"BarRetP":0},{"id":8,"time":11,"name":"Barriles220","marginal_cost":73.1511492605,"value":73.1511492605,"DemBarE":0,"DemBarP":0,"BarRetP":0},{"id":8,"time":12,"name":"Barriles220","marginal_cost":64.5885051313,"value":64.5885051313,"DemBarE":0,"DemBarP":0,"BarRetP":0},{"id":8,"time":13,"name":"Barriles220","marginal_cost":44.4182322259,"value":44.4182322259,"DemBarE":0,"DemBarP":0,"BarRetP":0},{"id":8,"time":14,"name":"Barriles220","marginal_cost":-1.7757380372,"value":-1.7757380372,"DemBarE":0,"DemBarP":0,"BarRetP":0},{"id":8,"time":15,"name":"Barriles220","marginal_cost":-1.4607202444,"value":-1.4607202444,"DemBarE":0,"DemBarP":0,"BarRetP":0},{"id":8,"time":16,"name":"Barriles220","marginal_cost":-1.4670958913,"value":-1.4670958913,"DemBarE":0,"DemBarP":0,"BarRetP":0},{"id":8,"time":17,"name":"Barriles220","marginal_cost":93.0095928317,"value":93.0095928317,"DemBarE":0,"DemBarP":0,"BarRetP":0},{"id":8,"time":18,"name":"Barriles220","marginal_cost":133.7352269448,"value":133.7352269448,"DemBarE":0,"DemBarP":0,"BarRetP":0},{"id":8,"time":19,"name":"Barriles220","marginal_cost":172.4501228561,"value":172.4501228561,"DemBarE":0,"DemBarP":0,"BarRetP":0},{"id":8,"time":20,"name":"Barriles220","marginal_cost":172.3041776677,"value":172.3041776677,"DemBarE":0,"DemBarP":0,"BarRetP":0},{"id":8,"time":21,"name":"Barriles220","marginal_cost":166.9322058267,"value":166.9322058267,"DemBarE":0,"DemBarP":0,"BarRetP":0},{"id":8,"time":22,"name":"Barriles220","marginal_cost":161.5237800641,"value":161.5237800641,"DemBarE":0,"DemBarP":0,"BarRetP":0},{"id":8,"time":23,"name":"Barriles220","marginal_cost":157.4774236287,"value":157.4774236287,"DemBarE":0,"DemBarP":0,"BarRetP":0},{"id":8,"time":24,"name":"Barriles220","marginal_cost":156.389731079,"value":156.389731079,"DemBarE":0,"DemBarP":0,"BarRetP":0},{"id":8,"time":25,"name":"Barriles220","marginal_cost":156.3817718732,"value":156.3817718732,"DemBarE":0,"DemBarP":0,"BarRetP":0},{"id":8,"time":26,"name":"Barriles220","marginal_cost":154.169848438,"value":154.169848438,"DemBarE":0,"DemBarP":0,"BarRetP":0},{"id":8,"time":27,"name":"Barriles220","marginal_cost":155.4865297808,"value":155.4865297808,"DemBarE":0,"DemBarP":0,"BarRetP":0},{"id":8,"time":28,"name":"Barriles220","marginal_cost":154.7408766077,"value":154.7408766077,"DemBarE":0,"DemBarP":0,"BarRetP":0},{"id":8,"time":29,"name":"Barriles220","marginal_cost":153.3872064501,"value":153.3872064501,"DemBarE":0,"DemBarP":0,"BarRetP":0},{"id":8,"time":30,"name":"Barriles220","marginal_cost":154.2274164995,"value":154.2274164995,"DemBarE":0,"DemBarP":0,"BarRetP":0},{"id":8,"time":31,"name":"Barriles220","marginal_cost":161.3942238384,"value":161.3942238384,"DemBarE":0,"DemBarP":0,"BarRetP":0},{"id":8,"time":32,"name":"Barriles220","marginal_cost":155.4946731851,"value":155.4946731851,"DemBarE":0,"DemBarP":0,"BarRetP":0},{"id":8,"time":33,"name":"Barriles220","marginal_cost":121.8029963552,"value":121.8029963552,"DemBarE":0,"DemBarP":0,"BarRetP":0},{"id":8,"time":34,"name":"Barriles220","marginal_cost":81.5747584168,"value":81.5747584168,"DemBarE":0,"DemBarP":0,"BarRetP":0},{"id":8,"time":35,"name":"Barriles220","marginal_cost":78.0361733148,"value":78.0361733148,"DemBarE":0,"DemBarP":0,"BarRetP":0},{"id":8,"time":36,"name":"Barriles220","marginal_cost":77.9710413701,"value":77.9710413701,"DemBarE":0,"DemBarP":0,"BarRetP":0},{"id":8,"time":37,"name":"Barriles220","marginal_cost":76.4388422331,"value":76.4388422331,"DemBarE":0,"DemBarP":0,"BarRetP":0},{"id":8,"time":38,"name":"Barriles220","marginal_cost":76.4388422331,"value":76.4388422331,"DemBarE":0,"DemBarP":0,"BarRetP":0},{"id":8,"time":39,"name":"Barriles220","marginal_cost":76.4388422331,"value":76.4388422331,"DemBarE":0,"DemBarP":0,"BarRetP":0},{"id":8,"time":40,"name":"Barriles220","marginal_cost":76.4388422331,"value":76.4388422331,"DemBarE":0,"DemBarP":0,"BarRetP":0},{"id":8,"time":41,"name":"Barriles220","marginal_cost":96.358530614,"value":96.358530614,"DemBarE":0,"DemBarP":0,"BarRetP":0},{"id":8,"time":42,"name":"Barriles220","marginal_cost":139.125707644,"value":139.125707644,"DemBarE":0,"DemBarP":0,"BarRetP":0},{"id":8,"time":43,"name":"Barriles220","marginal_cost":165.4365457345,"value":165.4365457345,"DemBarE":0,"DemBarP":0,"BarRetP":0},{"id":8,"time":44,"name":"Barriles220","marginal_cost":165.4365457345,"value":165.4365457345,"DemBarE":0,"DemBarP":0,"BarRetP":0},{"id":8,"time":45,"name":"Barriles220","marginal_cost":167.0243281085,"value":167.0243281085,"DemBarE":0,"DemBarP":0,"BarRetP":0},{"id":8,"time":46,"name":"Barriles220","marginal_cost":166.0025302587,"value":166.0025302587,"DemBarE":0,"DemBarP":0,"BarRetP":0},{"id":8,"time":47,"name":"Barriles220","marginal_cost":162.064818673,"value":162.064818673,"DemBarE":0,"DemBarP":0,"BarRetP":0},{"id":8,"time":48,"name":"Barriles220","marginal_cost":158.7154243638,"value":158.7154243638,"DemBarE":0,"DemBarP":0,"BarRetP":0},{"id":8,"time":49,"name":"Barriles220","marginal_cost":151.7767662721,"value":151.7767662721,"DemBarE":0,"DemBarP":0,"BarRetP":0},{"id":8,"time":50,"name":"Barriles220","marginal_cost":154.5069503829,"value":154.5069503829,"DemBarE":0,"DemBarP":0,"BarRetP":0},{"id":8,"time":51,"name":"Barriles220","marginal_cost":156.9938183568,"value":156.9938183568,"DemBarE":0,"DemBarP":0,"BarRetP":0},{"id":8,"time":52,"name":"Barriles220","marginal_cost":141.4454797342,"value":141.4454797342,"DemBarE":0,"DemBarP":0,"BarRetP":0},{"id":8,"time":53,"name":"Barriles220","marginal_cost":141.4454797342,"value":141.4454797342,"DemBarE":0,"DemBarP":0,"BarRetP":0},{"id":8,"time":54,"name":"Barriles220","marginal_cost":140.153944323,"value":140.153944323,"DemBarE":0,"DemBarP":0,"BarRetP":0},{"id":8,"time":55,"name":"Barriles220","marginal_cost":139.1359016213,"value":139.1359016213,"DemBarE":0,"DemBarP":0,"BarRetP":0},{"id":8,"time":56,"name":"Barriles220","marginal_cost":134.4383735168,"value":134.4383735168,"DemBarE":0,"DemBarP":0,"BarRetP":0},{"id":8,"time":57,"name":"Barriles220","marginal_cost":101.0287958798,"value":101.0287958798,"DemBarE":0,"DemBarP":0,"BarRetP":0},{"id":8,"time":58,"name":"Barriles220","marginal_cost":79.1244064741,"value":79.1244064741,"DemBarE":0,"DemBarP":0,"BarRetP":0},{"id":8,"time":59,"name":"Barriles220","marginal_cost":77.8234416001,"value":77.8234416001,"DemBarE":0,"DemBarP":0,"BarRetP":0},{"id":8,"time":60,"name":"Barriles220","marginal_cost":77.1775634923,"value":77.1775634923,"DemBarE":0,"DemBarP":0,"BarRetP":0},{"id":8,"time":61,"name":"Barriles220","marginal_cost":-2.0841682888,"value":-2.0841682888,"DemBarE":0,"DemBarP":0,"BarRetP":0},{"id":8,"time":62,"name":"Barriles220","marginal_cost":-2.0841682888,"value":-2.0841682888,"DemBarE":0,"DemBarP":0,"BarRetP":0},{"id":8,"time":63,"name":"Barriles220","marginal_cost":-1.7901023341,"value":-1.7901023341,"DemBarE":0,"DemBarP":0,"BarRetP":0},{"id":8,"time":64,"name":"Barriles220","marginal_cost":-1.2203328665,"value":-1.2203328665,"DemBarE":0,"DemBarP":0,"BarRetP":0},{"id":8,"time":65,"name":"Barriles220","marginal_cost":113.5122041369,"value":113.5122041369,"DemBarE":0,"DemBarP":0,"BarRetP":0},{"id":8,"time":66,"name":"Barriles220","marginal_cost":113.5122041369,"value":113.5122041369,"DemBarE":0,"DemBarP":0,"BarRetP":0},{"id":8,"time":67,"name":"Barriles220","marginal_cost":166.3358424239,"value":166.3358424239,"DemBarE":0,"DemBarP":0,"BarRetP":0},{"id":8,"time":68,"name":"Barriles220","marginal_cost":162.6286449027,"value":162.6286449027,"DemBarE":0,"DemBarP":0,"BarRetP":0},{"id":8,"time":69,"name":"Barriles220","marginal_cost":162.6286449027,"value":162.6286449027,"DemBarE":0,"DemBarP":0,"BarRetP":0},{"id":8,"time":70,"name":"Barriles220","marginal_cost":163.5303447529,"value":163.5303447529,"DemBarE":0,"DemBarP":0,"BarRetP":0},{"id":8,"time":71,"name":"Barriles220","marginal_cost":155.3015503822,"value":155.3015503822,"DemBarE":0,"DemBarP":0,"BarRetP":0},{"id":8,"time":72,"name":"Barriles220","marginal_cost":152.922704022,"value":152.922704022,"DemBarE":0,"DemBarP":0,"BarRetP":0},{"id":8,"time":73,"name":"Barriles220","marginal_cost":151.0162926244,"value":151.0162926244,"DemBarE":0,"DemBarP":0,"BarRetP":0},{"id":8,"time":74,"name":"Barriles220","marginal_cost":151.6043455992,"value":151.6043455992,"DemBarE":0,"DemBarP":0,"BarRetP":0},{"id":8,"time":75,"name":"Barriles220","marginal_cost":139.3367977078,"value":139.3367977078,"DemBarE":0,"DemBarP":0,"BarRetP":0},{"id":8,"time":76,"name":"Barriles220","marginal_cost":139.3367977078,"value":139.3367977078,"DemBarE":0,"DemBarP":0,"BarRetP":0},{"id":8,"time":77,"name":"Barriles220","marginal_cost":139.3367977078,"value":139.3367977078,"DemBarE":0,"DemBarP":0,"BarRetP":0},{"id":8,"time":78,"name":"Barriles220","marginal_cost":139.3367977078,"value":139.3367977078,"DemBarE":0,"DemBarP":0,"BarRetP":0},{"id":8,"time":79,"name":"Barriles220","marginal_cost":139.3367977078,"value":139.3367977078,"DemBarE":0,"DemBarP":0,"BarRetP":0},{"id":8,"time":80,"name":"Barriles220","marginal_cost":121.4746909038,"value":121.4746909038,"DemBarE":0,"DemBarP":0,"BarRetP":0},{"id":8,"time":81,"name":"Barriles220","marginal_cost":121.4746909038,"value":121.4746909038,"DemBarE":0,"DemBarP":0,"BarRetP":0},{"id":8,"time":82,"name":"Barriles220","marginal_cost":78.6082496929,"value":78.6082496929,"DemBarE":0,"DemBarP":0,"BarRetP":0},{"id":8,"time":83,"name":"Barriles220","marginal_cost":78.6082496929,"value":78.6082496929,"DemBarE":0,"DemBarP":0,"BarRetP":0},{"id":8,"time":84,"name":"Barriles220","marginal_cost":75.5834607773,"value":75.5834607773,"DemBarE":0,"DemBarP":0,"BarRetP":0},{"id":8,"time":85,"name":"Barriles220","marginal_cost":75.5834607773,"value":75.5834607773,"DemBarE":0,"DemBarP":0,"BarRetP":0},{"id":8,"time":86,"name":"Barriles220","marginal_cost":78.15889049,"value":78.15889049,"DemBarE":0,"DemBarP":0,"BarRetP":0},{"id":8,"time":87,"name":"Barriles220","marginal_cost":78.15889049,"value":78.15889049,"DemBarE":0,"DemBarP":0,"BarRetP":0},{"id":8,"time":88,"name":"Barriles220","marginal_cost":78.15889049,"value":78.15889049,"DemBarE":0,"DemBarP":0,"BarRetP":0},{"id":8,"time":89,"name":"Barriles220","marginal_cost":78.15889049,"value":78.15889049,"DemBarE":0,"DemBarP":0,"BarRetP":0},{"id":8,"time":90,"name":"Barriles220","marginal_cost":78.15889049,"value":78.15889049,"DemBarE":0,"DemBarP":0,"BarRetP":0},{"id":8,"time":91,"name":"Barriles220","marginal_cost":147.6965595014,"value":147.6965595014,"DemBarE":0,"DemBarP":0,"BarRetP":0},{"id":8,"time":92,"name":"Barriles220","marginal_cost":147.6965595014,"value":147.6965595014,"DemBarE":0,"DemBarP":0,"BarRetP":0},{"id":8,"time":93,"name":"Barriles220","marginal_cost":151.8221937802,"value":151.8221937802,"DemBarE":0,"DemBarP":0,"BarRetP":0},{"id":8,"time":94,"name":"Barriles220","marginal_cost":150.1992136356,"value":150.1992136356,"DemBarE":0,"DemBarP":0,"BarRetP":0},{"id":8,"time":95,"name":"Barriles220","marginal_cost":148.8976997997,"value":148.8976997997,"DemBarE":0,"DemBarP":0,"BarRetP":0},{"id":8,"time":96,"name":"Barriles220","marginal_cost":150.0144716824,"value":150.0144716824,"DemBarE":0,"DemBarP":0,"BarRetP":0},{"id":8,"time":97,"name":"Barriles220","marginal_cost":149.2719579661,"value":149.2719579661,"DemBarE":0,"DemBarP":0,"BarRetP":0},{"id":8,"time":98,"name":"Barriles220","marginal_cost":146.5771929444,"value":146.5771929444,"DemBarE":0,"DemBarP":0,"BarRetP":0},{"id":8,"time":99,"name":"Barriles220","marginal_cost":150.1062697436,"value":150.1062697436,"DemBarE":0,"DemBarP":0,"BarRetP":0},{"id":8,"time":100,"name":"Barriles220","marginal_cost":152.0497432878,"value":152.0497432878,"DemBarE":0,"DemBarP":0,"BarRetP":0},{"id":8,"time":101,"name":"Barriles220","marginal_cost":152.0497432878,"value":152.0497432878,"DemBarE":0,"DemBarP":0,"BarRetP":0},{"id":8,"time":102,"name":"Barriles220","marginal_cost":152.0497432878,"value":152.0497432878,"DemBarE":0,"DemBarP":0,"BarRetP":0},{"id":8,"time":103,"name":"Barriles220","marginal_cost":150.1939381621,"value":150.1939381621,"DemBarE":0,"DemBarP":0,"BarRetP":0},{"id":8,"time":104,"name":"Barriles220","marginal_cost":126.2319653803,"value":126.2319653803,"DemBarE":0,"DemBarP":0,"BarRetP":0},{"id":8,"time":105,"name":"Barriles220","marginal_cost":126.2319653803,"value":126.2319653803,"DemBarE":0,"DemBarP":0,"BarRetP":0},{"id":8,"time":106,"name":"Barriles220","marginal_cost":80.3350212455,"value":80.3350212455,"DemBarE":0,"DemBarP":0,"BarRetP":0},{"id":8,"time":107,"name":"Barriles220","marginal_cost":79.8055639982,"value":79.8055639982,"DemBarE":0,"DemBarP":0,"BarRetP":0},{"id":8,"time":108,"name":"Barriles220","marginal_cost":78.9193921128,"value":78.9193921128,"DemBarE":0,"DemBarP":0,"BarRetP":0},{"id":8,"time":109,"name":"Barriles220","marginal_cost":78.9193921128,"value":78.9193921128,"DemBarE":0,"DemBarP":0,"BarRetP":0},{"id":8,"time":110,"name":"Barriles220","marginal_cost":78.6660524592,"value":78.6660524592,"DemBarE":0,"DemBarP":0,"BarRetP":0},{"id":8,"time":111,"name":"Barriles220","marginal_cost":78.68925435,"value":78.68925435,"DemBarE":0,"DemBarP":0,"BarRetP":0},{"id":8,"time":112,"name":"Barriles220","marginal_cost":78.68925435,"value":78.68925435,"DemBarE":0,"DemBarP":0,"BarRetP":0},{"id":8,"time":113,"name":"Barriles220","marginal_cost":129.3103493906,"value":129.3103493906,"DemBarE":0,"DemBarP":0,"BarRetP":0},{"id":8,"time":114,"name":"Barriles220","marginal_cost":129.3103493906,"value":129.3103493906,"DemBarE":0,"DemBarP":0,"BarRetP":0},{"id":8,"time":115,"name":"Barriles220","marginal_cost":129.3103493906,"value":129.3103493906,"DemBarE":0,"DemBarP":0,"BarRetP":0},{"id":8,"time":116,"name":"Barriles220","marginal_cost":154.998731254,"value":154.998731254,"DemBarE":0,"DemBarP":0,"BarRetP":0},{"id":8,"time":117,"name":"Barriles220","marginal_cost":154.998731254,"value":154.998731254,"DemBarE":0,"DemBarP":0,"BarRetP":0},{"id":8,"time":118,"name":"Barriles220","marginal_cost":154.998731254,"value":154.998731254,"DemBarE":0,"DemBarP":0,"BarRetP":0},{"id":8,"time":119,"name":"Barriles220","marginal_cost":155.0925600663,"value":155.0925600663,"DemBarE":0,"DemBarP":0,"BarRetP":0},{"id":8,"time":120,"name":"Barriles220","marginal_cost":151.5637965437,"value":151.5637965437,"DemBarE":0,"DemBarP":0,"BarRetP":0},{"id":8,"time":121,"name":"Barriles220","marginal_cost":151.734047705,"value":151.734047705,"DemBarE":0,"DemBarP":0,"BarRetP":0},{"id":8,"time":122,"name":"Barriles220","marginal_cost":152.0159051756,"value":152.0159051756,"DemBarE":0,"DemBarP":0,"BarRetP":0},{"id":8,"time":123,"name":"Barriles220","marginal_cost":144.4083501217,"value":144.4083501217,"DemBarE":0,"DemBarP":0,"BarRetP":0},{"id":8,"time":124,"name":"Barriles220","marginal_cost":144.4083501217,"value":144.4083501217,"DemBarE":0,"DemBarP":0,"BarRetP":0},{"id":8,"time":125,"name":"Barriles220","marginal_cost":144.4083501217,"value":144.4083501217,"DemBarE":0,"DemBarP":0,"BarRetP":0},{"id":8,"time":126,"name":"Barriles220","marginal_cost":144.4083501217,"value":144.4083501217,"DemBarE":0,"DemBarP":0,"BarRetP":0},{"id":8,"time":127,"name":"Barriles220","marginal_cost":143.7535260642,"value":143.7535260642,"DemBarE":0,"DemBarP":0,"BarRetP":0},{"id":8,"time":128,"name":"Barriles220","marginal_cost":141.3964621324,"value":141.3964621324,"DemBarE":0,"DemBarP":0,"BarRetP":0},{"id":8,"time":129,"name":"Barriles220","marginal_cost":123.9618794471,"value":123.9618794471,"DemBarE":0,"DemBarP":0,"BarRetP":0},{"id":8,"time":130,"name":"Barriles220","marginal_cost":94.6294349933,"value":94.6294349933,"DemBarE":0,"DemBarP":0,"BarRetP":0},{"id":8,"time":131,"name":"Barriles220","marginal_cost":78.6563712738,"value":78.6563712738,"DemBarE":0,"DemBarP":0,"BarRetP":0},{"id":8,"time":132,"name":"Barriles220","marginal_cost":80.0274556748,"value":80.0274556748,"DemBarE":0,"DemBarP":0,"BarRetP":0},{"id":8,"time":133,"name":"Barriles220","marginal_cost":79.4055075276,"value":79.4055075276,"DemBarE":0,"DemBarP":0,"BarRetP":0},{"id":8,"time":134,"name":"Barriles220","marginal_cost":79.4055075276,"value":79.4055075276,"DemBarE":0,"DemBarP":0,"BarRetP":0},{"id":8,"time":135,"name":"Barriles220","marginal_cost":79.4055075276,"value":79.4055075276,"DemBarE":0,"DemBarP":0,"BarRetP":0},{"id":8,"time":136,"name":"Barriles220","marginal_cost":79.4055075276,"value":79.4055075276,"DemBarE":0,"DemBarP":0,"BarRetP":0},{"id":8,"time":137,"name":"Barriles220","marginal_cost":142.7341096745,"value":142.7341096745,"DemBarE":0,"DemBarP":0,"BarRetP":0},{"id":8,"time":138,"name":"Barriles220","marginal_cost":142.7341096745,"value":142.7341096745,"DemBarE":0,"DemBarP":0,"BarRetP":0},{"id":8,"time":139,"name":"Barriles220","marginal_cost":142.7341096745,"value":142.7341096745,"DemBarE":0,"DemBarP":0,"BarRetP":0},{"id":8,"time":140,"name":"Barriles220","marginal_cost":142.7341096745,"value":142.7341096745,"DemBarE":0,"DemBarP":0,"BarRetP":0},{"id":8,"time":141,"name":"Barriles220","marginal_cost":142.7341096745,"value":142.7341096745,"DemBarE":0,"DemBarP":0,"BarRetP":0},{"id":8,"time":142,"name":"Barriles220","marginal_cost":142.7341096745,"value":142.7341096745,"DemBarE":0,"DemBarP":0,"BarRetP":0},{"id":8,"time":143,"name":"Barriles220","marginal_cost":149.8265237163,"value":149.8265237163,"DemBarE":0,"DemBarP":0,"BarRetP":0},{"id":8,"time":144,"name":"Barriles220","marginal_cost":148.8574527034,"value":148.8574527034,"DemBarE":0,"DemBarP":0,"BarRetP":0},{"id":8,"time":145,"name":"Barriles220","marginal_cost":150.0805523001,"value":150.0805523001,"DemBarE":0,"DemBarP":0,"BarRetP":0},{"id":8,"time":146,"name":"Barriles220","marginal_cost":146.6370247952,"value":146.6370247952,"DemBarE":0,"DemBarP":0,"BarRetP":0},{"id":8,"time":147,"name":"Barriles220","marginal_cost":145.9841704522,"value":145.9841704522,"DemBarE":0,"DemBarP":0,"BarRetP":0},{"id":8,"time":148,"name":"Barriles220","marginal_cost":145.9841704522,"value":145.9841704522,"DemBarE":0,"DemBarP":0,"BarRetP":0},{"id":8,"time":149,"name":"Barriles220","marginal_cost":145.9841704522,"value":145.9841704522,"DemBarE":0,"DemBarP":0,"BarRetP":0},{"id":8,"time":150,"name":"Barriles220","marginal_cost":145.9841704522,"value":145.9841704522,"DemBarE":0,"DemBarP":0,"BarRetP":0},{"id":8,"time":151,"name":"Barriles220","marginal_cost":145.651113711,"value":145.651113711,"DemBarE":0,"DemBarP":0,"BarRetP":0},{"id":8,"time":152,"name":"Barriles220","marginal_cost":124.9279110895,"value":124.9279110895,"DemBarE":0,"DemBarP":0,"BarRetP":0},{"id":8,"time":153,"name":"Barriles220","marginal_cost":124.9279110895,"value":124.9279110895,"DemBarE":0,"DemBarP":0,"BarRetP":0},{"id":8,"time":154,"name":"Barriles220","marginal_cost":94.2835597545,"value":94.2835597545,"DemBarE":0,"DemBarP":0,"BarRetP":0},{"id":8,"time":155,"name":"Barriles220","marginal_cost":94.2835597545,"value":94.2835597545,"DemBarE":0,"DemBarP":0,"BarRetP":0},{"id":8,"time":156,"name":"Barriles220","marginal_cost":93.5024122065,"value":93.5024122065,"DemBarE":0,"DemBarP":0,"BarRetP":0},{"id":8,"time":157,"name":"Barriles220","marginal_cost":79.6022912241,"value":79.6022912241,"DemBarE":0,"DemBarP":0,"BarRetP":0},{"id":8,"time":158,"name":"Barriles220","marginal_cost":79.6022912241,"value":79.6022912241,"DemBarE":0,"DemBarP":0,"BarRetP":0},{"id":8,"time":159,"name":"Barriles220","marginal_cost":79.6022912241,"value":79.6022912241,"DemBarE":0,"DemBarP":0,"BarRetP":0},{"id":8,"time":160,"name":"Barriles220","marginal_cost":94.9578455206,"value":94.9578455206,"DemBarE":0,"DemBarP":0,"BarRetP":0},{"id":8,"time":161,"name":"Barriles220","marginal_cost":94.9578455206,"value":94.9578455206,"DemBarE":0,"DemBarP":0,"BarRetP":0},{"id":8,"time":162,"name":"Barriles220","marginal_cost":127.8864662438,"value":127.8864662438,"DemBarE":0,"DemBarP":0,"BarRetP":0},{"id":8,"time":163,"name":"Barriles220","marginal_cost":150.1611064819,"value":150.1611064819,"DemBarE":0,"DemBarP":0,"BarRetP":0},{"id":8,"time":164,"name":"Barriles220","marginal_cost":150.1611064819,"value":150.1611064819,"DemBarE":0,"DemBarP":0,"BarRetP":0},{"id":8,"time":165,"name":"Barriles220","marginal_cost":150.1611064819,"value":150.1611064819,"DemBarE":0,"DemBarP":0,"BarRetP":0},{"id":8,"time":166,"name":"Barriles220","marginal_cost":150.1611064819,"value":150.1611064819,"DemBarE":0,"DemBarP":0,"BarRetP":0},{"id":8,"time":167,"name":"Barriles220","marginal_cost":148.9333518071,"value":148.9333518071,"DemBarE":0,"DemBarP":0,"BarRetP":0},{"id":8,"time":168,"name":"Barriles220","marginal_cost":148.5840925214,"value":148.5840925214,"DemBarE":0,"DemBarP":0,"BarRetP":0}]