[{"id":144,"time":1,"name":"Lagunillas154","marginal_cost":0.0,"value":0.0,"DemBarE":0,"DemBarP":0,"BarRetP":0},{"id":144,"time":2,"name":"Lagunillas154","marginal_cost":0.0,"value":0.0,"DemBarE":0,"DemBarP":0,"BarRetP":0},{"id":144,"time":3,"name":"Lagunillas154","marginal_cost":0.0,"value":0.0,"DemBarE":0,"DemBarP":0,"BarRetP":0},{"id":144,"time":4,"name":"Lagunillas154","marginal_cost":0.0,"value":0.0,"DemBarE":0,"DemBarP":0,"BarRetP":0},{"id":144,"time":5,"name":"Lagunillas154","marginal_cost":0.0,"value":0.0,"DemBarE":0,"DemBarP":0,"BarRetP":0},{"id":144,"time":6,"name":"Lagunillas154","marginal_cost":0.0,"value":0.0,"DemBarE":0,"DemBarP":0,"BarRetP":0},{"id":144,"time":7,"name":"Lagunillas154","marginal_cost":0.0,"value":0.0,"DemBarE":0,"DemBarP":0,"BarRetP":0},{"id":144,"time":8,"name":"Lagunillas154","marginal_cost":0.0,"value":0.0,"DemBarE":0,"DemBarP":0,"BarRetP":0},{"id":144,"time":9,"name":"Lagunillas154","marginal_cost":0.0,"value":0.0,"DemBarE":0,"DemBarP":0,"BarRetP":0},{"id":144,"time":10,"name":"Lagunillas154","marginal_cost":0.0,"value":0.0,"DemBarE":0,"DemBarP":0,"BarRetP":0},{"id":144,"time":11,"name":"Lagunillas154","marginal_cost":0.0,"value":0.0,"DemBarE":0,"DemBarP":0,"BarRetP":0},{"id":144,"time":12,"name":"Lagunillas154","marginal_cost":0.0,"value":0.0,"DemBarE":0,"DemBarP":0,"BarRetP":0},{"id":144,"time":13,"name":"Lagunillas154","marginal_cost":0.0,"value":0.0,"DemBarE":0,"DemBarP":0,"BarRetP":0},{"id":144,"time":14,"name":"Lagunillas154","marginal_cost":0.0,"value":0.0,"DemBarE":0,"DemBarP":0,"BarRetP":0},{"id":144,"time":15,"name":"Lagunillas154","marginal_cost":0.0,"value":0.0,"DemBarE":0,"DemBarP":0,"BarRetP":0},{"id":144,"time":16,"name":"Lagunillas154","marginal_cost":0.0,"value":0.0,"DemBarE":0,"DemBarP":0,"BarRetP":0},{"id":144,"time":17,"name":"Lagunillas154","marginal_cost":0.0,"value":0.0,"DemBarE":0,"DemBarP":0,"BarRetP":0},{"id":144,"time":18,"name":"Lagunillas154","marginal_cost":0.0,"value":0.0,"DemBarE":0,"DemBarP":0,"BarRetP":0},{"id":144,"time":19,"name":"Lagunillas154","marginal_cost":0.0,"value":0.0,"DemBarE":0,"DemBarP":0,"BarRetP":0},{"id":144,"time":20,"name":"Lagunillas154","marginal_cost":0.0,"value":0.0,"DemBarE":0,"DemBarP":0,"BarRetP":0},{"id":144,"time":21,"name":"Lagunillas154","marginal_cost":0.0,"value":0.0,"DemBarE":0,"DemBarP":0,"BarRetP":0},{"id":144,"time":22,"name":"Lagunillas154","marginal_cost":0.0,"value":0.0,"DemBarE":0,"DemBarP":0,"BarRetP":0},{"id":144,"time":23,"name":"Lagunillas154","marginal_cost":0.0,"value":0.0,"DemBarE":0,"DemBarP":0,"BarRetP":0},{"id":144,"time":24,"name":"Lagunillas154","marginal_cost":0.0,"value":0.0,"DemBarE":0,"DemBarP":0,"BarRetP":0},{"id":144,"time":25,"name":"Lagunillas154","marginal_cost":0.0,"value":0.0,"DemBarE":0,"DemBarP":0,"BarRetP":0},{"id":144,"time":26,"name":"Lagunillas154","marginal_cost":0.0,"value":0.0,"DemBarE":0,"DemBarP":0,"BarRetP":0},{"id":144,"time":27,"name":"Lagunillas154","marginal_cost":0.0,"value":0.0,"DemBarE":0,"DemBarP":0,"BarRetP":0},{"id":144,"time":28,"name":"Lagunillas154","marginal_cost":0.0,"value":0.0,"DemBarE":0,"DemBarP":0,"BarRetP":0},{"id":144,"time":29,"name":"Lagunillas154","marginal_cost":0.0,"value":0.0,"DemBarE":0,"DemBarP":0,"BarRetP":0},{"id":144,"time":30,"name":"Lagunillas154","marginal_cost":0.0,"value":0.0,"DemBarE":0,"DemBarP":0,"BarRetP":0},{"id":144,"time":31,"name":"Lagunillas154","marginal_cost":0.0,"value":0.0,"DemBarE":0,"DemBarP":0,"BarRetP":0},{"id":144,"time":32,"name":"Lagunillas154","marginal_cost":0.0,"value":0.0,"DemBarE":0,"DemBarP":0,"BarRetP":0},{"id":144,"time":33,"name":"Lagunillas154","marginal_cost":0.0,"value":0.0,"DemBarE":0,"DemBarP":0,"BarRetP":0},{"id":144,"time":34,"name":"Lagunillas154","marginal_cost":0.0,"value":0.0,"DemBarE":0,"DemBarP":0,"BarRetP":0},{"id":144,"time":35,"name":"Lagunillas154","marginal_cost":0.0,"value":0.0,"DemBarE":0,"DemBarP":0,"BarRetP":0},{"id":144,"time":36,"name":"Lagunillas154","marginal_cost":0.0,"value":0.0,"DemBarE":0,"DemBarP":0,"BarRetP":0},{"id":144,"time":37,"name":"Lagunillas154","marginal_cost":0.0,"value":0.0,"DemBarE":0,"DemBarP":0,"BarRetP":0},{"id":144,"time":38,"name":"Lagunillas154","marginal_cost":0.0,"value":0.0,"DemBarE":0,"DemBarP":0,"BarRetP":0},{"id":144,"time":39,"name":"Lagunillas154","marginal_cost":0.0,"value":0.0,"DemBarE":0,"DemBarP":0,"BarRetP":0},{"id":144,"time":40,"name":"Lagunillas154","marginal_cost":0.0,"value":0.0,"DemBarE":0,"DemBarP":0,"BarRetP":0},{"id":144,"time":41,"name":"Lagunillas154","marginal_cost":0.0,"value":0.0,"DemBarE":0,"DemBarP":0,"BarRetP":0},{"id":144,"time":42,"name":"Lagunillas154","marginal_cost":0.0,"value":0.0,"DemBarE":0,"DemBarP":0,"BarRetP":0},{"id":144,"time":43,"name":"Lagunillas154","marginal_cost":0.0,"value":0.0,"DemBarE":0,"DemBarP":0,"BarRetP":0},{"id":144,"time":44,"name":"Lagunillas154","marginal_cost":0.0,"value":0.0,"DemBarE":0,"DemBarP":0,"BarRetP":0},{"id":144,"time":45,"name":"Lagunillas154","marginal_cost":0.0,"value":0.0,"DemBarE":0,"DemBarP":0,"BarRetP":0},{"id":144,"time":46,"name":"Lagunillas154","marginal_cost":0.0,"value":0.0,"DemBarE":0,"DemBarP":0,"BarRetP":0},{"id":144,"time":47,"name":"Lagunillas154","marginal_cost":0.0,"value":0.0,"DemBarE":0,"DemBarP":0,"BarRetP":0},{"id":144,"time":48,"name":"Lagunillas154","marginal_cost":0.0,"value":0.0,"DemBarE":0,"DemBarP":0,"BarRetP":0},{"id":144,"time":49,"name":"Lagunillas154","marginal_cost":0.0,"value":0.0,"DemBarE":0,"DemBarP":0,"BarRetP":0},{"id":144,"time":50,"name":"Lagunillas154","marginal_cost":0.0,"value":0.0,"DemBarE":0,"DemBarP":0,"BarRetP":0},{"id":144,"time":51,"name":"Lagunillas154","marginal_cost":0.0,"value":0.0,"DemBarE":0,"DemBarP":0,"BarRetP":0},{"id":144,"time":52,"name":"Lagunillas154","marginal_cost":0.0,"value":0.0,"DemBarE":0,"DemBarP":0,"BarRetP":0},{"id":144,"time":53,"name":"Lagunillas154","marginal_cost":0.0,"value":0.0,"DemBarE":0,"DemBarP":0,"BarRetP":0},{"id":144,"time":54,"name":"Lagunillas154","marginal_cost":0.0,"value":0.0,"DemBarE":0,"DemBarP":0,"BarRetP":0},{"id":144,"time":55,"name":"Lagunillas154","marginal_cost":0.0,"value":0.0,"DemBarE":0,"DemBarP":0,"BarRetP":0},{"id":144,"time":56,"name":"Lagunillas154","marginal_cost":0.0,"value":0.0,"DemBarE":0,"DemBarP":0,"BarRetP":0},{"id":144,"time":57,"name":"Lagunillas154","marginal_cost":0.0,"value":0.0,"DemBarE":0,"DemBarP":0,"BarRetP":0},{"id":144,"time":58,"name":"Lagunillas154","marginal_cost":0.0,"value":0.0,"DemBarE":0,"DemBarP":0,"BarRetP":0},{"id":144,"time":59,"name":"Lagunillas154","marginal_cost":0.0,"value":0.0,"DemBarE":0,"DemBarP":0,"BarRetP":0},{"id":144,"time":60,"name":"Lagunillas154","marginal_cost":0.0,"value":0.0,"DemBarE":0,"DemBarP":0,"BarRetP":0},{"id":144,"time":61,"name":"Lagunillas154","marginal_cost":0.0,"value":0.0,"DemBarE":0,"DemBarP":0,"BarRetP":0},{"id":144,"time":62,"name":"Lagunillas154","marginal_cost":0.0,"value":0.0,"DemBarE":0,"DemBarP":0,"BarRetP":0},{"id":144,"time":63,"name":"Lagunillas154","marginal_cost":0.0,"value":0.0,"DemBarE":0,"DemBarP":0,"BarRetP":0},{"id":144,"time":64,"name":"Lagunillas154","marginal_cost":0.0,"value":0.0,"DemBarE":0,"DemBarP":0,"BarRetP":0},{"id":144,"time":65,"name":"Lagunillas154","marginal_cost":0.0,"value":0.0,"DemBarE":0,"DemBarP":0,"BarRetP":0},{"id":144,"time":66,"name":"Lagunillas154","marginal_cost":0.0,"value":0.0,"DemBarE":0,"DemBarP":0,"BarRetP":0},{"id":144,"time":67,"name":"Lagunillas154","marginal_cost":0.0,"value":0.0,"DemBarE":0,"DemBarP":0,"BarRetP":0},{"id":144,"time":68,"name":"Lagunillas154","marginal_cost":0.0,"value":0.0,"DemBarE":0,"DemBarP":0,"BarRetP":0},{"id":144,"time":69,"name":"Lagunillas154","marginal_cost":0.0,"value":0.0,"DemBarE":0,"DemBarP":0,"BarRetP":0},{"id":144,"time":70,"name":"Lagunillas154","marginal_cost":0.0,"value":0.0,"DemBarE":0,"DemBarP":0,"BarRetP":0},{"id":144,"time":71,"name":"Lagunillas154","marginal_cost":0.0,"value":0.0,"DemBarE":0,"DemBarP":0,"BarRetP":0},{"id":144,"time":72,"name":"Lagunillas154","marginal_cost":0.0,"value":0.0,"DemBarE":0,"DemBarP":0,"BarRetP":0},{"id":144,"time":73,"name":"Lagunillas154","marginal_cost":0.0,"value":0.0,"DemBarE":0,"DemBarP":0,"BarRetP":0},{"id":144,"time":74,"name":"Lagunillas154","marginal_cost":0.0,"value":0.0,"DemBarE":0,"DemBarP":0,"BarRetP":0},{"id":144,"time":75,"name":"Lagunillas154","marginal_cost":0.0,"value":0.0,"DemBarE":0,"DemBarP":0,"BarRetP":0},{"id":144,"time":76,"name":"Lagunillas154","marginal_cost":0.0,"value":0.0,"DemBarE":0,"DemBarP":0,"BarRetP":0},{"id":144,"time":77,"name":"Lagunillas154","marginal_cost":0.0,"value":0.0,"DemBarE":0,"DemBarP":0,"BarRetP":0},{"id":144,"time":78,"name":"Lagunillas154","marginal_cost":0.0,"value":0.0,"DemBarE":0,"DemBarP":0,"BarRetP":0},{"id":144,"time":79,"name":"Lagunillas154","marginal_cost":0.0,"value":0.0,"DemBarE":0,"DemBarP":0,"BarRetP":0},{"id":144,"time":80,"name":"Lagunillas154","marginal_cost":0.0,"value":0.0,"DemBarE":0,"DemBarP":0,"BarRetP":0},{"id":144,"time":81,"name":"Lagunillas154","marginal_cost":0.0,"value":0.0,"DemBarE":0,"DemBarP":0,"BarRetP":0},{"id":144,"time":82,"name":"Lagunillas154","marginal_cost":0.0,"value":0.0,"DemBarE":0,"DemBarP":0,"BarRetP":0},{"id":144,"time":83,"name":"Lagunillas154","marginal_cost":0.0,"value":0.0,"DemBarE":0,"DemBarP":0,"BarRetP":0},{"id":144,"time":84,"name":"Lagunillas154","marginal_cost":0.0,"value":0.0,"DemBarE":0,"DemBarP":0,"BarRetP":0},{"id":144,"time":85,"name":"Lagunillas154","marginal_cost":0.0,"value":0.0,"DemBarE":0,"DemBarP":0,"BarRetP":0},{"id":144,"time":86,"name":"Lagunillas154","marginal_cost":0.0,"value":0.0,"DemBarE":0,"DemBarP":0,"BarRetP":0},{"id":144,"time":87,"name":"Lagunillas154","marginal_cost":0.0,"value":0.0,"DemBarE":0,"DemBarP":0,"BarRetP":0},{"id":144,"time":88,"name":"Lagunillas154","marginal_cost":0.0,"value":0.0,"DemBarE":0,"DemBarP":0,"BarRetP":0},{"id":144,"time":89,"name":"Lagunillas154","marginal_cost":0.0,"value":0.0,"DemBarE":0,"DemBarP":0,"BarRetP":0},{"id":144,"time":90,"name":"Lagunillas154","marginal_cost":0.0,"value":0.0,"DemBarE":0,"DemBarP":0,"BarRetP":0},{"id":144,"time":91,"name":"Lagunillas154","marginal_cost":0.0,"value":0.0,"DemBarE":0,"DemBarP":0,"BarRetP":0},{"id":144,"time":92,"name":"Lagunillas154","marginal_cost":0.0,"value":0.0,"DemBarE":0,"DemBarP":0,"BarRetP":0},{"id":144,"time":93,"name":"Lagunillas154","marginal_cost":0.0,"value":0.0,"DemBarE":0,"DemBarP":0,"BarRetP":0},{"id":144,"time":94,"name":"Lagunillas154","marginal_cost":0.0,"value":0.0,"DemBarE":0,"DemBarP":0,"BarRetP":0},{"id":144,"time":95,"name":"Lagunillas154","marginal_cost":0.0,"value":0.0,"DemBarE":0,"DemBarP":0,"BarRetP":0},{"id":144,"time":96,"name":"Lagunillas154","marginal_cost":0.0,"value":0.0,"DemBarE":0,"DemBarP":0,"BarRetP":0},{"id":144,"time":97,"name":"Lagunillas154","marginal_cost":0.0,"value":0.0,"DemBarE":0,"DemBarP":0,"BarRetP":0},{"id":144,"time":98,"name":"Lagunillas154","marginal_cost":0.0,"value":0.0,"DemBarE":0,"DemBarP":0,"BarRetP":0},{"id":144,"time":99,"name":"Lagunillas154","marginal_cost":0.0,"value":0.0,"DemBarE":0,"DemBarP":0,"BarRetP":0},{"id":144,"time":100,"name":"Lagunillas154","marginal_cost":0.0,"value":0.0,"DemBarE":0,"DemBarP":0,"BarRetP":0},{"id":144,"time":101,"name":"Lagunillas154","marginal_cost":0.0,"value":0.0,"DemBarE":0,"DemBarP":0,"BarRetP":0},{"id":144,"time":102,"name":"Lagunillas154","marginal_cost":0.0,"value":0.0,"DemBarE":0,"DemBarP":0,"BarRetP":0},{"id":144,"time":103,"name":"Lagunillas154","marginal_cost":0.0,"value":0.0,"DemBarE":0,"DemBarP":0,"BarRetP":0},{"id":144,"time":104,"name":"Lagunillas154","marginal_cost":0.0,"value":0.0,"DemBarE":0,"DemBarP":0,"BarRetP":0},{"id":144,"time":105,"name":"Lagunillas154","marginal_cost":0.0,"value":0.0,"DemBarE":0,"DemBarP":0,"BarRetP":0},{"id":144,"time":106,"name":"Lagunillas154","marginal_cost":0.0,"value":0.0,"DemBarE":0,"DemBarP":0,"BarRetP":0},{"id":144,"time":107,"name":"Lagunillas154","marginal_cost":0.0,"value":0.0,"DemBarE":0,"DemBarP":0,"BarRetP":0},{"id":144,"time":108,"name":"Lagunillas154","marginal_cost":0.0,"value":0.0,"DemBarE":0,"DemBarP":0,"BarRetP":0},{"id":144,"time":109,"name":"Lagunillas154","marginal_cost":0.0,"value":0.0,"DemBarE":0,"DemBarP":0,"BarRetP":0},{"id":144,"time":110,"name":"Lagunillas154","marginal_cost":0.0,"value":0.0,"DemBarE":0,"DemBarP":0,"BarRetP":0},{"id":144,"time":111,"name":"Lagunillas154","marginal_cost":0.0,"value":0.0,"DemBarE":0,"DemBarP":0,"BarRetP":0},{"id":144,"time":112,"name":"Lagunillas154","marginal_cost":0.0,"value":0.0,"DemBarE":0,"DemBarP":0,"BarRetP":0},{"id":144,"time":113,"name":"Lagunillas154","marginal_cost":0.0,"value":0.0,"DemBarE":0,"DemBarP":0,"BarRetP":0},{"id":144,"time":114,"name":"Lagunillas154","marginal_cost":0.0,"value":0.0,"DemBarE":0,"DemBarP":0,"BarRetP":0},{"id":144,"time":115,"name":"Lagunillas154","marginal_cost":0.0,"value":0.0,"DemBarE":0,"DemBarP":0,"BarRetP":0},{"id":144,"time":116,"name":"Lagunillas154","marginal_cost":0.0,"value":0.0,"DemBarE":0,"DemBarP":0,"BarRetP":0},{"id":144,"time":117,"name":"Lagunillas154","marginal_cost":0.0,"value":0.0,"DemBarE":0,"DemBarP":0,"BarRetP":0},{"id":144,"time":118,"name":"Lagunillas154","marginal_cost":0.0,"value":0.0,"DemBarE":0,"DemBarP":0,"BarRetP":0},{"id":144,"time":119,"name":"Lagunillas154","marginal_cost":0.0,"value":0.0,"DemBarE":0,"DemBarP":0,"BarRetP":0},{"id":144,"time":120,"name":"Lagunillas154","marginal_cost":0.0,"value":0.0,"DemBarE":0,"DemBarP":0,"BarRetP":0},{"id":144,"time":121,"name":"Lagunillas154","marginal_cost":0.0,"value":0.0,"DemBarE":0,"DemBarP":0,"BarRetP":0},{"id":144,"time":122,"name":"Lagunillas154","marginal_cost":0.0,"value":0.0,"DemBarE":0,"DemBarP":0,"BarRetP":0},{"id":144,"time":123,"name":"Lagunillas154","marginal_cost":0.0,"value":0.0,"DemBarE":0,"DemBarP":0,"BarRetP":0},{"id":144,"time":124,"name":"Lagunillas154","marginal_cost":0.0,"value":0.0,"DemBarE":0,"DemBarP":0,"BarRetP":0},{"id":144,"time":125,"name":"Lagunillas154","marginal_cost":0.0,"value":0.0,"DemBarE":0,"DemBarP":0,"BarRetP":0},{"id":144,"time":126,"name":"Lagunillas154","marginal_cost":0.0,"value":0.0,"DemBarE":0,"DemBarP":0,"BarRetP":0},{"id":144,"time":127,"name":"Lagunillas154","marginal_cost":0.0,"value":0.0,"DemBarE":0,"DemBarP":0,"BarRetP":0},{"id":144,"time":128,"name":"Lagunillas154","marginal_cost":0.0,"value":0.0,"DemBarE":0,"DemBarP":0,"BarRetP":0},{"id":144,"time":129,"name":"Lagunillas154","marginal_cost":0.0,"value":0.0,"DemBarE":0,"DemBarP":0,"BarRetP":0},{"id":144,"time":130,"name":"Lagunillas154","marginal_cost":0.0,"value":0.0,"DemBarE":0,"DemBarP":0,"BarRetP":0},{"id":144,"time":131,"name":"Lagunillas154","marginal_cost":0.0,"value":0.0,"DemBarE":0,"DemBarP":0,"BarRetP":0},{"id":144,"time":132,"name":"Lagunillas154","marginal_cost":0.0,"value":0.0,"DemBarE":0,"DemBarP":0,"BarRetP":0},{"id":144,"time":133,"name":"Lagunillas154","marginal_cost":0.0,"value":0.0,"DemBarE":0,"DemBarP":0,"BarRetP":0},{"id":144,"time":134,"name":"Lagunillas154","marginal_cost":0.0,"value":0.0,"DemBarE":0,"DemBarP":0,"BarRetP":0},{"id":144,"time":135,"name":"Lagunillas154","marginal_cost":0.0,"value":0.0,"DemBarE":0,"DemBarP":0,"BarRetP":0},{"id":144,"time":136,"name":"Lagunillas154","marginal_cost":0.0,"value":0.0,"DemBarE":0,"DemBarP":0,"BarRetP":0},{"id":144,"time":137,"name":"Lagunillas154","marginal_cost":0.0,"value":0.0,"DemBarE":0,"DemBarP":0,"BarRetP":0},{"id":144,"time":138,"name":"Lagunillas154","marginal_cost":0.0,"value":0.0,"DemBarE":0,"DemBarP":0,"BarRetP":0},{"id":144,"time":139,"name":"Lagunillas154","marginal_cost":0.0,"value":0.0,"DemBarE":0,"DemBarP":0,"BarRetP":0},{"id":144,"time":140,"name":"Lagunillas154","marginal_cost":0.0,"value":0.0,"DemBarE":0,"DemBarP":0,"BarRetP":0},{"id":144,"time":141,"name":"Lagunillas154","marginal_cost":0.0,"value":0.0,"DemBarE":0,"DemBarP":0,"BarRetP":0},{"id":144,"time":142,"name":"Lagunillas154","marginal_cost":0.0,"value":0.0,"DemBarE":0,"DemBarP":0,"BarRetP":0},{"id":144,"time":143,"name":"Lagunillas154","marginal_cost":0.0,"value":0.0,"DemBarE":0,"DemBarP":0,"BarRetP":0},{"id":144,"time":144,"name":"Lagunillas154","marginal_cost":0.0,"value":0.0,"DemBarE":0,"DemBarP":0,"BarRetP":0},{"id":144,"time":145,"name":"Lagunillas154","marginal_cost":0.0,"value":0.0,"DemBarE":0,"DemBarP":0,"BarRetP":0},{"id":144,"time":146,"name":"Lagunillas154","marginal_cost":0.0,"value":0.0,"DemBarE":0,"DemBarP":0,"BarRetP":0},{"id":144,"time":147,"name":"Lagunillas154","marginal_cost":0.0,"value":0.0,"DemBarE":0,"DemBarP":0,"BarRetP":0},{"id":144,"time":148,"name":"Lagunillas154","marginal_cost":0.0,"value":0.0,"DemBarE":0,"DemBarP":0,"BarRetP":0},{"id":144,"time":149,"name":"Lagunillas154","marginal_cost":0.0,"value":0.0,"DemBarE":0,"DemBarP":0,"BarRetP":0},{"id":144,"time":150,"name":"Lagunillas154","marginal_cost":0.0,"value":0.0,"DemBarE":0,"DemBarP":0,"BarRetP":0},{"id":144,"time":151,"name":"Lagunillas154","marginal_cost":0.0,"value":0.0,"DemBarE":0,"DemBarP":0,"BarRetP":0},{"id":144,"time":152,"name":"Lagunillas154","marginal_cost":0.0,"value":0.0,"DemBarE":0,"DemBarP":0,"BarRetP":0},{"id":144,"time":153,"name":"Lagunillas154","marginal_cost":0.0,"value":0.0,"DemBarE":0,"DemBarP":0,"BarRetP":0},{"id":144,"time":154,"name":"Lagunillas154","marginal_cost":0.0,"value":0.0,"DemBarE":0,"DemBarP":0,"BarRetP":0},{"id":144,"time":155,"name":"Lagunillas154","marginal_cost":0.0,"value":0.0,"DemBarE":0,"DemBarP":0,"BarRetP":0},{"id":144,"time":156,"name":"Lagunillas154","marginal_cost":0.0,"value":0.0,"DemBarE":0,"DemBarP":0,"BarRetP":0},{"id":144,"time":157,"name":"Lagunillas154","marginal_cost":0.0,"value":0.0,"DemBarE":0,"DemBarP":0,"BarRetP":0},{"id":144,"time":158,"name":"Lagunillas154","marginal_cost":0.0,"value":0.0,"DemBarE":0,"DemBarP":0,"BarRetP":0},{"id":144,"time":159,"name":"Lagunillas154","marginal_cost":0.0,"value":0.0,"DemBarE":0,"DemBarP":0,"BarRetP":0},{"id":144,"time":160,"name":"Lagunillas154","marginal_cost":0.0,"value":0.0,"DemBarE":0,"DemBarP":0,"BarRetP":0},{"id":144,"time":161,"name":"Lagunillas154","marginal_cost":0.0,"value":0.0,"DemBarE":0,"DemBarP":0,"BarRetP":0},{"id":144,"time":162,"name":"Lagunillas154","marginal_cost":0.0,"value":0.0,"DemBarE":0,"DemBarP":0,"BarRetP":0},{"id":144,"time":163,"name":"Lagunillas154","marginal_cost":0.0,"value":0.0,"DemBarE":0,"DemBarP":0,"BarRetP":0},{"id":144,"time":164,"name":"Lagunillas154","marginal_cost":0.0,"value":0.0,"DemBarE":0,"DemBarP":0,"BarRetP":0},{"id":144,"time":165,"name":"Lagunillas154","marginal_cost":0.0,"value":0.0,"DemBarE":0,"DemBarP":0,"BarRetP":0},{"id":144,"time":166,"name":"Lagunillas154","marginal_cost":0.0,"value":0.0,"DemBarE":0,"DemBarP":0,"BarRetP":0},{"id":144,"time":167,"name":"Lagunillas154","marginal_cost":0.0,"value":0.0,"DemBarE":0,"DemBarP":0,"BarRetP":0},{"id":144,"time":168,"name":"Lagunillas154","marginal_cost":0.0,"value":0.0,"DemBarE":0,"DemBarP":0,"BarRetP":0}]