[{"id":45,"time":1,"name":"LaCebada220","marginal_cost":151.1170768784,"value":151.1170768784,"DemBarE":0,"DemBarP":0,"BarRetP":0},{"id":45,"time":2,"name":"LaCebada220","marginal_cost":151.6176565578,"value":151.6176565578,"DemBarE":0,"DemBarP":0,"BarRetP":0},{"id":45,"time":3,"name":"LaCebada220","marginal_cost":150.4864046812,"value":150.4864046812,"DemBarE":0,"DemBarP":0,"BarRetP":0},{"id":45,"time":4,"name":"LaCebada220","marginal_cost":150.0182358303,"value":150.0182358303,"DemBarE":0,"DemBarP":0,"BarRetP":0},{"id":45,"time":5,"name":"LaCebada220","marginal_cost":132.5747500248,"value":132.5747500248,"DemBarE":0,"DemBarP":0,"BarRetP":0},{"id":45,"time":6,"name":"LaCebada220","marginal_cost":115.2453337482,"value":115.2453337482,"DemBarE":0,"DemBarP":0,"BarRetP":0},{"id":45,"time":7,"name":"LaCebada220","marginal_cost":157.6523319645,"value":157.6523319645,"DemBarE":0,"DemBarP":0,"BarRetP":0},{"id":45,"time":8,"name":"LaCebada220","marginal_cost":162.9414252786,"value":162.9414252786,"DemBarE":0,"DemBarP":0,"BarRetP":0},{"id":45,"time":9,"name":"LaCebada220","marginal_cost":152.917619232,"value":152.917619232,"DemBarE":0,"DemBarP":0,"BarRetP":0},{"id":45,"time":10,"name":"LaCebada220","marginal_cost":151.1103661508,"value":151.1103661508,"DemBarE":0,"DemBarP":0,"BarRetP":0},{"id":45,"time":11,"name":"LaCebada220","marginal_cost":150.4674619843,"value":150.4674619843,"DemBarE":0,"DemBarP":0,"BarRetP":0},{"id":45,"time":12,"name":"LaCebada220","marginal_cost":150.7153461869,"value":150.7153461869,"DemBarE":0,"DemBarP":0,"BarRetP":0},{"id":45,"time":13,"name":"LaCebada220","marginal_cost":148.2597830957,"value":148.2597830957,"DemBarE":0,"DemBarP":0,"BarRetP":0},{"id":45,"time":14,"name":"LaCebada220","marginal_cost":146.5611855908,"value":146.5611855908,"DemBarE":0,"DemBarP":0,"BarRetP":0},{"id":45,"time":15,"name":"LaCebada220","marginal_cost":146.9575645203,"value":146.9575645203,"DemBarE":0,"DemBarP":0,"BarRetP":0},{"id":45,"time":16,"name":"LaCebada220","marginal_cost":146.0414903069,"value":146.0414903069,"DemBarE":0,"DemBarP":0,"BarRetP":0},{"id":45,"time":17,"name":"LaCebada220","marginal_cost":148.5207650435,"value":148.5207650435,"DemBarE":0,"DemBarP":0,"BarRetP":0},{"id":45,"time":18,"name":"LaCebada220","marginal_cost":150.3535551153,"value":150.3535551153,"DemBarE":0,"DemBarP":0,"BarRetP":0},{"id":45,"time":19,"name":"LaCebada220","marginal_cost":171.7722980288,"value":171.7722980288,"DemBarE":0,"DemBarP":0,"BarRetP":0},{"id":45,"time":20,"name":"LaCebada220","marginal_cost":174.327584293,"value":174.327584293,"DemBarE":0,"DemBarP":0,"BarRetP":0},{"id":45,"time":21,"name":"LaCebada220","marginal_cost":166.5539451701,"value":166.5539451701,"DemBarE":0,"DemBarP":0,"BarRetP":0},{"id":45,"time":22,"name":"LaCebada220","marginal_cost":165.965995421,"value":165.965995421,"DemBarE":0,"DemBarP":0,"BarRetP":0},{"id":45,"time":23,"name":"LaCebada220","marginal_cost":164.4382052066,"value":164.4382052066,"DemBarE":0,"DemBarP":0,"BarRetP":0},{"id":45,"time":24,"name":"LaCebada220","marginal_cost":164.7475051056,"value":164.7475051056,"DemBarE":0,"DemBarP":0,"BarRetP":0},{"id":45,"time":25,"name":"LaCebada220","marginal_cost":156.3497102874,"value":156.3497102874,"DemBarE":0,"DemBarP":0,"BarRetP":0},{"id":45,"time":26,"name":"LaCebada220","marginal_cost":156.3362773196,"value":156.3362773196,"DemBarE":0,"DemBarP":0,"BarRetP":0},{"id":45,"time":27,"name":"LaCebada220","marginal_cost":156.2550998751,"value":156.2550998751,"DemBarE":0,"DemBarP":0,"BarRetP":0},{"id":45,"time":28,"name":"LaCebada220","marginal_cost":156.3344010041,"value":156.3344010041,"DemBarE":0,"DemBarP":0,"BarRetP":0},{"id":45,"time":29,"name":"LaCebada220","marginal_cost":155.4807451946,"value":155.4807451946,"DemBarE":0,"DemBarP":0,"BarRetP":0},{"id":45,"time":30,"name":"LaCebada220","marginal_cost":157.0574471418,"value":157.0574471418,"DemBarE":0,"DemBarP":0,"BarRetP":0},{"id":45,"time":31,"name":"LaCebada220","marginal_cost":162.6296793496,"value":162.6296793496,"DemBarE":0,"DemBarP":0,"BarRetP":0},{"id":45,"time":32,"name":"LaCebada220","marginal_cost":168.0483609651,"value":168.0483609651,"DemBarE":0,"DemBarP":0,"BarRetP":0},{"id":45,"time":33,"name":"LaCebada220","marginal_cost":156.6572482406,"value":156.6572482406,"DemBarE":0,"DemBarP":0,"BarRetP":0},{"id":45,"time":34,"name":"LaCebada220","marginal_cost":156.8375086072,"value":156.8375086072,"DemBarE":0,"DemBarP":0,"BarRetP":0},{"id":45,"time":35,"name":"LaCebada220","marginal_cost":156.7882166922,"value":156.7882166922,"DemBarE":0,"DemBarP":0,"BarRetP":0},{"id":45,"time":36,"name":"LaCebada220","marginal_cost":156.8754174596,"value":156.8754174596,"DemBarE":0,"DemBarP":0,"BarRetP":0},{"id":45,"time":37,"name":"LaCebada220","marginal_cost":156.233163969,"value":156.233163969,"DemBarE":0,"DemBarP":0,"BarRetP":0},{"id":45,"time":38,"name":"LaCebada220","marginal_cost":156.233163969,"value":156.233163969,"DemBarE":0,"DemBarP":0,"BarRetP":0},{"id":45,"time":39,"name":"LaCebada220","marginal_cost":156.233163969,"value":156.233163969,"DemBarE":0,"DemBarP":0,"BarRetP":0},{"id":45,"time":40,"name":"LaCebada220","marginal_cost":156.233163969,"value":156.233163969,"DemBarE":0,"DemBarP":0,"BarRetP":0},{"id":45,"time":41,"name":"LaCebada220","marginal_cost":156.446747682,"value":156.446747682,"DemBarE":0,"DemBarP":0,"BarRetP":0},{"id":45,"time":42,"name":"LaCebada220","marginal_cost":156.8870752408,"value":156.8870752408,"DemBarE":0,"DemBarP":0,"BarRetP":0},{"id":45,"time":43,"name":"LaCebada220","marginal_cost":162.2854311943,"value":162.2854311943,"DemBarE":0,"DemBarP":0,"BarRetP":0},{"id":45,"time":44,"name":"LaCebada220","marginal_cost":162.2854311943,"value":162.2854311943,"DemBarE":0,"DemBarP":0,"BarRetP":0},{"id":45,"time":45,"name":"LaCebada220","marginal_cost":162.0440696881,"value":162.0440696881,"DemBarE":0,"DemBarP":0,"BarRetP":0},{"id":45,"time":46,"name":"LaCebada220","marginal_cost":161.3534354725,"value":161.3534354725,"DemBarE":0,"DemBarP":0,"BarRetP":0},{"id":45,"time":47,"name":"LaCebada220","marginal_cost":159.391459254,"value":159.391459254,"DemBarE":0,"DemBarP":0,"BarRetP":0},{"id":45,"time":48,"name":"LaCebada220","marginal_cost":157.5925379651,"value":157.5925379651,"DemBarE":0,"DemBarP":0,"BarRetP":0},{"id":45,"time":49,"name":"LaCebada220","marginal_cost":149.7204247323,"value":149.7204247323,"DemBarE":0,"DemBarP":0,"BarRetP":0},{"id":45,"time":50,"name":"LaCebada220","marginal_cost":152.4003474032,"value":152.4003474032,"DemBarE":0,"DemBarP":0,"BarRetP":0},{"id":45,"time":51,"name":"LaCebada220","marginal_cost":153.2203559323,"value":153.2203559323,"DemBarE":0,"DemBarP":0,"BarRetP":0},{"id":45,"time":52,"name":"LaCebada220","marginal_cost":135.4512490133,"value":135.4512490133,"DemBarE":0,"DemBarP":0,"BarRetP":0},{"id":45,"time":53,"name":"LaCebada220","marginal_cost":135.4512490133,"value":135.4512490133,"DemBarE":0,"DemBarP":0,"BarRetP":0},{"id":45,"time":54,"name":"LaCebada220","marginal_cost":135.5643914142,"value":135.5643914142,"DemBarE":0,"DemBarP":0,"BarRetP":0},{"id":45,"time":55,"name":"LaCebada220","marginal_cost":136.1500247167,"value":136.1500247167,"DemBarE":0,"DemBarP":0,"BarRetP":0},{"id":45,"time":56,"name":"LaCebada220","marginal_cost":135.8364596252,"value":135.8364596252,"DemBarE":0,"DemBarP":0,"BarRetP":0},{"id":45,"time":57,"name":"LaCebada220","marginal_cost":123.3319816489,"value":123.3319816489,"DemBarE":0,"DemBarP":0,"BarRetP":0},{"id":45,"time":58,"name":"LaCebada220","marginal_cost":136.3628333352,"value":136.3628333352,"DemBarE":0,"DemBarP":0,"BarRetP":0},{"id":45,"time":59,"name":"LaCebada220","marginal_cost":106.044970723,"value":106.044970723,"DemBarE":0,"DemBarP":0,"BarRetP":0},{"id":45,"time":60,"name":"LaCebada220","marginal_cost":133.2690779872,"value":133.2690779872,"DemBarE":0,"DemBarP":0,"BarRetP":0},{"id":45,"time":61,"name":"LaCebada220","marginal_cost":131.3423831177,"value":131.3423831177,"DemBarE":0,"DemBarP":0,"BarRetP":0},{"id":45,"time":62,"name":"LaCebada220","marginal_cost":131.3423831177,"value":131.3423831177,"DemBarE":0,"DemBarP":0,"BarRetP":0},{"id":45,"time":63,"name":"LaCebada220","marginal_cost":114.9240008221,"value":114.9240008221,"DemBarE":0,"DemBarP":0,"BarRetP":0},{"id":45,"time":64,"name":"LaCebada220","marginal_cost":131.2886104328,"value":131.2886104328,"DemBarE":0,"DemBarP":0,"BarRetP":0},{"id":45,"time":65,"name":"LaCebada220","marginal_cost":131.7595363399,"value":131.7595363399,"DemBarE":0,"DemBarP":0,"BarRetP":0},{"id":45,"time":66,"name":"LaCebada220","marginal_cost":131.7595363399,"value":131.7595363399,"DemBarE":0,"DemBarP":0,"BarRetP":0},{"id":45,"time":67,"name":"LaCebada220","marginal_cost":164.3661624686,"value":164.3661624686,"DemBarE":0,"DemBarP":0,"BarRetP":0},{"id":45,"time":68,"name":"LaCebada220","marginal_cost":158.4861265018,"value":158.4861265018,"DemBarE":0,"DemBarP":0,"BarRetP":0},{"id":45,"time":69,"name":"LaCebada220","marginal_cost":158.4861265018,"value":158.4861265018,"DemBarE":0,"DemBarP":0,"BarRetP":0},{"id":45,"time":70,"name":"LaCebada220","marginal_cost":158.3964104691,"value":158.3964104691,"DemBarE":0,"DemBarP":0,"BarRetP":0},{"id":45,"time":71,"name":"LaCebada220","marginal_cost":150.9406228727,"value":150.9406228727,"DemBarE":0,"DemBarP":0,"BarRetP":0},{"id":45,"time":72,"name":"LaCebada220","marginal_cost":149.9637014576,"value":149.9637014576,"DemBarE":0,"DemBarP":0,"BarRetP":0},{"id":45,"time":73,"name":"LaCebada220","marginal_cost":150.6186368756,"value":150.6186368756,"DemBarE":0,"DemBarP":0,"BarRetP":0},{"id":45,"time":74,"name":"LaCebada220","marginal_cost":149.2517061134,"value":149.2517061134,"DemBarE":0,"DemBarP":0,"BarRetP":0},{"id":45,"time":75,"name":"LaCebada220","marginal_cost":133.716138895,"value":133.716138895,"DemBarE":0,"DemBarP":0,"BarRetP":0},{"id":45,"time":76,"name":"LaCebada220","marginal_cost":133.716138895,"value":133.716138895,"DemBarE":0,"DemBarP":0,"BarRetP":0},{"id":45,"time":77,"name":"LaCebada220","marginal_cost":133.716138895,"value":133.716138895,"DemBarE":0,"DemBarP":0,"BarRetP":0},{"id":45,"time":78,"name":"LaCebada220","marginal_cost":133.716138895,"value":133.716138895,"DemBarE":0,"DemBarP":0,"BarRetP":0},{"id":45,"time":79,"name":"LaCebada220","marginal_cost":133.716138895,"value":133.716138895,"DemBarE":0,"DemBarP":0,"BarRetP":0},{"id":45,"time":80,"name":"LaCebada220","marginal_cost":122.3854719511,"value":122.3854719511,"DemBarE":0,"DemBarP":0,"BarRetP":0},{"id":45,"time":81,"name":"LaCebada220","marginal_cost":122.3854719511,"value":122.3854719511,"DemBarE":0,"DemBarP":0,"BarRetP":0},{"id":45,"time":82,"name":"LaCebada220","marginal_cost":93.7998215362,"value":93.7998215362,"DemBarE":0,"DemBarP":0,"BarRetP":0},{"id":45,"time":83,"name":"LaCebada220","marginal_cost":93.7998215362,"value":93.7998215362,"DemBarE":0,"DemBarP":0,"BarRetP":0},{"id":45,"time":84,"name":"LaCebada220","marginal_cost":115.6542398469,"value":115.6542398469,"DemBarE":0,"DemBarP":0,"BarRetP":0},{"id":45,"time":85,"name":"LaCebada220","marginal_cost":115.6542398469,"value":115.6542398469,"DemBarE":0,"DemBarP":0,"BarRetP":0},{"id":45,"time":86,"name":"LaCebada220","marginal_cost":122.3281229825,"value":122.3281229825,"DemBarE":0,"DemBarP":0,"BarRetP":0},{"id":45,"time":87,"name":"LaCebada220","marginal_cost":122.3281229825,"value":122.3281229825,"DemBarE":0,"DemBarP":0,"BarRetP":0},{"id":45,"time":88,"name":"LaCebada220","marginal_cost":122.3281229825,"value":122.3281229825,"DemBarE":0,"DemBarP":0,"BarRetP":0},{"id":45,"time":89,"name":"LaCebada220","marginal_cost":122.3281229825,"value":122.3281229825,"DemBarE":0,"DemBarP":0,"BarRetP":0},{"id":45,"time":90,"name":"LaCebada220","marginal_cost":122.3281229825,"value":122.3281229825,"DemBarE":0,"DemBarP":0,"BarRetP":0},{"id":45,"time":91,"name":"LaCebada220","marginal_cost":146.092080626,"value":146.092080626,"DemBarE":0,"DemBarP":0,"BarRetP":0},{"id":45,"time":92,"name":"LaCebada220","marginal_cost":146.092080626,"value":146.092080626,"DemBarE":0,"DemBarP":0,"BarRetP":0},{"id":45,"time":93,"name":"LaCebada220","marginal_cost":148.9698442971,"value":148.9698442971,"DemBarE":0,"DemBarP":0,"BarRetP":0},{"id":45,"time":94,"name":"LaCebada220","marginal_cost":146.7892726092,"value":146.7892726092,"DemBarE":0,"DemBarP":0,"BarRetP":0},{"id":45,"time":95,"name":"LaCebada220","marginal_cost":145.3992618335,"value":145.3992618335,"DemBarE":0,"DemBarP":0,"BarRetP":0},{"id":45,"time":96,"name":"LaCebada220","marginal_cost":145.9350282015,"value":145.9350282015,"DemBarE":0,"DemBarP":0,"BarRetP":0},{"id":45,"time":97,"name":"LaCebada220","marginal_cost":146.3667019293,"value":146.3667019293,"DemBarE":0,"DemBarP":0,"BarRetP":0},{"id":45,"time":98,"name":"LaCebada220","marginal_cost":141.5931365812,"value":141.5931365812,"DemBarE":0,"DemBarP":0,"BarRetP":0},{"id":45,"time":99,"name":"LaCebada220","marginal_cost":141.5774346486,"value":141.5774346486,"DemBarE":0,"DemBarP":0,"BarRetP":0},{"id":45,"time":100,"name":"LaCebada220","marginal_cost":142.6967937634,"value":142.6967937634,"DemBarE":0,"DemBarP":0,"BarRetP":0},{"id":45,"time":101,"name":"LaCebada220","marginal_cost":142.6967937634,"value":142.6967937634,"DemBarE":0,"DemBarP":0,"BarRetP":0},{"id":45,"time":102,"name":"LaCebada220","marginal_cost":142.6967937634,"value":142.6967937634,"DemBarE":0,"DemBarP":0,"BarRetP":0},{"id":45,"time":103,"name":"LaCebada220","marginal_cost":151.4131250104,"value":151.4131250104,"DemBarE":0,"DemBarP":0,"BarRetP":0},{"id":45,"time":104,"name":"LaCebada220","marginal_cost":152.3807148411,"value":152.3807148411,"DemBarE":0,"DemBarP":0,"BarRetP":0},{"id":45,"time":105,"name":"LaCebada220","marginal_cost":152.3807148411,"value":152.3807148411,"DemBarE":0,"DemBarP":0,"BarRetP":0},{"id":45,"time":106,"name":"LaCebada220","marginal_cost":149.4340094109,"value":149.4340094109,"DemBarE":0,"DemBarP":0,"BarRetP":0},{"id":45,"time":107,"name":"LaCebada220","marginal_cost":149.4927163484,"value":149.4927163484,"DemBarE":0,"DemBarP":0,"BarRetP":0},{"id":45,"time":108,"name":"LaCebada220","marginal_cost":148.5901830904,"value":148.5901830904,"DemBarE":0,"DemBarP":0,"BarRetP":0},{"id":45,"time":109,"name":"LaCebada220","marginal_cost":148.5901830904,"value":148.5901830904,"DemBarE":0,"DemBarP":0,"BarRetP":0},{"id":45,"time":110,"name":"LaCebada220","marginal_cost":146.7475555754,"value":146.7475555754,"DemBarE":0,"DemBarP":0,"BarRetP":0},{"id":45,"time":111,"name":"LaCebada220","marginal_cost":146.5917774024,"value":146.5917774024,"DemBarE":0,"DemBarP":0,"BarRetP":0},{"id":45,"time":112,"name":"LaCebada220","marginal_cost":146.5917774024,"value":146.5917774024,"DemBarE":0,"DemBarP":0,"BarRetP":0},{"id":45,"time":113,"name":"LaCebada220","marginal_cost":151.6663743672,"value":151.6663743672,"DemBarE":0,"DemBarP":0,"BarRetP":0},{"id":45,"time":114,"name":"LaCebada220","marginal_cost":151.6663743672,"value":151.6663743672,"DemBarE":0,"DemBarP":0,"BarRetP":0},{"id":45,"time":115,"name":"LaCebada220","marginal_cost":151.6663743672,"value":151.6663743672,"DemBarE":0,"DemBarP":0,"BarRetP":0},{"id":45,"time":116,"name":"LaCebada220","marginal_cost":157.1120013703,"value":157.1120013703,"DemBarE":0,"DemBarP":0,"BarRetP":0},{"id":45,"time":117,"name":"LaCebada220","marginal_cost":157.1120013703,"value":157.1120013703,"DemBarE":0,"DemBarP":0,"BarRetP":0},{"id":45,"time":118,"name":"LaCebada220","marginal_cost":157.1120013703,"value":157.1120013703,"DemBarE":0,"DemBarP":0,"BarRetP":0},{"id":45,"time":119,"name":"LaCebada220","marginal_cost":157.6953263791,"value":157.6953263791,"DemBarE":0,"DemBarP":0,"BarRetP":0},{"id":45,"time":120,"name":"LaCebada220","marginal_cost":156.3340423251,"value":156.3340423251,"DemBarE":0,"DemBarP":0,"BarRetP":0},{"id":45,"time":121,"name":"LaCebada220","marginal_cost":152.6093258306,"value":152.6093258306,"DemBarE":0,"DemBarP":0,"BarRetP":0},{"id":45,"time":122,"name":"LaCebada220","marginal_cost":152.5787692016,"value":152.5787692016,"DemBarE":0,"DemBarP":0,"BarRetP":0},{"id":45,"time":123,"name":"LaCebada220","marginal_cost":148.5638944889,"value":148.5638944889,"DemBarE":0,"DemBarP":0,"BarRetP":0},{"id":45,"time":124,"name":"LaCebada220","marginal_cost":148.5638944889,"value":148.5638944889,"DemBarE":0,"DemBarP":0,"BarRetP":0},{"id":45,"time":125,"name":"LaCebada220","marginal_cost":148.5638944889,"value":148.5638944889,"DemBarE":0,"DemBarP":0,"BarRetP":0},{"id":45,"time":126,"name":"LaCebada220","marginal_cost":148.5638944889,"value":148.5638944889,"DemBarE":0,"DemBarP":0,"BarRetP":0},{"id":45,"time":127,"name":"LaCebada220","marginal_cost":155.5860305491,"value":155.5860305491,"DemBarE":0,"DemBarP":0,"BarRetP":0},{"id":45,"time":128,"name":"LaCebada220","marginal_cost":159.5283705878,"value":159.5283705878,"DemBarE":0,"DemBarP":0,"BarRetP":0},{"id":45,"time":129,"name":"LaCebada220","marginal_cost":154.8815027218,"value":154.8815027218,"DemBarE":0,"DemBarP":0,"BarRetP":0},{"id":45,"time":130,"name":"LaCebada220","marginal_cost":157.0613602866,"value":157.0613602866,"DemBarE":0,"DemBarP":0,"BarRetP":0},{"id":45,"time":131,"name":"LaCebada220","marginal_cost":156.3818789103,"value":156.3818789103,"DemBarE":0,"DemBarP":0,"BarRetP":0},{"id":45,"time":132,"name":"LaCebada220","marginal_cost":157.6828700422,"value":157.6828700422,"DemBarE":0,"DemBarP":0,"BarRetP":0},{"id":45,"time":133,"name":"LaCebada220","marginal_cost":156.0219734717,"value":156.0219734717,"DemBarE":0,"DemBarP":0,"BarRetP":0},{"id":45,"time":134,"name":"LaCebada220","marginal_cost":156.0219734717,"value":156.0219734717,"DemBarE":0,"DemBarP":0,"BarRetP":0},{"id":45,"time":135,"name":"LaCebada220","marginal_cost":156.0219734717,"value":156.0219734717,"DemBarE":0,"DemBarP":0,"BarRetP":0},{"id":45,"time":136,"name":"LaCebada220","marginal_cost":156.0219734717,"value":156.0219734717,"DemBarE":0,"DemBarP":0,"BarRetP":0},{"id":45,"time":137,"name":"LaCebada220","marginal_cost":159.5855034257,"value":159.5855034257,"DemBarE":0,"DemBarP":0,"BarRetP":0},{"id":45,"time":138,"name":"LaCebada220","marginal_cost":159.5855034257,"value":159.5855034257,"DemBarE":0,"DemBarP":0,"BarRetP":0},{"id":45,"time":139,"name":"LaCebada220","marginal_cost":159.5855034257,"value":159.5855034257,"DemBarE":0,"DemBarP":0,"BarRetP":0},{"id":45,"time":140,"name":"LaCebada220","marginal_cost":159.5855034257,"value":159.5855034257,"DemBarE":0,"DemBarP":0,"BarRetP":0},{"id":45,"time":141,"name":"LaCebada220","marginal_cost":159.5855034257,"value":159.5855034257,"DemBarE":0,"DemBarP":0,"BarRetP":0},{"id":45,"time":142,"name":"LaCebada220","marginal_cost":159.5855034257,"value":159.5855034257,"DemBarE":0,"DemBarP":0,"BarRetP":0},{"id":45,"time":143,"name":"LaCebada220","marginal_cost":159.6373863603,"value":159.6373863603,"DemBarE":0,"DemBarP":0,"BarRetP":0},{"id":45,"time":144,"name":"LaCebada220","marginal_cost":160.0200731912,"value":160.0200731912,"DemBarE":0,"DemBarP":0,"BarRetP":0},{"id":45,"time":145,"name":"LaCebada220","marginal_cost":157.3975417807,"value":157.3975417807,"DemBarE":0,"DemBarP":0,"BarRetP":0},{"id":45,"time":146,"name":"LaCebada220","marginal_cost":157.4367305943,"value":157.4367305943,"DemBarE":0,"DemBarP":0,"BarRetP":0},{"id":45,"time":147,"name":"LaCebada220","marginal_cost":154.9455436922,"value":154.9455436922,"DemBarE":0,"DemBarP":0,"BarRetP":0},{"id":45,"time":148,"name":"LaCebada220","marginal_cost":154.9455436922,"value":154.9455436922,"DemBarE":0,"DemBarP":0,"BarRetP":0},{"id":45,"time":149,"name":"LaCebada220","marginal_cost":154.9455436922,"value":154.9455436922,"DemBarE":0,"DemBarP":0,"BarRetP":0},{"id":45,"time":150,"name":"LaCebada220","marginal_cost":154.9455436922,"value":154.9455436922,"DemBarE":0,"DemBarP":0,"BarRetP":0},{"id":45,"time":151,"name":"LaCebada220","marginal_cost":158.9853174688,"value":158.9853174688,"DemBarE":0,"DemBarP":0,"BarRetP":0},{"id":45,"time":152,"name":"LaCebada220","marginal_cost":158.2964423338,"value":158.2964423338,"DemBarE":0,"DemBarP":0,"BarRetP":0},{"id":45,"time":153,"name":"LaCebada220","marginal_cost":158.2964423338,"value":158.2964423338,"DemBarE":0,"DemBarP":0,"BarRetP":0},{"id":45,"time":154,"name":"LaCebada220","marginal_cost":156.3443462364,"value":156.3443462364,"DemBarE":0,"DemBarP":0,"BarRetP":0},{"id":45,"time":155,"name":"LaCebada220","marginal_cost":156.3443462364,"value":156.3443462364,"DemBarE":0,"DemBarP":0,"BarRetP":0},{"id":45,"time":156,"name":"LaCebada220","marginal_cost":156.5363839475,"value":156.5363839475,"DemBarE":0,"DemBarP":0,"BarRetP":0},{"id":45,"time":157,"name":"LaCebada220","marginal_cost":155.9849522374,"value":155.9849522374,"DemBarE":0,"DemBarP":0,"BarRetP":0},{"id":45,"time":158,"name":"LaCebada220","marginal_cost":155.9849522374,"value":155.9849522374,"DemBarE":0,"DemBarP":0,"BarRetP":0},{"id":45,"time":159,"name":"LaCebada220","marginal_cost":155.9849522374,"value":155.9849522374,"DemBarE":0,"DemBarP":0,"BarRetP":0},{"id":45,"time":160,"name":"LaCebada220","marginal_cost":156.2143464973,"value":156.2143464973,"DemBarE":0,"DemBarP":0,"BarRetP":0},{"id":45,"time":161,"name":"LaCebada220","marginal_cost":156.2143464973,"value":156.2143464973,"DemBarE":0,"DemBarP":0,"BarRetP":0},{"id":45,"time":162,"name":"LaCebada220","marginal_cost":158.6247159057,"value":158.6247159057,"DemBarE":0,"DemBarP":0,"BarRetP":0},{"id":45,"time":163,"name":"LaCebada220","marginal_cost":162.0570907447,"value":162.0570907447,"DemBarE":0,"DemBarP":0,"BarRetP":0},{"id":45,"time":164,"name":"LaCebada220","marginal_cost":162.0570907447,"value":162.0570907447,"DemBarE":0,"DemBarP":0,"BarRetP":0},{"id":45,"time":165,"name":"LaCebada220","marginal_cost":162.0570907447,"value":162.0570907447,"DemBarE":0,"DemBarP":0,"BarRetP":0},{"id":45,"time":166,"name":"LaCebada220","marginal_cost":162.0570907447,"value":162.0570907447,"DemBarE":0,"DemBarP":0,"BarRetP":0},{"id":45,"time":167,"name":"LaCebada220","marginal_cost":161.0465299836,"value":161.0465299836,"DemBarE":0,"DemBarP":0,"BarRetP":0},{"id":45,"time":168,"name":"LaCebada220","marginal_cost":161.0676754763,"value":161.0676754763,"DemBarE":0,"DemBarP":0,"BarRetP":0}]