[{"id":43,"time":1,"name":"Kapatur220_BP1","marginal_cost":127.9423975916,"value":127.9423975916,"DemBarE":0,"DemBarP":0,"BarRetP":0},{"id":43,"time":2,"name":"Kapatur220_BP1","marginal_cost":124.6271340789,"value":124.6271340789,"DemBarE":0,"DemBarP":0,"BarRetP":0},{"id":43,"time":3,"name":"Kapatur220_BP1","marginal_cost":125.6301998387,"value":125.6301998387,"DemBarE":0,"DemBarP":0,"BarRetP":0},{"id":43,"time":4,"name":"Kapatur220_BP1","marginal_cost":126.4267897578,"value":126.4267897578,"DemBarE":0,"DemBarP":0,"BarRetP":0},{"id":43,"time":5,"name":"Kapatur220_BP1","marginal_cost":126.6357019867,"value":126.6357019867,"DemBarE":0,"DemBarP":0,"BarRetP":0},{"id":43,"time":6,"name":"Kapatur220_BP1","marginal_cost":93.6325216577,"value":93.6325216577,"DemBarE":0,"DemBarP":0,"BarRetP":0},{"id":43,"time":7,"name":"Kapatur220_BP1","marginal_cost":127.4871635867,"value":127.4871635867,"DemBarE":0,"DemBarP":0,"BarRetP":0},{"id":43,"time":8,"name":"Kapatur220_BP1","marginal_cost":153.5967199003,"value":153.5967199003,"DemBarE":0,"DemBarP":0,"BarRetP":0},{"id":43,"time":9,"name":"Kapatur220_BP1","marginal_cost":112.7614141523,"value":112.7614141523,"DemBarE":0,"DemBarP":0,"BarRetP":0},{"id":43,"time":10,"name":"Kapatur220_BP1","marginal_cost":78.996940663,"value":78.996940663,"DemBarE":0,"DemBarP":0,"BarRetP":0},{"id":43,"time":11,"name":"Kapatur220_BP1","marginal_cost":75.838396505,"value":75.838396505,"DemBarE":0,"DemBarP":0,"BarRetP":0},{"id":43,"time":12,"name":"Kapatur220_BP1","marginal_cost":66.9208900663,"value":66.9208900663,"DemBarE":0,"DemBarP":0,"BarRetP":0},{"id":43,"time":13,"name":"Kapatur220_BP1","marginal_cost":45.8000983967,"value":45.8000983967,"DemBarE":0,"DemBarP":0,"BarRetP":0},{"id":43,"time":14,"name":"Kapatur220_BP1","marginal_cost":-1.8278223551,"value":-1.8278223551,"DemBarE":0,"DemBarP":0,"BarRetP":0},{"id":43,"time":15,"name":"Kapatur220_BP1","marginal_cost":-1.5013533313,"value":-1.5013533313,"DemBarE":0,"DemBarP":0,"BarRetP":0},{"id":43,"time":16,"name":"Kapatur220_BP1","marginal_cost":-1.501046201,"value":-1.501046201,"DemBarE":0,"DemBarP":0,"BarRetP":0},{"id":43,"time":17,"name":"Kapatur220_BP1","marginal_cost":96.6549853492,"value":96.6549853492,"DemBarE":0,"DemBarP":0,"BarRetP":0},{"id":43,"time":18,"name":"Kapatur220_BP1","marginal_cost":129.8559789782,"value":129.8559789782,"DemBarE":0,"DemBarP":0,"BarRetP":0},{"id":43,"time":19,"name":"Kapatur220_BP1","marginal_cost":162.9581238271,"value":162.9581238271,"DemBarE":0,"DemBarP":0,"BarRetP":0},{"id":43,"time":20,"name":"Kapatur220_BP1","marginal_cost":163.8145403201,"value":163.8145403201,"DemBarE":0,"DemBarP":0,"BarRetP":0},{"id":43,"time":21,"name":"Kapatur220_BP1","marginal_cost":159.490280137,"value":159.490280137,"DemBarE":0,"DemBarP":0,"BarRetP":0},{"id":43,"time":22,"name":"Kapatur220_BP1","marginal_cost":152.8795050091,"value":152.8795050091,"DemBarE":0,"DemBarP":0,"BarRetP":0},{"id":43,"time":23,"name":"Kapatur220_BP1","marginal_cost":150.2907266893,"value":150.2907266893,"DemBarE":0,"DemBarP":0,"BarRetP":0},{"id":43,"time":24,"name":"Kapatur220_BP1","marginal_cost":149.6389634669,"value":149.6389634669,"DemBarE":0,"DemBarP":0,"BarRetP":0},{"id":43,"time":25,"name":"Kapatur220_BP1","marginal_cost":149.868183268,"value":149.868183268,"DemBarE":0,"DemBarP":0,"BarRetP":0},{"id":43,"time":26,"name":"Kapatur220_BP1","marginal_cost":147.9836153092,"value":147.9836153092,"DemBarE":0,"DemBarP":0,"BarRetP":0},{"id":43,"time":27,"name":"Kapatur220_BP1","marginal_cost":148.7018526659,"value":148.7018526659,"DemBarE":0,"DemBarP":0,"BarRetP":0},{"id":43,"time":28,"name":"Kapatur220_BP1","marginal_cost":148.6874215978,"value":148.6874215978,"DemBarE":0,"DemBarP":0,"BarRetP":0},{"id":43,"time":29,"name":"Kapatur220_BP1","marginal_cost":147.4434147583,"value":147.4434147583,"DemBarE":0,"DemBarP":0,"BarRetP":0},{"id":43,"time":30,"name":"Kapatur220_BP1","marginal_cost":148.2462585502,"value":148.2462585502,"DemBarE":0,"DemBarP":0,"BarRetP":0},{"id":43,"time":31,"name":"Kapatur220_BP1","marginal_cost":155.6323879788,"value":155.6323879788,"DemBarE":0,"DemBarP":0,"BarRetP":0},{"id":43,"time":32,"name":"Kapatur220_BP1","marginal_cost":151.932535171,"value":151.932535171,"DemBarE":0,"DemBarP":0,"BarRetP":0},{"id":43,"time":33,"name":"Kapatur220_BP1","marginal_cost":125.1030449289,"value":125.1030449289,"DemBarE":0,"DemBarP":0,"BarRetP":0},{"id":43,"time":34,"name":"Kapatur220_BP1","marginal_cost":85.7927868871,"value":85.7927868871,"DemBarE":0,"DemBarP":0,"BarRetP":0},{"id":43,"time":35,"name":"Kapatur220_BP1","marginal_cost":82.2652633266,"value":82.2652633266,"DemBarE":0,"DemBarP":0,"BarRetP":0},{"id":43,"time":36,"name":"Kapatur220_BP1","marginal_cost":82.2899774642,"value":82.2899774642,"DemBarE":0,"DemBarP":0,"BarRetP":0},{"id":43,"time":37,"name":"Kapatur220_BP1","marginal_cost":80.8707861594,"value":80.8707861594,"DemBarE":0,"DemBarP":0,"BarRetP":0},{"id":43,"time":38,"name":"Kapatur220_BP1","marginal_cost":80.8707861594,"value":80.8707861594,"DemBarE":0,"DemBarP":0,"BarRetP":0},{"id":43,"time":39,"name":"Kapatur220_BP1","marginal_cost":80.8707861594,"value":80.8707861594,"DemBarE":0,"DemBarP":0,"BarRetP":0},{"id":43,"time":40,"name":"Kapatur220_BP1","marginal_cost":80.8707861594,"value":80.8707861594,"DemBarE":0,"DemBarP":0,"BarRetP":0},{"id":43,"time":41,"name":"Kapatur220_BP1","marginal_cost":99.3158074286,"value":99.3158074286,"DemBarE":0,"DemBarP":0,"BarRetP":0},{"id":43,"time":42,"name":"Kapatur220_BP1","marginal_cost":133.1673662819,"value":133.1673662819,"DemBarE":0,"DemBarP":0,"BarRetP":0},{"id":43,"time":43,"name":"Kapatur220_BP1","marginal_cost":154.7629113028,"value":154.7629113028,"DemBarE":0,"DemBarP":0,"BarRetP":0},{"id":43,"time":44,"name":"Kapatur220_BP1","marginal_cost":154.7629113028,"value":154.7629113028,"DemBarE":0,"DemBarP":0,"BarRetP":0},{"id":43,"time":45,"name":"Kapatur220_BP1","marginal_cost":156.1391248908,"value":156.1391248908,"DemBarE":0,"DemBarP":0,"BarRetP":0},{"id":43,"time":46,"name":"Kapatur220_BP1","marginal_cost":155.2120210446,"value":155.2120210446,"DemBarE":0,"DemBarP":0,"BarRetP":0},{"id":43,"time":47,"name":"Kapatur220_BP1","marginal_cost":152.0062511355,"value":152.0062511355,"DemBarE":0,"DemBarP":0,"BarRetP":0},{"id":43,"time":48,"name":"Kapatur220_BP1","marginal_cost":149.3945104245,"value":149.3945104245,"DemBarE":0,"DemBarP":0,"BarRetP":0},{"id":43,"time":49,"name":"Kapatur220_BP1","marginal_cost":142.7911546699,"value":142.7911546699,"DemBarE":0,"DemBarP":0,"BarRetP":0},{"id":43,"time":50,"name":"Kapatur220_BP1","marginal_cost":145.3691850319,"value":145.3691850319,"DemBarE":0,"DemBarP":0,"BarRetP":0},{"id":43,"time":51,"name":"Kapatur220_BP1","marginal_cost":147.3252783017,"value":147.3252783017,"DemBarE":0,"DemBarP":0,"BarRetP":0},{"id":43,"time":52,"name":"Kapatur220_BP1","marginal_cost":132.1865613568,"value":132.1865613568,"DemBarE":0,"DemBarP":0,"BarRetP":0},{"id":43,"time":53,"name":"Kapatur220_BP1","marginal_cost":132.1865613568,"value":132.1865613568,"DemBarE":0,"DemBarP":0,"BarRetP":0},{"id":43,"time":54,"name":"Kapatur220_BP1","marginal_cost":131.0112973217,"value":131.0112973217,"DemBarE":0,"DemBarP":0,"BarRetP":0},{"id":43,"time":55,"name":"Kapatur220_BP1","marginal_cost":130.4234400626,"value":130.4234400626,"DemBarE":0,"DemBarP":0,"BarRetP":0},{"id":43,"time":56,"name":"Kapatur220_BP1","marginal_cost":126.909169631,"value":126.909169631,"DemBarE":0,"DemBarP":0,"BarRetP":0},{"id":43,"time":57,"name":"Kapatur220_BP1","marginal_cost":104.4787826864,"value":104.4787826864,"DemBarE":0,"DemBarP":0,"BarRetP":0},{"id":43,"time":58,"name":"Kapatur220_BP1","marginal_cost":83.3194018649,"value":83.3194018649,"DemBarE":0,"DemBarP":0,"BarRetP":0},{"id":43,"time":59,"name":"Kapatur220_BP1","marginal_cost":81.7908685973,"value":81.7908685973,"DemBarE":0,"DemBarP":0,"BarRetP":0},{"id":43,"time":60,"name":"Kapatur220_BP1","marginal_cost":80.9928771272,"value":80.9928771272,"DemBarE":0,"DemBarP":0,"BarRetP":0},{"id":43,"time":61,"name":"Kapatur220_BP1","marginal_cost":-2.1457303054,"value":-2.1457303054,"DemBarE":0,"DemBarP":0,"BarRetP":0},{"id":43,"time":62,"name":"Kapatur220_BP1","marginal_cost":-2.1457303054,"value":-2.1457303054,"DemBarE":0,"DemBarP":0,"BarRetP":0},{"id":43,"time":63,"name":"Kapatur220_BP1","marginal_cost":-1.8231674194,"value":-1.8231674194,"DemBarE":0,"DemBarP":0,"BarRetP":0},{"id":43,"time":64,"name":"Kapatur220_BP1","marginal_cost":-1.2403173433,"value":-1.2403173433,"DemBarE":0,"DemBarP":0,"BarRetP":0},{"id":43,"time":65,"name":"Kapatur220_BP1","marginal_cost":113.0740976871,"value":113.0740976871,"DemBarE":0,"DemBarP":0,"BarRetP":0},{"id":43,"time":66,"name":"Kapatur220_BP1","marginal_cost":113.0740976871,"value":113.0740976871,"DemBarE":0,"DemBarP":0,"BarRetP":0},{"id":43,"time":67,"name":"Kapatur220_BP1","marginal_cost":155.5038429187,"value":155.5038429187,"DemBarE":0,"DemBarP":0,"BarRetP":0},{"id":43,"time":68,"name":"Kapatur220_BP1","marginal_cost":151.8017823064,"value":151.8017823064,"DemBarE":0,"DemBarP":0,"BarRetP":0},{"id":43,"time":69,"name":"Kapatur220_BP1","marginal_cost":151.8017823064,"value":151.8017823064,"DemBarE":0,"DemBarP":0,"BarRetP":0},{"id":43,"time":70,"name":"Kapatur220_BP1","marginal_cost":152.5201400513,"value":152.5201400513,"DemBarE":0,"DemBarP":0,"BarRetP":0},{"id":43,"time":71,"name":"Kapatur220_BP1","marginal_cost":145.1691957665,"value":145.1691957665,"DemBarE":0,"DemBarP":0,"BarRetP":0},{"id":43,"time":72,"name":"Kapatur220_BP1","marginal_cost":143.4402541697,"value":143.4402541697,"DemBarE":0,"DemBarP":0,"BarRetP":0},{"id":43,"time":73,"name":"Kapatur220_BP1","marginal_cost":141.9083624336,"value":141.9083624336,"DemBarE":0,"DemBarP":0,"BarRetP":0},{"id":43,"time":74,"name":"Kapatur220_BP1","marginal_cost":142.2692838078,"value":142.2692838078,"DemBarE":0,"DemBarP":0,"BarRetP":0},{"id":43,"time":75,"name":"Kapatur220_BP1","marginal_cost":130.0875953296,"value":130.0875953296,"DemBarE":0,"DemBarP":0,"BarRetP":0},{"id":43,"time":76,"name":"Kapatur220_BP1","marginal_cost":130.0875953296,"value":130.0875953296,"DemBarE":0,"DemBarP":0,"BarRetP":0},{"id":43,"time":77,"name":"Kapatur220_BP1","marginal_cost":130.0875953296,"value":130.0875953296,"DemBarE":0,"DemBarP":0,"BarRetP":0},{"id":43,"time":78,"name":"Kapatur220_BP1","marginal_cost":130.0875953296,"value":130.0875953296,"DemBarE":0,"DemBarP":0,"BarRetP":0},{"id":43,"time":79,"name":"Kapatur220_BP1","marginal_cost":130.0875953296,"value":130.0875953296,"DemBarE":0,"DemBarP":0,"BarRetP":0},{"id":43,"time":80,"name":"Kapatur220_BP1","marginal_cost":120.2687804505,"value":120.2687804505,"DemBarE":0,"DemBarP":0,"BarRetP":0},{"id":43,"time":81,"name":"Kapatur220_BP1","marginal_cost":120.2687804505,"value":120.2687804505,"DemBarE":0,"DemBarP":0,"BarRetP":0},{"id":43,"time":82,"name":"Kapatur220_BP1","marginal_cost":82.3388950323,"value":82.3388950323,"DemBarE":0,"DemBarP":0,"BarRetP":0},{"id":43,"time":83,"name":"Kapatur220_BP1","marginal_cost":82.3388950323,"value":82.3388950323,"DemBarE":0,"DemBarP":0,"BarRetP":0},{"id":43,"time":84,"name":"Kapatur220_BP1","marginal_cost":78.4545370261,"value":78.4545370261,"DemBarE":0,"DemBarP":0,"BarRetP":0},{"id":43,"time":85,"name":"Kapatur220_BP1","marginal_cost":78.4545370261,"value":78.4545370261,"DemBarE":0,"DemBarP":0,"BarRetP":0},{"id":43,"time":86,"name":"Kapatur220_BP1","marginal_cost":80.8020069378,"value":80.8020069378,"DemBarE":0,"DemBarP":0,"BarRetP":0},{"id":43,"time":87,"name":"Kapatur220_BP1","marginal_cost":80.8020069378,"value":80.8020069378,"DemBarE":0,"DemBarP":0,"BarRetP":0},{"id":43,"time":88,"name":"Kapatur220_BP1","marginal_cost":80.8020069378,"value":80.8020069378,"DemBarE":0,"DemBarP":0,"BarRetP":0},{"id":43,"time":89,"name":"Kapatur220_BP1","marginal_cost":80.8020069378,"value":80.8020069378,"DemBarE":0,"DemBarP":0,"BarRetP":0},{"id":43,"time":90,"name":"Kapatur220_BP1","marginal_cost":80.8020069378,"value":80.8020069378,"DemBarE":0,"DemBarP":0,"BarRetP":0},{"id":43,"time":91,"name":"Kapatur220_BP1","marginal_cost":140.2653780331,"value":140.2653780331,"DemBarE":0,"DemBarP":0,"BarRetP":0},{"id":43,"time":92,"name":"Kapatur220_BP1","marginal_cost":140.2653780331,"value":140.2653780331,"DemBarE":0,"DemBarP":0,"BarRetP":0},{"id":43,"time":93,"name":"Kapatur220_BP1","marginal_cost":143.9024938061,"value":143.9024938061,"DemBarE":0,"DemBarP":0,"BarRetP":0},{"id":43,"time":94,"name":"Kapatur220_BP1","marginal_cost":142.3302605343,"value":142.3302605343,"DemBarE":0,"DemBarP":0,"BarRetP":0},{"id":43,"time":95,"name":"Kapatur220_BP1","marginal_cost":141.2127709004,"value":141.2127709004,"DemBarE":0,"DemBarP":0,"BarRetP":0},{"id":43,"time":96,"name":"Kapatur220_BP1","marginal_cost":141.7843539316,"value":141.7843539316,"DemBarE":0,"DemBarP":0,"BarRetP":0},{"id":43,"time":97,"name":"Kapatur220_BP1","marginal_cost":142.2377085499,"value":142.2377085499,"DemBarE":0,"DemBarP":0,"BarRetP":0},{"id":43,"time":98,"name":"Kapatur220_BP1","marginal_cost":139.1930094507,"value":139.1930094507,"DemBarE":0,"DemBarP":0,"BarRetP":0},{"id":43,"time":99,"name":"Kapatur220_BP1","marginal_cost":141.5755342843,"value":141.5755342843,"DemBarE":0,"DemBarP":0,"BarRetP":0},{"id":43,"time":100,"name":"Kapatur220_BP1","marginal_cost":142.6152396863,"value":142.6152396863,"DemBarE":0,"DemBarP":0,"BarRetP":0},{"id":43,"time":101,"name":"Kapatur220_BP1","marginal_cost":142.6152396863,"value":142.6152396863,"DemBarE":0,"DemBarP":0,"BarRetP":0},{"id":43,"time":102,"name":"Kapatur220_BP1","marginal_cost":142.6152396863,"value":142.6152396863,"DemBarE":0,"DemBarP":0,"BarRetP":0},{"id":43,"time":103,"name":"Kapatur220_BP1","marginal_cost":143.8991414777,"value":143.8991414777,"DemBarE":0,"DemBarP":0,"BarRetP":0},{"id":43,"time":104,"name":"Kapatur220_BP1","marginal_cost":125.8737654388,"value":125.8737654388,"DemBarE":0,"DemBarP":0,"BarRetP":0},{"id":43,"time":105,"name":"Kapatur220_BP1","marginal_cost":125.8737654388,"value":125.8737654388,"DemBarE":0,"DemBarP":0,"BarRetP":0},{"id":43,"time":106,"name":"Kapatur220_BP1","marginal_cost":84.2744679436,"value":84.2744679436,"DemBarE":0,"DemBarP":0,"BarRetP":0},{"id":43,"time":107,"name":"Kapatur220_BP1","marginal_cost":84.3242769694,"value":84.3242769694,"DemBarE":0,"DemBarP":0,"BarRetP":0},{"id":43,"time":108,"name":"Kapatur220_BP1","marginal_cost":83.6720291367,"value":83.6720291367,"DemBarE":0,"DemBarP":0,"BarRetP":0},{"id":43,"time":109,"name":"Kapatur220_BP1","marginal_cost":83.6720291367,"value":83.6720291367,"DemBarE":0,"DemBarP":0,"BarRetP":0},{"id":43,"time":110,"name":"Kapatur220_BP1","marginal_cost":83.9632036807,"value":83.9632036807,"DemBarE":0,"DemBarP":0,"BarRetP":0},{"id":43,"time":111,"name":"Kapatur220_BP1","marginal_cost":83.7652514387,"value":83.7652514387,"DemBarE":0,"DemBarP":0,"BarRetP":0},{"id":43,"time":112,"name":"Kapatur220_BP1","marginal_cost":83.7652514387,"value":83.7652514387,"DemBarE":0,"DemBarP":0,"BarRetP":0},{"id":43,"time":113,"name":"Kapatur220_BP1","marginal_cost":127.1458770195,"value":127.1458770195,"DemBarE":0,"DemBarP":0,"BarRetP":0},{"id":43,"time":114,"name":"Kapatur220_BP1","marginal_cost":127.1458770195,"value":127.1458770195,"DemBarE":0,"DemBarP":0,"BarRetP":0},{"id":43,"time":115,"name":"Kapatur220_BP1","marginal_cost":127.1458770195,"value":127.1458770195,"DemBarE":0,"DemBarP":0,"BarRetP":0},{"id":43,"time":116,"name":"Kapatur220_BP1","marginal_cost":147.1216504051,"value":147.1216504051,"DemBarE":0,"DemBarP":0,"BarRetP":0},{"id":43,"time":117,"name":"Kapatur220_BP1","marginal_cost":147.1216504051,"value":147.1216504051,"DemBarE":0,"DemBarP":0,"BarRetP":0},{"id":43,"time":118,"name":"Kapatur220_BP1","marginal_cost":147.1216504051,"value":147.1216504051,"DemBarE":0,"DemBarP":0,"BarRetP":0},{"id":43,"time":119,"name":"Kapatur220_BP1","marginal_cost":147.4853782027,"value":147.4853782027,"DemBarE":0,"DemBarP":0,"BarRetP":0},{"id":43,"time":120,"name":"Kapatur220_BP1","marginal_cost":144.5337958005,"value":144.5337958005,"DemBarE":0,"DemBarP":0,"BarRetP":0},{"id":43,"time":121,"name":"Kapatur220_BP1","marginal_cost":144.982643206,"value":144.982643206,"DemBarE":0,"DemBarP":0,"BarRetP":0},{"id":43,"time":122,"name":"Kapatur220_BP1","marginal_cost":145.4221159731,"value":145.4221159731,"DemBarE":0,"DemBarP":0,"BarRetP":0},{"id":43,"time":123,"name":"Kapatur220_BP1","marginal_cost":138.7671386775,"value":138.7671386775,"DemBarE":0,"DemBarP":0,"BarRetP":0},{"id":43,"time":124,"name":"Kapatur220_BP1","marginal_cost":138.7671386775,"value":138.7671386775,"DemBarE":0,"DemBarP":0,"BarRetP":0},{"id":43,"time":125,"name":"Kapatur220_BP1","marginal_cost":138.7671386775,"value":138.7671386775,"DemBarE":0,"DemBarP":0,"BarRetP":0},{"id":43,"time":126,"name":"Kapatur220_BP1","marginal_cost":138.7671386775,"value":138.7671386775,"DemBarE":0,"DemBarP":0,"BarRetP":0},{"id":43,"time":127,"name":"Kapatur220_BP1","marginal_cost":140.3038929371,"value":140.3038929371,"DemBarE":0,"DemBarP":0,"BarRetP":0},{"id":43,"time":128,"name":"Kapatur220_BP1","marginal_cost":139.9749001652,"value":139.9749001652,"DemBarE":0,"DemBarP":0,"BarRetP":0},{"id":43,"time":129,"name":"Kapatur220_BP1","marginal_cost":122.2552556494,"value":122.2552556494,"DemBarE":0,"DemBarP":0,"BarRetP":0},{"id":43,"time":130,"name":"Kapatur220_BP1","marginal_cost":99.1568760882,"value":99.1568760882,"DemBarE":0,"DemBarP":0,"BarRetP":0},{"id":43,"time":131,"name":"Kapatur220_BP1","marginal_cost":82.6675818042,"value":82.6675818042,"DemBarE":0,"DemBarP":0,"BarRetP":0},{"id":43,"time":132,"name":"Kapatur220_BP1","marginal_cost":84.338929151,"value":84.338929151,"DemBarE":0,"DemBarP":0,"BarRetP":0},{"id":43,"time":133,"name":"Kapatur220_BP1","marginal_cost":84.3476397072,"value":84.3476397072,"DemBarE":0,"DemBarP":0,"BarRetP":0},{"id":43,"time":134,"name":"Kapatur220_BP1","marginal_cost":84.3476397072,"value":84.3476397072,"DemBarE":0,"DemBarP":0,"BarRetP":0},{"id":43,"time":135,"name":"Kapatur220_BP1","marginal_cost":84.3476397072,"value":84.3476397072,"DemBarE":0,"DemBarP":0,"BarRetP":0},{"id":43,"time":136,"name":"Kapatur220_BP1","marginal_cost":84.3476397072,"value":84.3476397072,"DemBarE":0,"DemBarP":0,"BarRetP":0},{"id":43,"time":137,"name":"Kapatur220_BP1","marginal_cost":139.4021088678,"value":139.4021088678,"DemBarE":0,"DemBarP":0,"BarRetP":0},{"id":43,"time":138,"name":"Kapatur220_BP1","marginal_cost":139.4021088678,"value":139.4021088678,"DemBarE":0,"DemBarP":0,"BarRetP":0},{"id":43,"time":139,"name":"Kapatur220_BP1","marginal_cost":139.4021088678,"value":139.4021088678,"DemBarE":0,"DemBarP":0,"BarRetP":0},{"id":43,"time":140,"name":"Kapatur220_BP1","marginal_cost":139.4021088678,"value":139.4021088678,"DemBarE":0,"DemBarP":0,"BarRetP":0},{"id":43,"time":141,"name":"Kapatur220_BP1","marginal_cost":139.4021088678,"value":139.4021088678,"DemBarE":0,"DemBarP":0,"BarRetP":0},{"id":43,"time":142,"name":"Kapatur220_BP1","marginal_cost":139.4021088678,"value":139.4021088678,"DemBarE":0,"DemBarP":0,"BarRetP":0},{"id":43,"time":143,"name":"Kapatur220_BP1","marginal_cost":144.7993703213,"value":144.7993703213,"DemBarE":0,"DemBarP":0,"BarRetP":0},{"id":43,"time":144,"name":"Kapatur220_BP1","marginal_cost":144.295339625,"value":144.295339625,"DemBarE":0,"DemBarP":0,"BarRetP":0},{"id":43,"time":145,"name":"Kapatur220_BP1","marginal_cost":145.366990738,"value":145.366990738,"DemBarE":0,"DemBarP":0,"BarRetP":0},{"id":43,"time":146,"name":"Kapatur220_BP1","marginal_cost":142.1373034079,"value":142.1373034079,"DemBarE":0,"DemBarP":0,"BarRetP":0},{"id":43,"time":147,"name":"Kapatur220_BP1","marginal_cost":141.9457471649,"value":141.9457471649,"DemBarE":0,"DemBarP":0,"BarRetP":0},{"id":43,"time":148,"name":"Kapatur220_BP1","marginal_cost":141.9457471649,"value":141.9457471649,"DemBarE":0,"DemBarP":0,"BarRetP":0},{"id":43,"time":149,"name":"Kapatur220_BP1","marginal_cost":141.9457471649,"value":141.9457471649,"DemBarE":0,"DemBarP":0,"BarRetP":0},{"id":43,"time":150,"name":"Kapatur220_BP1","marginal_cost":141.9457471649,"value":141.9457471649,"DemBarE":0,"DemBarP":0,"BarRetP":0},{"id":43,"time":151,"name":"Kapatur220_BP1","marginal_cost":141.8079067883,"value":141.8079067883,"DemBarE":0,"DemBarP":0,"BarRetP":0},{"id":43,"time":152,"name":"Kapatur220_BP1","marginal_cost":127.3497307458,"value":127.3497307458,"DemBarE":0,"DemBarP":0,"BarRetP":0},{"id":43,"time":153,"name":"Kapatur220_BP1","marginal_cost":127.3497307458,"value":127.3497307458,"DemBarE":0,"DemBarP":0,"BarRetP":0},{"id":43,"time":154,"name":"Kapatur220_BP1","marginal_cost":98.699239756,"value":98.699239756,"DemBarE":0,"DemBarP":0,"BarRetP":0},{"id":43,"time":155,"name":"Kapatur220_BP1","marginal_cost":98.699239756,"value":98.699239756,"DemBarE":0,"DemBarP":0,"BarRetP":0},{"id":43,"time":156,"name":"Kapatur220_BP1","marginal_cost":98.9294053412,"value":98.9294053412,"DemBarE":0,"DemBarP":0,"BarRetP":0},{"id":43,"time":157,"name":"Kapatur220_BP1","marginal_cost":85.105574423,"value":85.105574423,"DemBarE":0,"DemBarP":0,"BarRetP":0},{"id":43,"time":158,"name":"Kapatur220_BP1","marginal_cost":85.105574423,"value":85.105574423,"DemBarE":0,"DemBarP":0,"BarRetP":0},{"id":43,"time":159,"name":"Kapatur220_BP1","marginal_cost":85.105574423,"value":85.105574423,"DemBarE":0,"DemBarP":0,"BarRetP":0},{"id":43,"time":160,"name":"Kapatur220_BP1","marginal_cost":99.545688107,"value":99.545688107,"DemBarE":0,"DemBarP":0,"BarRetP":0},{"id":43,"time":161,"name":"Kapatur220_BP1","marginal_cost":99.545688107,"value":99.545688107,"DemBarE":0,"DemBarP":0,"BarRetP":0},{"id":43,"time":162,"name":"Kapatur220_BP1","marginal_cost":128.6356230213,"value":128.6356230213,"DemBarE":0,"DemBarP":0,"BarRetP":0},{"id":43,"time":163,"name":"Kapatur220_BP1","marginal_cost":145.3357934351,"value":145.3357934351,"DemBarE":0,"DemBarP":0,"BarRetP":0},{"id":43,"time":164,"name":"Kapatur220_BP1","marginal_cost":145.3357934351,"value":145.3357934351,"DemBarE":0,"DemBarP":0,"BarRetP":0},{"id":43,"time":165,"name":"Kapatur220_BP1","marginal_cost":145.3357934351,"value":145.3357934351,"DemBarE":0,"DemBarP":0,"BarRetP":0},{"id":43,"time":166,"name":"Kapatur220_BP1","marginal_cost":145.3357934351,"value":145.3357934351,"DemBarE":0,"DemBarP":0,"BarRetP":0},{"id":43,"time":167,"name":"Kapatur220_BP1","marginal_cost":143.8350600041,"value":143.8350600041,"DemBarE":0,"DemBarP":0,"BarRetP":0},{"id":43,"time":168,"name":"Kapatur220_BP1","marginal_cost":143.7297026723,"value":143.7297026723,"DemBarE":0,"DemBarP":0,"BarRetP":0}]