[{"id":164,"time":1,"name":"Pangue220","marginal_cost":151.6411156312,"value":151.6411156312,"DemBarE":0,"DemBarP":0,"BarRetP":0},{"id":164,"time":2,"name":"Pangue220","marginal_cost":153.2966721699,"value":153.2966721699,"DemBarE":0,"DemBarP":0,"BarRetP":0},{"id":164,"time":3,"name":"Pangue220","marginal_cost":151.3395023882,"value":151.3395023882,"DemBarE":0,"DemBarP":0,"BarRetP":0},{"id":164,"time":4,"name":"Pangue220","marginal_cost":151.4612330824,"value":151.4612330824,"DemBarE":0,"DemBarP":0,"BarRetP":0},{"id":164,"time":5,"name":"Pangue220","marginal_cost":134.6494208331,"value":134.6494208331,"DemBarE":0,"DemBarP":0,"BarRetP":0},{"id":164,"time":6,"name":"Pangue220","marginal_cost":116.986081027,"value":116.986081027,"DemBarE":0,"DemBarP":0,"BarRetP":0},{"id":164,"time":7,"name":"Pangue220","marginal_cost":157.3065757944,"value":157.3065757944,"DemBarE":0,"DemBarP":0,"BarRetP":0},{"id":164,"time":8,"name":"Pangue220","marginal_cost":161.1348428883,"value":161.1348428883,"DemBarE":0,"DemBarP":0,"BarRetP":0},{"id":164,"time":9,"name":"Pangue220","marginal_cost":152.3125389228,"value":152.3125389228,"DemBarE":0,"DemBarP":0,"BarRetP":0},{"id":164,"time":10,"name":"Pangue220","marginal_cost":151.1925031367,"value":151.1925031367,"DemBarE":0,"DemBarP":0,"BarRetP":0},{"id":164,"time":11,"name":"Pangue220","marginal_cost":152.3272697043,"value":152.3272697043,"DemBarE":0,"DemBarP":0,"BarRetP":0},{"id":164,"time":12,"name":"Pangue220","marginal_cost":153.282734799,"value":153.282734799,"DemBarE":0,"DemBarP":0,"BarRetP":0},{"id":164,"time":13,"name":"Pangue220","marginal_cost":156.2295141194,"value":156.2295141194,"DemBarE":0,"DemBarP":0,"BarRetP":0},{"id":164,"time":14,"name":"Pangue220","marginal_cost":154.9699130226,"value":154.9699130226,"DemBarE":0,"DemBarP":0,"BarRetP":0},{"id":164,"time":15,"name":"Pangue220","marginal_cost":155.5511169697,"value":155.5511169697,"DemBarE":0,"DemBarP":0,"BarRetP":0},{"id":164,"time":16,"name":"Pangue220","marginal_cost":154.2024613213,"value":154.2024613213,"DemBarE":0,"DemBarP":0,"BarRetP":0},{"id":164,"time":17,"name":"Pangue220","marginal_cost":152.1340889898,"value":152.1340889898,"DemBarE":0,"DemBarP":0,"BarRetP":0},{"id":164,"time":18,"name":"Pangue220","marginal_cost":151.4545803951,"value":151.4545803951,"DemBarE":0,"DemBarP":0,"BarRetP":0},{"id":164,"time":19,"name":"Pangue220","marginal_cost":167.3756295736,"value":167.3756295736,"DemBarE":0,"DemBarP":0,"BarRetP":0},{"id":164,"time":20,"name":"Pangue220","marginal_cost":168.7836093933,"value":168.7836093933,"DemBarE":0,"DemBarP":0,"BarRetP":0},{"id":164,"time":21,"name":"Pangue220","marginal_cost":158.1813168611,"value":158.1813168611,"DemBarE":0,"DemBarP":0,"BarRetP":0},{"id":164,"time":22,"name":"Pangue220","marginal_cost":157.3861604736,"value":157.3861604736,"DemBarE":0,"DemBarP":0,"BarRetP":0},{"id":164,"time":23,"name":"Pangue220","marginal_cost":158.1073326679,"value":158.1073326679,"DemBarE":0,"DemBarP":0,"BarRetP":0},{"id":164,"time":24,"name":"Pangue220","marginal_cost":156.7208113506,"value":156.7208113506,"DemBarE":0,"DemBarP":0,"BarRetP":0},{"id":164,"time":25,"name":"Pangue220","marginal_cost":146.558286964,"value":146.558286964,"DemBarE":0,"DemBarP":0,"BarRetP":0},{"id":164,"time":26,"name":"Pangue220","marginal_cost":148.7615525265,"value":148.7615525265,"DemBarE":0,"DemBarP":0,"BarRetP":0},{"id":164,"time":27,"name":"Pangue220","marginal_cost":150.2160711282,"value":150.2160711282,"DemBarE":0,"DemBarP":0,"BarRetP":0},{"id":164,"time":28,"name":"Pangue220","marginal_cost":149.6262815128,"value":149.6262815128,"DemBarE":0,"DemBarP":0,"BarRetP":0},{"id":164,"time":29,"name":"Pangue220","marginal_cost":149.1098098579,"value":149.1098098579,"DemBarE":0,"DemBarP":0,"BarRetP":0},{"id":164,"time":30,"name":"Pangue220","marginal_cost":149.4300904418,"value":149.4300904418,"DemBarE":0,"DemBarP":0,"BarRetP":0},{"id":164,"time":31,"name":"Pangue220","marginal_cost":153.941529084,"value":153.941529084,"DemBarE":0,"DemBarP":0,"BarRetP":0},{"id":164,"time":32,"name":"Pangue220","marginal_cost":160.4631703706,"value":160.4631703706,"DemBarE":0,"DemBarP":0,"BarRetP":0},{"id":164,"time":33,"name":"Pangue220","marginal_cost":155.2499130696,"value":155.2499130696,"DemBarE":0,"DemBarP":0,"BarRetP":0},{"id":164,"time":34,"name":"Pangue220","marginal_cost":154.2503866935,"value":154.2503866935,"DemBarE":0,"DemBarP":0,"BarRetP":0},{"id":164,"time":35,"name":"Pangue220","marginal_cost":153.4742783081,"value":153.4742783081,"DemBarE":0,"DemBarP":0,"BarRetP":0},{"id":164,"time":36,"name":"Pangue220","marginal_cost":152.5260472681,"value":152.5260472681,"DemBarE":0,"DemBarP":0,"BarRetP":0},{"id":164,"time":37,"name":"Pangue220","marginal_cost":154.4102292567,"value":154.4102292567,"DemBarE":0,"DemBarP":0,"BarRetP":0},{"id":164,"time":38,"name":"Pangue220","marginal_cost":154.4102292567,"value":154.4102292567,"DemBarE":0,"DemBarP":0,"BarRetP":0},{"id":164,"time":39,"name":"Pangue220","marginal_cost":154.4102292567,"value":154.4102292567,"DemBarE":0,"DemBarP":0,"BarRetP":0},{"id":164,"time":40,"name":"Pangue220","marginal_cost":154.4102292567,"value":154.4102292567,"DemBarE":0,"DemBarP":0,"BarRetP":0},{"id":164,"time":41,"name":"Pangue220","marginal_cost":152.2586710402,"value":152.2586710402,"DemBarE":0,"DemBarP":0,"BarRetP":0},{"id":164,"time":42,"name":"Pangue220","marginal_cost":149.0566359284,"value":149.0566359284,"DemBarE":0,"DemBarP":0,"BarRetP":0},{"id":164,"time":43,"name":"Pangue220","marginal_cost":151.3559602245,"value":151.3559602245,"DemBarE":0,"DemBarP":0,"BarRetP":0},{"id":164,"time":44,"name":"Pangue220","marginal_cost":151.3559602245,"value":151.3559602245,"DemBarE":0,"DemBarP":0,"BarRetP":0},{"id":164,"time":45,"name":"Pangue220","marginal_cost":150.2553950819,"value":150.2553950819,"DemBarE":0,"DemBarP":0,"BarRetP":0},{"id":164,"time":46,"name":"Pangue220","marginal_cost":149.0691800765,"value":149.0691800765,"DemBarE":0,"DemBarP":0,"BarRetP":0},{"id":164,"time":47,"name":"Pangue220","marginal_cost":147.9947279356,"value":147.9947279356,"DemBarE":0,"DemBarP":0,"BarRetP":0},{"id":164,"time":48,"name":"Pangue220","marginal_cost":147.9810254705,"value":147.9810254705,"DemBarE":0,"DemBarP":0,"BarRetP":0},{"id":164,"time":49,"name":"Pangue220","marginal_cost":141.8428631686,"value":141.8428631686,"DemBarE":0,"DemBarP":0,"BarRetP":0},{"id":164,"time":50,"name":"Pangue220","marginal_cost":145.0972979008,"value":145.0972979008,"DemBarE":0,"DemBarP":0,"BarRetP":0},{"id":164,"time":51,"name":"Pangue220","marginal_cost":145.6861965178,"value":145.6861965178,"DemBarE":0,"DemBarP":0,"BarRetP":0},{"id":164,"time":52,"name":"Pangue220","marginal_cost":129.0137001004,"value":129.0137001004,"DemBarE":0,"DemBarP":0,"BarRetP":0},{"id":164,"time":53,"name":"Pangue220","marginal_cost":129.0137001004,"value":129.0137001004,"DemBarE":0,"DemBarP":0,"BarRetP":0},{"id":164,"time":54,"name":"Pangue220","marginal_cost":129.6762925573,"value":129.6762925573,"DemBarE":0,"DemBarP":0,"BarRetP":0},{"id":164,"time":55,"name":"Pangue220","marginal_cost":130.0871011348,"value":130.0871011348,"DemBarE":0,"DemBarP":0,"BarRetP":0},{"id":164,"time":56,"name":"Pangue220","marginal_cost":130.4257541968,"value":130.4257541968,"DemBarE":0,"DemBarP":0,"BarRetP":0},{"id":164,"time":57,"name":"Pangue220","marginal_cost":120.7253384624,"value":120.7253384624,"DemBarE":0,"DemBarP":0,"BarRetP":0},{"id":164,"time":58,"name":"Pangue220","marginal_cost":134.6776219588,"value":134.6776219588,"DemBarE":0,"DemBarP":0,"BarRetP":0},{"id":164,"time":59,"name":"Pangue220","marginal_cost":105.3573544713,"value":105.3573544713,"DemBarE":0,"DemBarP":0,"BarRetP":0},{"id":164,"time":60,"name":"Pangue220","marginal_cost":133.5302712374,"value":133.5302712374,"DemBarE":0,"DemBarP":0,"BarRetP":0},{"id":164,"time":61,"name":"Pangue220","marginal_cost":133.3159958801,"value":133.3159958801,"DemBarE":0,"DemBarP":0,"BarRetP":0},{"id":164,"time":62,"name":"Pangue220","marginal_cost":133.3159958801,"value":133.3159958801,"DemBarE":0,"DemBarP":0,"BarRetP":0},{"id":164,"time":63,"name":"Pangue220","marginal_cost":116.890118719,"value":116.890118719,"DemBarE":0,"DemBarP":0,"BarRetP":0},{"id":164,"time":64,"name":"Pangue220","marginal_cost":133.718516964,"value":133.718516964,"DemBarE":0,"DemBarP":0,"BarRetP":0},{"id":164,"time":65,"name":"Pangue220","marginal_cost":132.9002469502,"value":132.9002469502,"DemBarE":0,"DemBarP":0,"BarRetP":0},{"id":164,"time":66,"name":"Pangue220","marginal_cost":132.9002469502,"value":132.9002469502,"DemBarE":0,"DemBarP":0,"BarRetP":0},{"id":164,"time":67,"name":"Pangue220","marginal_cost":162.0846013619,"value":162.0846013619,"DemBarE":0,"DemBarP":0,"BarRetP":0},{"id":164,"time":68,"name":"Pangue220","marginal_cost":154.8863239826,"value":154.8863239826,"DemBarE":0,"DemBarP":0,"BarRetP":0},{"id":164,"time":69,"name":"Pangue220","marginal_cost":154.8863239826,"value":154.8863239826,"DemBarE":0,"DemBarP":0,"BarRetP":0},{"id":164,"time":70,"name":"Pangue220","marginal_cost":153.0242662204,"value":153.0242662204,"DemBarE":0,"DemBarP":0,"BarRetP":0},{"id":164,"time":71,"name":"Pangue220","marginal_cost":146.7668505063,"value":146.7668505063,"DemBarE":0,"DemBarP":0,"BarRetP":0},{"id":164,"time":72,"name":"Pangue220","marginal_cost":145.592201282,"value":145.592201282,"DemBarE":0,"DemBarP":0,"BarRetP":0},{"id":164,"time":73,"name":"Pangue220","marginal_cost":148.1040712289,"value":148.1040712289,"DemBarE":0,"DemBarP":0,"BarRetP":0},{"id":164,"time":74,"name":"Pangue220","marginal_cost":145.8751594129,"value":145.8751594129,"DemBarE":0,"DemBarP":0,"BarRetP":0},{"id":164,"time":75,"name":"Pangue220","marginal_cost":133.4660842726,"value":133.4660842726,"DemBarE":0,"DemBarP":0,"BarRetP":0},{"id":164,"time":76,"name":"Pangue220","marginal_cost":133.4660842726,"value":133.4660842726,"DemBarE":0,"DemBarP":0,"BarRetP":0},{"id":164,"time":77,"name":"Pangue220","marginal_cost":133.4660842726,"value":133.4660842726,"DemBarE":0,"DemBarP":0,"BarRetP":0},{"id":164,"time":78,"name":"Pangue220","marginal_cost":133.4660842726,"value":133.4660842726,"DemBarE":0,"DemBarP":0,"BarRetP":0},{"id":164,"time":79,"name":"Pangue220","marginal_cost":133.4660842726,"value":133.4660842726,"DemBarE":0,"DemBarP":0,"BarRetP":0},{"id":164,"time":80,"name":"Pangue220","marginal_cost":124.9157927289,"value":124.9157927289,"DemBarE":0,"DemBarP":0,"BarRetP":0},{"id":164,"time":81,"name":"Pangue220","marginal_cost":124.9157927289,"value":124.9157927289,"DemBarE":0,"DemBarP":0,"BarRetP":0},{"id":164,"time":82,"name":"Pangue220","marginal_cost":96.3507918802,"value":96.3507918802,"DemBarE":0,"DemBarP":0,"BarRetP":0},{"id":164,"time":83,"name":"Pangue220","marginal_cost":96.3507918802,"value":96.3507918802,"DemBarE":0,"DemBarP":0,"BarRetP":0},{"id":164,"time":84,"name":"Pangue220","marginal_cost":123.0821409034,"value":123.0821409034,"DemBarE":0,"DemBarP":0,"BarRetP":0},{"id":164,"time":85,"name":"Pangue220","marginal_cost":123.0821409034,"value":123.0821409034,"DemBarE":0,"DemBarP":0,"BarRetP":0},{"id":164,"time":86,"name":"Pangue220","marginal_cost":134.1527603839,"value":134.1527603839,"DemBarE":0,"DemBarP":0,"BarRetP":0},{"id":164,"time":87,"name":"Pangue220","marginal_cost":134.1527603839,"value":134.1527603839,"DemBarE":0,"DemBarP":0,"BarRetP":0},{"id":164,"time":88,"name":"Pangue220","marginal_cost":134.1527603839,"value":134.1527603839,"DemBarE":0,"DemBarP":0,"BarRetP":0},{"id":164,"time":89,"name":"Pangue220","marginal_cost":134.1527603839,"value":134.1527603839,"DemBarE":0,"DemBarP":0,"BarRetP":0},{"id":164,"time":90,"name":"Pangue220","marginal_cost":134.1527603839,"value":134.1527603839,"DemBarE":0,"DemBarP":0,"BarRetP":0},{"id":164,"time":91,"name":"Pangue220","marginal_cost":151.3397301174,"value":151.3397301174,"DemBarE":0,"DemBarP":0,"BarRetP":0},{"id":164,"time":92,"name":"Pangue220","marginal_cost":151.3397301174,"value":151.3397301174,"DemBarE":0,"DemBarP":0,"BarRetP":0},{"id":164,"time":93,"name":"Pangue220","marginal_cost":151.869584354,"value":151.869584354,"DemBarE":0,"DemBarP":0,"BarRetP":0},{"id":164,"time":94,"name":"Pangue220","marginal_cost":148.1584330258,"value":148.1584330258,"DemBarE":0,"DemBarP":0,"BarRetP":0},{"id":164,"time":95,"name":"Pangue220","marginal_cost":146.9275596156,"value":146.9275596156,"DemBarE":0,"DemBarP":0,"BarRetP":0},{"id":164,"time":96,"name":"Pangue220","marginal_cost":150.315493908,"value":150.315493908,"DemBarE":0,"DemBarP":0,"BarRetP":0},{"id":164,"time":97,"name":"Pangue220","marginal_cost":151.8240814075,"value":151.8240814075,"DemBarE":0,"DemBarP":0,"BarRetP":0},{"id":164,"time":98,"name":"Pangue220","marginal_cost":146.6120772349,"value":146.6120772349,"DemBarE":0,"DemBarP":0,"BarRetP":0},{"id":164,"time":99,"name":"Pangue220","marginal_cost":146.0263337176,"value":146.0263337176,"DemBarE":0,"DemBarP":0,"BarRetP":0},{"id":164,"time":100,"name":"Pangue220","marginal_cost":146.0368505042,"value":146.0368505042,"DemBarE":0,"DemBarP":0,"BarRetP":0},{"id":164,"time":101,"name":"Pangue220","marginal_cost":146.0368505042,"value":146.0368505042,"DemBarE":0,"DemBarP":0,"BarRetP":0},{"id":164,"time":102,"name":"Pangue220","marginal_cost":146.0368505042,"value":146.0368505042,"DemBarE":0,"DemBarP":0,"BarRetP":0},{"id":164,"time":103,"name":"Pangue220","marginal_cost":152.8985905165,"value":152.8985905165,"DemBarE":0,"DemBarP":0,"BarRetP":0},{"id":164,"time":104,"name":"Pangue220","marginal_cost":155.3988183822,"value":155.3988183822,"DemBarE":0,"DemBarP":0,"BarRetP":0},{"id":164,"time":105,"name":"Pangue220","marginal_cost":155.3988183822,"value":155.3988183822,"DemBarE":0,"DemBarP":0,"BarRetP":0},{"id":164,"time":106,"name":"Pangue220","marginal_cost":153.2384646385,"value":153.2384646385,"DemBarE":0,"DemBarP":0,"BarRetP":0},{"id":164,"time":107,"name":"Pangue220","marginal_cost":153.5526873808,"value":153.5526873808,"DemBarE":0,"DemBarP":0,"BarRetP":0},{"id":164,"time":108,"name":"Pangue220","marginal_cost":153.3520981755,"value":153.3520981755,"DemBarE":0,"DemBarP":0,"BarRetP":0},{"id":164,"time":109,"name":"Pangue220","marginal_cost":153.3520981755,"value":153.3520981755,"DemBarE":0,"DemBarP":0,"BarRetP":0},{"id":164,"time":110,"name":"Pangue220","marginal_cost":153.4467566352,"value":153.4467566352,"DemBarE":0,"DemBarP":0,"BarRetP":0},{"id":164,"time":111,"name":"Pangue220","marginal_cost":153.5991343699,"value":153.5991343699,"DemBarE":0,"DemBarP":0,"BarRetP":0},{"id":164,"time":112,"name":"Pangue220","marginal_cost":153.5991343699,"value":153.5991343699,"DemBarE":0,"DemBarP":0,"BarRetP":0},{"id":164,"time":113,"name":"Pangue220","marginal_cost":155.0781066795,"value":155.0781066795,"DemBarE":0,"DemBarP":0,"BarRetP":0},{"id":164,"time":114,"name":"Pangue220","marginal_cost":155.0781066795,"value":155.0781066795,"DemBarE":0,"DemBarP":0,"BarRetP":0},{"id":164,"time":115,"name":"Pangue220","marginal_cost":155.0781066795,"value":155.0781066795,"DemBarE":0,"DemBarP":0,"BarRetP":0},{"id":164,"time":116,"name":"Pangue220","marginal_cost":156.8777233806,"value":156.8777233806,"DemBarE":0,"DemBarP":0,"BarRetP":0},{"id":164,"time":117,"name":"Pangue220","marginal_cost":156.8777233806,"value":156.8777233806,"DemBarE":0,"DemBarP":0,"BarRetP":0},{"id":164,"time":118,"name":"Pangue220","marginal_cost":156.8777233806,"value":156.8777233806,"DemBarE":0,"DemBarP":0,"BarRetP":0},{"id":164,"time":119,"name":"Pangue220","marginal_cost":156.6646410863,"value":156.6646410863,"DemBarE":0,"DemBarP":0,"BarRetP":0},{"id":164,"time":120,"name":"Pangue220","marginal_cost":153.7856513945,"value":153.7856513945,"DemBarE":0,"DemBarP":0,"BarRetP":0},{"id":164,"time":121,"name":"Pangue220","marginal_cost":150.1693183246,"value":150.1693183246,"DemBarE":0,"DemBarP":0,"BarRetP":0},{"id":164,"time":122,"name":"Pangue220","marginal_cost":150.504026222,"value":150.504026222,"DemBarE":0,"DemBarP":0,"BarRetP":0},{"id":164,"time":123,"name":"Pangue220","marginal_cost":146.566964863,"value":146.566964863,"DemBarE":0,"DemBarP":0,"BarRetP":0},{"id":164,"time":124,"name":"Pangue220","marginal_cost":146.566964863,"value":146.566964863,"DemBarE":0,"DemBarP":0,"BarRetP":0},{"id":164,"time":125,"name":"Pangue220","marginal_cost":146.566964863,"value":146.566964863,"DemBarE":0,"DemBarP":0,"BarRetP":0},{"id":164,"time":126,"name":"Pangue220","marginal_cost":146.566964863,"value":146.566964863,"DemBarE":0,"DemBarP":0,"BarRetP":0},{"id":164,"time":127,"name":"Pangue220","marginal_cost":153.3752347422,"value":153.3752347422,"DemBarE":0,"DemBarP":0,"BarRetP":0},{"id":164,"time":128,"name":"Pangue220","marginal_cost":158.997986835,"value":158.997986835,"DemBarE":0,"DemBarP":0,"BarRetP":0},{"id":164,"time":129,"name":"Pangue220","marginal_cost":156.7200308287,"value":156.7200308287,"DemBarE":0,"DemBarP":0,"BarRetP":0},{"id":164,"time":130,"name":"Pangue220","marginal_cost":160.0662867121,"value":160.0662867121,"DemBarE":0,"DemBarP":0,"BarRetP":0},{"id":164,"time":131,"name":"Pangue220","marginal_cost":159.3500218817,"value":159.3500218817,"DemBarE":0,"DemBarP":0,"BarRetP":0},{"id":164,"time":132,"name":"Pangue220","marginal_cost":160.2367642242,"value":160.2367642242,"DemBarE":0,"DemBarP":0,"BarRetP":0},{"id":164,"time":133,"name":"Pangue220","marginal_cost":159.1885269097,"value":159.1885269097,"DemBarE":0,"DemBarP":0,"BarRetP":0},{"id":164,"time":134,"name":"Pangue220","marginal_cost":159.1885269097,"value":159.1885269097,"DemBarE":0,"DemBarP":0,"BarRetP":0},{"id":164,"time":135,"name":"Pangue220","marginal_cost":159.1885269097,"value":159.1885269097,"DemBarE":0,"DemBarP":0,"BarRetP":0},{"id":164,"time":136,"name":"Pangue220","marginal_cost":159.1885269097,"value":159.1885269097,"DemBarE":0,"DemBarP":0,"BarRetP":0},{"id":164,"time":137,"name":"Pangue220","marginal_cost":158.6486675182,"value":158.6486675182,"DemBarE":0,"DemBarP":0,"BarRetP":0},{"id":164,"time":138,"name":"Pangue220","marginal_cost":158.6486675182,"value":158.6486675182,"DemBarE":0,"DemBarP":0,"BarRetP":0},{"id":164,"time":139,"name":"Pangue220","marginal_cost":158.6486675182,"value":158.6486675182,"DemBarE":0,"DemBarP":0,"BarRetP":0},{"id":164,"time":140,"name":"Pangue220","marginal_cost":158.6486675182,"value":158.6486675182,"DemBarE":0,"DemBarP":0,"BarRetP":0},{"id":164,"time":141,"name":"Pangue220","marginal_cost":158.6486675182,"value":158.6486675182,"DemBarE":0,"DemBarP":0,"BarRetP":0},{"id":164,"time":142,"name":"Pangue220","marginal_cost":158.6486675182,"value":158.6486675182,"DemBarE":0,"DemBarP":0,"BarRetP":0},{"id":164,"time":143,"name":"Pangue220","marginal_cost":156.9736433978,"value":156.9736433978,"DemBarE":0,"DemBarP":0,"BarRetP":0},{"id":164,"time":144,"name":"Pangue220","marginal_cost":158.4843249402,"value":158.4843249402,"DemBarE":0,"DemBarP":0,"BarRetP":0},{"id":164,"time":145,"name":"Pangue220","marginal_cost":156.8567671481,"value":156.8567671481,"DemBarE":0,"DemBarP":0,"BarRetP":0},{"id":164,"time":146,"name":"Pangue220","marginal_cost":156.0859872242,"value":156.0859872242,"DemBarE":0,"DemBarP":0,"BarRetP":0},{"id":164,"time":147,"name":"Pangue220","marginal_cost":153.292443571,"value":153.292443571,"DemBarE":0,"DemBarP":0,"BarRetP":0},{"id":164,"time":148,"name":"Pangue220","marginal_cost":153.292443571,"value":153.292443571,"DemBarE":0,"DemBarP":0,"BarRetP":0},{"id":164,"time":149,"name":"Pangue220","marginal_cost":153.292443571,"value":153.292443571,"DemBarE":0,"DemBarP":0,"BarRetP":0},{"id":164,"time":150,"name":"Pangue220","marginal_cost":153.292443571,"value":153.292443571,"DemBarE":0,"DemBarP":0,"BarRetP":0},{"id":164,"time":151,"name":"Pangue220","marginal_cost":156.5347248905,"value":156.5347248905,"DemBarE":0,"DemBarP":0,"BarRetP":0},{"id":164,"time":152,"name":"Pangue220","marginal_cost":159.8823182772,"value":159.8823182772,"DemBarE":0,"DemBarP":0,"BarRetP":0},{"id":164,"time":153,"name":"Pangue220","marginal_cost":159.8823182772,"value":159.8823182772,"DemBarE":0,"DemBarP":0,"BarRetP":0},{"id":164,"time":154,"name":"Pangue220","marginal_cost":158.9457818966,"value":158.9457818966,"DemBarE":0,"DemBarP":0,"BarRetP":0},{"id":164,"time":155,"name":"Pangue220","marginal_cost":158.9457818966,"value":158.9457818966,"DemBarE":0,"DemBarP":0,"BarRetP":0},{"id":164,"time":156,"name":"Pangue220","marginal_cost":160.3085017535,"value":160.3085017535,"DemBarE":0,"DemBarP":0,"BarRetP":0},{"id":164,"time":157,"name":"Pangue220","marginal_cost":160.7795910021,"value":160.7795910021,"DemBarE":0,"DemBarP":0,"BarRetP":0},{"id":164,"time":158,"name":"Pangue220","marginal_cost":160.7795910021,"value":160.7795910021,"DemBarE":0,"DemBarP":0,"BarRetP":0},{"id":164,"time":159,"name":"Pangue220","marginal_cost":160.7795910021,"value":160.7795910021,"DemBarE":0,"DemBarP":0,"BarRetP":0},{"id":164,"time":160,"name":"Pangue220","marginal_cost":159.5488176868,"value":159.5488176868,"DemBarE":0,"DemBarP":0,"BarRetP":0},{"id":164,"time":161,"name":"Pangue220","marginal_cost":159.5488176868,"value":159.5488176868,"DemBarE":0,"DemBarP":0,"BarRetP":0},{"id":164,"time":162,"name":"Pangue220","marginal_cost":158.9290063674,"value":158.9290063674,"DemBarE":0,"DemBarP":0,"BarRetP":0},{"id":164,"time":163,"name":"Pangue220","marginal_cost":160.0010205542,"value":160.0010205542,"DemBarE":0,"DemBarP":0,"BarRetP":0},{"id":164,"time":164,"name":"Pangue220","marginal_cost":160.0010205542,"value":160.0010205542,"DemBarE":0,"DemBarP":0,"BarRetP":0},{"id":164,"time":165,"name":"Pangue220","marginal_cost":160.0010205542,"value":160.0010205542,"DemBarE":0,"DemBarP":0,"BarRetP":0},{"id":164,"time":166,"name":"Pangue220","marginal_cost":160.0010205542,"value":160.0010205542,"DemBarE":0,"DemBarP":0,"BarRetP":0},{"id":164,"time":167,"name":"Pangue220","marginal_cost":159.8416855277,"value":159.8416855277,"DemBarE":0,"DemBarP":0,"BarRetP":0},{"id":164,"time":168,"name":"Pangue220","marginal_cost":158.7648600307,"value":158.7648600307,"DemBarE":0,"DemBarP":0,"BarRetP":0}]