[{"id":170,"time":1,"name":"Pichirropulli220","marginal_cost":0.0,"value":0.0,"DemBarE":0,"DemBarP":0,"BarRetP":0},{"id":170,"time":2,"name":"Pichirropulli220","marginal_cost":0.0,"value":0.0,"DemBarE":0,"DemBarP":0,"BarRetP":0},{"id":170,"time":3,"name":"Pichirropulli220","marginal_cost":0.0,"value":0.0,"DemBarE":0,"DemBarP":0,"BarRetP":0},{"id":170,"time":4,"name":"Pichirropulli220","marginal_cost":0.0,"value":0.0,"DemBarE":0,"DemBarP":0,"BarRetP":0},{"id":170,"time":5,"name":"Pichirropulli220","marginal_cost":0.0,"value":0.0,"DemBarE":0,"DemBarP":0,"BarRetP":0},{"id":170,"time":6,"name":"Pichirropulli220","marginal_cost":0.0,"value":0.0,"DemBarE":0,"DemBarP":0,"BarRetP":0},{"id":170,"time":7,"name":"Pichirropulli220","marginal_cost":0.0,"value":0.0,"DemBarE":0,"DemBarP":0,"BarRetP":0},{"id":170,"time":8,"name":"Pichirropulli220","marginal_cost":0.0,"value":0.0,"DemBarE":0,"DemBarP":0,"BarRetP":0},{"id":170,"time":9,"name":"Pichirropulli220","marginal_cost":0.0,"value":0.0,"DemBarE":0,"DemBarP":0,"BarRetP":0},{"id":170,"time":10,"name":"Pichirropulli220","marginal_cost":0.0,"value":0.0,"DemBarE":0,"DemBarP":0,"BarRetP":0},{"id":170,"time":11,"name":"Pichirropulli220","marginal_cost":0.0,"value":0.0,"DemBarE":0,"DemBarP":0,"BarRetP":0},{"id":170,"time":12,"name":"Pichirropulli220","marginal_cost":0.0,"value":0.0,"DemBarE":0,"DemBarP":0,"BarRetP":0},{"id":170,"time":13,"name":"Pichirropulli220","marginal_cost":0.0,"value":0.0,"DemBarE":0,"DemBarP":0,"BarRetP":0},{"id":170,"time":14,"name":"Pichirropulli220","marginal_cost":0.0,"value":0.0,"DemBarE":0,"DemBarP":0,"BarRetP":0},{"id":170,"time":15,"name":"Pichirropulli220","marginal_cost":0.0,"value":0.0,"DemBarE":0,"DemBarP":0,"BarRetP":0},{"id":170,"time":16,"name":"Pichirropulli220","marginal_cost":0.0,"value":0.0,"DemBarE":0,"DemBarP":0,"BarRetP":0},{"id":170,"time":17,"name":"Pichirropulli220","marginal_cost":0.0,"value":0.0,"DemBarE":0,"DemBarP":0,"BarRetP":0},{"id":170,"time":18,"name":"Pichirropulli220","marginal_cost":0.0,"value":0.0,"DemBarE":0,"DemBarP":0,"BarRetP":0},{"id":170,"time":19,"name":"Pichirropulli220","marginal_cost":0.0,"value":0.0,"DemBarE":0,"DemBarP":0,"BarRetP":0},{"id":170,"time":20,"name":"Pichirropulli220","marginal_cost":0.0,"value":0.0,"DemBarE":0,"DemBarP":0,"BarRetP":0},{"id":170,"time":21,"name":"Pichirropulli220","marginal_cost":0.0,"value":0.0,"DemBarE":0,"DemBarP":0,"BarRetP":0},{"id":170,"time":22,"name":"Pichirropulli220","marginal_cost":0.0,"value":0.0,"DemBarE":0,"DemBarP":0,"BarRetP":0},{"id":170,"time":23,"name":"Pichirropulli220","marginal_cost":0.0,"value":0.0,"DemBarE":0,"DemBarP":0,"BarRetP":0},{"id":170,"time":24,"name":"Pichirropulli220","marginal_cost":0.0,"value":0.0,"DemBarE":0,"DemBarP":0,"BarRetP":0},{"id":170,"time":25,"name":"Pichirropulli220","marginal_cost":0.0,"value":0.0,"DemBarE":0,"DemBarP":0,"BarRetP":0},{"id":170,"time":26,"name":"Pichirropulli220","marginal_cost":0.0,"value":0.0,"DemBarE":0,"DemBarP":0,"BarRetP":0},{"id":170,"time":27,"name":"Pichirropulli220","marginal_cost":0.0,"value":0.0,"DemBarE":0,"DemBarP":0,"BarRetP":0},{"id":170,"time":28,"name":"Pichirropulli220","marginal_cost":0.0,"value":0.0,"DemBarE":0,"DemBarP":0,"BarRetP":0},{"id":170,"time":29,"name":"Pichirropulli220","marginal_cost":0.0,"value":0.0,"DemBarE":0,"DemBarP":0,"BarRetP":0},{"id":170,"time":30,"name":"Pichirropulli220","marginal_cost":0.0,"value":0.0,"DemBarE":0,"DemBarP":0,"BarRetP":0},{"id":170,"time":31,"name":"Pichirropulli220","marginal_cost":0.0,"value":0.0,"DemBarE":0,"DemBarP":0,"BarRetP":0},{"id":170,"time":32,"name":"Pichirropulli220","marginal_cost":0.0,"value":0.0,"DemBarE":0,"DemBarP":0,"BarRetP":0},{"id":170,"time":33,"name":"Pichirropulli220","marginal_cost":0.0,"value":0.0,"DemBarE":0,"DemBarP":0,"BarRetP":0},{"id":170,"time":34,"name":"Pichirropulli220","marginal_cost":0.0,"value":0.0,"DemBarE":0,"DemBarP":0,"BarRetP":0},{"id":170,"time":35,"name":"Pichirropulli220","marginal_cost":0.0,"value":0.0,"DemBarE":0,"DemBarP":0,"BarRetP":0},{"id":170,"time":36,"name":"Pichirropulli220","marginal_cost":0.0,"value":0.0,"DemBarE":0,"DemBarP":0,"BarRetP":0},{"id":170,"time":37,"name":"Pichirropulli220","marginal_cost":0.0,"value":0.0,"DemBarE":0,"DemBarP":0,"BarRetP":0},{"id":170,"time":38,"name":"Pichirropulli220","marginal_cost":0.0,"value":0.0,"DemBarE":0,"DemBarP":0,"BarRetP":0},{"id":170,"time":39,"name":"Pichirropulli220","marginal_cost":0.0,"value":0.0,"DemBarE":0,"DemBarP":0,"BarRetP":0},{"id":170,"time":40,"name":"Pichirropulli220","marginal_cost":0.0,"value":0.0,"DemBarE":0,"DemBarP":0,"BarRetP":0},{"id":170,"time":41,"name":"Pichirropulli220","marginal_cost":0.0,"value":0.0,"DemBarE":0,"DemBarP":0,"BarRetP":0},{"id":170,"time":42,"name":"Pichirropulli220","marginal_cost":0.0,"value":0.0,"DemBarE":0,"DemBarP":0,"BarRetP":0},{"id":170,"time":43,"name":"Pichirropulli220","marginal_cost":0.0,"value":0.0,"DemBarE":0,"DemBarP":0,"BarRetP":0},{"id":170,"time":44,"name":"Pichirropulli220","marginal_cost":0.0,"value":0.0,"DemBarE":0,"DemBarP":0,"BarRetP":0},{"id":170,"time":45,"name":"Pichirropulli220","marginal_cost":0.0,"value":0.0,"DemBarE":0,"DemBarP":0,"BarRetP":0},{"id":170,"time":46,"name":"Pichirropulli220","marginal_cost":0.0,"value":0.0,"DemBarE":0,"DemBarP":0,"BarRetP":0},{"id":170,"time":47,"name":"Pichirropulli220","marginal_cost":0.0,"value":0.0,"DemBarE":0,"DemBarP":0,"BarRetP":0},{"id":170,"time":48,"name":"Pichirropulli220","marginal_cost":0.0,"value":0.0,"DemBarE":0,"DemBarP":0,"BarRetP":0},{"id":170,"time":49,"name":"Pichirropulli220","marginal_cost":0.0,"value":0.0,"DemBarE":0,"DemBarP":0,"BarRetP":0},{"id":170,"time":50,"name":"Pichirropulli220","marginal_cost":0.0,"value":0.0,"DemBarE":0,"DemBarP":0,"BarRetP":0},{"id":170,"time":51,"name":"Pichirropulli220","marginal_cost":0.0,"value":0.0,"DemBarE":0,"DemBarP":0,"BarRetP":0},{"id":170,"time":52,"name":"Pichirropulli220","marginal_cost":0.0,"value":0.0,"DemBarE":0,"DemBarP":0,"BarRetP":0},{"id":170,"time":53,"name":"Pichirropulli220","marginal_cost":0.0,"value":0.0,"DemBarE":0,"DemBarP":0,"BarRetP":0},{"id":170,"time":54,"name":"Pichirropulli220","marginal_cost":0.0,"value":0.0,"DemBarE":0,"DemBarP":0,"BarRetP":0},{"id":170,"time":55,"name":"Pichirropulli220","marginal_cost":0.0,"value":0.0,"DemBarE":0,"DemBarP":0,"BarRetP":0},{"id":170,"time":56,"name":"Pichirropulli220","marginal_cost":0.0,"value":0.0,"DemBarE":0,"DemBarP":0,"BarRetP":0},{"id":170,"time":57,"name":"Pichirropulli220","marginal_cost":0.0,"value":0.0,"DemBarE":0,"DemBarP":0,"BarRetP":0},{"id":170,"time":58,"name":"Pichirropulli220","marginal_cost":0.0,"value":0.0,"DemBarE":0,"DemBarP":0,"BarRetP":0},{"id":170,"time":59,"name":"Pichirropulli220","marginal_cost":0.0,"value":0.0,"DemBarE":0,"DemBarP":0,"BarRetP":0},{"id":170,"time":60,"name":"Pichirropulli220","marginal_cost":0.0,"value":0.0,"DemBarE":0,"DemBarP":0,"BarRetP":0},{"id":170,"time":61,"name":"Pichirropulli220","marginal_cost":0.0,"value":0.0,"DemBarE":0,"DemBarP":0,"BarRetP":0},{"id":170,"time":62,"name":"Pichirropulli220","marginal_cost":0.0,"value":0.0,"DemBarE":0,"DemBarP":0,"BarRetP":0},{"id":170,"time":63,"name":"Pichirropulli220","marginal_cost":0.0,"value":0.0,"DemBarE":0,"DemBarP":0,"BarRetP":0},{"id":170,"time":64,"name":"Pichirropulli220","marginal_cost":0.0,"value":0.0,"DemBarE":0,"DemBarP":0,"BarRetP":0},{"id":170,"time":65,"name":"Pichirropulli220","marginal_cost":0.0,"value":0.0,"DemBarE":0,"DemBarP":0,"BarRetP":0},{"id":170,"time":66,"name":"Pichirropulli220","marginal_cost":0.0,"value":0.0,"DemBarE":0,"DemBarP":0,"BarRetP":0},{"id":170,"time":67,"name":"Pichirropulli220","marginal_cost":0.0,"value":0.0,"DemBarE":0,"DemBarP":0,"BarRetP":0},{"id":170,"time":68,"name":"Pichirropulli220","marginal_cost":0.0,"value":0.0,"DemBarE":0,"DemBarP":0,"BarRetP":0},{"id":170,"time":69,"name":"Pichirropulli220","marginal_cost":0.0,"value":0.0,"DemBarE":0,"DemBarP":0,"BarRetP":0},{"id":170,"time":70,"name":"Pichirropulli220","marginal_cost":0.0,"value":0.0,"DemBarE":0,"DemBarP":0,"BarRetP":0},{"id":170,"time":71,"name":"Pichirropulli220","marginal_cost":0.0,"value":0.0,"DemBarE":0,"DemBarP":0,"BarRetP":0},{"id":170,"time":72,"name":"Pichirropulli220","marginal_cost":0.0,"value":0.0,"DemBarE":0,"DemBarP":0,"BarRetP":0},{"id":170,"time":73,"name":"Pichirropulli220","marginal_cost":0.0,"value":0.0,"DemBarE":0,"DemBarP":0,"BarRetP":0},{"id":170,"time":74,"name":"Pichirropulli220","marginal_cost":0.0,"value":0.0,"DemBarE":0,"DemBarP":0,"BarRetP":0},{"id":170,"time":75,"name":"Pichirropulli220","marginal_cost":0.0,"value":0.0,"DemBarE":0,"DemBarP":0,"BarRetP":0},{"id":170,"time":76,"name":"Pichirropulli220","marginal_cost":0.0,"value":0.0,"DemBarE":0,"DemBarP":0,"BarRetP":0},{"id":170,"time":77,"name":"Pichirropulli220","marginal_cost":0.0,"value":0.0,"DemBarE":0,"DemBarP":0,"BarRetP":0},{"id":170,"time":78,"name":"Pichirropulli220","marginal_cost":0.0,"value":0.0,"DemBarE":0,"DemBarP":0,"BarRetP":0},{"id":170,"time":79,"name":"Pichirropulli220","marginal_cost":0.0,"value":0.0,"DemBarE":0,"DemBarP":0,"BarRetP":0},{"id":170,"time":80,"name":"Pichirropulli220","marginal_cost":0.0,"value":0.0,"DemBarE":0,"DemBarP":0,"BarRetP":0},{"id":170,"time":81,"name":"Pichirropulli220","marginal_cost":0.0,"value":0.0,"DemBarE":0,"DemBarP":0,"BarRetP":0},{"id":170,"time":82,"name":"Pichirropulli220","marginal_cost":0.0,"value":0.0,"DemBarE":0,"DemBarP":0,"BarRetP":0},{"id":170,"time":83,"name":"Pichirropulli220","marginal_cost":0.0,"value":0.0,"DemBarE":0,"DemBarP":0,"BarRetP":0},{"id":170,"time":84,"name":"Pichirropulli220","marginal_cost":0.0,"value":0.0,"DemBarE":0,"DemBarP":0,"BarRetP":0},{"id":170,"time":85,"name":"Pichirropulli220","marginal_cost":0.0,"value":0.0,"DemBarE":0,"DemBarP":0,"BarRetP":0},{"id":170,"time":86,"name":"Pichirropulli220","marginal_cost":0.0,"value":0.0,"DemBarE":0,"DemBarP":0,"BarRetP":0},{"id":170,"time":87,"name":"Pichirropulli220","marginal_cost":0.0,"value":0.0,"DemBarE":0,"DemBarP":0,"BarRetP":0},{"id":170,"time":88,"name":"Pichirropulli220","marginal_cost":0.0,"value":0.0,"DemBarE":0,"DemBarP":0,"BarRetP":0},{"id":170,"time":89,"name":"Pichirropulli220","marginal_cost":0.0,"value":0.0,"DemBarE":0,"DemBarP":0,"BarRetP":0},{"id":170,"time":90,"name":"Pichirropulli220","marginal_cost":0.0,"value":0.0,"DemBarE":0,"DemBarP":0,"BarRetP":0},{"id":170,"time":91,"name":"Pichirropulli220","marginal_cost":0.0,"value":0.0,"DemBarE":0,"DemBarP":0,"BarRetP":0},{"id":170,"time":92,"name":"Pichirropulli220","marginal_cost":0.0,"value":0.0,"DemBarE":0,"DemBarP":0,"BarRetP":0},{"id":170,"time":93,"name":"Pichirropulli220","marginal_cost":0.0,"value":0.0,"DemBarE":0,"DemBarP":0,"BarRetP":0},{"id":170,"time":94,"name":"Pichirropulli220","marginal_cost":0.0,"value":0.0,"DemBarE":0,"DemBarP":0,"BarRetP":0},{"id":170,"time":95,"name":"Pichirropulli220","marginal_cost":0.0,"value":0.0,"DemBarE":0,"DemBarP":0,"BarRetP":0},{"id":170,"time":96,"name":"Pichirropulli220","marginal_cost":0.0,"value":0.0,"DemBarE":0,"DemBarP":0,"BarRetP":0},{"id":170,"time":97,"name":"Pichirropulli220","marginal_cost":0.0,"value":0.0,"DemBarE":0,"DemBarP":0,"BarRetP":0},{"id":170,"time":98,"name":"Pichirropulli220","marginal_cost":0.0,"value":0.0,"DemBarE":0,"DemBarP":0,"BarRetP":0},{"id":170,"time":99,"name":"Pichirropulli220","marginal_cost":0.0,"value":0.0,"DemBarE":0,"DemBarP":0,"BarRetP":0},{"id":170,"time":100,"name":"Pichirropulli220","marginal_cost":0.0,"value":0.0,"DemBarE":0,"DemBarP":0,"BarRetP":0},{"id":170,"time":101,"name":"Pichirropulli220","marginal_cost":0.0,"value":0.0,"DemBarE":0,"DemBarP":0,"BarRetP":0},{"id":170,"time":102,"name":"Pichirropulli220","marginal_cost":0.0,"value":0.0,"DemBarE":0,"DemBarP":0,"BarRetP":0},{"id":170,"time":103,"name":"Pichirropulli220","marginal_cost":0.0,"value":0.0,"DemBarE":0,"DemBarP":0,"BarRetP":0},{"id":170,"time":104,"name":"Pichirropulli220","marginal_cost":0.0,"value":0.0,"DemBarE":0,"DemBarP":0,"BarRetP":0},{"id":170,"time":105,"name":"Pichirropulli220","marginal_cost":0.0,"value":0.0,"DemBarE":0,"DemBarP":0,"BarRetP":0},{"id":170,"time":106,"name":"Pichirropulli220","marginal_cost":0.0,"value":0.0,"DemBarE":0,"DemBarP":0,"BarRetP":0},{"id":170,"time":107,"name":"Pichirropulli220","marginal_cost":0.0,"value":0.0,"DemBarE":0,"DemBarP":0,"BarRetP":0},{"id":170,"time":108,"name":"Pichirropulli220","marginal_cost":0.0,"value":0.0,"DemBarE":0,"DemBarP":0,"BarRetP":0},{"id":170,"time":109,"name":"Pichirropulli220","marginal_cost":0.0,"value":0.0,"DemBarE":0,"DemBarP":0,"BarRetP":0},{"id":170,"time":110,"name":"Pichirropulli220","marginal_cost":0.0,"value":0.0,"DemBarE":0,"DemBarP":0,"BarRetP":0},{"id":170,"time":111,"name":"Pichirropulli220","marginal_cost":0.0,"value":0.0,"DemBarE":0,"DemBarP":0,"BarRetP":0},{"id":170,"time":112,"name":"Pichirropulli220","marginal_cost":0.0,"value":0.0,"DemBarE":0,"DemBarP":0,"BarRetP":0},{"id":170,"time":113,"name":"Pichirropulli220","marginal_cost":0.0,"value":0.0,"DemBarE":0,"DemBarP":0,"BarRetP":0},{"id":170,"time":114,"name":"Pichirropulli220","marginal_cost":0.0,"value":0.0,"DemBarE":0,"DemBarP":0,"BarRetP":0},{"id":170,"time":115,"name":"Pichirropulli220","marginal_cost":0.0,"value":0.0,"DemBarE":0,"DemBarP":0,"BarRetP":0},{"id":170,"time":116,"name":"Pichirropulli220","marginal_cost":0.0,"value":0.0,"DemBarE":0,"DemBarP":0,"BarRetP":0},{"id":170,"time":117,"name":"Pichirropulli220","marginal_cost":0.0,"value":0.0,"DemBarE":0,"DemBarP":0,"BarRetP":0},{"id":170,"time":118,"name":"Pichirropulli220","marginal_cost":0.0,"value":0.0,"DemBarE":0,"DemBarP":0,"BarRetP":0},{"id":170,"time":119,"name":"Pichirropulli220","marginal_cost":0.0,"value":0.0,"DemBarE":0,"DemBarP":0,"BarRetP":0},{"id":170,"time":120,"name":"Pichirropulli220","marginal_cost":0.0,"value":0.0,"DemBarE":0,"DemBarP":0,"BarRetP":0},{"id":170,"time":121,"name":"Pichirropulli220","marginal_cost":0.0,"value":0.0,"DemBarE":0,"DemBarP":0,"BarRetP":0},{"id":170,"time":122,"name":"Pichirropulli220","marginal_cost":0.0,"value":0.0,"DemBarE":0,"DemBarP":0,"BarRetP":0},{"id":170,"time":123,"name":"Pichirropulli220","marginal_cost":0.0,"value":0.0,"DemBarE":0,"DemBarP":0,"BarRetP":0},{"id":170,"time":124,"name":"Pichirropulli220","marginal_cost":0.0,"value":0.0,"DemBarE":0,"DemBarP":0,"BarRetP":0},{"id":170,"time":125,"name":"Pichirropulli220","marginal_cost":0.0,"value":0.0,"DemBarE":0,"DemBarP":0,"BarRetP":0},{"id":170,"time":126,"name":"Pichirropulli220","marginal_cost":0.0,"value":0.0,"DemBarE":0,"DemBarP":0,"BarRetP":0},{"id":170,"time":127,"name":"Pichirropulli220","marginal_cost":0.0,"value":0.0,"DemBarE":0,"DemBarP":0,"BarRetP":0},{"id":170,"time":128,"name":"Pichirropulli220","marginal_cost":0.0,"value":0.0,"DemBarE":0,"DemBarP":0,"BarRetP":0},{"id":170,"time":129,"name":"Pichirropulli220","marginal_cost":0.0,"value":0.0,"DemBarE":0,"DemBarP":0,"BarRetP":0},{"id":170,"time":130,"name":"Pichirropulli220","marginal_cost":0.0,"value":0.0,"DemBarE":0,"DemBarP":0,"BarRetP":0},{"id":170,"time":131,"name":"Pichirropulli220","marginal_cost":0.0,"value":0.0,"DemBarE":0,"DemBarP":0,"BarRetP":0},{"id":170,"time":132,"name":"Pichirropulli220","marginal_cost":0.0,"value":0.0,"DemBarE":0,"DemBarP":0,"BarRetP":0},{"id":170,"time":133,"name":"Pichirropulli220","marginal_cost":0.0,"value":0.0,"DemBarE":0,"DemBarP":0,"BarRetP":0},{"id":170,"time":134,"name":"Pichirropulli220","marginal_cost":0.0,"value":0.0,"DemBarE":0,"DemBarP":0,"BarRetP":0},{"id":170,"time":135,"name":"Pichirropulli220","marginal_cost":0.0,"value":0.0,"DemBarE":0,"DemBarP":0,"BarRetP":0},{"id":170,"time":136,"name":"Pichirropulli220","marginal_cost":0.0,"value":0.0,"DemBarE":0,"DemBarP":0,"BarRetP":0},{"id":170,"time":137,"name":"Pichirropulli220","marginal_cost":0.0,"value":0.0,"DemBarE":0,"DemBarP":0,"BarRetP":0},{"id":170,"time":138,"name":"Pichirropulli220","marginal_cost":0.0,"value":0.0,"DemBarE":0,"DemBarP":0,"BarRetP":0},{"id":170,"time":139,"name":"Pichirropulli220","marginal_cost":0.0,"value":0.0,"DemBarE":0,"DemBarP":0,"BarRetP":0},{"id":170,"time":140,"name":"Pichirropulli220","marginal_cost":0.0,"value":0.0,"DemBarE":0,"DemBarP":0,"BarRetP":0},{"id":170,"time":141,"name":"Pichirropulli220","marginal_cost":0.0,"value":0.0,"DemBarE":0,"DemBarP":0,"BarRetP":0},{"id":170,"time":142,"name":"Pichirropulli220","marginal_cost":0.0,"value":0.0,"DemBarE":0,"DemBarP":0,"BarRetP":0},{"id":170,"time":143,"name":"Pichirropulli220","marginal_cost":0.0,"value":0.0,"DemBarE":0,"DemBarP":0,"BarRetP":0},{"id":170,"time":144,"name":"Pichirropulli220","marginal_cost":0.0,"value":0.0,"DemBarE":0,"DemBarP":0,"BarRetP":0},{"id":170,"time":145,"name":"Pichirropulli220","marginal_cost":0.0,"value":0.0,"DemBarE":0,"DemBarP":0,"BarRetP":0},{"id":170,"time":146,"name":"Pichirropulli220","marginal_cost":0.0,"value":0.0,"DemBarE":0,"DemBarP":0,"BarRetP":0},{"id":170,"time":147,"name":"Pichirropulli220","marginal_cost":0.0,"value":0.0,"DemBarE":0,"DemBarP":0,"BarRetP":0},{"id":170,"time":148,"name":"Pichirropulli220","marginal_cost":0.0,"value":0.0,"DemBarE":0,"DemBarP":0,"BarRetP":0},{"id":170,"time":149,"name":"Pichirropulli220","marginal_cost":0.0,"value":0.0,"DemBarE":0,"DemBarP":0,"BarRetP":0},{"id":170,"time":150,"name":"Pichirropulli220","marginal_cost":0.0,"value":0.0,"DemBarE":0,"DemBarP":0,"BarRetP":0},{"id":170,"time":151,"name":"Pichirropulli220","marginal_cost":0.0,"value":0.0,"DemBarE":0,"DemBarP":0,"BarRetP":0},{"id":170,"time":152,"name":"Pichirropulli220","marginal_cost":0.0,"value":0.0,"DemBarE":0,"DemBarP":0,"BarRetP":0},{"id":170,"time":153,"name":"Pichirropulli220","marginal_cost":0.0,"value":0.0,"DemBarE":0,"DemBarP":0,"BarRetP":0},{"id":170,"time":154,"name":"Pichirropulli220","marginal_cost":0.0,"value":0.0,"DemBarE":0,"DemBarP":0,"BarRetP":0},{"id":170,"time":155,"name":"Pichirropulli220","marginal_cost":0.0,"value":0.0,"DemBarE":0,"DemBarP":0,"BarRetP":0},{"id":170,"time":156,"name":"Pichirropulli220","marginal_cost":0.0,"value":0.0,"DemBarE":0,"DemBarP":0,"BarRetP":0},{"id":170,"time":157,"name":"Pichirropulli220","marginal_cost":0.0,"value":0.0,"DemBarE":0,"DemBarP":0,"BarRetP":0},{"id":170,"time":158,"name":"Pichirropulli220","marginal_cost":0.0,"value":0.0,"DemBarE":0,"DemBarP":0,"BarRetP":0},{"id":170,"time":159,"name":"Pichirropulli220","marginal_cost":0.0,"value":0.0,"DemBarE":0,"DemBarP":0,"BarRetP":0},{"id":170,"time":160,"name":"Pichirropulli220","marginal_cost":0.0,"value":0.0,"DemBarE":0,"DemBarP":0,"BarRetP":0},{"id":170,"time":161,"name":"Pichirropulli220","marginal_cost":0.0,"value":0.0,"DemBarE":0,"DemBarP":0,"BarRetP":0},{"id":170,"time":162,"name":"Pichirropulli220","marginal_cost":0.0,"value":0.0,"DemBarE":0,"DemBarP":0,"BarRetP":0},{"id":170,"time":163,"name":"Pichirropulli220","marginal_cost":0.0,"value":0.0,"DemBarE":0,"DemBarP":0,"BarRetP":0},{"id":170,"time":164,"name":"Pichirropulli220","marginal_cost":0.0,"value":0.0,"DemBarE":0,"DemBarP":0,"BarRetP":0},{"id":170,"time":165,"name":"Pichirropulli220","marginal_cost":0.0,"value":0.0,"DemBarE":0,"DemBarP":0,"BarRetP":0},{"id":170,"time":166,"name":"Pichirropulli220","marginal_cost":0.0,"value":0.0,"DemBarE":0,"DemBarP":0,"BarRetP":0},{"id":170,"time":167,"name":"Pichirropulli220","marginal_cost":0.0,"value":0.0,"DemBarE":0,"DemBarP":0,"BarRetP":0},{"id":170,"time":168,"name":"Pichirropulli220","marginal_cost":0.0,"value":0.0,"DemBarE":0,"DemBarP":0,"BarRetP":0}]