[{"id":78,"time":1,"name":"PuntaSierra220","marginal_cost":151.4242399129,"value":151.4242399129,"DemBarE":0,"DemBarP":0,"BarRetP":0},{"id":78,"time":2,"name":"PuntaSierra220","marginal_cost":151.9141087224,"value":151.9141087224,"DemBarE":0,"DemBarP":0,"BarRetP":0},{"id":78,"time":3,"name":"PuntaSierra220","marginal_cost":150.7858291791,"value":150.7858291791,"DemBarE":0,"DemBarP":0,"BarRetP":0},{"id":78,"time":4,"name":"PuntaSierra220","marginal_cost":150.2652477842,"value":150.2652477842,"DemBarE":0,"DemBarP":0,"BarRetP":0},{"id":78,"time":5,"name":"PuntaSierra220","marginal_cost":132.8028253394,"value":132.8028253394,"DemBarE":0,"DemBarP":0,"BarRetP":0},{"id":78,"time":6,"name":"PuntaSierra220","marginal_cost":115.4911100632,"value":115.4911100632,"DemBarE":0,"DemBarP":0,"BarRetP":0},{"id":78,"time":7,"name":"PuntaSierra220","marginal_cost":157.9794468033,"value":157.9794468033,"DemBarE":0,"DemBarP":0,"BarRetP":0},{"id":78,"time":8,"name":"PuntaSierra220","marginal_cost":163.1213888055,"value":163.1213888055,"DemBarE":0,"DemBarP":0,"BarRetP":0},{"id":78,"time":9,"name":"PuntaSierra220","marginal_cost":153.0696642584,"value":153.0696642584,"DemBarE":0,"DemBarP":0,"BarRetP":0},{"id":78,"time":10,"name":"PuntaSierra220","marginal_cost":151.2778702287,"value":151.2778702287,"DemBarE":0,"DemBarP":0,"BarRetP":0},{"id":78,"time":11,"name":"PuntaSierra220","marginal_cost":150.6807412744,"value":150.6807412744,"DemBarE":0,"DemBarP":0,"BarRetP":0},{"id":78,"time":12,"name":"PuntaSierra220","marginal_cost":150.9370667815,"value":150.9370667815,"DemBarE":0,"DemBarP":0,"BarRetP":0},{"id":78,"time":13,"name":"PuntaSierra220","marginal_cost":148.5527686678,"value":148.5527686678,"DemBarE":0,"DemBarP":0,"BarRetP":0},{"id":78,"time":14,"name":"PuntaSierra220","marginal_cost":146.9326758218,"value":146.9326758218,"DemBarE":0,"DemBarP":0,"BarRetP":0},{"id":78,"time":15,"name":"PuntaSierra220","marginal_cost":147.3192071595,"value":147.3192071595,"DemBarE":0,"DemBarP":0,"BarRetP":0},{"id":78,"time":16,"name":"PuntaSierra220","marginal_cost":146.4270455756,"value":146.4270455756,"DemBarE":0,"DemBarP":0,"BarRetP":0},{"id":78,"time":17,"name":"PuntaSierra220","marginal_cost":148.8123038745,"value":148.8123038745,"DemBarE":0,"DemBarP":0,"BarRetP":0},{"id":78,"time":18,"name":"PuntaSierra220","marginal_cost":150.693348934,"value":150.693348934,"DemBarE":0,"DemBarP":0,"BarRetP":0},{"id":78,"time":19,"name":"PuntaSierra220","marginal_cost":172.032151308,"value":172.032151308,"DemBarE":0,"DemBarP":0,"BarRetP":0},{"id":78,"time":20,"name":"PuntaSierra220","marginal_cost":174.5731888751,"value":174.5731888751,"DemBarE":0,"DemBarP":0,"BarRetP":0},{"id":78,"time":21,"name":"PuntaSierra220","marginal_cost":166.7304780076,"value":166.7304780076,"DemBarE":0,"DemBarP":0,"BarRetP":0},{"id":78,"time":22,"name":"PuntaSierra220","marginal_cost":166.0815890162,"value":166.0815890162,"DemBarE":0,"DemBarP":0,"BarRetP":0},{"id":78,"time":23,"name":"PuntaSierra220","marginal_cost":164.524541244,"value":164.524541244,"DemBarE":0,"DemBarP":0,"BarRetP":0},{"id":78,"time":24,"name":"PuntaSierra220","marginal_cost":164.8168275921,"value":164.8168275921,"DemBarE":0,"DemBarP":0,"BarRetP":0},{"id":78,"time":25,"name":"PuntaSierra220","marginal_cost":156.4044307824,"value":156.4044307824,"DemBarE":0,"DemBarP":0,"BarRetP":0},{"id":78,"time":26,"name":"PuntaSierra220","marginal_cost":156.3923282197,"value":156.3923282197,"DemBarE":0,"DemBarP":0,"BarRetP":0},{"id":78,"time":27,"name":"PuntaSierra220","marginal_cost":156.3046354176,"value":156.3046354176,"DemBarE":0,"DemBarP":0,"BarRetP":0},{"id":78,"time":28,"name":"PuntaSierra220","marginal_cost":156.3774609183,"value":156.3774609183,"DemBarE":0,"DemBarP":0,"BarRetP":0},{"id":78,"time":29,"name":"PuntaSierra220","marginal_cost":155.5139080464,"value":155.5139080464,"DemBarE":0,"DemBarP":0,"BarRetP":0},{"id":78,"time":30,"name":"PuntaSierra220","marginal_cost":157.0847449851,"value":157.0847449851,"DemBarE":0,"DemBarP":0,"BarRetP":0},{"id":78,"time":31,"name":"PuntaSierra220","marginal_cost":162.6552548292,"value":162.6552548292,"DemBarE":0,"DemBarP":0,"BarRetP":0},{"id":78,"time":32,"name":"PuntaSierra220","marginal_cost":168.0747838711,"value":168.0747838711,"DemBarE":0,"DemBarP":0,"BarRetP":0},{"id":78,"time":33,"name":"PuntaSierra220","marginal_cost":156.6783382558,"value":156.6783382558,"DemBarE":0,"DemBarP":0,"BarRetP":0},{"id":78,"time":34,"name":"PuntaSierra220","marginal_cost":156.8600590429,"value":156.8600590429,"DemBarE":0,"DemBarP":0,"BarRetP":0},{"id":78,"time":35,"name":"PuntaSierra220","marginal_cost":156.8154282792,"value":156.8154282792,"DemBarE":0,"DemBarP":0,"BarRetP":0},{"id":78,"time":36,"name":"PuntaSierra220","marginal_cost":156.8904147547,"value":156.8904147547,"DemBarE":0,"DemBarP":0,"BarRetP":0},{"id":78,"time":37,"name":"PuntaSierra220","marginal_cost":156.2636772054,"value":156.2636772054,"DemBarE":0,"DemBarP":0,"BarRetP":0},{"id":78,"time":38,"name":"PuntaSierra220","marginal_cost":156.2636772054,"value":156.2636772054,"DemBarE":0,"DemBarP":0,"BarRetP":0},{"id":78,"time":39,"name":"PuntaSierra220","marginal_cost":156.2636772054,"value":156.2636772054,"DemBarE":0,"DemBarP":0,"BarRetP":0},{"id":78,"time":40,"name":"PuntaSierra220","marginal_cost":156.2636772054,"value":156.2636772054,"DemBarE":0,"DemBarP":0,"BarRetP":0},{"id":78,"time":41,"name":"PuntaSierra220","marginal_cost":156.49053247,"value":156.49053247,"DemBarE":0,"DemBarP":0,"BarRetP":0},{"id":78,"time":42,"name":"PuntaSierra220","marginal_cost":156.9269628164,"value":156.9269628164,"DemBarE":0,"DemBarP":0,"BarRetP":0},{"id":78,"time":43,"name":"PuntaSierra220","marginal_cost":162.3218196726,"value":162.3218196726,"DemBarE":0,"DemBarP":0,"BarRetP":0},{"id":78,"time":44,"name":"PuntaSierra220","marginal_cost":162.3218196726,"value":162.3218196726,"DemBarE":0,"DemBarP":0,"BarRetP":0},{"id":78,"time":45,"name":"PuntaSierra220","marginal_cost":162.072303169,"value":162.072303169,"DemBarE":0,"DemBarP":0,"BarRetP":0},{"id":78,"time":46,"name":"PuntaSierra220","marginal_cost":161.3852948722,"value":161.3852948722,"DemBarE":0,"DemBarP":0,"BarRetP":0},{"id":78,"time":47,"name":"PuntaSierra220","marginal_cost":159.4205158105,"value":159.4205158105,"DemBarE":0,"DemBarP":0,"BarRetP":0},{"id":78,"time":48,"name":"PuntaSierra220","marginal_cost":157.6113659118,"value":157.6113659118,"DemBarE":0,"DemBarP":0,"BarRetP":0},{"id":78,"time":49,"name":"PuntaSierra220","marginal_cost":149.7383059631,"value":149.7383059631,"DemBarE":0,"DemBarP":0,"BarRetP":0},{"id":78,"time":50,"name":"PuntaSierra220","marginal_cost":152.4154190828,"value":152.4154190828,"DemBarE":0,"DemBarP":0,"BarRetP":0},{"id":78,"time":51,"name":"PuntaSierra220","marginal_cost":153.2353740905,"value":153.2353740905,"DemBarE":0,"DemBarP":0,"BarRetP":0},{"id":78,"time":52,"name":"PuntaSierra220","marginal_cost":135.4717139418,"value":135.4717139418,"DemBarE":0,"DemBarP":0,"BarRetP":0},{"id":78,"time":53,"name":"PuntaSierra220","marginal_cost":135.4717139418,"value":135.4717139418,"DemBarE":0,"DemBarP":0,"BarRetP":0},{"id":78,"time":54,"name":"PuntaSierra220","marginal_cost":135.5886085842,"value":135.5886085842,"DemBarE":0,"DemBarP":0,"BarRetP":0},{"id":78,"time":55,"name":"PuntaSierra220","marginal_cost":136.1734187201,"value":136.1734187201,"DemBarE":0,"DemBarP":0,"BarRetP":0},{"id":78,"time":56,"name":"PuntaSierra220","marginal_cost":135.8661095217,"value":135.8661095217,"DemBarE":0,"DemBarP":0,"BarRetP":0},{"id":78,"time":57,"name":"PuntaSierra220","marginal_cost":123.356424629,"value":123.356424629,"DemBarE":0,"DemBarP":0,"BarRetP":0},{"id":78,"time":58,"name":"PuntaSierra220","marginal_cost":136.3973519872,"value":136.3973519872,"DemBarE":0,"DemBarP":0,"BarRetP":0},{"id":78,"time":59,"name":"PuntaSierra220","marginal_cost":106.0746066366,"value":106.0746066366,"DemBarE":0,"DemBarP":0,"BarRetP":0},{"id":78,"time":60,"name":"PuntaSierra220","marginal_cost":133.3240241283,"value":133.3240241283,"DemBarE":0,"DemBarP":0,"BarRetP":0},{"id":78,"time":61,"name":"PuntaSierra220","marginal_cost":131.4597373518,"value":131.4597373518,"DemBarE":0,"DemBarP":0,"BarRetP":0},{"id":78,"time":62,"name":"PuntaSierra220","marginal_cost":131.4597373518,"value":131.4597373518,"DemBarE":0,"DemBarP":0,"BarRetP":0},{"id":78,"time":63,"name":"PuntaSierra220","marginal_cost":115.0510573224,"value":115.0510573224,"DemBarE":0,"DemBarP":0,"BarRetP":0},{"id":78,"time":64,"name":"PuntaSierra220","marginal_cost":131.4492455957,"value":131.4492455957,"DemBarE":0,"DemBarP":0,"BarRetP":0},{"id":78,"time":65,"name":"PuntaSierra220","marginal_cost":131.932468175,"value":131.932468175,"DemBarE":0,"DemBarP":0,"BarRetP":0},{"id":78,"time":66,"name":"PuntaSierra220","marginal_cost":131.932468175,"value":131.932468175,"DemBarE":0,"DemBarP":0,"BarRetP":0},{"id":78,"time":67,"name":"PuntaSierra220","marginal_cost":164.5641061263,"value":164.5641061263,"DemBarE":0,"DemBarP":0,"BarRetP":0},{"id":78,"time":68,"name":"PuntaSierra220","marginal_cost":158.6669785883,"value":158.6669785883,"DemBarE":0,"DemBarP":0,"BarRetP":0},{"id":78,"time":69,"name":"PuntaSierra220","marginal_cost":158.6669785883,"value":158.6669785883,"DemBarE":0,"DemBarP":0,"BarRetP":0},{"id":78,"time":70,"name":"PuntaSierra220","marginal_cost":158.5478393973,"value":158.5478393973,"DemBarE":0,"DemBarP":0,"BarRetP":0},{"id":78,"time":71,"name":"PuntaSierra220","marginal_cost":151.0847870211,"value":151.0847870211,"DemBarE":0,"DemBarP":0,"BarRetP":0},{"id":78,"time":72,"name":"PuntaSierra220","marginal_cost":150.0746715823,"value":150.0746715823,"DemBarE":0,"DemBarP":0,"BarRetP":0},{"id":78,"time":73,"name":"PuntaSierra220","marginal_cost":150.6956949293,"value":150.6956949293,"DemBarE":0,"DemBarP":0,"BarRetP":0},{"id":78,"time":74,"name":"PuntaSierra220","marginal_cost":149.3025352057,"value":149.3025352057,"DemBarE":0,"DemBarP":0,"BarRetP":0},{"id":78,"time":75,"name":"PuntaSierra220","marginal_cost":133.7678141659,"value":133.7678141659,"DemBarE":0,"DemBarP":0,"BarRetP":0},{"id":78,"time":76,"name":"PuntaSierra220","marginal_cost":133.7678141659,"value":133.7678141659,"DemBarE":0,"DemBarP":0,"BarRetP":0},{"id":78,"time":77,"name":"PuntaSierra220","marginal_cost":133.7678141659,"value":133.7678141659,"DemBarE":0,"DemBarP":0,"BarRetP":0},{"id":78,"time":78,"name":"PuntaSierra220","marginal_cost":133.7678141659,"value":133.7678141659,"DemBarE":0,"DemBarP":0,"BarRetP":0},{"id":78,"time":79,"name":"PuntaSierra220","marginal_cost":133.7678141659,"value":133.7678141659,"DemBarE":0,"DemBarP":0,"BarRetP":0},{"id":78,"time":80,"name":"PuntaSierra220","marginal_cost":122.500113108,"value":122.500113108,"DemBarE":0,"DemBarP":0,"BarRetP":0},{"id":78,"time":81,"name":"PuntaSierra220","marginal_cost":122.500113108,"value":122.500113108,"DemBarE":0,"DemBarP":0,"BarRetP":0},{"id":78,"time":82,"name":"PuntaSierra220","marginal_cost":93.9470491905,"value":93.9470491905,"DemBarE":0,"DemBarP":0,"BarRetP":0},{"id":78,"time":83,"name":"PuntaSierra220","marginal_cost":93.9470491905,"value":93.9470491905,"DemBarE":0,"DemBarP":0,"BarRetP":0},{"id":78,"time":84,"name":"PuntaSierra220","marginal_cost":115.9471180854,"value":115.9471180854,"DemBarE":0,"DemBarP":0,"BarRetP":0},{"id":78,"time":85,"name":"PuntaSierra220","marginal_cost":115.9471180854,"value":115.9471180854,"DemBarE":0,"DemBarP":0,"BarRetP":0},{"id":78,"time":86,"name":"PuntaSierra220","marginal_cost":122.7653824385,"value":122.7653824385,"DemBarE":0,"DemBarP":0,"BarRetP":0},{"id":78,"time":87,"name":"PuntaSierra220","marginal_cost":122.7653824385,"value":122.7653824385,"DemBarE":0,"DemBarP":0,"BarRetP":0},{"id":78,"time":88,"name":"PuntaSierra220","marginal_cost":122.7653824385,"value":122.7653824385,"DemBarE":0,"DemBarP":0,"BarRetP":0},{"id":78,"time":89,"name":"PuntaSierra220","marginal_cost":122.7653824385,"value":122.7653824385,"DemBarE":0,"DemBarP":0,"BarRetP":0},{"id":78,"time":90,"name":"PuntaSierra220","marginal_cost":122.7653824385,"value":122.7653824385,"DemBarE":0,"DemBarP":0,"BarRetP":0},{"id":78,"time":91,"name":"PuntaSierra220","marginal_cost":146.4793473998,"value":146.4793473998,"DemBarE":0,"DemBarP":0,"BarRetP":0},{"id":78,"time":92,"name":"PuntaSierra220","marginal_cost":146.4793473998,"value":146.4793473998,"DemBarE":0,"DemBarP":0,"BarRetP":0},{"id":78,"time":93,"name":"PuntaSierra220","marginal_cost":149.3450587737,"value":149.3450587737,"DemBarE":0,"DemBarP":0,"BarRetP":0},{"id":78,"time":94,"name":"PuntaSierra220","marginal_cost":147.1213250683,"value":147.1213250683,"DemBarE":0,"DemBarP":0,"BarRetP":0},{"id":78,"time":95,"name":"PuntaSierra220","marginal_cost":145.7276438455,"value":145.7276438455,"DemBarE":0,"DemBarP":0,"BarRetP":0},{"id":78,"time":96,"name":"PuntaSierra220","marginal_cost":146.246074376,"value":146.246074376,"DemBarE":0,"DemBarP":0,"BarRetP":0},{"id":78,"time":97,"name":"PuntaSierra220","marginal_cost":146.6704719038,"value":146.6704719038,"DemBarE":0,"DemBarP":0,"BarRetP":0},{"id":78,"time":98,"name":"PuntaSierra220","marginal_cost":141.8760217942,"value":141.8760217942,"DemBarE":0,"DemBarP":0,"BarRetP":0},{"id":78,"time":99,"name":"PuntaSierra220","marginal_cost":141.8478711104,"value":141.8478711104,"DemBarE":0,"DemBarP":0,"BarRetP":0},{"id":78,"time":100,"name":"PuntaSierra220","marginal_cost":142.933110245,"value":142.933110245,"DemBarE":0,"DemBarP":0,"BarRetP":0},{"id":78,"time":101,"name":"PuntaSierra220","marginal_cost":142.933110245,"value":142.933110245,"DemBarE":0,"DemBarP":0,"BarRetP":0},{"id":78,"time":102,"name":"PuntaSierra220","marginal_cost":142.933110245,"value":142.933110245,"DemBarE":0,"DemBarP":0,"BarRetP":0},{"id":78,"time":103,"name":"PuntaSierra220","marginal_cost":151.6067542309,"value":151.6067542309,"DemBarE":0,"DemBarP":0,"BarRetP":0},{"id":78,"time":104,"name":"PuntaSierra220","marginal_cost":152.5193828013,"value":152.5193828013,"DemBarE":0,"DemBarP":0,"BarRetP":0},{"id":78,"time":105,"name":"PuntaSierra220","marginal_cost":152.5193828013,"value":152.5193828013,"DemBarE":0,"DemBarP":0,"BarRetP":0},{"id":78,"time":106,"name":"PuntaSierra220","marginal_cost":149.5718169144,"value":149.5718169144,"DemBarE":0,"DemBarP":0,"BarRetP":0},{"id":78,"time":107,"name":"PuntaSierra220","marginal_cost":149.6368985554,"value":149.6368985554,"DemBarE":0,"DemBarP":0,"BarRetP":0},{"id":78,"time":108,"name":"PuntaSierra220","marginal_cost":148.7796697475,"value":148.7796697475,"DemBarE":0,"DemBarP":0,"BarRetP":0},{"id":78,"time":109,"name":"PuntaSierra220","marginal_cost":148.7796697475,"value":148.7796697475,"DemBarE":0,"DemBarP":0,"BarRetP":0},{"id":78,"time":110,"name":"PuntaSierra220","marginal_cost":147.0217064659,"value":147.0217064659,"DemBarE":0,"DemBarP":0,"BarRetP":0},{"id":78,"time":111,"name":"PuntaSierra220","marginal_cost":146.876484566,"value":146.876484566,"DemBarE":0,"DemBarP":0,"BarRetP":0},{"id":78,"time":112,"name":"PuntaSierra220","marginal_cost":146.876484566,"value":146.876484566,"DemBarE":0,"DemBarP":0,"BarRetP":0},{"id":78,"time":113,"name":"PuntaSierra220","marginal_cost":151.9044058116,"value":151.9044058116,"DemBarE":0,"DemBarP":0,"BarRetP":0},{"id":78,"time":114,"name":"PuntaSierra220","marginal_cost":151.9044058116,"value":151.9044058116,"DemBarE":0,"DemBarP":0,"BarRetP":0},{"id":78,"time":115,"name":"PuntaSierra220","marginal_cost":151.9044058116,"value":151.9044058116,"DemBarE":0,"DemBarP":0,"BarRetP":0},{"id":78,"time":116,"name":"PuntaSierra220","marginal_cost":157.2577496177,"value":157.2577496177,"DemBarE":0,"DemBarP":0,"BarRetP":0},{"id":78,"time":117,"name":"PuntaSierra220","marginal_cost":157.2577496177,"value":157.2577496177,"DemBarE":0,"DemBarP":0,"BarRetP":0},{"id":78,"time":118,"name":"PuntaSierra220","marginal_cost":157.2577496177,"value":157.2577496177,"DemBarE":0,"DemBarP":0,"BarRetP":0},{"id":78,"time":119,"name":"PuntaSierra220","marginal_cost":157.8257506432,"value":157.8257506432,"DemBarE":0,"DemBarP":0,"BarRetP":0},{"id":78,"time":120,"name":"PuntaSierra220","marginal_cost":156.4428876851,"value":156.4428876851,"DemBarE":0,"DemBarP":0,"BarRetP":0},{"id":78,"time":121,"name":"PuntaSierra220","marginal_cost":152.7107830301,"value":152.7107830301,"DemBarE":0,"DemBarP":0,"BarRetP":0},{"id":78,"time":122,"name":"PuntaSierra220","marginal_cost":152.6644621293,"value":152.6644621293,"DemBarE":0,"DemBarP":0,"BarRetP":0},{"id":78,"time":123,"name":"PuntaSierra220","marginal_cost":148.6423680339,"value":148.6423680339,"DemBarE":0,"DemBarP":0,"BarRetP":0},{"id":78,"time":124,"name":"PuntaSierra220","marginal_cost":148.6423680339,"value":148.6423680339,"DemBarE":0,"DemBarP":0,"BarRetP":0},{"id":78,"time":125,"name":"PuntaSierra220","marginal_cost":148.6423680339,"value":148.6423680339,"DemBarE":0,"DemBarP":0,"BarRetP":0},{"id":78,"time":126,"name":"PuntaSierra220","marginal_cost":148.6423680339,"value":148.6423680339,"DemBarE":0,"DemBarP":0,"BarRetP":0},{"id":78,"time":127,"name":"PuntaSierra220","marginal_cost":155.6672074828,"value":155.6672074828,"DemBarE":0,"DemBarP":0,"BarRetP":0},{"id":78,"time":128,"name":"PuntaSierra220","marginal_cost":159.6084764947,"value":159.6084764947,"DemBarE":0,"DemBarP":0,"BarRetP":0},{"id":78,"time":129,"name":"PuntaSierra220","marginal_cost":154.9603299042,"value":154.9603299042,"DemBarE":0,"DemBarP":0,"BarRetP":0},{"id":78,"time":130,"name":"PuntaSierra220","marginal_cost":157.138022195,"value":157.138022195,"DemBarE":0,"DemBarP":0,"BarRetP":0},{"id":78,"time":131,"name":"PuntaSierra220","marginal_cost":156.4529965433,"value":156.4529965433,"DemBarE":0,"DemBarP":0,"BarRetP":0},{"id":78,"time":132,"name":"PuntaSierra220","marginal_cost":157.7550246733,"value":157.7550246733,"DemBarE":0,"DemBarP":0,"BarRetP":0},{"id":78,"time":133,"name":"PuntaSierra220","marginal_cost":156.1162058159,"value":156.1162058159,"DemBarE":0,"DemBarP":0,"BarRetP":0},{"id":78,"time":134,"name":"PuntaSierra220","marginal_cost":156.1162058159,"value":156.1162058159,"DemBarE":0,"DemBarP":0,"BarRetP":0},{"id":78,"time":135,"name":"PuntaSierra220","marginal_cost":156.1162058159,"value":156.1162058159,"DemBarE":0,"DemBarP":0,"BarRetP":0},{"id":78,"time":136,"name":"PuntaSierra220","marginal_cost":156.1162058159,"value":156.1162058159,"DemBarE":0,"DemBarP":0,"BarRetP":0},{"id":78,"time":137,"name":"PuntaSierra220","marginal_cost":159.6717006297,"value":159.6717006297,"DemBarE":0,"DemBarP":0,"BarRetP":0},{"id":78,"time":138,"name":"PuntaSierra220","marginal_cost":159.6717006297,"value":159.6717006297,"DemBarE":0,"DemBarP":0,"BarRetP":0},{"id":78,"time":139,"name":"PuntaSierra220","marginal_cost":159.6717006297,"value":159.6717006297,"DemBarE":0,"DemBarP":0,"BarRetP":0},{"id":78,"time":140,"name":"PuntaSierra220","marginal_cost":159.6717006297,"value":159.6717006297,"DemBarE":0,"DemBarP":0,"BarRetP":0},{"id":78,"time":141,"name":"PuntaSierra220","marginal_cost":159.6717006297,"value":159.6717006297,"DemBarE":0,"DemBarP":0,"BarRetP":0},{"id":78,"time":142,"name":"PuntaSierra220","marginal_cost":159.6717006297,"value":159.6717006297,"DemBarE":0,"DemBarP":0,"BarRetP":0},{"id":78,"time":143,"name":"PuntaSierra220","marginal_cost":159.6992008334,"value":159.6992008334,"DemBarE":0,"DemBarP":0,"BarRetP":0},{"id":78,"time":144,"name":"PuntaSierra220","marginal_cost":160.0672707523,"value":160.0672707523,"DemBarE":0,"DemBarP":0,"BarRetP":0},{"id":78,"time":145,"name":"PuntaSierra220","marginal_cost":157.4732282912,"value":157.4732282912,"DemBarE":0,"DemBarP":0,"BarRetP":0},{"id":78,"time":146,"name":"PuntaSierra220","marginal_cost":157.5134968803,"value":157.5134968803,"DemBarE":0,"DemBarP":0,"BarRetP":0},{"id":78,"time":147,"name":"PuntaSierra220","marginal_cost":155.0157904778,"value":155.0157904778,"DemBarE":0,"DemBarP":0,"BarRetP":0},{"id":78,"time":148,"name":"PuntaSierra220","marginal_cost":155.0157904778,"value":155.0157904778,"DemBarE":0,"DemBarP":0,"BarRetP":0},{"id":78,"time":149,"name":"PuntaSierra220","marginal_cost":155.0157904778,"value":155.0157904778,"DemBarE":0,"DemBarP":0,"BarRetP":0},{"id":78,"time":150,"name":"PuntaSierra220","marginal_cost":155.0157904778,"value":155.0157904778,"DemBarE":0,"DemBarP":0,"BarRetP":0},{"id":78,"time":151,"name":"PuntaSierra220","marginal_cost":159.0558912657,"value":159.0558912657,"DemBarE":0,"DemBarP":0,"BarRetP":0},{"id":78,"time":152,"name":"PuntaSierra220","marginal_cost":158.3636191849,"value":158.3636191849,"DemBarE":0,"DemBarP":0,"BarRetP":0},{"id":78,"time":153,"name":"PuntaSierra220","marginal_cost":158.3636191849,"value":158.3636191849,"DemBarE":0,"DemBarP":0,"BarRetP":0},{"id":78,"time":154,"name":"PuntaSierra220","marginal_cost":156.3988617309,"value":156.3988617309,"DemBarE":0,"DemBarP":0,"BarRetP":0},{"id":78,"time":155,"name":"PuntaSierra220","marginal_cost":156.3988617309,"value":156.3988617309,"DemBarE":0,"DemBarP":0,"BarRetP":0},{"id":78,"time":156,"name":"PuntaSierra220","marginal_cost":156.5845052924,"value":156.5845052924,"DemBarE":0,"DemBarP":0,"BarRetP":0},{"id":78,"time":157,"name":"PuntaSierra220","marginal_cost":156.0564905433,"value":156.0564905433,"DemBarE":0,"DemBarP":0,"BarRetP":0},{"id":78,"time":158,"name":"PuntaSierra220","marginal_cost":156.0564905433,"value":156.0564905433,"DemBarE":0,"DemBarP":0,"BarRetP":0},{"id":78,"time":159,"name":"PuntaSierra220","marginal_cost":156.0564905433,"value":156.0564905433,"DemBarE":0,"DemBarP":0,"BarRetP":0},{"id":78,"time":160,"name":"PuntaSierra220","marginal_cost":156.2896582523,"value":156.2896582523,"DemBarE":0,"DemBarP":0,"BarRetP":0},{"id":78,"time":161,"name":"PuntaSierra220","marginal_cost":156.2896582523,"value":156.2896582523,"DemBarE":0,"DemBarP":0,"BarRetP":0},{"id":78,"time":162,"name":"PuntaSierra220","marginal_cost":158.6995206442,"value":158.6995206442,"DemBarE":0,"DemBarP":0,"BarRetP":0},{"id":78,"time":163,"name":"PuntaSierra220","marginal_cost":162.1136354941,"value":162.1136354941,"DemBarE":0,"DemBarP":0,"BarRetP":0},{"id":78,"time":164,"name":"PuntaSierra220","marginal_cost":162.1136354941,"value":162.1136354941,"DemBarE":0,"DemBarP":0,"BarRetP":0},{"id":78,"time":165,"name":"PuntaSierra220","marginal_cost":162.1136354941,"value":162.1136354941,"DemBarE":0,"DemBarP":0,"BarRetP":0},{"id":78,"time":166,"name":"PuntaSierra220","marginal_cost":162.1136354941,"value":162.1136354941,"DemBarE":0,"DemBarP":0,"BarRetP":0},{"id":78,"time":167,"name":"PuntaSierra220","marginal_cost":161.0976775328,"value":161.0976775328,"DemBarE":0,"DemBarP":0,"BarRetP":0},{"id":78,"time":168,"name":"PuntaSierra220","marginal_cost":161.1099597123,"value":161.1099597123,"DemBarE":0,"DemBarP":0,"BarRetP":0}]