[{"id":111,"time":1,"name":"Charrua066","marginal_cost":153.4398809774,"value":153.4398809774,"DemBarE":0,"DemBarP":0,"BarRetP":0},{"id":111,"time":2,"name":"Charrua066","marginal_cost":154.4554600442,"value":154.4554600442,"DemBarE":0,"DemBarP":0,"BarRetP":0},{"id":111,"time":3,"name":"Charrua066","marginal_cost":153.1485382451,"value":153.1485382451,"DemBarE":0,"DemBarP":0,"BarRetP":0},{"id":111,"time":4,"name":"Charrua066","marginal_cost":152.1084902124,"value":152.1084902124,"DemBarE":0,"DemBarP":0,"BarRetP":0},{"id":111,"time":5,"name":"Charrua066","marginal_cost":135.1860766181,"value":135.1860766181,"DemBarE":0,"DemBarP":0,"BarRetP":0},{"id":111,"time":6,"name":"Charrua066","marginal_cost":118.1470147759,"value":118.1470147759,"DemBarE":0,"DemBarP":0,"BarRetP":0},{"id":111,"time":7,"name":"Charrua066","marginal_cost":159.9042047796,"value":159.9042047796,"DemBarE":0,"DemBarP":0,"BarRetP":0},{"id":111,"time":8,"name":"Charrua066","marginal_cost":165.0037279011,"value":165.0037279011,"DemBarE":0,"DemBarP":0,"BarRetP":0},{"id":111,"time":9,"name":"Charrua066","marginal_cost":156.9303060162,"value":156.9303060162,"DemBarE":0,"DemBarP":0,"BarRetP":0},{"id":111,"time":10,"name":"Charrua066","marginal_cost":156.1737883192,"value":156.1737883192,"DemBarE":0,"DemBarP":0,"BarRetP":0},{"id":111,"time":11,"name":"Charrua066","marginal_cost":156.051347698,"value":156.051347698,"DemBarE":0,"DemBarP":0,"BarRetP":0},{"id":111,"time":12,"name":"Charrua066","marginal_cost":156.9351029503,"value":156.9351029503,"DemBarE":0,"DemBarP":0,"BarRetP":0},{"id":111,"time":13,"name":"Charrua066","marginal_cost":157.0220993664,"value":157.0220993664,"DemBarE":0,"DemBarP":0,"BarRetP":0},{"id":111,"time":14,"name":"Charrua066","marginal_cost":156.5459833539,"value":156.5459833539,"DemBarE":0,"DemBarP":0,"BarRetP":0},{"id":111,"time":15,"name":"Charrua066","marginal_cost":157.4776719483,"value":157.4776719483,"DemBarE":0,"DemBarP":0,"BarRetP":0},{"id":111,"time":16,"name":"Charrua066","marginal_cost":156.9573703645,"value":156.9573703645,"DemBarE":0,"DemBarP":0,"BarRetP":0},{"id":111,"time":17,"name":"Charrua066","marginal_cost":156.1172710299,"value":156.1172710299,"DemBarE":0,"DemBarP":0,"BarRetP":0},{"id":111,"time":18,"name":"Charrua066","marginal_cost":156.2962924093,"value":156.2962924093,"DemBarE":0,"DemBarP":0,"BarRetP":0},{"id":111,"time":19,"name":"Charrua066","marginal_cost":173.7535917311,"value":173.7535917311,"DemBarE":0,"DemBarP":0,"BarRetP":0},{"id":111,"time":20,"name":"Charrua066","marginal_cost":176.2216415311,"value":176.2216415311,"DemBarE":0,"DemBarP":0,"BarRetP":0},{"id":111,"time":21,"name":"Charrua066","marginal_cost":166.0660023603,"value":166.0660023603,"DemBarE":0,"DemBarP":0,"BarRetP":0},{"id":111,"time":22,"name":"Charrua066","marginal_cost":164.2460424455,"value":164.2460424455,"DemBarE":0,"DemBarP":0,"BarRetP":0},{"id":111,"time":23,"name":"Charrua066","marginal_cost":162.4675482931,"value":162.4675482931,"DemBarE":0,"DemBarP":0,"BarRetP":0},{"id":111,"time":24,"name":"Charrua066","marginal_cost":161.7815163614,"value":161.7815163614,"DemBarE":0,"DemBarP":0,"BarRetP":0},{"id":111,"time":25,"name":"Charrua066","marginal_cost":152.147330418,"value":152.147330418,"DemBarE":0,"DemBarP":0,"BarRetP":0},{"id":111,"time":26,"name":"Charrua066","marginal_cost":152.791211877,"value":152.791211877,"DemBarE":0,"DemBarP":0,"BarRetP":0},{"id":111,"time":27,"name":"Charrua066","marginal_cost":152.6997709223,"value":152.6997709223,"DemBarE":0,"DemBarP":0,"BarRetP":0},{"id":111,"time":28,"name":"Charrua066","marginal_cost":152.6327862367,"value":152.6327862367,"DemBarE":0,"DemBarP":0,"BarRetP":0},{"id":111,"time":29,"name":"Charrua066","marginal_cost":151.9323200462,"value":151.9323200462,"DemBarE":0,"DemBarP":0,"BarRetP":0},{"id":111,"time":30,"name":"Charrua066","marginal_cost":153.1995061872,"value":153.1995061872,"DemBarE":0,"DemBarP":0,"BarRetP":0},{"id":111,"time":31,"name":"Charrua066","marginal_cost":158.3689642956,"value":158.3689642956,"DemBarE":0,"DemBarP":0,"BarRetP":0},{"id":111,"time":32,"name":"Charrua066","marginal_cost":165.213018009,"value":165.213018009,"DemBarE":0,"DemBarP":0,"BarRetP":0},{"id":111,"time":33,"name":"Charrua066","marginal_cost":156.7828646812,"value":156.7828646812,"DemBarE":0,"DemBarP":0,"BarRetP":0},{"id":111,"time":34,"name":"Charrua066","marginal_cost":156.563814277,"value":156.563814277,"DemBarE":0,"DemBarP":0,"BarRetP":0},{"id":111,"time":35,"name":"Charrua066","marginal_cost":156.5464046351,"value":156.5464046351,"DemBarE":0,"DemBarP":0,"BarRetP":0},{"id":111,"time":36,"name":"Charrua066","marginal_cost":156.3093855279,"value":156.3093855279,"DemBarE":0,"DemBarP":0,"BarRetP":0},{"id":111,"time":37,"name":"Charrua066","marginal_cost":155.4453676845,"value":155.4453676845,"DemBarE":0,"DemBarP":0,"BarRetP":0},{"id":111,"time":38,"name":"Charrua066","marginal_cost":155.4453676845,"value":155.4453676845,"DemBarE":0,"DemBarP":0,"BarRetP":0},{"id":111,"time":39,"name":"Charrua066","marginal_cost":155.4453676845,"value":155.4453676845,"DemBarE":0,"DemBarP":0,"BarRetP":0},{"id":111,"time":40,"name":"Charrua066","marginal_cost":155.4453676845,"value":155.4453676845,"DemBarE":0,"DemBarP":0,"BarRetP":0},{"id":111,"time":41,"name":"Charrua066","marginal_cost":154.0223963037,"value":154.0223963037,"DemBarE":0,"DemBarP":0,"BarRetP":0},{"id":111,"time":42,"name":"Charrua066","marginal_cost":151.590190007,"value":151.590190007,"DemBarE":0,"DemBarP":0,"BarRetP":0},{"id":111,"time":43,"name":"Charrua066","marginal_cost":154.8484561464,"value":154.8484561464,"DemBarE":0,"DemBarP":0,"BarRetP":0},{"id":111,"time":44,"name":"Charrua066","marginal_cost":154.8484561464,"value":154.8484561464,"DemBarE":0,"DemBarP":0,"BarRetP":0},{"id":111,"time":45,"name":"Charrua066","marginal_cost":154.2921448047,"value":154.2921448047,"DemBarE":0,"DemBarP":0,"BarRetP":0},{"id":111,"time":46,"name":"Charrua066","marginal_cost":152.6837161476,"value":152.6837161476,"DemBarE":0,"DemBarP":0,"BarRetP":0},{"id":111,"time":47,"name":"Charrua066","marginal_cost":150.3173778416,"value":150.3173778416,"DemBarE":0,"DemBarP":0,"BarRetP":0},{"id":111,"time":48,"name":"Charrua066","marginal_cost":149.4726001053,"value":149.4726001053,"DemBarE":0,"DemBarP":0,"BarRetP":0},{"id":111,"time":49,"name":"Charrua066","marginal_cost":141.9461932317,"value":141.9461932317,"DemBarE":0,"DemBarP":0,"BarRetP":0},{"id":111,"time":50,"name":"Charrua066","marginal_cost":144.9446411856,"value":144.9446411856,"DemBarE":0,"DemBarP":0,"BarRetP":0},{"id":111,"time":51,"name":"Charrua066","marginal_cost":145.4191736654,"value":145.4191736654,"DemBarE":0,"DemBarP":0,"BarRetP":0},{"id":111,"time":52,"name":"Charrua066","marginal_cost":128.7477889187,"value":128.7477889187,"DemBarE":0,"DemBarP":0,"BarRetP":0},{"id":111,"time":53,"name":"Charrua066","marginal_cost":128.7477889187,"value":128.7477889187,"DemBarE":0,"DemBarP":0,"BarRetP":0},{"id":111,"time":54,"name":"Charrua066","marginal_cost":129.4144277734,"value":129.4144277734,"DemBarE":0,"DemBarP":0,"BarRetP":0},{"id":111,"time":55,"name":"Charrua066","marginal_cost":129.8361837391,"value":129.8361837391,"DemBarE":0,"DemBarP":0,"BarRetP":0},{"id":111,"time":56,"name":"Charrua066","marginal_cost":130.2457178886,"value":130.2457178886,"DemBarE":0,"DemBarP":0,"BarRetP":0},{"id":111,"time":57,"name":"Charrua066","marginal_cost":120.3257382987,"value":120.3257382987,"DemBarE":0,"DemBarP":0,"BarRetP":0},{"id":111,"time":58,"name":"Charrua066","marginal_cost":134.444621058,"value":134.444621058,"DemBarE":0,"DemBarP":0,"BarRetP":0},{"id":111,"time":59,"name":"Charrua066","marginal_cost":105.1900481787,"value":105.1900481787,"DemBarE":0,"DemBarP":0,"BarRetP":0},{"id":111,"time":60,"name":"Charrua066","marginal_cost":133.3627784113,"value":133.3627784113,"DemBarE":0,"DemBarP":0,"BarRetP":0},{"id":111,"time":61,"name":"Charrua066","marginal_cost":133.0460018481,"value":133.0460018481,"DemBarE":0,"DemBarP":0,"BarRetP":0},{"id":111,"time":62,"name":"Charrua066","marginal_cost":133.0460018481,"value":133.0460018481,"DemBarE":0,"DemBarP":0,"BarRetP":0},{"id":111,"time":63,"name":"Charrua066","marginal_cost":117.0028639103,"value":117.0028639103,"DemBarE":0,"DemBarP":0,"BarRetP":0},{"id":111,"time":64,"name":"Charrua066","marginal_cost":133.6371338093,"value":133.6371338093,"DemBarE":0,"DemBarP":0,"BarRetP":0},{"id":111,"time":65,"name":"Charrua066","marginal_cost":133.5869115712,"value":133.5869115712,"DemBarE":0,"DemBarP":0,"BarRetP":0},{"id":111,"time":66,"name":"Charrua066","marginal_cost":133.5869115712,"value":133.5869115712,"DemBarE":0,"DemBarP":0,"BarRetP":0},{"id":111,"time":67,"name":"Charrua066","marginal_cost":164.4033699231,"value":164.4033699231,"DemBarE":0,"DemBarP":0,"BarRetP":0},{"id":111,"time":68,"name":"Charrua066","marginal_cost":158.0342357191,"value":158.0342357191,"DemBarE":0,"DemBarP":0,"BarRetP":0},{"id":111,"time":69,"name":"Charrua066","marginal_cost":158.0342357191,"value":158.0342357191,"DemBarE":0,"DemBarP":0,"BarRetP":0},{"id":111,"time":70,"name":"Charrua066","marginal_cost":156.9327567275,"value":156.9327567275,"DemBarE":0,"DemBarP":0,"BarRetP":0},{"id":111,"time":71,"name":"Charrua066","marginal_cost":150.6393820865,"value":150.6393820865,"DemBarE":0,"DemBarP":0,"BarRetP":0},{"id":111,"time":72,"name":"Charrua066","marginal_cost":149.3544950473,"value":149.3544950473,"DemBarE":0,"DemBarP":0,"BarRetP":0},{"id":111,"time":73,"name":"Charrua066","marginal_cost":149.6880590882,"value":149.6880590882,"DemBarE":0,"DemBarP":0,"BarRetP":0},{"id":111,"time":74,"name":"Charrua066","marginal_cost":146.7707979183,"value":146.7707979183,"DemBarE":0,"DemBarP":0,"BarRetP":0},{"id":111,"time":75,"name":"Charrua066","marginal_cost":134.1155820278,"value":134.1155820278,"DemBarE":0,"DemBarP":0,"BarRetP":0},{"id":111,"time":76,"name":"Charrua066","marginal_cost":134.1155820278,"value":134.1155820278,"DemBarE":0,"DemBarP":0,"BarRetP":0},{"id":111,"time":77,"name":"Charrua066","marginal_cost":134.1155820278,"value":134.1155820278,"DemBarE":0,"DemBarP":0,"BarRetP":0},{"id":111,"time":78,"name":"Charrua066","marginal_cost":134.1155820278,"value":134.1155820278,"DemBarE":0,"DemBarP":0,"BarRetP":0},{"id":111,"time":79,"name":"Charrua066","marginal_cost":134.1155820278,"value":134.1155820278,"DemBarE":0,"DemBarP":0,"BarRetP":0},{"id":111,"time":80,"name":"Charrua066","marginal_cost":125.4472995038,"value":125.4472995038,"DemBarE":0,"DemBarP":0,"BarRetP":0},{"id":111,"time":81,"name":"Charrua066","marginal_cost":125.4472995038,"value":125.4472995038,"DemBarE":0,"DemBarP":0,"BarRetP":0},{"id":111,"time":82,"name":"Charrua066","marginal_cost":96.563584136,"value":96.563584136,"DemBarE":0,"DemBarP":0,"BarRetP":0},{"id":111,"time":83,"name":"Charrua066","marginal_cost":96.563584136,"value":96.563584136,"DemBarE":0,"DemBarP":0,"BarRetP":0},{"id":111,"time":84,"name":"Charrua066","marginal_cost":123.4665282992,"value":123.4665282992,"DemBarE":0,"DemBarP":0,"BarRetP":0},{"id":111,"time":85,"name":"Charrua066","marginal_cost":123.4665282992,"value":123.4665282992,"DemBarE":0,"DemBarP":0,"BarRetP":0},{"id":111,"time":86,"name":"Charrua066","marginal_cost":134.5325378624,"value":134.5325378624,"DemBarE":0,"DemBarP":0,"BarRetP":0},{"id":111,"time":87,"name":"Charrua066","marginal_cost":134.5325378624,"value":134.5325378624,"DemBarE":0,"DemBarP":0,"BarRetP":0},{"id":111,"time":88,"name":"Charrua066","marginal_cost":134.5325378624,"value":134.5325378624,"DemBarE":0,"DemBarP":0,"BarRetP":0},{"id":111,"time":89,"name":"Charrua066","marginal_cost":134.5325378624,"value":134.5325378624,"DemBarE":0,"DemBarP":0,"BarRetP":0},{"id":111,"time":90,"name":"Charrua066","marginal_cost":134.5325378624,"value":134.5325378624,"DemBarE":0,"DemBarP":0,"BarRetP":0},{"id":111,"time":91,"name":"Charrua066","marginal_cost":152.9842286117,"value":152.9842286117,"DemBarE":0,"DemBarP":0,"BarRetP":0},{"id":111,"time":92,"name":"Charrua066","marginal_cost":152.9842286117,"value":152.9842286117,"DemBarE":0,"DemBarP":0,"BarRetP":0},{"id":111,"time":93,"name":"Charrua066","marginal_cost":154.4336802813,"value":154.4336802813,"DemBarE":0,"DemBarP":0,"BarRetP":0},{"id":111,"time":94,"name":"Charrua066","marginal_cost":151.4565651642,"value":151.4565651642,"DemBarE":0,"DemBarP":0,"BarRetP":0},{"id":111,"time":95,"name":"Charrua066","marginal_cost":150.8029837769,"value":150.8029837769,"DemBarE":0,"DemBarP":0,"BarRetP":0},{"id":111,"time":96,"name":"Charrua066","marginal_cost":151.4276966113,"value":151.4276966113,"DemBarE":0,"DemBarP":0,"BarRetP":0},{"id":111,"time":97,"name":"Charrua066","marginal_cost":152.9348163195,"value":152.9348163195,"DemBarE":0,"DemBarP":0,"BarRetP":0},{"id":111,"time":98,"name":"Charrua066","marginal_cost":147.5834141811,"value":147.5834141811,"DemBarE":0,"DemBarP":0,"BarRetP":0},{"id":111,"time":99,"name":"Charrua066","marginal_cost":146.8810591187,"value":146.8810591187,"DemBarE":0,"DemBarP":0,"BarRetP":0},{"id":111,"time":100,"name":"Charrua066","marginal_cost":146.8335035258,"value":146.8335035258,"DemBarE":0,"DemBarP":0,"BarRetP":0},{"id":111,"time":101,"name":"Charrua066","marginal_cost":146.8335035258,"value":146.8335035258,"DemBarE":0,"DemBarP":0,"BarRetP":0},{"id":111,"time":102,"name":"Charrua066","marginal_cost":146.8335035258,"value":146.8335035258,"DemBarE":0,"DemBarP":0,"BarRetP":0},{"id":111,"time":103,"name":"Charrua066","marginal_cost":153.8756638801,"value":153.8756638801,"DemBarE":0,"DemBarP":0,"BarRetP":0},{"id":111,"time":104,"name":"Charrua066","marginal_cost":156.2226782476,"value":156.2226782476,"DemBarE":0,"DemBarP":0,"BarRetP":0},{"id":111,"time":105,"name":"Charrua066","marginal_cost":156.2226782476,"value":156.2226782476,"DemBarE":0,"DemBarP":0,"BarRetP":0},{"id":111,"time":106,"name":"Charrua066","marginal_cost":153.69348656,"value":153.69348656,"DemBarE":0,"DemBarP":0,"BarRetP":0},{"id":111,"time":107,"name":"Charrua066","marginal_cost":153.779713776,"value":153.779713776,"DemBarE":0,"DemBarP":0,"BarRetP":0},{"id":111,"time":108,"name":"Charrua066","marginal_cost":153.6041397226,"value":153.6041397226,"DemBarE":0,"DemBarP":0,"BarRetP":0},{"id":111,"time":109,"name":"Charrua066","marginal_cost":153.6041397226,"value":153.6041397226,"DemBarE":0,"DemBarP":0,"BarRetP":0},{"id":111,"time":110,"name":"Charrua066","marginal_cost":153.6325159233,"value":153.6325159233,"DemBarE":0,"DemBarP":0,"BarRetP":0},{"id":111,"time":111,"name":"Charrua066","marginal_cost":153.7439987311,"value":153.7439987311,"DemBarE":0,"DemBarP":0,"BarRetP":0},{"id":111,"time":112,"name":"Charrua066","marginal_cost":153.7439987311,"value":153.7439987311,"DemBarE":0,"DemBarP":0,"BarRetP":0},{"id":111,"time":113,"name":"Charrua066","marginal_cost":155.798097489,"value":155.798097489,"DemBarE":0,"DemBarP":0,"BarRetP":0},{"id":111,"time":114,"name":"Charrua066","marginal_cost":155.798097489,"value":155.798097489,"DemBarE":0,"DemBarP":0,"BarRetP":0},{"id":111,"time":115,"name":"Charrua066","marginal_cost":155.798097489,"value":155.798097489,"DemBarE":0,"DemBarP":0,"BarRetP":0},{"id":111,"time":116,"name":"Charrua066","marginal_cost":157.7665174909,"value":157.7665174909,"DemBarE":0,"DemBarP":0,"BarRetP":0},{"id":111,"time":117,"name":"Charrua066","marginal_cost":157.7665174909,"value":157.7665174909,"DemBarE":0,"DemBarP":0,"BarRetP":0},{"id":111,"time":118,"name":"Charrua066","marginal_cost":157.7665174909,"value":157.7665174909,"DemBarE":0,"DemBarP":0,"BarRetP":0},{"id":111,"time":119,"name":"Charrua066","marginal_cost":157.3432920682,"value":157.3432920682,"DemBarE":0,"DemBarP":0,"BarRetP":0},{"id":111,"time":120,"name":"Charrua066","marginal_cost":154.4197734986,"value":154.4197734986,"DemBarE":0,"DemBarP":0,"BarRetP":0},{"id":111,"time":121,"name":"Charrua066","marginal_cost":150.6349534718,"value":150.6349534718,"DemBarE":0,"DemBarP":0,"BarRetP":0},{"id":111,"time":122,"name":"Charrua066","marginal_cost":150.9428409832,"value":150.9428409832,"DemBarE":0,"DemBarP":0,"BarRetP":0},{"id":111,"time":123,"name":"Charrua066","marginal_cost":146.9993096771,"value":146.9993096771,"DemBarE":0,"DemBarP":0,"BarRetP":0},{"id":111,"time":124,"name":"Charrua066","marginal_cost":146.9993096771,"value":146.9993096771,"DemBarE":0,"DemBarP":0,"BarRetP":0},{"id":111,"time":125,"name":"Charrua066","marginal_cost":146.9993096771,"value":146.9993096771,"DemBarE":0,"DemBarP":0,"BarRetP":0},{"id":111,"time":126,"name":"Charrua066","marginal_cost":146.9993096771,"value":146.9993096771,"DemBarE":0,"DemBarP":0,"BarRetP":0},{"id":111,"time":127,"name":"Charrua066","marginal_cost":154.1576257607,"value":154.1576257607,"DemBarE":0,"DemBarP":0,"BarRetP":0},{"id":111,"time":128,"name":"Charrua066","marginal_cost":160.0183835065,"value":160.0183835065,"DemBarE":0,"DemBarP":0,"BarRetP":0},{"id":111,"time":129,"name":"Charrua066","marginal_cost":157.19732169,"value":157.19732169,"DemBarE":0,"DemBarP":0,"BarRetP":0},{"id":111,"time":130,"name":"Charrua066","marginal_cost":160.4968212489,"value":160.4968212489,"DemBarE":0,"DemBarP":0,"BarRetP":0},{"id":111,"time":131,"name":"Charrua066","marginal_cost":159.6719309911,"value":159.6719309911,"DemBarE":0,"DemBarP":0,"BarRetP":0},{"id":111,"time":132,"name":"Charrua066","marginal_cost":160.9209673495,"value":160.9209673495,"DemBarE":0,"DemBarP":0,"BarRetP":0},{"id":111,"time":133,"name":"Charrua066","marginal_cost":159.942385663,"value":159.942385663,"DemBarE":0,"DemBarP":0,"BarRetP":0},{"id":111,"time":134,"name":"Charrua066","marginal_cost":159.942385663,"value":159.942385663,"DemBarE":0,"DemBarP":0,"BarRetP":0},{"id":111,"time":135,"name":"Charrua066","marginal_cost":159.942385663,"value":159.942385663,"DemBarE":0,"DemBarP":0,"BarRetP":0},{"id":111,"time":136,"name":"Charrua066","marginal_cost":159.942385663,"value":159.942385663,"DemBarE":0,"DemBarP":0,"BarRetP":0},{"id":111,"time":137,"name":"Charrua066","marginal_cost":160.6816445362,"value":160.6816445362,"DemBarE":0,"DemBarP":0,"BarRetP":0},{"id":111,"time":138,"name":"Charrua066","marginal_cost":160.6816445362,"value":160.6816445362,"DemBarE":0,"DemBarP":0,"BarRetP":0},{"id":111,"time":139,"name":"Charrua066","marginal_cost":160.6816445362,"value":160.6816445362,"DemBarE":0,"DemBarP":0,"BarRetP":0},{"id":111,"time":140,"name":"Charrua066","marginal_cost":160.6816445362,"value":160.6816445362,"DemBarE":0,"DemBarP":0,"BarRetP":0},{"id":111,"time":141,"name":"Charrua066","marginal_cost":160.6816445362,"value":160.6816445362,"DemBarE":0,"DemBarP":0,"BarRetP":0},{"id":111,"time":142,"name":"Charrua066","marginal_cost":160.6816445362,"value":160.6816445362,"DemBarE":0,"DemBarP":0,"BarRetP":0},{"id":111,"time":143,"name":"Charrua066","marginal_cost":159.0781957927,"value":159.0781957927,"DemBarE":0,"DemBarP":0,"BarRetP":0},{"id":111,"time":144,"name":"Charrua066","marginal_cost":159.6191322933,"value":159.6191322933,"DemBarE":0,"DemBarP":0,"BarRetP":0},{"id":111,"time":145,"name":"Charrua066","marginal_cost":157.8184402633,"value":157.8184402633,"DemBarE":0,"DemBarP":0,"BarRetP":0},{"id":111,"time":146,"name":"Charrua066","marginal_cost":157.005154279,"value":157.005154279,"DemBarE":0,"DemBarP":0,"BarRetP":0},{"id":111,"time":147,"name":"Charrua066","marginal_cost":154.1430738616,"value":154.1430738616,"DemBarE":0,"DemBarP":0,"BarRetP":0},{"id":111,"time":148,"name":"Charrua066","marginal_cost":154.1430738616,"value":154.1430738616,"DemBarE":0,"DemBarP":0,"BarRetP":0},{"id":111,"time":149,"name":"Charrua066","marginal_cost":154.1430738616,"value":154.1430738616,"DemBarE":0,"DemBarP":0,"BarRetP":0},{"id":111,"time":150,"name":"Charrua066","marginal_cost":154.1430738616,"value":154.1430738616,"DemBarE":0,"DemBarP":0,"BarRetP":0},{"id":111,"time":151,"name":"Charrua066","marginal_cost":157.6654774406,"value":157.6654774406,"DemBarE":0,"DemBarP":0,"BarRetP":0},{"id":111,"time":152,"name":"Charrua066","marginal_cost":160.9447484297,"value":160.9447484297,"DemBarE":0,"DemBarP":0,"BarRetP":0},{"id":111,"time":153,"name":"Charrua066","marginal_cost":160.9447484297,"value":160.9447484297,"DemBarE":0,"DemBarP":0,"BarRetP":0},{"id":111,"time":154,"name":"Charrua066","marginal_cost":159.8099071561,"value":159.8099071561,"DemBarE":0,"DemBarP":0,"BarRetP":0},{"id":111,"time":155,"name":"Charrua066","marginal_cost":159.8099071561,"value":159.8099071561,"DemBarE":0,"DemBarP":0,"BarRetP":0},{"id":111,"time":156,"name":"Charrua066","marginal_cost":160.7995902674,"value":160.7995902674,"DemBarE":0,"DemBarP":0,"BarRetP":0},{"id":111,"time":157,"name":"Charrua066","marginal_cost":161.0460908449,"value":161.0460908449,"DemBarE":0,"DemBarP":0,"BarRetP":0},{"id":111,"time":158,"name":"Charrua066","marginal_cost":161.0460908449,"value":161.0460908449,"DemBarE":0,"DemBarP":0,"BarRetP":0},{"id":111,"time":159,"name":"Charrua066","marginal_cost":161.0460908449,"value":161.0460908449,"DemBarE":0,"DemBarP":0,"BarRetP":0},{"id":111,"time":160,"name":"Charrua066","marginal_cost":160.9008130545,"value":160.9008130545,"DemBarE":0,"DemBarP":0,"BarRetP":0},{"id":111,"time":161,"name":"Charrua066","marginal_cost":160.9008130545,"value":160.9008130545,"DemBarE":0,"DemBarP":0,"BarRetP":0},{"id":111,"time":162,"name":"Charrua066","marginal_cost":161.3077019616,"value":161.3077019616,"DemBarE":0,"DemBarP":0,"BarRetP":0},{"id":111,"time":163,"name":"Charrua066","marginal_cost":162.4817402019,"value":162.4817402019,"DemBarE":0,"DemBarP":0,"BarRetP":0},{"id":111,"time":164,"name":"Charrua066","marginal_cost":162.4817402019,"value":162.4817402019,"DemBarE":0,"DemBarP":0,"BarRetP":0},{"id":111,"time":165,"name":"Charrua066","marginal_cost":162.4817402019,"value":162.4817402019,"DemBarE":0,"DemBarP":0,"BarRetP":0},{"id":111,"time":166,"name":"Charrua066","marginal_cost":162.4817402019,"value":162.4817402019,"DemBarE":0,"DemBarP":0,"BarRetP":0},{"id":111,"time":167,"name":"Charrua066","marginal_cost":162.1231858944,"value":162.1231858944,"DemBarE":0,"DemBarP":0,"BarRetP":0},{"id":111,"time":168,"name":"Charrua066","marginal_cost":160.9610872891,"value":160.9610872891,"DemBarE":0,"DemBarP":0,"BarRetP":0}]