[{"id":51,"time":1,"name":"LPalmas220","marginal_cost":151.650423602,"value":151.650423602,"DemBarE":0,"DemBarP":0,"BarRetP":0},{"id":51,"time":2,"name":"LPalmas220","marginal_cost":152.1319832048,"value":152.1319832048,"DemBarE":0,"DemBarP":0,"BarRetP":0},{"id":51,"time":3,"name":"LPalmas220","marginal_cost":151.0024570986,"value":151.0024570986,"DemBarE":0,"DemBarP":0,"BarRetP":0},{"id":51,"time":4,"name":"LPalmas220","marginal_cost":150.4572490115,"value":150.4572490115,"DemBarE":0,"DemBarP":0,"BarRetP":0},{"id":51,"time":5,"name":"LPalmas220","marginal_cost":132.9798552265,"value":132.9798552265,"DemBarE":0,"DemBarP":0,"BarRetP":0},{"id":51,"time":6,"name":"LPalmas220","marginal_cost":115.6720270897,"value":115.6720270897,"DemBarE":0,"DemBarP":0,"BarRetP":0},{"id":51,"time":7,"name":"LPalmas220","marginal_cost":158.2122202961,"value":158.2122202961,"DemBarE":0,"DemBarP":0,"BarRetP":0},{"id":51,"time":8,"name":"LPalmas220","marginal_cost":163.2877889048,"value":163.2877889048,"DemBarE":0,"DemBarP":0,"BarRetP":0},{"id":51,"time":9,"name":"LPalmas220","marginal_cost":153.2150447221,"value":153.2150447221,"DemBarE":0,"DemBarP":0,"BarRetP":0},{"id":51,"time":10,"name":"LPalmas220","marginal_cost":151.4278394445,"value":151.4278394445,"DemBarE":0,"DemBarP":0,"BarRetP":0},{"id":51,"time":11,"name":"LPalmas220","marginal_cost":150.8520110073,"value":150.8520110073,"DemBarE":0,"DemBarP":0,"BarRetP":0},{"id":51,"time":12,"name":"LPalmas220","marginal_cost":151.1121581146,"value":151.1121581146,"DemBarE":0,"DemBarP":0,"BarRetP":0},{"id":51,"time":13,"name":"LPalmas220","marginal_cost":148.7784737906,"value":148.7784737906,"DemBarE":0,"DemBarP":0,"BarRetP":0},{"id":51,"time":14,"name":"LPalmas220","marginal_cost":147.2063812276,"value":147.2063812276,"DemBarE":0,"DemBarP":0,"BarRetP":0},{"id":51,"time":15,"name":"LPalmas220","marginal_cost":147.5840526838,"value":147.5840526838,"DemBarE":0,"DemBarP":0,"BarRetP":0},{"id":51,"time":16,"name":"LPalmas220","marginal_cost":146.7040866822,"value":146.7040866822,"DemBarE":0,"DemBarP":0,"BarRetP":0},{"id":51,"time":17,"name":"LPalmas220","marginal_cost":149.030148596,"value":149.030148596,"DemBarE":0,"DemBarP":0,"BarRetP":0},{"id":51,"time":18,"name":"LPalmas220","marginal_cost":150.9395245015,"value":150.9395245015,"DemBarE":0,"DemBarP":0,"BarRetP":0},{"id":51,"time":19,"name":"LPalmas220","marginal_cost":172.227391474,"value":172.227391474,"DemBarE":0,"DemBarP":0,"BarRetP":0},{"id":51,"time":20,"name":"LPalmas220","marginal_cost":174.7600465398,"value":174.7600465398,"DemBarE":0,"DemBarP":0,"BarRetP":0},{"id":51,"time":21,"name":"LPalmas220","marginal_cost":166.869890239,"value":166.869890239,"DemBarE":0,"DemBarP":0,"BarRetP":0},{"id":51,"time":22,"name":"LPalmas220","marginal_cost":166.1794117568,"value":166.1794117568,"DemBarE":0,"DemBarP":0,"BarRetP":0},{"id":51,"time":23,"name":"LPalmas220","marginal_cost":164.5938394296,"value":164.5938394296,"DemBarE":0,"DemBarP":0,"BarRetP":0},{"id":51,"time":24,"name":"LPalmas220","marginal_cost":164.872252882,"value":164.872252882,"DemBarE":0,"DemBarP":0,"BarRetP":0},{"id":51,"time":25,"name":"LPalmas220","marginal_cost":156.442195631,"value":156.442195631,"DemBarE":0,"DemBarP":0,"BarRetP":0},{"id":51,"time":26,"name":"LPalmas220","marginal_cost":156.4249732494,"value":156.4249732494,"DemBarE":0,"DemBarP":0,"BarRetP":0},{"id":51,"time":27,"name":"LPalmas220","marginal_cost":156.3334029531,"value":156.3334029531,"DemBarE":0,"DemBarP":0,"BarRetP":0},{"id":51,"time":28,"name":"LPalmas220","marginal_cost":156.4019127981,"value":156.4019127981,"DemBarE":0,"DemBarP":0,"BarRetP":0},{"id":51,"time":29,"name":"LPalmas220","marginal_cost":155.5322469507,"value":155.5322469507,"DemBarE":0,"DemBarP":0,"BarRetP":0},{"id":51,"time":30,"name":"LPalmas220","marginal_cost":157.1000132703,"value":157.1000132703,"DemBarE":0,"DemBarP":0,"BarRetP":0},{"id":51,"time":31,"name":"LPalmas220","marginal_cost":162.6696410365,"value":162.6696410365,"DemBarE":0,"DemBarP":0,"BarRetP":0},{"id":51,"time":32,"name":"LPalmas220","marginal_cost":168.0891513263,"value":168.0891513263,"DemBarE":0,"DemBarP":0,"BarRetP":0},{"id":51,"time":33,"name":"LPalmas220","marginal_cost":156.6909614765,"value":156.6909614765,"DemBarE":0,"DemBarP":0,"BarRetP":0},{"id":51,"time":34,"name":"LPalmas220","marginal_cost":156.8844629392,"value":156.8844629392,"DemBarE":0,"DemBarP":0,"BarRetP":0},{"id":51,"time":35,"name":"LPalmas220","marginal_cost":156.8414029759,"value":156.8414029759,"DemBarE":0,"DemBarP":0,"BarRetP":0},{"id":51,"time":36,"name":"LPalmas220","marginal_cost":156.9017013789,"value":156.9017013789,"DemBarE":0,"DemBarP":0,"BarRetP":0},{"id":51,"time":37,"name":"LPalmas220","marginal_cost":156.2800125743,"value":156.2800125743,"DemBarE":0,"DemBarP":0,"BarRetP":0},{"id":51,"time":38,"name":"LPalmas220","marginal_cost":156.2800125743,"value":156.2800125743,"DemBarE":0,"DemBarP":0,"BarRetP":0},{"id":51,"time":39,"name":"LPalmas220","marginal_cost":156.2800125743,"value":156.2800125743,"DemBarE":0,"DemBarP":0,"BarRetP":0},{"id":51,"time":40,"name":"LPalmas220","marginal_cost":156.2800125743,"value":156.2800125743,"DemBarE":0,"DemBarP":0,"BarRetP":0},{"id":51,"time":41,"name":"LPalmas220","marginal_cost":156.513195723,"value":156.513195723,"DemBarE":0,"DemBarP":0,"BarRetP":0},{"id":51,"time":42,"name":"LPalmas220","marginal_cost":156.9480616498,"value":156.9480616498,"DemBarE":0,"DemBarP":0,"BarRetP":0},{"id":51,"time":43,"name":"LPalmas220","marginal_cost":162.3463978553,"value":162.3463978553,"DemBarE":0,"DemBarP":0,"BarRetP":0},{"id":51,"time":44,"name":"LPalmas220","marginal_cost":162.3463978553,"value":162.3463978553,"DemBarE":0,"DemBarP":0,"BarRetP":0},{"id":51,"time":45,"name":"LPalmas220","marginal_cost":162.0971869149,"value":162.0971869149,"DemBarE":0,"DemBarP":0,"BarRetP":0},{"id":51,"time":46,"name":"LPalmas220","marginal_cost":161.4116066152,"value":161.4116066152,"DemBarE":0,"DemBarP":0,"BarRetP":0},{"id":51,"time":47,"name":"LPalmas220","marginal_cost":159.4430112091,"value":159.4430112091,"DemBarE":0,"DemBarP":0,"BarRetP":0},{"id":51,"time":48,"name":"LPalmas220","marginal_cost":157.6277246197,"value":157.6277246197,"DemBarE":0,"DemBarP":0,"BarRetP":0},{"id":51,"time":49,"name":"LPalmas220","marginal_cost":149.7525230073,"value":149.7525230073,"DemBarE":0,"DemBarP":0,"BarRetP":0},{"id":51,"time":50,"name":"LPalmas220","marginal_cost":152.4266109241,"value":152.4266109241,"DemBarE":0,"DemBarP":0,"BarRetP":0},{"id":51,"time":51,"name":"LPalmas220","marginal_cost":153.2454362565,"value":153.2454362565,"DemBarE":0,"DemBarP":0,"BarRetP":0},{"id":51,"time":52,"name":"LPalmas220","marginal_cost":135.4832752975,"value":135.4832752975,"DemBarE":0,"DemBarP":0,"BarRetP":0},{"id":51,"time":53,"name":"LPalmas220","marginal_cost":135.4832752975,"value":135.4832752975,"DemBarE":0,"DemBarP":0,"BarRetP":0},{"id":51,"time":54,"name":"LPalmas220","marginal_cost":135.602047783,"value":135.602047783,"DemBarE":0,"DemBarP":0,"BarRetP":0},{"id":51,"time":55,"name":"LPalmas220","marginal_cost":136.186920402,"value":136.186920402,"DemBarE":0,"DemBarP":0,"BarRetP":0},{"id":51,"time":56,"name":"LPalmas220","marginal_cost":135.8844069803,"value":135.8844069803,"DemBarE":0,"DemBarP":0,"BarRetP":0},{"id":51,"time":57,"name":"LPalmas220","marginal_cost":123.3725983423,"value":123.3725983423,"DemBarE":0,"DemBarP":0,"BarRetP":0},{"id":51,"time":58,"name":"LPalmas220","marginal_cost":136.4216229143,"value":136.4216229143,"DemBarE":0,"DemBarP":0,"BarRetP":0},{"id":51,"time":59,"name":"LPalmas220","marginal_cost":106.0968861178,"value":106.0968861178,"DemBarE":0,"DemBarP":0,"BarRetP":0},{"id":51,"time":60,"name":"LPalmas220","marginal_cost":133.365167374,"value":133.365167374,"DemBarE":0,"DemBarP":0,"BarRetP":0},{"id":51,"time":61,"name":"LPalmas220","marginal_cost":131.5466957821,"value":131.5466957821,"DemBarE":0,"DemBarP":0,"BarRetP":0},{"id":51,"time":62,"name":"LPalmas220","marginal_cost":131.5466957821,"value":131.5466957821,"DemBarE":0,"DemBarP":0,"BarRetP":0},{"id":51,"time":63,"name":"LPalmas220","marginal_cost":115.147745923,"value":115.147745923,"DemBarE":0,"DemBarP":0,"BarRetP":0},{"id":51,"time":64,"name":"LPalmas220","marginal_cost":131.571386926,"value":131.571386926,"DemBarE":0,"DemBarP":0,"BarRetP":0},{"id":51,"time":65,"name":"LPalmas220","marginal_cost":132.0695612862,"value":132.0695612862,"DemBarE":0,"DemBarP":0,"BarRetP":0},{"id":51,"time":66,"name":"LPalmas220","marginal_cost":132.0695612862,"value":132.0695612862,"DemBarE":0,"DemBarP":0,"BarRetP":0},{"id":51,"time":67,"name":"LPalmas220","marginal_cost":164.7278189259,"value":164.7278189259,"DemBarE":0,"DemBarP":0,"BarRetP":0},{"id":51,"time":68,"name":"LPalmas220","marginal_cost":158.8310703313,"value":158.8310703313,"DemBarE":0,"DemBarP":0,"BarRetP":0},{"id":51,"time":69,"name":"LPalmas220","marginal_cost":158.8310703313,"value":158.8310703313,"DemBarE":0,"DemBarP":0,"BarRetP":0},{"id":51,"time":70,"name":"LPalmas220","marginal_cost":158.697676013,"value":158.697676013,"DemBarE":0,"DemBarP":0,"BarRetP":0},{"id":51,"time":71,"name":"LPalmas220","marginal_cost":151.2325970488,"value":151.2325970488,"DemBarE":0,"DemBarP":0,"BarRetP":0},{"id":51,"time":72,"name":"LPalmas220","marginal_cost":150.2034089725,"value":150.2034089725,"DemBarE":0,"DemBarP":0,"BarRetP":0},{"id":51,"time":73,"name":"LPalmas220","marginal_cost":150.8056270646,"value":150.8056270646,"DemBarE":0,"DemBarP":0,"BarRetP":0},{"id":51,"time":74,"name":"LPalmas220","marginal_cost":149.3937285771,"value":149.3937285771,"DemBarE":0,"DemBarP":0,"BarRetP":0},{"id":51,"time":75,"name":"LPalmas220","marginal_cost":133.8596216601,"value":133.8596216601,"DemBarE":0,"DemBarP":0,"BarRetP":0},{"id":51,"time":76,"name":"LPalmas220","marginal_cost":133.8596216601,"value":133.8596216601,"DemBarE":0,"DemBarP":0,"BarRetP":0},{"id":51,"time":77,"name":"LPalmas220","marginal_cost":133.8596216601,"value":133.8596216601,"DemBarE":0,"DemBarP":0,"BarRetP":0},{"id":51,"time":78,"name":"LPalmas220","marginal_cost":133.8596216601,"value":133.8596216601,"DemBarE":0,"DemBarP":0,"BarRetP":0},{"id":51,"time":79,"name":"LPalmas220","marginal_cost":133.8596216601,"value":133.8596216601,"DemBarE":0,"DemBarP":0,"BarRetP":0},{"id":51,"time":80,"name":"LPalmas220","marginal_cost":122.6380310252,"value":122.6380310252,"DemBarE":0,"DemBarP":0,"BarRetP":0},{"id":51,"time":81,"name":"LPalmas220","marginal_cost":122.6380310252,"value":122.6380310252,"DemBarE":0,"DemBarP":0,"BarRetP":0},{"id":51,"time":82,"name":"LPalmas220","marginal_cost":94.0848129068,"value":94.0848129068,"DemBarE":0,"DemBarP":0,"BarRetP":0},{"id":51,"time":83,"name":"LPalmas220","marginal_cost":94.0848129068,"value":94.0848129068,"DemBarE":0,"DemBarP":0,"BarRetP":0},{"id":51,"time":84,"name":"LPalmas220","marginal_cost":116.1900822381,"value":116.1900822381,"DemBarE":0,"DemBarP":0,"BarRetP":0},{"id":51,"time":85,"name":"LPalmas220","marginal_cost":116.1900822381,"value":116.1900822381,"DemBarE":0,"DemBarP":0,"BarRetP":0},{"id":51,"time":86,"name":"LPalmas220","marginal_cost":123.1240171207,"value":123.1240171207,"DemBarE":0,"DemBarP":0,"BarRetP":0},{"id":51,"time":87,"name":"LPalmas220","marginal_cost":123.1240171207,"value":123.1240171207,"DemBarE":0,"DemBarP":0,"BarRetP":0},{"id":51,"time":88,"name":"LPalmas220","marginal_cost":123.1240171207,"value":123.1240171207,"DemBarE":0,"DemBarP":0,"BarRetP":0},{"id":51,"time":89,"name":"LPalmas220","marginal_cost":123.1240171207,"value":123.1240171207,"DemBarE":0,"DemBarP":0,"BarRetP":0},{"id":51,"time":90,"name":"LPalmas220","marginal_cost":123.1240171207,"value":123.1240171207,"DemBarE":0,"DemBarP":0,"BarRetP":0},{"id":51,"time":91,"name":"LPalmas220","marginal_cost":146.8233622009,"value":146.8233622009,"DemBarE":0,"DemBarP":0,"BarRetP":0},{"id":51,"time":92,"name":"LPalmas220","marginal_cost":146.8233622009,"value":146.8233622009,"DemBarE":0,"DemBarP":0,"BarRetP":0},{"id":51,"time":93,"name":"LPalmas220","marginal_cost":149.6772620035,"value":149.6772620035,"DemBarE":0,"DemBarP":0,"BarRetP":0},{"id":51,"time":94,"name":"LPalmas220","marginal_cost":147.4230096812,"value":147.4230096812,"DemBarE":0,"DemBarP":0,"BarRetP":0},{"id":51,"time":95,"name":"LPalmas220","marginal_cost":146.0238255862,"value":146.0238255862,"DemBarE":0,"DemBarP":0,"BarRetP":0},{"id":51,"time":96,"name":"LPalmas220","marginal_cost":146.5244667774,"value":146.5244667774,"DemBarE":0,"DemBarP":0,"BarRetP":0},{"id":51,"time":97,"name":"LPalmas220","marginal_cost":146.9306508871,"value":146.9306508871,"DemBarE":0,"DemBarP":0,"BarRetP":0},{"id":51,"time":98,"name":"LPalmas220","marginal_cost":142.1118571867,"value":142.1118571867,"DemBarE":0,"DemBarP":0,"BarRetP":0},{"id":51,"time":99,"name":"LPalmas220","marginal_cost":142.0664130079,"value":142.0664130079,"DemBarE":0,"DemBarP":0,"BarRetP":0},{"id":51,"time":100,"name":"LPalmas220","marginal_cost":143.1200843138,"value":143.1200843138,"DemBarE":0,"DemBarP":0,"BarRetP":0},{"id":51,"time":101,"name":"LPalmas220","marginal_cost":143.1200843138,"value":143.1200843138,"DemBarE":0,"DemBarP":0,"BarRetP":0},{"id":51,"time":102,"name":"LPalmas220","marginal_cost":143.1200843138,"value":143.1200843138,"DemBarE":0,"DemBarP":0,"BarRetP":0},{"id":51,"time":103,"name":"LPalmas220","marginal_cost":151.7612882033,"value":151.7612882033,"DemBarE":0,"DemBarP":0,"BarRetP":0},{"id":51,"time":104,"name":"LPalmas220","marginal_cost":152.6323772034,"value":152.6323772034,"DemBarE":0,"DemBarP":0,"BarRetP":0},{"id":51,"time":105,"name":"LPalmas220","marginal_cost":152.6323772034,"value":152.6323772034,"DemBarE":0,"DemBarP":0,"BarRetP":0},{"id":51,"time":106,"name":"LPalmas220","marginal_cost":149.6713529597,"value":149.6713529597,"DemBarE":0,"DemBarP":0,"BarRetP":0},{"id":51,"time":107,"name":"LPalmas220","marginal_cost":149.7312530879,"value":149.7312530879,"DemBarE":0,"DemBarP":0,"BarRetP":0},{"id":51,"time":108,"name":"LPalmas220","marginal_cost":148.9072088436,"value":148.9072088436,"DemBarE":0,"DemBarP":0,"BarRetP":0},{"id":51,"time":109,"name":"LPalmas220","marginal_cost":148.9072088436,"value":148.9072088436,"DemBarE":0,"DemBarP":0,"BarRetP":0},{"id":51,"time":110,"name":"LPalmas220","marginal_cost":147.2092913981,"value":147.2092913981,"DemBarE":0,"DemBarP":0,"BarRetP":0},{"id":51,"time":111,"name":"LPalmas220","marginal_cost":147.0665429559,"value":147.0665429559,"DemBarE":0,"DemBarP":0,"BarRetP":0},{"id":51,"time":112,"name":"LPalmas220","marginal_cost":147.0665429559,"value":147.0665429559,"DemBarE":0,"DemBarP":0,"BarRetP":0},{"id":51,"time":113,"name":"LPalmas220","marginal_cost":152.0645416985,"value":152.0645416985,"DemBarE":0,"DemBarP":0,"BarRetP":0},{"id":51,"time":114,"name":"LPalmas220","marginal_cost":152.0645416985,"value":152.0645416985,"DemBarE":0,"DemBarP":0,"BarRetP":0},{"id":51,"time":115,"name":"LPalmas220","marginal_cost":152.0645416985,"value":152.0645416985,"DemBarE":0,"DemBarP":0,"BarRetP":0},{"id":51,"time":116,"name":"LPalmas220","marginal_cost":157.3610608072,"value":157.3610608072,"DemBarE":0,"DemBarP":0,"BarRetP":0},{"id":51,"time":117,"name":"LPalmas220","marginal_cost":157.3610608072,"value":157.3610608072,"DemBarE":0,"DemBarP":0,"BarRetP":0},{"id":51,"time":118,"name":"LPalmas220","marginal_cost":157.3610608072,"value":157.3610608072,"DemBarE":0,"DemBarP":0,"BarRetP":0},{"id":51,"time":119,"name":"LPalmas220","marginal_cost":157.9196370501,"value":157.9196370501,"DemBarE":0,"DemBarP":0,"BarRetP":0},{"id":51,"time":120,"name":"LPalmas220","marginal_cost":156.524482552,"value":156.524482552,"DemBarE":0,"DemBarP":0,"BarRetP":0},{"id":51,"time":121,"name":"LPalmas220","marginal_cost":152.7852358321,"value":152.7852358321,"DemBarE":0,"DemBarP":0,"BarRetP":0},{"id":51,"time":122,"name":"LPalmas220","marginal_cost":152.7291503962,"value":152.7291503962,"DemBarE":0,"DemBarP":0,"BarRetP":0},{"id":51,"time":123,"name":"LPalmas220","marginal_cost":148.7012972243,"value":148.7012972243,"DemBarE":0,"DemBarP":0,"BarRetP":0},{"id":51,"time":124,"name":"LPalmas220","marginal_cost":148.7012972243,"value":148.7012972243,"DemBarE":0,"DemBarP":0,"BarRetP":0},{"id":51,"time":125,"name":"LPalmas220","marginal_cost":148.7012972243,"value":148.7012972243,"DemBarE":0,"DemBarP":0,"BarRetP":0},{"id":51,"time":126,"name":"LPalmas220","marginal_cost":148.7012972243,"value":148.7012972243,"DemBarE":0,"DemBarP":0,"BarRetP":0},{"id":51,"time":127,"name":"LPalmas220","marginal_cost":155.7292111979,"value":155.7292111979,"DemBarE":0,"DemBarP":0,"BarRetP":0},{"id":51,"time":128,"name":"LPalmas220","marginal_cost":159.6687148652,"value":159.6687148652,"DemBarE":0,"DemBarP":0,"BarRetP":0},{"id":51,"time":129,"name":"LPalmas220","marginal_cost":155.0207640773,"value":155.0207640773,"DemBarE":0,"DemBarP":0,"BarRetP":0},{"id":51,"time":130,"name":"LPalmas220","marginal_cost":157.2033501046,"value":157.2033501046,"DemBarE":0,"DemBarP":0,"BarRetP":0},{"id":51,"time":131,"name":"LPalmas220","marginal_cost":156.5075096187,"value":156.5075096187,"DemBarE":0,"DemBarP":0,"BarRetP":0},{"id":51,"time":132,"name":"LPalmas220","marginal_cost":157.8099318159,"value":157.8099318159,"DemBarE":0,"DemBarP":0,"BarRetP":0},{"id":51,"time":133,"name":"LPalmas220","marginal_cost":156.1954681388,"value":156.1954681388,"DemBarE":0,"DemBarP":0,"BarRetP":0},{"id":51,"time":134,"name":"LPalmas220","marginal_cost":156.1954681388,"value":156.1954681388,"DemBarE":0,"DemBarP":0,"BarRetP":0},{"id":51,"time":135,"name":"LPalmas220","marginal_cost":156.1954681388,"value":156.1954681388,"DemBarE":0,"DemBarP":0,"BarRetP":0},{"id":51,"time":136,"name":"LPalmas220","marginal_cost":156.1954681388,"value":156.1954681388,"DemBarE":0,"DemBarP":0,"BarRetP":0},{"id":51,"time":137,"name":"LPalmas220","marginal_cost":159.736827406,"value":159.736827406,"DemBarE":0,"DemBarP":0,"BarRetP":0},{"id":51,"time":138,"name":"LPalmas220","marginal_cost":159.736827406,"value":159.736827406,"DemBarE":0,"DemBarP":0,"BarRetP":0},{"id":51,"time":139,"name":"LPalmas220","marginal_cost":159.736827406,"value":159.736827406,"DemBarE":0,"DemBarP":0,"BarRetP":0},{"id":51,"time":140,"name":"LPalmas220","marginal_cost":159.736827406,"value":159.736827406,"DemBarE":0,"DemBarP":0,"BarRetP":0},{"id":51,"time":141,"name":"LPalmas220","marginal_cost":159.736827406,"value":159.736827406,"DemBarE":0,"DemBarP":0,"BarRetP":0},{"id":51,"time":142,"name":"LPalmas220","marginal_cost":159.736827406,"value":159.736827406,"DemBarE":0,"DemBarP":0,"BarRetP":0},{"id":51,"time":143,"name":"LPalmas220","marginal_cost":159.7494151611,"value":159.7494151611,"DemBarE":0,"DemBarP":0,"BarRetP":0},{"id":51,"time":144,"name":"LPalmas220","marginal_cost":160.1041388808,"value":160.1041388808,"DemBarE":0,"DemBarP":0,"BarRetP":0},{"id":51,"time":145,"name":"LPalmas220","marginal_cost":157.5283869903,"value":157.5283869903,"DemBarE":0,"DemBarP":0,"BarRetP":0},{"id":51,"time":146,"name":"LPalmas220","marginal_cost":157.5681070431,"value":157.5681070431,"DemBarE":0,"DemBarP":0,"BarRetP":0},{"id":51,"time":147,"name":"LPalmas220","marginal_cost":155.063490806,"value":155.063490806,"DemBarE":0,"DemBarP":0,"BarRetP":0},{"id":51,"time":148,"name":"LPalmas220","marginal_cost":155.063490806,"value":155.063490806,"DemBarE":0,"DemBarP":0,"BarRetP":0},{"id":51,"time":149,"name":"LPalmas220","marginal_cost":155.063490806,"value":155.063490806,"DemBarE":0,"DemBarP":0,"BarRetP":0},{"id":51,"time":150,"name":"LPalmas220","marginal_cost":155.063490806,"value":155.063490806,"DemBarE":0,"DemBarP":0,"BarRetP":0},{"id":51,"time":151,"name":"LPalmas220","marginal_cost":159.1028880703,"value":159.1028880703,"DemBarE":0,"DemBarP":0,"BarRetP":0},{"id":51,"time":152,"name":"LPalmas220","marginal_cost":158.4074097023,"value":158.4074097023,"DemBarE":0,"DemBarP":0,"BarRetP":0},{"id":51,"time":153,"name":"LPalmas220","marginal_cost":158.4074097023,"value":158.4074097023,"DemBarE":0,"DemBarP":0,"BarRetP":0},{"id":51,"time":154,"name":"LPalmas220","marginal_cost":156.4413494516,"value":156.4413494516,"DemBarE":0,"DemBarP":0,"BarRetP":0},{"id":51,"time":155,"name":"LPalmas220","marginal_cost":156.4413494516,"value":156.4413494516,"DemBarE":0,"DemBarP":0,"BarRetP":0},{"id":51,"time":156,"name":"LPalmas220","marginal_cost":156.6186761498,"value":156.6186761498,"DemBarE":0,"DemBarP":0,"BarRetP":0},{"id":51,"time":157,"name":"LPalmas220","marginal_cost":156.1055453816,"value":156.1055453816,"DemBarE":0,"DemBarP":0,"BarRetP":0},{"id":51,"time":158,"name":"LPalmas220","marginal_cost":156.1055453816,"value":156.1055453816,"DemBarE":0,"DemBarP":0,"BarRetP":0},{"id":51,"time":159,"name":"LPalmas220","marginal_cost":156.1055453816,"value":156.1055453816,"DemBarE":0,"DemBarP":0,"BarRetP":0},{"id":51,"time":160,"name":"LPalmas220","marginal_cost":156.3514484814,"value":156.3514484814,"DemBarE":0,"DemBarP":0,"BarRetP":0},{"id":51,"time":161,"name":"LPalmas220","marginal_cost":156.3514484814,"value":156.3514484814,"DemBarE":0,"DemBarP":0,"BarRetP":0},{"id":51,"time":162,"name":"LPalmas220","marginal_cost":158.7541978365,"value":158.7541978365,"DemBarE":0,"DemBarP":0,"BarRetP":0},{"id":51,"time":163,"name":"LPalmas220","marginal_cost":162.1485933591,"value":162.1485933591,"DemBarE":0,"DemBarP":0,"BarRetP":0},{"id":51,"time":164,"name":"LPalmas220","marginal_cost":162.1485933591,"value":162.1485933591,"DemBarE":0,"DemBarP":0,"BarRetP":0},{"id":51,"time":165,"name":"LPalmas220","marginal_cost":162.1485933591,"value":162.1485933591,"DemBarE":0,"DemBarP":0,"BarRetP":0},{"id":51,"time":166,"name":"LPalmas220","marginal_cost":162.1485933591,"value":162.1485933591,"DemBarE":0,"DemBarP":0,"BarRetP":0},{"id":51,"time":167,"name":"LPalmas220","marginal_cost":161.1358783586,"value":161.1358783586,"DemBarE":0,"DemBarP":0,"BarRetP":0},{"id":51,"time":168,"name":"LPalmas220","marginal_cost":161.1426701589,"value":161.1426701589,"DemBarE":0,"DemBarP":0,"BarRetP":0}]