[{"id":186,"time":1,"name":"RioTolten220","marginal_cost":151.5753393047,"value":151.5753393047,"DemBarE":0,"DemBarP":0,"BarRetP":0},{"id":186,"time":2,"name":"RioTolten220","marginal_cost":151.9892699836,"value":151.9892699836,"DemBarE":0,"DemBarP":0,"BarRetP":0},{"id":186,"time":3,"name":"RioTolten220","marginal_cost":150.7102792285,"value":150.7102792285,"DemBarE":0,"DemBarP":0,"BarRetP":0},{"id":186,"time":4,"name":"RioTolten220","marginal_cost":149.1357657044,"value":149.1357657044,"DemBarE":0,"DemBarP":0,"BarRetP":0},{"id":186,"time":5,"name":"RioTolten220","marginal_cost":133.3647323199,"value":133.3647323199,"DemBarE":0,"DemBarP":0,"BarRetP":0},{"id":186,"time":6,"name":"RioTolten220","marginal_cost":117.1181754022,"value":117.1181754022,"DemBarE":0,"DemBarP":0,"BarRetP":0},{"id":186,"time":7,"name":"RioTolten220","marginal_cost":159.802082704,"value":159.802082704,"DemBarE":0,"DemBarP":0,"BarRetP":0},{"id":186,"time":8,"name":"RioTolten220","marginal_cost":167.6120411874,"value":167.6120411874,"DemBarE":0,"DemBarP":0,"BarRetP":0},{"id":186,"time":9,"name":"RioTolten220","marginal_cost":180.7163512443,"value":180.7163512443,"DemBarE":0,"DemBarP":0,"BarRetP":0},{"id":186,"time":10,"name":"RioTolten220","marginal_cost":211.240516266,"value":211.240516266,"DemBarE":0,"DemBarP":0,"BarRetP":0},{"id":186,"time":11,"name":"RioTolten220","marginal_cost":211.4347207387,"value":211.4347207387,"DemBarE":0,"DemBarP":0,"BarRetP":0},{"id":186,"time":12,"name":"RioTolten220","marginal_cost":189.8236209979,"value":189.8236209979,"DemBarE":0,"DemBarP":0,"BarRetP":0},{"id":186,"time":13,"name":"RioTolten220","marginal_cost":214.1017866664,"value":214.1017866664,"DemBarE":0,"DemBarP":0,"BarRetP":0},{"id":186,"time":14,"name":"RioTolten220","marginal_cost":229.6138961474,"value":229.6138961474,"DemBarE":0,"DemBarP":0,"BarRetP":0},{"id":186,"time":15,"name":"RioTolten220","marginal_cost":211.6997812135,"value":211.6997812135,"DemBarE":0,"DemBarP":0,"BarRetP":0},{"id":186,"time":16,"name":"RioTolten220","marginal_cost":211.0701623976,"value":211.0701623976,"DemBarE":0,"DemBarP":0,"BarRetP":0},{"id":186,"time":17,"name":"RioTolten220","marginal_cost":203.5194989746,"value":203.5194989746,"DemBarE":0,"DemBarP":0,"BarRetP":0},{"id":186,"time":18,"name":"RioTolten220","marginal_cost":172.10957593,"value":172.10957593,"DemBarE":0,"DemBarP":0,"BarRetP":0},{"id":186,"time":19,"name":"RioTolten220","marginal_cost":179.3877151217,"value":179.3877151217,"DemBarE":0,"DemBarP":0,"BarRetP":0},{"id":186,"time":20,"name":"RioTolten220","marginal_cost":181.2338860496,"value":181.2338860496,"DemBarE":0,"DemBarP":0,"BarRetP":0},{"id":186,"time":21,"name":"RioTolten220","marginal_cost":169.7169231565,"value":169.7169231565,"DemBarE":0,"DemBarP":0,"BarRetP":0},{"id":186,"time":22,"name":"RioTolten220","marginal_cost":166.9683048269,"value":166.9683048269,"DemBarE":0,"DemBarP":0,"BarRetP":0},{"id":186,"time":23,"name":"RioTolten220","marginal_cost":164.6670694271,"value":164.6670694271,"DemBarE":0,"DemBarP":0,"BarRetP":0},{"id":186,"time":24,"name":"RioTolten220","marginal_cost":163.4825332235,"value":163.4825332235,"DemBarE":0,"DemBarP":0,"BarRetP":0},{"id":186,"time":25,"name":"RioTolten220","marginal_cost":153.0250163284,"value":153.0250163284,"DemBarE":0,"DemBarP":0,"BarRetP":0},{"id":186,"time":26,"name":"RioTolten220","marginal_cost":152.9889298871,"value":152.9889298871,"DemBarE":0,"DemBarP":0,"BarRetP":0},{"id":186,"time":27,"name":"RioTolten220","marginal_cost":151.8695121556,"value":151.8695121556,"DemBarE":0,"DemBarP":0,"BarRetP":0},{"id":186,"time":28,"name":"RioTolten220","marginal_cost":150.8960876256,"value":150.8960876256,"DemBarE":0,"DemBarP":0,"BarRetP":0},{"id":186,"time":29,"name":"RioTolten220","marginal_cost":149.8445886215,"value":149.8445886215,"DemBarE":0,"DemBarP":0,"BarRetP":0},{"id":186,"time":30,"name":"RioTolten220","marginal_cost":151.1799284618,"value":151.1799284618,"DemBarE":0,"DemBarP":0,"BarRetP":0},{"id":186,"time":31,"name":"RioTolten220","marginal_cost":156.9602349101,"value":156.9602349101,"DemBarE":0,"DemBarP":0,"BarRetP":0},{"id":186,"time":32,"name":"RioTolten220","marginal_cost":165.5104408446,"value":165.5104408446,"DemBarE":0,"DemBarP":0,"BarRetP":0},{"id":186,"time":33,"name":"RioTolten220","marginal_cost":158.0978348223,"value":158.0978348223,"DemBarE":0,"DemBarP":0,"BarRetP":0},{"id":186,"time":34,"name":"RioTolten220","marginal_cost":158.7609372156,"value":158.7609372156,"DemBarE":0,"DemBarP":0,"BarRetP":0},{"id":186,"time":35,"name":"RioTolten220","marginal_cost":158.2791333591,"value":158.2791333591,"DemBarE":0,"DemBarP":0,"BarRetP":0},{"id":186,"time":36,"name":"RioTolten220","marginal_cost":158.0237155085,"value":158.0237155085,"DemBarE":0,"DemBarP":0,"BarRetP":0},{"id":186,"time":37,"name":"RioTolten220","marginal_cost":153.9892082377,"value":153.9892082377,"DemBarE":0,"DemBarP":0,"BarRetP":0},{"id":186,"time":38,"name":"RioTolten220","marginal_cost":153.9892082377,"value":153.9892082377,"DemBarE":0,"DemBarP":0,"BarRetP":0},{"id":186,"time":39,"name":"RioTolten220","marginal_cost":153.9892082377,"value":153.9892082377,"DemBarE":0,"DemBarP":0,"BarRetP":0},{"id":186,"time":40,"name":"RioTolten220","marginal_cost":153.9892082377,"value":153.9892082377,"DemBarE":0,"DemBarP":0,"BarRetP":0},{"id":186,"time":41,"name":"RioTolten220","marginal_cost":151.417972276,"value":151.417972276,"DemBarE":0,"DemBarP":0,"BarRetP":0},{"id":186,"time":42,"name":"RioTolten220","marginal_cost":147.1352560314,"value":147.1352560314,"DemBarE":0,"DemBarP":0,"BarRetP":0},{"id":186,"time":43,"name":"RioTolten220","marginal_cost":148.3856708855,"value":148.3856708855,"DemBarE":0,"DemBarP":0,"BarRetP":0},{"id":186,"time":44,"name":"RioTolten220","marginal_cost":148.3856708855,"value":148.3856708855,"DemBarE":0,"DemBarP":0,"BarRetP":0},{"id":186,"time":45,"name":"RioTolten220","marginal_cost":146.5360726302,"value":146.5360726302,"DemBarE":0,"DemBarP":0,"BarRetP":0},{"id":186,"time":46,"name":"RioTolten220","marginal_cost":144.7710142002,"value":144.7710142002,"DemBarE":0,"DemBarP":0,"BarRetP":0},{"id":186,"time":47,"name":"RioTolten220","marginal_cost":105.7105051036,"value":105.7105051036,"DemBarE":0,"DemBarP":0,"BarRetP":0},{"id":186,"time":48,"name":"RioTolten220","marginal_cost":127.9556058501,"value":127.9556058501,"DemBarE":0,"DemBarP":0,"BarRetP":0},{"id":186,"time":49,"name":"RioTolten220","marginal_cost":106.7812437111,"value":106.7812437111,"DemBarE":0,"DemBarP":0,"BarRetP":0},{"id":186,"time":50,"name":"RioTolten220","marginal_cost":139.0243063683,"value":139.0243063683,"DemBarE":0,"DemBarP":0,"BarRetP":0},{"id":186,"time":51,"name":"RioTolten220","marginal_cost":92.7237900611,"value":92.7237900611,"DemBarE":0,"DemBarP":0,"BarRetP":0},{"id":186,"time":52,"name":"RioTolten220","marginal_cost":63.2760880852,"value":63.2760880852,"DemBarE":0,"DemBarP":0,"BarRetP":0},{"id":186,"time":53,"name":"RioTolten220","marginal_cost":63.2760880852,"value":63.2760880852,"DemBarE":0,"DemBarP":0,"BarRetP":0},{"id":186,"time":54,"name":"RioTolten220","marginal_cost":38.3944580241,"value":38.3944580241,"DemBarE":0,"DemBarP":0,"BarRetP":0},{"id":186,"time":55,"name":"RioTolten220","marginal_cost":63.4999648505,"value":63.4999648505,"DemBarE":0,"DemBarP":0,"BarRetP":0},{"id":186,"time":56,"name":"RioTolten220","marginal_cost":125.5829830884,"value":125.5829830884,"DemBarE":0,"DemBarP":0,"BarRetP":0},{"id":186,"time":57,"name":"RioTolten220","marginal_cost":117.4053493963,"value":117.4053493963,"DemBarE":0,"DemBarP":0,"BarRetP":0},{"id":186,"time":58,"name":"RioTolten220","marginal_cost":132.9732635176,"value":132.9732635176,"DemBarE":0,"DemBarP":0,"BarRetP":0},{"id":186,"time":59,"name":"RioTolten220","marginal_cost":105.7802442461,"value":105.7802442461,"DemBarE":0,"DemBarP":0,"BarRetP":0},{"id":186,"time":60,"name":"RioTolten220","marginal_cost":134.9594017853,"value":134.9594017853,"DemBarE":0,"DemBarP":0,"BarRetP":0},{"id":186,"time":61,"name":"RioTolten220","marginal_cost":133.657486129,"value":133.657486129,"DemBarE":0,"DemBarP":0,"BarRetP":0},{"id":186,"time":62,"name":"RioTolten220","marginal_cost":133.657486129,"value":133.657486129,"DemBarE":0,"DemBarP":0,"BarRetP":0},{"id":186,"time":63,"name":"RioTolten220","marginal_cost":118.2112968892,"value":118.2112968892,"DemBarE":0,"DemBarP":0,"BarRetP":0},{"id":186,"time":64,"name":"RioTolten220","marginal_cost":135.3572353794,"value":135.3572353794,"DemBarE":0,"DemBarP":0,"BarRetP":0},{"id":186,"time":65,"name":"RioTolten220","marginal_cost":149.1233947229,"value":149.1233947229,"DemBarE":0,"DemBarP":0,"BarRetP":0},{"id":186,"time":66,"name":"RioTolten220","marginal_cost":149.1233947229,"value":149.1233947229,"DemBarE":0,"DemBarP":0,"BarRetP":0},{"id":186,"time":67,"name":"RioTolten220","marginal_cost":166.7750557528,"value":166.7750557528,"DemBarE":0,"DemBarP":0,"BarRetP":0},{"id":186,"time":68,"name":"RioTolten220","marginal_cost":159.5013244453,"value":159.5013244453,"DemBarE":0,"DemBarP":0,"BarRetP":0},{"id":186,"time":69,"name":"RioTolten220","marginal_cost":159.5013244453,"value":159.5013244453,"DemBarE":0,"DemBarP":0,"BarRetP":0},{"id":186,"time":70,"name":"RioTolten220","marginal_cost":157.7059837259,"value":157.7059837259,"DemBarE":0,"DemBarP":0,"BarRetP":0},{"id":186,"time":71,"name":"RioTolten220","marginal_cost":152.1499914554,"value":152.1499914554,"DemBarE":0,"DemBarP":0,"BarRetP":0},{"id":186,"time":72,"name":"RioTolten220","marginal_cost":150.1546242773,"value":150.1546242773,"DemBarE":0,"DemBarP":0,"BarRetP":0},{"id":186,"time":73,"name":"RioTolten220","marginal_cost":148.9883538647,"value":148.9883538647,"DemBarE":0,"DemBarP":0,"BarRetP":0},{"id":186,"time":74,"name":"RioTolten220","marginal_cost":144.7201430395,"value":144.7201430395,"DemBarE":0,"DemBarP":0,"BarRetP":0},{"id":186,"time":75,"name":"RioTolten220","marginal_cost":129.9737755122,"value":129.9737755122,"DemBarE":0,"DemBarP":0,"BarRetP":0},{"id":186,"time":76,"name":"RioTolten220","marginal_cost":129.9737755122,"value":129.9737755122,"DemBarE":0,"DemBarP":0,"BarRetP":0},{"id":186,"time":77,"name":"RioTolten220","marginal_cost":129.9737755122,"value":129.9737755122,"DemBarE":0,"DemBarP":0,"BarRetP":0},{"id":186,"time":78,"name":"RioTolten220","marginal_cost":129.9737755122,"value":129.9737755122,"DemBarE":0,"DemBarP":0,"BarRetP":0},{"id":186,"time":79,"name":"RioTolten220","marginal_cost":129.9737755122,"value":129.9737755122,"DemBarE":0,"DemBarP":0,"BarRetP":0},{"id":186,"time":80,"name":"RioTolten220","marginal_cost":120.6515400132,"value":120.6515400132,"DemBarE":0,"DemBarP":0,"BarRetP":0},{"id":186,"time":81,"name":"RioTolten220","marginal_cost":120.6515400132,"value":120.6515400132,"DemBarE":0,"DemBarP":0,"BarRetP":0},{"id":186,"time":82,"name":"RioTolten220","marginal_cost":93.8065536158,"value":93.8065536158,"DemBarE":0,"DemBarP":0,"BarRetP":0},{"id":186,"time":83,"name":"RioTolten220","marginal_cost":93.8065536158,"value":93.8065536158,"DemBarE":0,"DemBarP":0,"BarRetP":0},{"id":186,"time":84,"name":"RioTolten220","marginal_cost":121.4140561991,"value":121.4140561991,"DemBarE":0,"DemBarP":0,"BarRetP":0},{"id":186,"time":85,"name":"RioTolten220","marginal_cost":121.4140561991,"value":121.4140561991,"DemBarE":0,"DemBarP":0,"BarRetP":0},{"id":186,"time":86,"name":"RioTolten220","marginal_cost":134.4368667092,"value":134.4368667092,"DemBarE":0,"DemBarP":0,"BarRetP":0},{"id":186,"time":87,"name":"RioTolten220","marginal_cost":134.4368667092,"value":134.4368667092,"DemBarE":0,"DemBarP":0,"BarRetP":0},{"id":186,"time":88,"name":"RioTolten220","marginal_cost":134.4368667092,"value":134.4368667092,"DemBarE":0,"DemBarP":0,"BarRetP":0},{"id":186,"time":89,"name":"RioTolten220","marginal_cost":134.4368667092,"value":134.4368667092,"DemBarE":0,"DemBarP":0,"BarRetP":0},{"id":186,"time":90,"name":"RioTolten220","marginal_cost":134.4368667092,"value":134.4368667092,"DemBarE":0,"DemBarP":0,"BarRetP":0},{"id":186,"time":91,"name":"RioTolten220","marginal_cost":154.1012377444,"value":154.1012377444,"DemBarE":0,"DemBarP":0,"BarRetP":0},{"id":186,"time":92,"name":"RioTolten220","marginal_cost":154.1012377444,"value":154.1012377444,"DemBarE":0,"DemBarP":0,"BarRetP":0},{"id":186,"time":93,"name":"RioTolten220","marginal_cost":154.8982017467,"value":154.8982017467,"DemBarE":0,"DemBarP":0,"BarRetP":0},{"id":186,"time":94,"name":"RioTolten220","marginal_cost":152.9806322707,"value":152.9806322707,"DemBarE":0,"DemBarP":0,"BarRetP":0},{"id":186,"time":95,"name":"RioTolten220","marginal_cost":152.2567045156,"value":152.2567045156,"DemBarE":0,"DemBarP":0,"BarRetP":0},{"id":186,"time":96,"name":"RioTolten220","marginal_cost":151.7171761077,"value":151.7171761077,"DemBarE":0,"DemBarP":0,"BarRetP":0},{"id":186,"time":97,"name":"RioTolten220","marginal_cost":149.6243311366,"value":149.6243311366,"DemBarE":0,"DemBarP":0,"BarRetP":0},{"id":186,"time":98,"name":"RioTolten220","marginal_cost":145.3503798706,"value":145.3503798706,"DemBarE":0,"DemBarP":0,"BarRetP":0},{"id":186,"time":99,"name":"RioTolten220","marginal_cost":145.1160592055,"value":145.1160592055,"DemBarE":0,"DemBarP":0,"BarRetP":0},{"id":186,"time":100,"name":"RioTolten220","marginal_cost":145.1961260695,"value":145.1961260695,"DemBarE":0,"DemBarP":0,"BarRetP":0},{"id":186,"time":101,"name":"RioTolten220","marginal_cost":145.1961260695,"value":145.1961260695,"DemBarE":0,"DemBarP":0,"BarRetP":0},{"id":186,"time":102,"name":"RioTolten220","marginal_cost":145.1961260695,"value":145.1961260695,"DemBarE":0,"DemBarP":0,"BarRetP":0},{"id":186,"time":103,"name":"RioTolten220","marginal_cost":154.0037239051,"value":154.0037239051,"DemBarE":0,"DemBarP":0,"BarRetP":0},{"id":186,"time":104,"name":"RioTolten220","marginal_cost":158.5966368296,"value":158.5966368296,"DemBarE":0,"DemBarP":0,"BarRetP":0},{"id":186,"time":105,"name":"RioTolten220","marginal_cost":158.5966368296,"value":158.5966368296,"DemBarE":0,"DemBarP":0,"BarRetP":0},{"id":186,"time":106,"name":"RioTolten220","marginal_cost":174.9673193633,"value":174.9673193633,"DemBarE":0,"DemBarP":0,"BarRetP":0},{"id":186,"time":107,"name":"RioTolten220","marginal_cost":161.4478337986,"value":161.4478337986,"DemBarE":0,"DemBarP":0,"BarRetP":0},{"id":186,"time":108,"name":"RioTolten220","marginal_cost":203.5358178693,"value":203.5358178693,"DemBarE":0,"DemBarP":0,"BarRetP":0},{"id":186,"time":109,"name":"RioTolten220","marginal_cost":203.5358178693,"value":203.5358178693,"DemBarE":0,"DemBarP":0,"BarRetP":0},{"id":186,"time":110,"name":"RioTolten220","marginal_cost":160.4204814124,"value":160.4204814124,"DemBarE":0,"DemBarP":0,"BarRetP":0},{"id":186,"time":111,"name":"RioTolten220","marginal_cost":158.2993293043,"value":158.2993293043,"DemBarE":0,"DemBarP":0,"BarRetP":0},{"id":186,"time":112,"name":"RioTolten220","marginal_cost":158.2993293043,"value":158.2993293043,"DemBarE":0,"DemBarP":0,"BarRetP":0},{"id":186,"time":113,"name":"RioTolten220","marginal_cost":158.4629945069,"value":158.4629945069,"DemBarE":0,"DemBarP":0,"BarRetP":0},{"id":186,"time":114,"name":"RioTolten220","marginal_cost":158.4629945069,"value":158.4629945069,"DemBarE":0,"DemBarP":0,"BarRetP":0},{"id":186,"time":115,"name":"RioTolten220","marginal_cost":158.4629945069,"value":158.4629945069,"DemBarE":0,"DemBarP":0,"BarRetP":0},{"id":186,"time":116,"name":"RioTolten220","marginal_cost":156.7221208352,"value":156.7221208352,"DemBarE":0,"DemBarP":0,"BarRetP":0},{"id":186,"time":117,"name":"RioTolten220","marginal_cost":156.7221208352,"value":156.7221208352,"DemBarE":0,"DemBarP":0,"BarRetP":0},{"id":186,"time":118,"name":"RioTolten220","marginal_cost":156.7221208352,"value":156.7221208352,"DemBarE":0,"DemBarP":0,"BarRetP":0},{"id":186,"time":119,"name":"RioTolten220","marginal_cost":154.6402849386,"value":154.6402849386,"DemBarE":0,"DemBarP":0,"BarRetP":0},{"id":186,"time":120,"name":"RioTolten220","marginal_cost":150.3727620656,"value":150.3727620656,"DemBarE":0,"DemBarP":0,"BarRetP":0},{"id":186,"time":121,"name":"RioTolten220","marginal_cost":147.4700991165,"value":147.4700991165,"DemBarE":0,"DemBarP":0,"BarRetP":0},{"id":186,"time":122,"name":"RioTolten220","marginal_cost":147.5979248567,"value":147.5979248567,"DemBarE":0,"DemBarP":0,"BarRetP":0},{"id":186,"time":123,"name":"RioTolten220","marginal_cost":143.3193446054,"value":143.3193446054,"DemBarE":0,"DemBarP":0,"BarRetP":0},{"id":186,"time":124,"name":"RioTolten220","marginal_cost":143.3193446054,"value":143.3193446054,"DemBarE":0,"DemBarP":0,"BarRetP":0},{"id":186,"time":125,"name":"RioTolten220","marginal_cost":143.3193446054,"value":143.3193446054,"DemBarE":0,"DemBarP":0,"BarRetP":0},{"id":186,"time":126,"name":"RioTolten220","marginal_cost":143.3193446054,"value":143.3193446054,"DemBarE":0,"DemBarP":0,"BarRetP":0},{"id":186,"time":127,"name":"RioTolten220","marginal_cost":152.9401263773,"value":152.9401263773,"DemBarE":0,"DemBarP":0,"BarRetP":0},{"id":186,"time":128,"name":"RioTolten220","marginal_cost":161.4137203257,"value":161.4137203257,"DemBarE":0,"DemBarP":0,"BarRetP":0},{"id":186,"time":129,"name":"RioTolten220","marginal_cost":159.9700291898,"value":159.9700291898,"DemBarE":0,"DemBarP":0,"BarRetP":0},{"id":186,"time":130,"name":"RioTolten220","marginal_cost":165.3273085605,"value":165.3273085605,"DemBarE":0,"DemBarP":0,"BarRetP":0},{"id":186,"time":131,"name":"RioTolten220","marginal_cost":205.8748961364,"value":205.8748961364,"DemBarE":0,"DemBarP":0,"BarRetP":0},{"id":186,"time":132,"name":"RioTolten220","marginal_cost":178.4451657063,"value":178.4451657063,"DemBarE":0,"DemBarP":0,"BarRetP":0},{"id":186,"time":133,"name":"RioTolten220","marginal_cost":165.1615653803,"value":165.1615653803,"DemBarE":0,"DemBarP":0,"BarRetP":0},{"id":186,"time":134,"name":"RioTolten220","marginal_cost":165.1615653803,"value":165.1615653803,"DemBarE":0,"DemBarP":0,"BarRetP":0},{"id":186,"time":135,"name":"RioTolten220","marginal_cost":165.1615653803,"value":165.1615653803,"DemBarE":0,"DemBarP":0,"BarRetP":0},{"id":186,"time":136,"name":"RioTolten220","marginal_cost":165.1615653803,"value":165.1615653803,"DemBarE":0,"DemBarP":0,"BarRetP":0},{"id":186,"time":137,"name":"RioTolten220","marginal_cost":163.3429033965,"value":163.3429033965,"DemBarE":0,"DemBarP":0,"BarRetP":0},{"id":186,"time":138,"name":"RioTolten220","marginal_cost":163.3429033965,"value":163.3429033965,"DemBarE":0,"DemBarP":0,"BarRetP":0},{"id":186,"time":139,"name":"RioTolten220","marginal_cost":163.3429033965,"value":163.3429033965,"DemBarE":0,"DemBarP":0,"BarRetP":0},{"id":186,"time":140,"name":"RioTolten220","marginal_cost":163.3429033965,"value":163.3429033965,"DemBarE":0,"DemBarP":0,"BarRetP":0},{"id":186,"time":141,"name":"RioTolten220","marginal_cost":163.3429033965,"value":163.3429033965,"DemBarE":0,"DemBarP":0,"BarRetP":0},{"id":186,"time":142,"name":"RioTolten220","marginal_cost":163.3429033965,"value":163.3429033965,"DemBarE":0,"DemBarP":0,"BarRetP":0},{"id":186,"time":143,"name":"RioTolten220","marginal_cost":159.8226708734,"value":159.8226708734,"DemBarE":0,"DemBarP":0,"BarRetP":0},{"id":186,"time":144,"name":"RioTolten220","marginal_cost":159.9094688055,"value":159.9094688055,"DemBarE":0,"DemBarP":0,"BarRetP":0},{"id":186,"time":145,"name":"RioTolten220","marginal_cost":157.902275218,"value":157.902275218,"DemBarE":0,"DemBarP":0,"BarRetP":0},{"id":186,"time":146,"name":"RioTolten220","marginal_cost":155.8297875461,"value":155.8297875461,"DemBarE":0,"DemBarP":0,"BarRetP":0},{"id":186,"time":147,"name":"RioTolten220","marginal_cost":152.1416539802,"value":152.1416539802,"DemBarE":0,"DemBarP":0,"BarRetP":0},{"id":186,"time":148,"name":"RioTolten220","marginal_cost":152.1416539802,"value":152.1416539802,"DemBarE":0,"DemBarP":0,"BarRetP":0},{"id":186,"time":149,"name":"RioTolten220","marginal_cost":152.1416539802,"value":152.1416539802,"DemBarE":0,"DemBarP":0,"BarRetP":0},{"id":186,"time":150,"name":"RioTolten220","marginal_cost":152.1416539802,"value":152.1416539802,"DemBarE":0,"DemBarP":0,"BarRetP":0},{"id":186,"time":151,"name":"RioTolten220","marginal_cost":157.4966661758,"value":157.4966661758,"DemBarE":0,"DemBarP":0,"BarRetP":0},{"id":186,"time":152,"name":"RioTolten220","marginal_cost":164.5324317545,"value":164.5324317545,"DemBarE":0,"DemBarP":0,"BarRetP":0},{"id":186,"time":153,"name":"RioTolten220","marginal_cost":164.5324317545,"value":164.5324317545,"DemBarE":0,"DemBarP":0,"BarRetP":0},{"id":186,"time":154,"name":"RioTolten220","marginal_cost":207.1915837543,"value":207.1915837543,"DemBarE":0,"DemBarP":0,"BarRetP":0},{"id":186,"time":155,"name":"RioTolten220","marginal_cost":207.1915837543,"value":207.1915837543,"DemBarE":0,"DemBarP":0,"BarRetP":0},{"id":186,"time":156,"name":"RioTolten220","marginal_cost":169.601327568,"value":169.601327568,"DemBarE":0,"DemBarP":0,"BarRetP":0},{"id":186,"time":157,"name":"RioTolten220","marginal_cost":208.9247606434,"value":208.9247606434,"DemBarE":0,"DemBarP":0,"BarRetP":0},{"id":186,"time":158,"name":"RioTolten220","marginal_cost":208.9247606434,"value":208.9247606434,"DemBarE":0,"DemBarP":0,"BarRetP":0},{"id":186,"time":159,"name":"RioTolten220","marginal_cost":208.9247606434,"value":208.9247606434,"DemBarE":0,"DemBarP":0,"BarRetP":0},{"id":186,"time":160,"name":"RioTolten220","marginal_cost":166.9956721111,"value":166.9956721111,"DemBarE":0,"DemBarP":0,"BarRetP":0},{"id":186,"time":161,"name":"RioTolten220","marginal_cost":166.9956721111,"value":166.9956721111,"DemBarE":0,"DemBarP":0,"BarRetP":0},{"id":186,"time":162,"name":"RioTolten220","marginal_cost":211.2293329552,"value":211.2293329552,"DemBarE":0,"DemBarP":0,"BarRetP":0},{"id":186,"time":163,"name":"RioTolten220","marginal_cost":164.6956846215,"value":164.6956846215,"DemBarE":0,"DemBarP":0,"BarRetP":0},{"id":186,"time":164,"name":"RioTolten220","marginal_cost":164.6956846215,"value":164.6956846215,"DemBarE":0,"DemBarP":0,"BarRetP":0},{"id":186,"time":165,"name":"RioTolten220","marginal_cost":164.6956846215,"value":164.6956846215,"DemBarE":0,"DemBarP":0,"BarRetP":0},{"id":186,"time":166,"name":"RioTolten220","marginal_cost":164.6956846215,"value":164.6956846215,"DemBarE":0,"DemBarP":0,"BarRetP":0},{"id":186,"time":167,"name":"RioTolten220","marginal_cost":164.1356821195,"value":164.1356821195,"DemBarE":0,"DemBarP":0,"BarRetP":0},{"id":186,"time":168,"name":"RioTolten220","marginal_cost":161.5916808757,"value":161.5916808757,"DemBarE":0,"DemBarP":0,"BarRetP":0}]