[{"id":201,"time":1,"name":"Talca066","marginal_cost":170.4765700947,"value":170.4765700947,"DemBarE":0,"DemBarP":0,"BarRetP":0},{"id":201,"time":2,"name":"Talca066","marginal_cost":169.0674925084,"value":169.0674925084,"DemBarE":0,"DemBarP":0,"BarRetP":0},{"id":201,"time":3,"name":"Talca066","marginal_cost":167.192503136,"value":167.192503136,"DemBarE":0,"DemBarP":0,"BarRetP":0},{"id":201,"time":4,"name":"Talca066","marginal_cost":165.5700287706,"value":165.5700287706,"DemBarE":0,"DemBarP":0,"BarRetP":0},{"id":201,"time":5,"name":"Talca066","marginal_cost":146.7993186649,"value":146.7993186649,"DemBarE":0,"DemBarP":0,"BarRetP":0},{"id":201,"time":6,"name":"Talca066","marginal_cost":128.8290782602,"value":128.8290782602,"DemBarE":0,"DemBarP":0,"BarRetP":0},{"id":201,"time":7,"name":"Talca066","marginal_cost":177.9456093611,"value":177.9456093611,"DemBarE":0,"DemBarP":0,"BarRetP":0},{"id":201,"time":8,"name":"Talca066","marginal_cost":188.2774117714,"value":188.2774117714,"DemBarE":0,"DemBarP":0,"BarRetP":0},{"id":201,"time":9,"name":"Talca066","marginal_cost":178.5537126095,"value":178.5537126095,"DemBarE":0,"DemBarP":0,"BarRetP":0},{"id":201,"time":10,"name":"Talca066","marginal_cost":178.5124336289,"value":178.5124336289,"DemBarE":0,"DemBarP":0,"BarRetP":0},{"id":201,"time":11,"name":"Talca066","marginal_cost":178.4969155834,"value":178.4969155834,"DemBarE":0,"DemBarP":0,"BarRetP":0},{"id":201,"time":12,"name":"Talca066","marginal_cost":177.2336542663,"value":177.2336542663,"DemBarE":0,"DemBarP":0,"BarRetP":0},{"id":201,"time":13,"name":"Talca066","marginal_cost":173.0759535734,"value":173.0759535734,"DemBarE":0,"DemBarP":0,"BarRetP":0},{"id":201,"time":14,"name":"Talca066","marginal_cost":170.2372404675,"value":170.2372404675,"DemBarE":0,"DemBarP":0,"BarRetP":0},{"id":201,"time":15,"name":"Talca066","marginal_cost":170.1096184984,"value":170.1096184984,"DemBarE":0,"DemBarP":0,"BarRetP":0},{"id":201,"time":16,"name":"Talca066","marginal_cost":169.6995729305,"value":169.6995729305,"DemBarE":0,"DemBarP":0,"BarRetP":0},{"id":201,"time":17,"name":"Talca066","marginal_cost":168.6375610703,"value":168.6375610703,"DemBarE":0,"DemBarP":0,"BarRetP":0},{"id":201,"time":18,"name":"Talca066","marginal_cost":163.278005677,"value":163.278005677,"DemBarE":0,"DemBarP":0,"BarRetP":0},{"id":201,"time":19,"name":"Talca066","marginal_cost":187.9781073215,"value":187.9781073215,"DemBarE":0,"DemBarP":0,"BarRetP":0},{"id":201,"time":20,"name":"Talca066","marginal_cost":196.5305570194,"value":196.5305570194,"DemBarE":0,"DemBarP":0,"BarRetP":0},{"id":201,"time":21,"name":"Talca066","marginal_cost":183.901193881,"value":183.901193881,"DemBarE":0,"DemBarP":0,"BarRetP":0},{"id":201,"time":22,"name":"Talca066","marginal_cost":181.5045315776,"value":181.5045315776,"DemBarE":0,"DemBarP":0,"BarRetP":0},{"id":201,"time":23,"name":"Talca066","marginal_cost":178.7473794904,"value":178.7473794904,"DemBarE":0,"DemBarP":0,"BarRetP":0},{"id":201,"time":24,"name":"Talca066","marginal_cost":181.0894638154,"value":181.0894638154,"DemBarE":0,"DemBarP":0,"BarRetP":0},{"id":201,"time":25,"name":"Talca066","marginal_cost":168.6911086753,"value":168.6911086753,"DemBarE":0,"DemBarP":0,"BarRetP":0},{"id":201,"time":26,"name":"Talca066","marginal_cost":167.2420270304,"value":167.2420270304,"DemBarE":0,"DemBarP":0,"BarRetP":0},{"id":201,"time":27,"name":"Talca066","marginal_cost":166.4001943515,"value":166.4001943515,"DemBarE":0,"DemBarP":0,"BarRetP":0},{"id":201,"time":28,"name":"Talca066","marginal_cost":166.5988080523,"value":166.5988080523,"DemBarE":0,"DemBarP":0,"BarRetP":0},{"id":201,"time":29,"name":"Talca066","marginal_cost":164.8132607436,"value":164.8132607436,"DemBarE":0,"DemBarP":0,"BarRetP":0},{"id":201,"time":30,"name":"Talca066","marginal_cost":167.29922779,"value":167.29922779,"DemBarE":0,"DemBarP":0,"BarRetP":0},{"id":201,"time":31,"name":"Talca066","marginal_cost":176.4855151143,"value":176.4855151143,"DemBarE":0,"DemBarP":0,"BarRetP":0},{"id":201,"time":32,"name":"Talca066","marginal_cost":190.1967013405,"value":190.1967013405,"DemBarE":0,"DemBarP":0,"BarRetP":0},{"id":201,"time":33,"name":"Talca066","marginal_cost":177.1067119007,"value":177.1067119007,"DemBarE":0,"DemBarP":0,"BarRetP":0},{"id":201,"time":34,"name":"Talca066","marginal_cost":177.9164512294,"value":177.9164512294,"DemBarE":0,"DemBarP":0,"BarRetP":0},{"id":201,"time":35,"name":"Talca066","marginal_cost":176.2395538309,"value":176.2395538309,"DemBarE":0,"DemBarP":0,"BarRetP":0},{"id":201,"time":36,"name":"Talca066","marginal_cost":177.1870118144,"value":177.1870118144,"DemBarE":0,"DemBarP":0,"BarRetP":0},{"id":201,"time":37,"name":"Talca066","marginal_cost":174.1371906773,"value":174.1371906773,"DemBarE":0,"DemBarP":0,"BarRetP":0},{"id":201,"time":38,"name":"Talca066","marginal_cost":174.1371906773,"value":174.1371906773,"DemBarE":0,"DemBarP":0,"BarRetP":0},{"id":201,"time":39,"name":"Talca066","marginal_cost":174.1371906773,"value":174.1371906773,"DemBarE":0,"DemBarP":0,"BarRetP":0},{"id":201,"time":40,"name":"Talca066","marginal_cost":174.1371906773,"value":174.1371906773,"DemBarE":0,"DemBarP":0,"BarRetP":0},{"id":201,"time":41,"name":"Talca066","marginal_cost":170.3589015568,"value":170.3589015568,"DemBarE":0,"DemBarP":0,"BarRetP":0},{"id":201,"time":42,"name":"Talca066","marginal_cost":161.5760984632,"value":161.5760984632,"DemBarE":0,"DemBarP":0,"BarRetP":0},{"id":201,"time":43,"name":"Talca066","marginal_cost":173.7246600572,"value":173.7246600572,"DemBarE":0,"DemBarP":0,"BarRetP":0},{"id":201,"time":44,"name":"Talca066","marginal_cost":173.7246600572,"value":173.7246600572,"DemBarE":0,"DemBarP":0,"BarRetP":0},{"id":201,"time":45,"name":"Talca066","marginal_cost":173.9643410274,"value":173.9643410274,"DemBarE":0,"DemBarP":0,"BarRetP":0},{"id":201,"time":46,"name":"Talca066","marginal_cost":172.0916382095,"value":172.0916382095,"DemBarE":0,"DemBarP":0,"BarRetP":0},{"id":201,"time":47,"name":"Talca066","marginal_cost":168.3718098389,"value":168.3718098389,"DemBarE":0,"DemBarP":0,"BarRetP":0},{"id":201,"time":48,"name":"Talca066","marginal_cost":169.7311621665,"value":169.7311621665,"DemBarE":0,"DemBarP":0,"BarRetP":0},{"id":201,"time":49,"name":"Talca066","marginal_cost":159.8750584388,"value":159.8750584388,"DemBarE":0,"DemBarP":0,"BarRetP":0},{"id":201,"time":50,"name":"Talca066","marginal_cost":163.2303191571,"value":163.2303191571,"DemBarE":0,"DemBarP":0,"BarRetP":0},{"id":201,"time":51,"name":"Talca066","marginal_cost":163.5525483974,"value":163.5525483974,"DemBarE":0,"DemBarP":0,"BarRetP":0},{"id":201,"time":52,"name":"Talca066","marginal_cost":143.1838026566,"value":143.1838026566,"DemBarE":0,"DemBarP":0,"BarRetP":0},{"id":201,"time":53,"name":"Talca066","marginal_cost":143.1838026566,"value":143.1838026566,"DemBarE":0,"DemBarP":0,"BarRetP":0},{"id":201,"time":54,"name":"Talca066","marginal_cost":142.1989645787,"value":142.1989645787,"DemBarE":0,"DemBarP":0,"BarRetP":0},{"id":201,"time":55,"name":"Talca066","marginal_cost":144.6083605593,"value":144.6083605593,"DemBarE":0,"DemBarP":0,"BarRetP":0},{"id":201,"time":56,"name":"Talca066","marginal_cost":149.3029884968,"value":149.3029884968,"DemBarE":0,"DemBarP":0,"BarRetP":0},{"id":201,"time":57,"name":"Talca066","marginal_cost":135.9443162154,"value":135.9443162154,"DemBarE":0,"DemBarP":0,"BarRetP":0},{"id":201,"time":58,"name":"Talca066","marginal_cost":151.2843296815,"value":151.2843296815,"DemBarE":0,"DemBarP":0,"BarRetP":0},{"id":201,"time":59,"name":"Talca066","marginal_cost":118.4958377612,"value":118.4958377612,"DemBarE":0,"DemBarP":0,"BarRetP":0},{"id":201,"time":60,"name":"Talca066","marginal_cost":148.9571302973,"value":148.9571302973,"DemBarE":0,"DemBarP":0,"BarRetP":0},{"id":201,"time":61,"name":"Talca066","marginal_cost":147.7266465063,"value":147.7266465063,"DemBarE":0,"DemBarP":0,"BarRetP":0},{"id":201,"time":62,"name":"Talca066","marginal_cost":147.7266465063,"value":147.7266465063,"DemBarE":0,"DemBarP":0,"BarRetP":0},{"id":201,"time":63,"name":"Talca066","marginal_cost":128.810392038,"value":128.810392038,"DemBarE":0,"DemBarP":0,"BarRetP":0},{"id":201,"time":64,"name":"Talca066","marginal_cost":147.3963480104,"value":147.3963480104,"DemBarE":0,"DemBarP":0,"BarRetP":0},{"id":201,"time":65,"name":"Talca066","marginal_cost":144.5925973205,"value":144.5925973205,"DemBarE":0,"DemBarP":0,"BarRetP":0},{"id":201,"time":66,"name":"Talca066","marginal_cost":144.5925973205,"value":144.5925973205,"DemBarE":0,"DemBarP":0,"BarRetP":0},{"id":201,"time":67,"name":"Talca066","marginal_cost":184.4209804158,"value":184.4209804158,"DemBarE":0,"DemBarP":0,"BarRetP":0},{"id":201,"time":68,"name":"Talca066","marginal_cost":179.2210656311,"value":179.2210656311,"DemBarE":0,"DemBarP":0,"BarRetP":0},{"id":201,"time":69,"name":"Talca066","marginal_cost":179.2210656311,"value":179.2210656311,"DemBarE":0,"DemBarP":0,"BarRetP":0},{"id":201,"time":70,"name":"Talca066","marginal_cost":174.9852823635,"value":174.9852823635,"DemBarE":0,"DemBarP":0,"BarRetP":0},{"id":201,"time":71,"name":"Talca066","marginal_cost":166.5311627887,"value":166.5311627887,"DemBarE":0,"DemBarP":0,"BarRetP":0},{"id":201,"time":72,"name":"Talca066","marginal_cost":165.9090694388,"value":165.9090694388,"DemBarE":0,"DemBarP":0,"BarRetP":0},{"id":201,"time":73,"name":"Talca066","marginal_cost":165.4100132228,"value":165.4100132228,"DemBarE":0,"DemBarP":0,"BarRetP":0},{"id":201,"time":74,"name":"Talca066","marginal_cost":159.393156504,"value":159.393156504,"DemBarE":0,"DemBarP":0,"BarRetP":0},{"id":201,"time":75,"name":"Talca066","marginal_cost":143.8082521851,"value":143.8082521851,"DemBarE":0,"DemBarP":0,"BarRetP":0},{"id":201,"time":76,"name":"Talca066","marginal_cost":143.8082521851,"value":143.8082521851,"DemBarE":0,"DemBarP":0,"BarRetP":0},{"id":201,"time":77,"name":"Talca066","marginal_cost":143.8082521851,"value":143.8082521851,"DemBarE":0,"DemBarP":0,"BarRetP":0},{"id":201,"time":78,"name":"Talca066","marginal_cost":143.8082521851,"value":143.8082521851,"DemBarE":0,"DemBarP":0,"BarRetP":0},{"id":201,"time":79,"name":"Talca066","marginal_cost":143.8082521851,"value":143.8082521851,"DemBarE":0,"DemBarP":0,"BarRetP":0},{"id":201,"time":80,"name":"Talca066","marginal_cost":137.1583729028,"value":137.1583729028,"DemBarE":0,"DemBarP":0,"BarRetP":0},{"id":201,"time":81,"name":"Talca066","marginal_cost":137.1583729028,"value":137.1583729028,"DemBarE":0,"DemBarP":0,"BarRetP":0},{"id":201,"time":82,"name":"Talca066","marginal_cost":104.4525082203,"value":104.4525082203,"DemBarE":0,"DemBarP":0,"BarRetP":0},{"id":201,"time":83,"name":"Talca066","marginal_cost":104.4525082203,"value":104.4525082203,"DemBarE":0,"DemBarP":0,"BarRetP":0},{"id":201,"time":84,"name":"Talca066","marginal_cost":135.4538608808,"value":135.4538608808,"DemBarE":0,"DemBarP":0,"BarRetP":0},{"id":201,"time":85,"name":"Talca066","marginal_cost":135.4538608808,"value":135.4538608808,"DemBarE":0,"DemBarP":0,"BarRetP":0},{"id":201,"time":86,"name":"Talca066","marginal_cost":145.2399106218,"value":145.2399106218,"DemBarE":0,"DemBarP":0,"BarRetP":0},{"id":201,"time":87,"name":"Talca066","marginal_cost":145.2399106218,"value":145.2399106218,"DemBarE":0,"DemBarP":0,"BarRetP":0},{"id":201,"time":88,"name":"Talca066","marginal_cost":145.2399106218,"value":145.2399106218,"DemBarE":0,"DemBarP":0,"BarRetP":0},{"id":201,"time":89,"name":"Talca066","marginal_cost":145.2399106218,"value":145.2399106218,"DemBarE":0,"DemBarP":0,"BarRetP":0},{"id":201,"time":90,"name":"Talca066","marginal_cost":145.2399106218,"value":145.2399106218,"DemBarE":0,"DemBarP":0,"BarRetP":0},{"id":201,"time":91,"name":"Talca066","marginal_cost":172.8487360699,"value":172.8487360699,"DemBarE":0,"DemBarP":0,"BarRetP":0},{"id":201,"time":92,"name":"Talca066","marginal_cost":172.8487360699,"value":172.8487360699,"DemBarE":0,"DemBarP":0,"BarRetP":0},{"id":201,"time":93,"name":"Talca066","marginal_cost":174.8962418444,"value":174.8962418444,"DemBarE":0,"DemBarP":0,"BarRetP":0},{"id":201,"time":94,"name":"Talca066","marginal_cost":171.617440796,"value":171.617440796,"DemBarE":0,"DemBarP":0,"BarRetP":0},{"id":201,"time":95,"name":"Talca066","marginal_cost":168.4955139749,"value":168.4955139749,"DemBarE":0,"DemBarP":0,"BarRetP":0},{"id":201,"time":96,"name":"Talca066","marginal_cost":168.2059646761,"value":168.2059646761,"DemBarE":0,"DemBarP":0,"BarRetP":0},{"id":201,"time":97,"name":"Talca066","marginal_cost":167.4247959917,"value":167.4247959917,"DemBarE":0,"DemBarP":0,"BarRetP":0},{"id":201,"time":98,"name":"Talca066","marginal_cost":159.9440322601,"value":159.9440322601,"DemBarE":0,"DemBarP":0,"BarRetP":0},{"id":201,"time":99,"name":"Talca066","marginal_cost":158.5795557275,"value":158.5795557275,"DemBarE":0,"DemBarP":0,"BarRetP":0},{"id":201,"time":100,"name":"Talca066","marginal_cost":156.7959855862,"value":156.7959855862,"DemBarE":0,"DemBarP":0,"BarRetP":0},{"id":201,"time":101,"name":"Talca066","marginal_cost":156.7959855862,"value":156.7959855862,"DemBarE":0,"DemBarP":0,"BarRetP":0},{"id":201,"time":102,"name":"Talca066","marginal_cost":156.7959855862,"value":156.7959855862,"DemBarE":0,"DemBarP":0,"BarRetP":0},{"id":201,"time":103,"name":"Talca066","marginal_cost":165.5414396168,"value":165.5414396168,"DemBarE":0,"DemBarP":0,"BarRetP":0},{"id":201,"time":104,"name":"Talca066","marginal_cost":177.5298866112,"value":177.5298866112,"DemBarE":0,"DemBarP":0,"BarRetP":0},{"id":201,"time":105,"name":"Talca066","marginal_cost":177.5298866112,"value":177.5298866112,"DemBarE":0,"DemBarP":0,"BarRetP":0},{"id":201,"time":106,"name":"Talca066","marginal_cost":171.4810921784,"value":171.4810921784,"DemBarE":0,"DemBarP":0,"BarRetP":0},{"id":201,"time":107,"name":"Talca066","marginal_cost":172.1820281068,"value":172.1820281068,"DemBarE":0,"DemBarP":0,"BarRetP":0},{"id":201,"time":108,"name":"Talca066","marginal_cost":169.3758672798,"value":169.3758672798,"DemBarE":0,"DemBarP":0,"BarRetP":0},{"id":201,"time":109,"name":"Talca066","marginal_cost":169.3758672798,"value":169.3758672798,"DemBarE":0,"DemBarP":0,"BarRetP":0},{"id":201,"time":110,"name":"Talca066","marginal_cost":168.2498397599,"value":168.2498397599,"DemBarE":0,"DemBarP":0,"BarRetP":0},{"id":201,"time":111,"name":"Talca066","marginal_cost":170.3025125885,"value":170.3025125885,"DemBarE":0,"DemBarP":0,"BarRetP":0},{"id":201,"time":112,"name":"Talca066","marginal_cost":170.3025125885,"value":170.3025125885,"DemBarE":0,"DemBarP":0,"BarRetP":0},{"id":201,"time":113,"name":"Talca066","marginal_cost":172.9138617699,"value":172.9138617699,"DemBarE":0,"DemBarP":0,"BarRetP":0},{"id":201,"time":114,"name":"Talca066","marginal_cost":172.9138617699,"value":172.9138617699,"DemBarE":0,"DemBarP":0,"BarRetP":0},{"id":201,"time":115,"name":"Talca066","marginal_cost":172.9138617699,"value":172.9138617699,"DemBarE":0,"DemBarP":0,"BarRetP":0},{"id":201,"time":116,"name":"Talca066","marginal_cost":176.6370214851,"value":176.6370214851,"DemBarE":0,"DemBarP":0,"BarRetP":0},{"id":201,"time":117,"name":"Talca066","marginal_cost":176.6370214851,"value":176.6370214851,"DemBarE":0,"DemBarP":0,"BarRetP":0},{"id":201,"time":118,"name":"Talca066","marginal_cost":176.6370214851,"value":176.6370214851,"DemBarE":0,"DemBarP":0,"BarRetP":0},{"id":201,"time":119,"name":"Talca066","marginal_cost":176.549019541,"value":176.549019541,"DemBarE":0,"DemBarP":0,"BarRetP":0},{"id":201,"time":120,"name":"Talca066","marginal_cost":174.4261771018,"value":174.4261771018,"DemBarE":0,"DemBarP":0,"BarRetP":0},{"id":201,"time":121,"name":"Talca066","marginal_cost":168.1595868845,"value":168.1595868845,"DemBarE":0,"DemBarP":0,"BarRetP":0},{"id":201,"time":122,"name":"Talca066","marginal_cost":165.8651303954,"value":165.8651303954,"DemBarE":0,"DemBarP":0,"BarRetP":0},{"id":201,"time":123,"name":"Talca066","marginal_cost":160.6363831059,"value":160.6363831059,"DemBarE":0,"DemBarP":0,"BarRetP":0},{"id":201,"time":124,"name":"Talca066","marginal_cost":160.6363831059,"value":160.6363831059,"DemBarE":0,"DemBarP":0,"BarRetP":0},{"id":201,"time":125,"name":"Talca066","marginal_cost":160.6363831059,"value":160.6363831059,"DemBarE":0,"DemBarP":0,"BarRetP":0},{"id":201,"time":126,"name":"Talca066","marginal_cost":160.6363831059,"value":160.6363831059,"DemBarE":0,"DemBarP":0,"BarRetP":0},{"id":201,"time":127,"name":"Talca066","marginal_cost":171.1760220183,"value":171.1760220183,"DemBarE":0,"DemBarP":0,"BarRetP":0},{"id":201,"time":128,"name":"Talca066","marginal_cost":183.850208696,"value":183.850208696,"DemBarE":0,"DemBarP":0,"BarRetP":0},{"id":201,"time":129,"name":"Talca066","marginal_cost":178.2175945351,"value":178.2175945351,"DemBarE":0,"DemBarP":0,"BarRetP":0},{"id":201,"time":130,"name":"Talca066","marginal_cost":182.0668376692,"value":182.0668376692,"DemBarE":0,"DemBarP":0,"BarRetP":0},{"id":201,"time":131,"name":"Talca066","marginal_cost":180.6021323303,"value":180.6021323303,"DemBarE":0,"DemBarP":0,"BarRetP":0},{"id":201,"time":132,"name":"Talca066","marginal_cost":181.9385354178,"value":181.9385354178,"DemBarE":0,"DemBarP":0,"BarRetP":0},{"id":201,"time":133,"name":"Talca066","marginal_cost":178.0141952914,"value":178.0141952914,"DemBarE":0,"DemBarP":0,"BarRetP":0},{"id":201,"time":134,"name":"Talca066","marginal_cost":178.0141952914,"value":178.0141952914,"DemBarE":0,"DemBarP":0,"BarRetP":0},{"id":201,"time":135,"name":"Talca066","marginal_cost":178.0141952914,"value":178.0141952914,"DemBarE":0,"DemBarP":0,"BarRetP":0},{"id":201,"time":136,"name":"Talca066","marginal_cost":178.0141952914,"value":178.0141952914,"DemBarE":0,"DemBarP":0,"BarRetP":0},{"id":201,"time":137,"name":"Talca066","marginal_cost":177.138606267,"value":177.138606267,"DemBarE":0,"DemBarP":0,"BarRetP":0},{"id":201,"time":138,"name":"Talca066","marginal_cost":177.138606267,"value":177.138606267,"DemBarE":0,"DemBarP":0,"BarRetP":0},{"id":201,"time":139,"name":"Talca066","marginal_cost":177.138606267,"value":177.138606267,"DemBarE":0,"DemBarP":0,"BarRetP":0},{"id":201,"time":140,"name":"Talca066","marginal_cost":177.138606267,"value":177.138606267,"DemBarE":0,"DemBarP":0,"BarRetP":0},{"id":201,"time":141,"name":"Talca066","marginal_cost":177.138606267,"value":177.138606267,"DemBarE":0,"DemBarP":0,"BarRetP":0},{"id":201,"time":142,"name":"Talca066","marginal_cost":177.138606267,"value":177.138606267,"DemBarE":0,"DemBarP":0,"BarRetP":0},{"id":201,"time":143,"name":"Talca066","marginal_cost":175.4822314519,"value":175.4822314519,"DemBarE":0,"DemBarP":0,"BarRetP":0},{"id":201,"time":144,"name":"Talca066","marginal_cost":179.0993297116,"value":179.0993297116,"DemBarE":0,"DemBarP":0,"BarRetP":0},{"id":201,"time":145,"name":"Talca066","marginal_cost":174.3651097974,"value":174.3651097974,"DemBarE":0,"DemBarP":0,"BarRetP":0},{"id":201,"time":146,"name":"Talca066","marginal_cost":171.2563783973,"value":171.2563783973,"DemBarE":0,"DemBarP":0,"BarRetP":0},{"id":201,"time":147,"name":"Talca066","marginal_cost":166.9971619907,"value":166.9971619907,"DemBarE":0,"DemBarP":0,"BarRetP":0},{"id":201,"time":148,"name":"Talca066","marginal_cost":166.9971619907,"value":166.9971619907,"DemBarE":0,"DemBarP":0,"BarRetP":0},{"id":201,"time":149,"name":"Talca066","marginal_cost":166.9971619907,"value":166.9971619907,"DemBarE":0,"DemBarP":0,"BarRetP":0},{"id":201,"time":150,"name":"Talca066","marginal_cost":166.9971619907,"value":166.9971619907,"DemBarE":0,"DemBarP":0,"BarRetP":0},{"id":201,"time":151,"name":"Talca066","marginal_cost":174.482474499,"value":174.482474499,"DemBarE":0,"DemBarP":0,"BarRetP":0},{"id":201,"time":152,"name":"Talca066","marginal_cost":182.684935353,"value":182.684935353,"DemBarE":0,"DemBarP":0,"BarRetP":0},{"id":201,"time":153,"name":"Talca066","marginal_cost":182.684935353,"value":182.684935353,"DemBarE":0,"DemBarP":0,"BarRetP":0},{"id":201,"time":154,"name":"Talca066","marginal_cost":181.199506607,"value":181.199506607,"DemBarE":0,"DemBarP":0,"BarRetP":0},{"id":201,"time":155,"name":"Talca066","marginal_cost":181.199506607,"value":181.199506607,"DemBarE":0,"DemBarP":0,"BarRetP":0},{"id":201,"time":156,"name":"Talca066","marginal_cost":181.1502167737,"value":181.1502167737,"DemBarE":0,"DemBarP":0,"BarRetP":0},{"id":201,"time":157,"name":"Talca066","marginal_cost":176.2813915926,"value":176.2813915926,"DemBarE":0,"DemBarP":0,"BarRetP":0},{"id":201,"time":158,"name":"Talca066","marginal_cost":176.2813915926,"value":176.2813915926,"DemBarE":0,"DemBarP":0,"BarRetP":0},{"id":201,"time":159,"name":"Talca066","marginal_cost":176.2813915926,"value":176.2813915926,"DemBarE":0,"DemBarP":0,"BarRetP":0},{"id":201,"time":160,"name":"Talca066","marginal_cost":175.8608092448,"value":175.8608092448,"DemBarE":0,"DemBarP":0,"BarRetP":0},{"id":201,"time":161,"name":"Talca066","marginal_cost":175.8608092448,"value":175.8608092448,"DemBarE":0,"DemBarP":0,"BarRetP":0},{"id":201,"time":162,"name":"Talca066","marginal_cost":170.5549623071,"value":170.5549623071,"DemBarE":0,"DemBarP":0,"BarRetP":0},{"id":201,"time":163,"name":"Talca066","marginal_cost":180.0318772145,"value":180.0318772145,"DemBarE":0,"DemBarP":0,"BarRetP":0},{"id":201,"time":164,"name":"Talca066","marginal_cost":180.0318772145,"value":180.0318772145,"DemBarE":0,"DemBarP":0,"BarRetP":0},{"id":201,"time":165,"name":"Talca066","marginal_cost":180.0318772145,"value":180.0318772145,"DemBarE":0,"DemBarP":0,"BarRetP":0},{"id":201,"time":166,"name":"Talca066","marginal_cost":180.0318772145,"value":180.0318772145,"DemBarE":0,"DemBarP":0,"BarRetP":0},{"id":201,"time":167,"name":"Talca066","marginal_cost":177.8966105608,"value":177.8966105608,"DemBarE":0,"DemBarP":0,"BarRetP":0},{"id":201,"time":168,"name":"Talca066","marginal_cost":180.3875822223,"value":180.3875822223,"DemBarE":0,"DemBarP":0,"BarRetP":0}]