[{"id":47,"time":1,"name":"Lagunas220","marginal_cost":142.6487033765,"value":142.6487033765,"DemBarE":0,"DemBarP":0,"BarRetP":0},{"id":47,"time":2,"name":"Lagunas220","marginal_cost":138.9578637366,"value":138.9578637366,"DemBarE":0,"DemBarP":0,"BarRetP":0},{"id":47,"time":3,"name":"Lagunas220","marginal_cost":139.9413435705,"value":139.9413435705,"DemBarE":0,"DemBarP":0,"BarRetP":0},{"id":47,"time":4,"name":"Lagunas220","marginal_cost":140.3211846421,"value":140.3211846421,"DemBarE":0,"DemBarP":0,"BarRetP":0},{"id":47,"time":5,"name":"Lagunas220","marginal_cost":140.4676482235,"value":140.4676482235,"DemBarE":0,"DemBarP":0,"BarRetP":0},{"id":47,"time":6,"name":"Lagunas220","marginal_cost":103.9938791437,"value":103.9938791437,"DemBarE":0,"DemBarP":0,"BarRetP":0},{"id":47,"time":7,"name":"Lagunas220","marginal_cost":141.5904930615,"value":141.5904930615,"DemBarE":0,"DemBarP":0,"BarRetP":0},{"id":47,"time":8,"name":"Lagunas220","marginal_cost":165.4425544055,"value":165.4425544055,"DemBarE":0,"DemBarP":0,"BarRetP":0},{"id":47,"time":9,"name":"Lagunas220","marginal_cost":111.2748732676,"value":111.2748732676,"DemBarE":0,"DemBarP":0,"BarRetP":0},{"id":47,"time":10,"name":"Lagunas220","marginal_cost":75.1378426715,"value":75.1378426715,"DemBarE":0,"DemBarP":0,"BarRetP":0},{"id":47,"time":11,"name":"Lagunas220","marginal_cost":73.3939532609,"value":73.3939532609,"DemBarE":0,"DemBarP":0,"BarRetP":0},{"id":47,"time":12,"name":"Lagunas220","marginal_cost":64.7826458426,"value":64.7826458426,"DemBarE":0,"DemBarP":0,"BarRetP":0},{"id":47,"time":13,"name":"Lagunas220","marginal_cost":44.5123765931,"value":44.5123765931,"DemBarE":0,"DemBarP":0,"BarRetP":0},{"id":47,"time":14,"name":"Lagunas220","marginal_cost":-1.7789610392,"value":-1.7789610392,"DemBarE":0,"DemBarP":0,"BarRetP":0},{"id":47,"time":15,"name":"Lagunas220","marginal_cost":-1.4636575546,"value":-1.4636575546,"DemBarE":0,"DemBarP":0,"BarRetP":0},{"id":47,"time":16,"name":"Lagunas220","marginal_cost":-1.4710451297,"value":-1.4710451297,"DemBarE":0,"DemBarP":0,"BarRetP":0},{"id":47,"time":17,"name":"Lagunas220","marginal_cost":94.6161015852,"value":94.6161015852,"DemBarE":0,"DemBarP":0,"BarRetP":0},{"id":47,"time":18,"name":"Lagunas220","marginal_cost":139.7505883639,"value":139.7505883639,"DemBarE":0,"DemBarP":0,"BarRetP":0},{"id":47,"time":19,"name":"Lagunas220","marginal_cost":180.7185001096,"value":180.7185001096,"DemBarE":0,"DemBarP":0,"BarRetP":0},{"id":47,"time":20,"name":"Lagunas220","marginal_cost":180.5004343257,"value":180.5004343257,"DemBarE":0,"DemBarP":0,"BarRetP":0},{"id":47,"time":21,"name":"Lagunas220","marginal_cost":174.9783071746,"value":174.9783071746,"DemBarE":0,"DemBarP":0,"BarRetP":0},{"id":47,"time":22,"name":"Lagunas220","marginal_cost":169.4837941826,"value":169.4837941826,"DemBarE":0,"DemBarP":0,"BarRetP":0},{"id":47,"time":23,"name":"Lagunas220","marginal_cost":165.3217161165,"value":165.3217161165,"DemBarE":0,"DemBarP":0,"BarRetP":0},{"id":47,"time":24,"name":"Lagunas220","marginal_cost":164.174450117,"value":164.174450117,"DemBarE":0,"DemBarP":0,"BarRetP":0},{"id":47,"time":25,"name":"Lagunas220","marginal_cost":163.8683062927,"value":163.8683062927,"DemBarE":0,"DemBarP":0,"BarRetP":0},{"id":47,"time":26,"name":"Lagunas220","marginal_cost":161.7425714133,"value":161.7425714133,"DemBarE":0,"DemBarP":0,"BarRetP":0},{"id":47,"time":27,"name":"Lagunas220","marginal_cost":163.0703905706,"value":163.0703905706,"DemBarE":0,"DemBarP":0,"BarRetP":0},{"id":47,"time":28,"name":"Lagunas220","marginal_cost":162.2875879281,"value":162.2875879281,"DemBarE":0,"DemBarP":0,"BarRetP":0},{"id":47,"time":29,"name":"Lagunas220","marginal_cost":160.9137984031,"value":160.9137984031,"DemBarE":0,"DemBarP":0,"BarRetP":0},{"id":47,"time":30,"name":"Lagunas220","marginal_cost":161.7454276014,"value":161.7454276014,"DemBarE":0,"DemBarP":0,"BarRetP":0},{"id":47,"time":31,"name":"Lagunas220","marginal_cost":169.3390867282,"value":169.3390867282,"DemBarE":0,"DemBarP":0,"BarRetP":0},{"id":47,"time":32,"name":"Lagunas220","marginal_cost":162.9008485915,"value":162.9008485915,"DemBarE":0,"DemBarP":0,"BarRetP":0},{"id":47,"time":33,"name":"Lagunas220","marginal_cost":124.9940541937,"value":124.9940541937,"DemBarE":0,"DemBarP":0,"BarRetP":0},{"id":47,"time":34,"name":"Lagunas220","marginal_cost":81.8714545597,"value":81.8714545597,"DemBarE":0,"DemBarP":0,"BarRetP":0},{"id":47,"time":35,"name":"Lagunas220","marginal_cost":78.0589302265,"value":78.0589302265,"DemBarE":0,"DemBarP":0,"BarRetP":0},{"id":47,"time":36,"name":"Lagunas220","marginal_cost":77.9576321463,"value":77.9576321463,"DemBarE":0,"DemBarP":0,"BarRetP":0},{"id":47,"time":37,"name":"Lagunas220","marginal_cost":76.407137307,"value":76.407137307,"DemBarE":0,"DemBarP":0,"BarRetP":0},{"id":47,"time":38,"name":"Lagunas220","marginal_cost":76.407137307,"value":76.407137307,"DemBarE":0,"DemBarP":0,"BarRetP":0},{"id":47,"time":39,"name":"Lagunas220","marginal_cost":76.407137307,"value":76.407137307,"DemBarE":0,"DemBarP":0,"BarRetP":0},{"id":47,"time":40,"name":"Lagunas220","marginal_cost":76.407137307,"value":76.407137307,"DemBarE":0,"DemBarP":0,"BarRetP":0},{"id":47,"time":41,"name":"Lagunas220","marginal_cost":97.7165050895,"value":97.7165050895,"DemBarE":0,"DemBarP":0,"BarRetP":0},{"id":47,"time":42,"name":"Lagunas220","marginal_cost":144.2168407503,"value":144.2168407503,"DemBarE":0,"DemBarP":0,"BarRetP":0},{"id":47,"time":43,"name":"Lagunas220","marginal_cost":171.9898233954,"value":171.9898233954,"DemBarE":0,"DemBarP":0,"BarRetP":0},{"id":47,"time":44,"name":"Lagunas220","marginal_cost":171.9898233954,"value":171.9898233954,"DemBarE":0,"DemBarP":0,"BarRetP":0},{"id":47,"time":45,"name":"Lagunas220","marginal_cost":173.4728870464,"value":173.4728870464,"DemBarE":0,"DemBarP":0,"BarRetP":0},{"id":47,"time":46,"name":"Lagunas220","marginal_cost":172.5238799156,"value":172.5238799156,"DemBarE":0,"DemBarP":0,"BarRetP":0},{"id":47,"time":47,"name":"Lagunas220","marginal_cost":168.4872549748,"value":168.4872549748,"DemBarE":0,"DemBarP":0,"BarRetP":0},{"id":47,"time":48,"name":"Lagunas220","marginal_cost":164.9363631669,"value":164.9363631669,"DemBarE":0,"DemBarP":0,"BarRetP":0},{"id":47,"time":49,"name":"Lagunas220","marginal_cost":157.8604886266,"value":157.8604886266,"DemBarE":0,"DemBarP":0,"BarRetP":0},{"id":47,"time":50,"name":"Lagunas220","marginal_cost":160.7552807622,"value":160.7552807622,"DemBarE":0,"DemBarP":0,"BarRetP":0},{"id":47,"time":51,"name":"Lagunas220","marginal_cost":163.3172138587,"value":163.3172138587,"DemBarE":0,"DemBarP":0,"BarRetP":0},{"id":47,"time":52,"name":"Lagunas220","marginal_cost":147.1104111507,"value":147.1104111507,"DemBarE":0,"DemBarP":0,"BarRetP":0},{"id":47,"time":53,"name":"Lagunas220","marginal_cost":147.1104111507,"value":147.1104111507,"DemBarE":0,"DemBarP":0,"BarRetP":0},{"id":47,"time":54,"name":"Lagunas220","marginal_cost":145.8544266427,"value":145.8544266427,"DemBarE":0,"DemBarP":0,"BarRetP":0},{"id":47,"time":55,"name":"Lagunas220","marginal_cost":144.9704997308,"value":144.9704997308,"DemBarE":0,"DemBarP":0,"BarRetP":0},{"id":47,"time":56,"name":"Lagunas220","marginal_cost":139.6612962677,"value":139.6612962677,"DemBarE":0,"DemBarP":0,"BarRetP":0},{"id":47,"time":57,"name":"Lagunas220","marginal_cost":103.2509181539,"value":103.2509181539,"DemBarE":0,"DemBarP":0,"BarRetP":0},{"id":47,"time":58,"name":"Lagunas220","marginal_cost":-0.874983262,"value":-0.874983262,"DemBarE":0,"DemBarP":0,"BarRetP":0},{"id":47,"time":59,"name":"Lagunas220","marginal_cost":-1.1040969636,"value":-1.1040969636,"DemBarE":0,"DemBarP":0,"BarRetP":0},{"id":47,"time":60,"name":"Lagunas220","marginal_cost":-1.5636816107,"value":-1.5636816107,"DemBarE":0,"DemBarP":0,"BarRetP":0},{"id":47,"time":61,"name":"Lagunas220","marginal_cost":-2.1009139963,"value":-2.1009139963,"DemBarE":0,"DemBarP":0,"BarRetP":0},{"id":47,"time":62,"name":"Lagunas220","marginal_cost":-2.1009139963,"value":-2.1009139963,"DemBarE":0,"DemBarP":0,"BarRetP":0},{"id":47,"time":63,"name":"Lagunas220","marginal_cost":-1.7989207535,"value":-1.7989207535,"DemBarE":0,"DemBarP":0,"BarRetP":0},{"id":47,"time":64,"name":"Lagunas220","marginal_cost":-1.2328042082,"value":-1.2328042082,"DemBarE":0,"DemBarP":0,"BarRetP":0},{"id":47,"time":65,"name":"Lagunas220","marginal_cost":116.4195308489,"value":116.4195308489,"DemBarE":0,"DemBarP":0,"BarRetP":0},{"id":47,"time":66,"name":"Lagunas220","marginal_cost":116.4195308489,"value":116.4195308489,"DemBarE":0,"DemBarP":0,"BarRetP":0},{"id":47,"time":67,"name":"Lagunas220","marginal_cost":173.3589561589,"value":173.3589561589,"DemBarE":0,"DemBarP":0,"BarRetP":0},{"id":47,"time":68,"name":"Lagunas220","marginal_cost":169.4038141972,"value":169.4038141972,"DemBarE":0,"DemBarP":0,"BarRetP":0},{"id":47,"time":69,"name":"Lagunas220","marginal_cost":169.4038141972,"value":169.4038141972,"DemBarE":0,"DemBarP":0,"BarRetP":0},{"id":47,"time":70,"name":"Lagunas220","marginal_cost":170.3916197448,"value":170.3916197448,"DemBarE":0,"DemBarP":0,"BarRetP":0},{"id":47,"time":71,"name":"Lagunas220","marginal_cost":161.8361815783,"value":161.8361815783,"DemBarE":0,"DemBarP":0,"BarRetP":0},{"id":47,"time":72,"name":"Lagunas220","marginal_cost":159.3250929921,"value":159.3250929921,"DemBarE":0,"DemBarP":0,"BarRetP":0},{"id":47,"time":73,"name":"Lagunas220","marginal_cost":157.4458899544,"value":157.4458899544,"DemBarE":0,"DemBarP":0,"BarRetP":0},{"id":47,"time":74,"name":"Lagunas220","marginal_cost":158.075337538,"value":158.075337538,"DemBarE":0,"DemBarP":0,"BarRetP":0},{"id":47,"time":75,"name":"Lagunas220","marginal_cost":145.153285664,"value":145.153285664,"DemBarE":0,"DemBarP":0,"BarRetP":0},{"id":47,"time":76,"name":"Lagunas220","marginal_cost":145.153285664,"value":145.153285664,"DemBarE":0,"DemBarP":0,"BarRetP":0},{"id":47,"time":77,"name":"Lagunas220","marginal_cost":145.153285664,"value":145.153285664,"DemBarE":0,"DemBarP":0,"BarRetP":0},{"id":47,"time":78,"name":"Lagunas220","marginal_cost":145.153285664,"value":145.153285664,"DemBarE":0,"DemBarP":0,"BarRetP":0},{"id":47,"time":79,"name":"Lagunas220","marginal_cost":145.153285664,"value":145.153285664,"DemBarE":0,"DemBarP":0,"BarRetP":0},{"id":47,"time":80,"name":"Lagunas220","marginal_cost":125.0254548996,"value":125.0254548996,"DemBarE":0,"DemBarP":0,"BarRetP":0},{"id":47,"time":81,"name":"Lagunas220","marginal_cost":125.0254548996,"value":125.0254548996,"DemBarE":0,"DemBarP":0,"BarRetP":0},{"id":47,"time":82,"name":"Lagunas220","marginal_cost":-0.3282234656,"value":-0.3282234656,"DemBarE":0,"DemBarP":0,"BarRetP":0},{"id":47,"time":83,"name":"Lagunas220","marginal_cost":-0.3282234656,"value":-0.3282234656,"DemBarE":0,"DemBarP":0,"BarRetP":0},{"id":47,"time":84,"name":"Lagunas220","marginal_cost":-1.0566685822,"value":-1.0566685822,"DemBarE":0,"DemBarP":0,"BarRetP":0},{"id":47,"time":85,"name":"Lagunas220","marginal_cost":-1.0566685822,"value":-1.0566685822,"DemBarE":0,"DemBarP":0,"BarRetP":0},{"id":47,"time":86,"name":"Lagunas220","marginal_cost":78.987432889,"value":78.987432889,"DemBarE":0,"DemBarP":0,"BarRetP":0},{"id":47,"time":87,"name":"Lagunas220","marginal_cost":78.987432889,"value":78.987432889,"DemBarE":0,"DemBarP":0,"BarRetP":0},{"id":47,"time":88,"name":"Lagunas220","marginal_cost":78.987432889,"value":78.987432889,"DemBarE":0,"DemBarP":0,"BarRetP":0},{"id":47,"time":89,"name":"Lagunas220","marginal_cost":78.987432889,"value":78.987432889,"DemBarE":0,"DemBarP":0,"BarRetP":0},{"id":47,"time":90,"name":"Lagunas220","marginal_cost":78.987432889,"value":78.987432889,"DemBarE":0,"DemBarP":0,"BarRetP":0},{"id":47,"time":91,"name":"Lagunas220","marginal_cost":155.3283008291,"value":155.3283008291,"DemBarE":0,"DemBarP":0,"BarRetP":0},{"id":47,"time":92,"name":"Lagunas220","marginal_cost":155.3283008291,"value":155.3283008291,"DemBarE":0,"DemBarP":0,"BarRetP":0},{"id":47,"time":93,"name":"Lagunas220","marginal_cost":159.594717088,"value":159.594717088,"DemBarE":0,"DemBarP":0,"BarRetP":0},{"id":47,"time":94,"name":"Lagunas220","marginal_cost":157.897922751,"value":157.897922751,"DemBarE":0,"DemBarP":0,"BarRetP":0},{"id":47,"time":95,"name":"Lagunas220","marginal_cost":156.4459294339,"value":156.4459294339,"DemBarE":0,"DemBarP":0,"BarRetP":0},{"id":47,"time":96,"name":"Lagunas220","marginal_cost":157.0593334047,"value":157.0593334047,"DemBarE":0,"DemBarP":0,"BarRetP":0},{"id":47,"time":97,"name":"Lagunas220","marginal_cost":156.7832781274,"value":156.7832781274,"DemBarE":0,"DemBarP":0,"BarRetP":0},{"id":47,"time":98,"name":"Lagunas220","marginal_cost":153.8655179254,"value":153.8655179254,"DemBarE":0,"DemBarP":0,"BarRetP":0},{"id":47,"time":99,"name":"Lagunas220","marginal_cost":156.8573871026,"value":156.8573871026,"DemBarE":0,"DemBarP":0,"BarRetP":0},{"id":47,"time":100,"name":"Lagunas220","marginal_cost":158.3728929639,"value":158.3728929639,"DemBarE":0,"DemBarP":0,"BarRetP":0},{"id":47,"time":101,"name":"Lagunas220","marginal_cost":158.3728929639,"value":158.3728929639,"DemBarE":0,"DemBarP":0,"BarRetP":0},{"id":47,"time":102,"name":"Lagunas220","marginal_cost":158.3728929639,"value":158.3728929639,"DemBarE":0,"DemBarP":0,"BarRetP":0},{"id":47,"time":103,"name":"Lagunas220","marginal_cost":157.9641956631,"value":157.9641956631,"DemBarE":0,"DemBarP":0,"BarRetP":0},{"id":47,"time":104,"name":"Lagunas220","marginal_cost":131.5284050298,"value":131.5284050298,"DemBarE":0,"DemBarP":0,"BarRetP":0},{"id":47,"time":105,"name":"Lagunas220","marginal_cost":131.5284050298,"value":131.5284050298,"DemBarE":0,"DemBarP":0,"BarRetP":0},{"id":47,"time":106,"name":"Lagunas220","marginal_cost":80.7221737658,"value":80.7221737658,"DemBarE":0,"DemBarP":0,"BarRetP":0},{"id":47,"time":107,"name":"Lagunas220","marginal_cost":79.8518809515,"value":79.8518809515,"DemBarE":0,"DemBarP":0,"BarRetP":0},{"id":47,"time":108,"name":"Lagunas220","marginal_cost":78.9128383466,"value":78.9128383466,"DemBarE":0,"DemBarP":0,"BarRetP":0},{"id":47,"time":109,"name":"Lagunas220","marginal_cost":78.9128383466,"value":78.9128383466,"DemBarE":0,"DemBarP":0,"BarRetP":0},{"id":47,"time":110,"name":"Lagunas220","marginal_cost":78.6322406484,"value":78.6322406484,"DemBarE":0,"DemBarP":0,"BarRetP":0},{"id":47,"time":111,"name":"Lagunas220","marginal_cost":78.7021123737,"value":78.7021123737,"DemBarE":0,"DemBarP":0,"BarRetP":0},{"id":47,"time":112,"name":"Lagunas220","marginal_cost":78.7021123737,"value":78.7021123737,"DemBarE":0,"DemBarP":0,"BarRetP":0},{"id":47,"time":113,"name":"Lagunas220","marginal_cost":135.1689642623,"value":135.1689642623,"DemBarE":0,"DemBarP":0,"BarRetP":0},{"id":47,"time":114,"name":"Lagunas220","marginal_cost":135.1689642623,"value":135.1689642623,"DemBarE":0,"DemBarP":0,"BarRetP":0},{"id":47,"time":115,"name":"Lagunas220","marginal_cost":135.1689642623,"value":135.1689642623,"DemBarE":0,"DemBarP":0,"BarRetP":0},{"id":47,"time":116,"name":"Lagunas220","marginal_cost":162.7146466473,"value":162.7146466473,"DemBarE":0,"DemBarP":0,"BarRetP":0},{"id":47,"time":117,"name":"Lagunas220","marginal_cost":162.7146466473,"value":162.7146466473,"DemBarE":0,"DemBarP":0,"BarRetP":0},{"id":47,"time":118,"name":"Lagunas220","marginal_cost":162.7146466473,"value":162.7146466473,"DemBarE":0,"DemBarP":0,"BarRetP":0},{"id":47,"time":119,"name":"Lagunas220","marginal_cost":162.8879913245,"value":162.8879913245,"DemBarE":0,"DemBarP":0,"BarRetP":0},{"id":47,"time":120,"name":"Lagunas220","marginal_cost":159.1040392763,"value":159.1040392763,"DemBarE":0,"DemBarP":0,"BarRetP":0},{"id":47,"time":121,"name":"Lagunas220","marginal_cost":159.1652917242,"value":159.1652917242,"DemBarE":0,"DemBarP":0,"BarRetP":0},{"id":47,"time":122,"name":"Lagunas220","marginal_cost":159.5144168688,"value":159.5144168688,"DemBarE":0,"DemBarP":0,"BarRetP":0},{"id":47,"time":123,"name":"Lagunas220","marginal_cost":151.8904324814,"value":151.8904324814,"DemBarE":0,"DemBarP":0,"BarRetP":0},{"id":47,"time":124,"name":"Lagunas220","marginal_cost":151.8904324814,"value":151.8904324814,"DemBarE":0,"DemBarP":0,"BarRetP":0},{"id":47,"time":125,"name":"Lagunas220","marginal_cost":151.8904324814,"value":151.8904324814,"DemBarE":0,"DemBarP":0,"BarRetP":0},{"id":47,"time":126,"name":"Lagunas220","marginal_cost":151.8904324814,"value":151.8904324814,"DemBarE":0,"DemBarP":0,"BarRetP":0},{"id":47,"time":127,"name":"Lagunas220","marginal_cost":152.5296030267,"value":152.5296030267,"DemBarE":0,"DemBarP":0,"BarRetP":0},{"id":47,"time":128,"name":"Lagunas220","marginal_cost":149.7797678081,"value":149.7797678081,"DemBarE":0,"DemBarP":0,"BarRetP":0},{"id":47,"time":129,"name":"Lagunas220","marginal_cost":126.8174548067,"value":126.8174548067,"DemBarE":0,"DemBarP":0,"BarRetP":0},{"id":47,"time":130,"name":"Lagunas220","marginal_cost":95.2480843634,"value":95.2480843634,"DemBarE":0,"DemBarP":0,"BarRetP":0},{"id":47,"time":131,"name":"Lagunas220","marginal_cost":78.8628306394,"value":78.8628306394,"DemBarE":0,"DemBarP":0,"BarRetP":0},{"id":47,"time":132,"name":"Lagunas220","marginal_cost":80.2118349002,"value":80.2118349002,"DemBarE":0,"DemBarP":0,"BarRetP":0},{"id":47,"time":133,"name":"Lagunas220","marginal_cost":79.5229668408,"value":79.5229668408,"DemBarE":0,"DemBarP":0,"BarRetP":0},{"id":47,"time":134,"name":"Lagunas220","marginal_cost":79.5229668408,"value":79.5229668408,"DemBarE":0,"DemBarP":0,"BarRetP":0},{"id":47,"time":135,"name":"Lagunas220","marginal_cost":79.5229668408,"value":79.5229668408,"DemBarE":0,"DemBarP":0,"BarRetP":0},{"id":47,"time":136,"name":"Lagunas220","marginal_cost":79.5229668408,"value":79.5229668408,"DemBarE":0,"DemBarP":0,"BarRetP":0},{"id":47,"time":137,"name":"Lagunas220","marginal_cost":151.2068159512,"value":151.2068159512,"DemBarE":0,"DemBarP":0,"BarRetP":0},{"id":47,"time":138,"name":"Lagunas220","marginal_cost":151.2068159512,"value":151.2068159512,"DemBarE":0,"DemBarP":0,"BarRetP":0},{"id":47,"time":139,"name":"Lagunas220","marginal_cost":151.2068159512,"value":151.2068159512,"DemBarE":0,"DemBarP":0,"BarRetP":0},{"id":47,"time":140,"name":"Lagunas220","marginal_cost":151.2068159512,"value":151.2068159512,"DemBarE":0,"DemBarP":0,"BarRetP":0},{"id":47,"time":141,"name":"Lagunas220","marginal_cost":151.2068159512,"value":151.2068159512,"DemBarE":0,"DemBarP":0,"BarRetP":0},{"id":47,"time":142,"name":"Lagunas220","marginal_cost":151.2068159512,"value":151.2068159512,"DemBarE":0,"DemBarP":0,"BarRetP":0},{"id":47,"time":143,"name":"Lagunas220","marginal_cost":158.7192269117,"value":158.7192269117,"DemBarE":0,"DemBarP":0,"BarRetP":0},{"id":47,"time":144,"name":"Lagunas220","marginal_cost":157.6638501658,"value":157.6638501658,"DemBarE":0,"DemBarP":0,"BarRetP":0},{"id":47,"time":145,"name":"Lagunas220","marginal_cost":158.6813918432,"value":158.6813918432,"DemBarE":0,"DemBarP":0,"BarRetP":0},{"id":47,"time":146,"name":"Lagunas220","marginal_cost":155.3465656196,"value":155.3465656196,"DemBarE":0,"DemBarP":0,"BarRetP":0},{"id":47,"time":147,"name":"Lagunas220","marginal_cost":154.4794301954,"value":154.4794301954,"DemBarE":0,"DemBarP":0,"BarRetP":0},{"id":47,"time":148,"name":"Lagunas220","marginal_cost":154.4794301954,"value":154.4794301954,"DemBarE":0,"DemBarP":0,"BarRetP":0},{"id":47,"time":149,"name":"Lagunas220","marginal_cost":154.4794301954,"value":154.4794301954,"DemBarE":0,"DemBarP":0,"BarRetP":0},{"id":47,"time":150,"name":"Lagunas220","marginal_cost":154.4794301954,"value":154.4794301954,"DemBarE":0,"DemBarP":0,"BarRetP":0},{"id":47,"time":151,"name":"Lagunas220","marginal_cost":154.6009399831,"value":154.6009399831,"DemBarE":0,"DemBarP":0,"BarRetP":0},{"id":47,"time":152,"name":"Lagunas220","marginal_cost":131.6203264053,"value":131.6203264053,"DemBarE":0,"DemBarP":0,"BarRetP":0},{"id":47,"time":153,"name":"Lagunas220","marginal_cost":131.6203264053,"value":131.6203264053,"DemBarE":0,"DemBarP":0,"BarRetP":0},{"id":47,"time":154,"name":"Lagunas220","marginal_cost":94.6287760084,"value":94.6287760084,"DemBarE":0,"DemBarP":0,"BarRetP":0},{"id":47,"time":155,"name":"Lagunas220","marginal_cost":94.6287760084,"value":94.6287760084,"DemBarE":0,"DemBarP":0,"BarRetP":0},{"id":47,"time":156,"name":"Lagunas220","marginal_cost":93.5926222931,"value":93.5926222931,"DemBarE":0,"DemBarP":0,"BarRetP":0},{"id":47,"time":157,"name":"Lagunas220","marginal_cost":79.6063163166,"value":79.6063163166,"DemBarE":0,"DemBarP":0,"BarRetP":0},{"id":47,"time":158,"name":"Lagunas220","marginal_cost":79.6063163166,"value":79.6063163166,"DemBarE":0,"DemBarP":0,"BarRetP":0},{"id":47,"time":159,"name":"Lagunas220","marginal_cost":79.6063163166,"value":79.6063163166,"DemBarE":0,"DemBarP":0,"BarRetP":0},{"id":47,"time":160,"name":"Lagunas220","marginal_cost":95.6777720672,"value":95.6777720672,"DemBarE":0,"DemBarP":0,"BarRetP":0},{"id":47,"time":161,"name":"Lagunas220","marginal_cost":95.6777720672,"value":95.6777720672,"DemBarE":0,"DemBarP":0,"BarRetP":0},{"id":47,"time":162,"name":"Lagunas220","marginal_cost":135.3526764802,"value":135.3526764802,"DemBarE":0,"DemBarP":0,"BarRetP":0},{"id":47,"time":163,"name":"Lagunas220","marginal_cost":159.1401227169,"value":159.1401227169,"DemBarE":0,"DemBarP":0,"BarRetP":0},{"id":47,"time":164,"name":"Lagunas220","marginal_cost":159.1401227169,"value":159.1401227169,"DemBarE":0,"DemBarP":0,"BarRetP":0},{"id":47,"time":165,"name":"Lagunas220","marginal_cost":159.1401227169,"value":159.1401227169,"DemBarE":0,"DemBarP":0,"BarRetP":0},{"id":47,"time":166,"name":"Lagunas220","marginal_cost":159.1401227169,"value":159.1401227169,"DemBarE":0,"DemBarP":0,"BarRetP":0},{"id":47,"time":167,"name":"Lagunas220","marginal_cost":157.9170991527,"value":157.9170991527,"DemBarE":0,"DemBarP":0,"BarRetP":0},{"id":47,"time":168,"name":"Lagunas220","marginal_cost":157.3851174338,"value":157.3851174338,"DemBarE":0,"DemBarP":0,"BarRetP":0}]