[{"id":214,"time":1,"name":"Ventanas220","marginal_cost":155.2080851529,"value":155.2080851529,"DemBarE":0,"DemBarP":0,"BarRetP":0},{"id":214,"time":2,"name":"Ventanas220","marginal_cost":155.3309955622,"value":155.3309955622,"DemBarE":0,"DemBarP":0,"BarRetP":0},{"id":214,"time":3,"name":"Ventanas220","marginal_cost":154.3186373773,"value":154.3186373773,"DemBarE":0,"DemBarP":0,"BarRetP":0},{"id":214,"time":4,"name":"Ventanas220","marginal_cost":153.3699060964,"value":153.3699060964,"DemBarE":0,"DemBarP":0,"BarRetP":0},{"id":214,"time":5,"name":"Ventanas220","marginal_cost":135.8709813575,"value":135.8709813575,"DemBarE":0,"DemBarP":0,"BarRetP":0},{"id":214,"time":6,"name":"Ventanas220","marginal_cost":118.8013095767,"value":118.8013095767,"DemBarE":0,"DemBarP":0,"BarRetP":0},{"id":214,"time":7,"name":"Ventanas220","marginal_cost":162.182661754,"value":162.182661754,"DemBarE":0,"DemBarP":0,"BarRetP":0},{"id":214,"time":8,"name":"Ventanas220","marginal_cost":165.7483931566,"value":165.7483931566,"DemBarE":0,"DemBarP":0,"BarRetP":0},{"id":214,"time":9,"name":"Ventanas220","marginal_cost":155.314537004,"value":155.314537004,"DemBarE":0,"DemBarP":0,"BarRetP":0},{"id":214,"time":10,"name":"Ventanas220","marginal_cost":153.9931590145,"value":153.9931590145,"DemBarE":0,"DemBarP":0,"BarRetP":0},{"id":214,"time":11,"name":"Ventanas220","marginal_cost":154.0196547204,"value":154.0196547204,"DemBarE":0,"DemBarP":0,"BarRetP":0},{"id":214,"time":12,"name":"Ventanas220","marginal_cost":154.5455848988,"value":154.5455848988,"DemBarE":0,"DemBarP":0,"BarRetP":0},{"id":214,"time":13,"name":"Ventanas220","marginal_cost":153.9912459919,"value":153.9912459919,"DemBarE":0,"DemBarP":0,"BarRetP":0},{"id":214,"time":14,"name":"Ventanas220","marginal_cost":153.5002239846,"value":153.5002239846,"DemBarE":0,"DemBarP":0,"BarRetP":0},{"id":214,"time":15,"name":"Ventanas220","marginal_cost":153.8943320109,"value":153.8943320109,"DemBarE":0,"DemBarP":0,"BarRetP":0},{"id":214,"time":16,"name":"Ventanas220","marginal_cost":153.4490016025,"value":153.4490016025,"DemBarE":0,"DemBarP":0,"BarRetP":0},{"id":214,"time":17,"name":"Ventanas220","marginal_cost":154.2403838122,"value":154.2403838122,"DemBarE":0,"DemBarP":0,"BarRetP":0},{"id":214,"time":18,"name":"Ventanas220","marginal_cost":155.7019253727,"value":155.7019253727,"DemBarE":0,"DemBarP":0,"BarRetP":0},{"id":214,"time":19,"name":"Ventanas220","marginal_cost":175.0276432537,"value":175.0276432537,"DemBarE":0,"DemBarP":0,"BarRetP":0},{"id":214,"time":20,"name":"Ventanas220","marginal_cost":176.8754664091,"value":176.8754664091,"DemBarE":0,"DemBarP":0,"BarRetP":0},{"id":214,"time":21,"name":"Ventanas220","marginal_cost":167.9996332126,"value":167.9996332126,"DemBarE":0,"DemBarP":0,"BarRetP":0},{"id":214,"time":22,"name":"Ventanas220","marginal_cost":166.171938033,"value":166.171938033,"DemBarE":0,"DemBarP":0,"BarRetP":0},{"id":214,"time":23,"name":"Ventanas220","marginal_cost":163.9500052231,"value":163.9500052231,"DemBarE":0,"DemBarP":0,"BarRetP":0},{"id":214,"time":24,"name":"Ventanas220","marginal_cost":164.0765157552,"value":164.0765157552,"DemBarE":0,"DemBarP":0,"BarRetP":0},{"id":214,"time":25,"name":"Ventanas220","marginal_cost":155.600887289,"value":155.600887289,"DemBarE":0,"DemBarP":0,"BarRetP":0},{"id":214,"time":26,"name":"Ventanas220","marginal_cost":155.4031222253,"value":155.4031222253,"DemBarE":0,"DemBarP":0,"BarRetP":0},{"id":214,"time":27,"name":"Ventanas220","marginal_cost":155.2693118118,"value":155.2693118118,"DemBarE":0,"DemBarP":0,"BarRetP":0},{"id":214,"time":28,"name":"Ventanas220","marginal_cost":155.1925443506,"value":155.1925443506,"DemBarE":0,"DemBarP":0,"BarRetP":0},{"id":214,"time":29,"name":"Ventanas220","marginal_cost":154.2207096483,"value":154.2207096483,"DemBarE":0,"DemBarP":0,"BarRetP":0},{"id":214,"time":30,"name":"Ventanas220","marginal_cost":155.6701923392,"value":155.6701923392,"DemBarE":0,"DemBarP":0,"BarRetP":0},{"id":214,"time":31,"name":"Ventanas220","marginal_cost":160.6666014439,"value":160.6666014439,"DemBarE":0,"DemBarP":0,"BarRetP":0},{"id":214,"time":32,"name":"Ventanas220","marginal_cost":165.6778960113,"value":165.6778960113,"DemBarE":0,"DemBarP":0,"BarRetP":0},{"id":214,"time":33,"name":"Ventanas220","marginal_cost":154.6707843326,"value":154.6707843326,"DemBarE":0,"DemBarP":0,"BarRetP":0},{"id":214,"time":34,"name":"Ventanas220","marginal_cost":155.1755723808,"value":155.1755723808,"DemBarE":0,"DemBarP":0,"BarRetP":0},{"id":214,"time":35,"name":"Ventanas220","marginal_cost":155.4144953829,"value":155.4144953829,"DemBarE":0,"DemBarP":0,"BarRetP":0},{"id":214,"time":36,"name":"Ventanas220","marginal_cost":155.4318118474,"value":155.4318118474,"DemBarE":0,"DemBarP":0,"BarRetP":0},{"id":214,"time":37,"name":"Ventanas220","marginal_cost":154.9351185652,"value":154.9351185652,"DemBarE":0,"DemBarP":0,"BarRetP":0},{"id":214,"time":38,"name":"Ventanas220","marginal_cost":154.9351185652,"value":154.9351185652,"DemBarE":0,"DemBarP":0,"BarRetP":0},{"id":214,"time":39,"name":"Ventanas220","marginal_cost":154.9351185652,"value":154.9351185652,"DemBarE":0,"DemBarP":0,"BarRetP":0},{"id":214,"time":40,"name":"Ventanas220","marginal_cost":154.9351185652,"value":154.9351185652,"DemBarE":0,"DemBarP":0,"BarRetP":0},{"id":214,"time":41,"name":"Ventanas220","marginal_cost":154.8903834744,"value":154.8903834744,"DemBarE":0,"DemBarP":0,"BarRetP":0},{"id":214,"time":42,"name":"Ventanas220","marginal_cost":155.5763294647,"value":155.5763294647,"DemBarE":0,"DemBarP":0,"BarRetP":0},{"id":214,"time":43,"name":"Ventanas220","marginal_cost":160.4744660055,"value":160.4744660055,"DemBarE":0,"DemBarP":0,"BarRetP":0},{"id":214,"time":44,"name":"Ventanas220","marginal_cost":160.4744660055,"value":160.4744660055,"DemBarE":0,"DemBarP":0,"BarRetP":0},{"id":214,"time":45,"name":"Ventanas220","marginal_cost":160.1235549427,"value":160.1235549427,"DemBarE":0,"DemBarP":0,"BarRetP":0},{"id":214,"time":46,"name":"Ventanas220","marginal_cost":159.8525565891,"value":159.8525565891,"DemBarE":0,"DemBarP":0,"BarRetP":0},{"id":214,"time":47,"name":"Ventanas220","marginal_cost":158.2112319174,"value":158.2112319174,"DemBarE":0,"DemBarP":0,"BarRetP":0},{"id":214,"time":48,"name":"Ventanas220","marginal_cost":156.2677912847,"value":156.2677912847,"DemBarE":0,"DemBarP":0,"BarRetP":0},{"id":214,"time":49,"name":"Ventanas220","marginal_cost":148.3463547441,"value":148.3463547441,"DemBarE":0,"DemBarP":0,"BarRetP":0},{"id":214,"time":50,"name":"Ventanas220","marginal_cost":150.9842064188,"value":150.9842064188,"DemBarE":0,"DemBarP":0,"BarRetP":0},{"id":214,"time":51,"name":"Ventanas220","marginal_cost":151.8259199452,"value":151.8259199452,"DemBarE":0,"DemBarP":0,"BarRetP":0},{"id":214,"time":52,"name":"Ventanas220","marginal_cost":134.305345905,"value":134.305345905,"DemBarE":0,"DemBarP":0,"BarRetP":0},{"id":214,"time":53,"name":"Ventanas220","marginal_cost":134.305345905,"value":134.305345905,"DemBarE":0,"DemBarP":0,"BarRetP":0},{"id":214,"time":54,"name":"Ventanas220","marginal_cost":134.4521313896,"value":134.4521313896,"DemBarE":0,"DemBarP":0,"BarRetP":0},{"id":214,"time":55,"name":"Ventanas220","marginal_cost":135.0914126462,"value":135.0914126462,"DemBarE":0,"DemBarP":0,"BarRetP":0},{"id":214,"time":56,"name":"Ventanas220","marginal_cost":134.9819549518,"value":134.9819549518,"DemBarE":0,"DemBarP":0,"BarRetP":0},{"id":214,"time":57,"name":"Ventanas220","marginal_cost":122.616933273,"value":122.616933273,"DemBarE":0,"DemBarP":0,"BarRetP":0},{"id":214,"time":58,"name":"Ventanas220","marginal_cost":135.9580482054,"value":135.9580482054,"DemBarE":0,"DemBarP":0,"BarRetP":0},{"id":214,"time":59,"name":"Ventanas220","marginal_cost":106.0458114581,"value":106.0458114581,"DemBarE":0,"DemBarP":0,"BarRetP":0},{"id":214,"time":60,"name":"Ventanas220","marginal_cost":134.0055420855,"value":134.0055420855,"DemBarE":0,"DemBarP":0,"BarRetP":0},{"id":214,"time":61,"name":"Ventanas220","marginal_cost":133.3738800632,"value":133.3738800632,"DemBarE":0,"DemBarP":0,"BarRetP":0},{"id":214,"time":62,"name":"Ventanas220","marginal_cost":133.3738800632,"value":133.3738800632,"DemBarE":0,"DemBarP":0,"BarRetP":0},{"id":214,"time":63,"name":"Ventanas220","marginal_cost":117.3139894433,"value":117.3139894433,"DemBarE":0,"DemBarP":0,"BarRetP":0},{"id":214,"time":64,"name":"Ventanas220","marginal_cost":134.253168327,"value":134.253168327,"DemBarE":0,"DemBarP":0,"BarRetP":0},{"id":214,"time":65,"name":"Ventanas220","marginal_cost":134.4210612011,"value":134.4210612011,"DemBarE":0,"DemBarP":0,"BarRetP":0},{"id":214,"time":66,"name":"Ventanas220","marginal_cost":134.4210612011,"value":134.4210612011,"DemBarE":0,"DemBarP":0,"BarRetP":0},{"id":214,"time":67,"name":"Ventanas220","marginal_cost":166.8430213696,"value":166.8430213696,"DemBarE":0,"DemBarP":0,"BarRetP":0},{"id":214,"time":68,"name":"Ventanas220","marginal_cost":161.3711402803,"value":161.3711402803,"DemBarE":0,"DemBarP":0,"BarRetP":0},{"id":214,"time":69,"name":"Ventanas220","marginal_cost":161.3711402803,"value":161.3711402803,"DemBarE":0,"DemBarP":0,"BarRetP":0},{"id":214,"time":70,"name":"Ventanas220","marginal_cost":160.9996823383,"value":160.9996823383,"DemBarE":0,"DemBarP":0,"BarRetP":0},{"id":214,"time":71,"name":"Ventanas220","marginal_cost":153.5712767788,"value":153.5712767788,"DemBarE":0,"DemBarP":0,"BarRetP":0},{"id":214,"time":72,"name":"Ventanas220","marginal_cost":152.2013229266,"value":152.2013229266,"DemBarE":0,"DemBarP":0,"BarRetP":0},{"id":214,"time":73,"name":"Ventanas220","marginal_cost":152.6504963973,"value":152.6504963973,"DemBarE":0,"DemBarP":0,"BarRetP":0},{"id":214,"time":74,"name":"Ventanas220","marginal_cost":150.987669112,"value":150.987669112,"DemBarE":0,"DemBarP":0,"BarRetP":0},{"id":214,"time":75,"name":"Ventanas220","marginal_cost":135.7298638011,"value":135.7298638011,"DemBarE":0,"DemBarP":0,"BarRetP":0},{"id":214,"time":76,"name":"Ventanas220","marginal_cost":135.7298638011,"value":135.7298638011,"DemBarE":0,"DemBarP":0,"BarRetP":0},{"id":214,"time":77,"name":"Ventanas220","marginal_cost":135.7298638011,"value":135.7298638011,"DemBarE":0,"DemBarP":0,"BarRetP":0},{"id":214,"time":78,"name":"Ventanas220","marginal_cost":135.7298638011,"value":135.7298638011,"DemBarE":0,"DemBarP":0,"BarRetP":0},{"id":214,"time":79,"name":"Ventanas220","marginal_cost":135.7298638011,"value":135.7298638011,"DemBarE":0,"DemBarP":0,"BarRetP":0},{"id":214,"time":80,"name":"Ventanas220","marginal_cost":125.8066578315,"value":125.8066578315,"DemBarE":0,"DemBarP":0,"BarRetP":0},{"id":214,"time":81,"name":"Ventanas220","marginal_cost":125.8066578315,"value":125.8066578315,"DemBarE":0,"DemBarP":0,"BarRetP":0},{"id":214,"time":82,"name":"Ventanas220","marginal_cost":97.7785781578,"value":97.7785781578,"DemBarE":0,"DemBarP":0,"BarRetP":0},{"id":214,"time":83,"name":"Ventanas220","marginal_cost":97.7785781578,"value":97.7785781578,"DemBarE":0,"DemBarP":0,"BarRetP":0},{"id":214,"time":84,"name":"Ventanas220","marginal_cost":123.033694879,"value":123.033694879,"DemBarE":0,"DemBarP":0,"BarRetP":0},{"id":214,"time":85,"name":"Ventanas220","marginal_cost":123.033694879,"value":123.033694879,"DemBarE":0,"DemBarP":0,"BarRetP":0},{"id":214,"time":86,"name":"Ventanas220","marginal_cost":133.102888405,"value":133.102888405,"DemBarE":0,"DemBarP":0,"BarRetP":0},{"id":214,"time":87,"name":"Ventanas220","marginal_cost":133.102888405,"value":133.102888405,"DemBarE":0,"DemBarP":0,"BarRetP":0},{"id":214,"time":88,"name":"Ventanas220","marginal_cost":133.102888405,"value":133.102888405,"DemBarE":0,"DemBarP":0,"BarRetP":0},{"id":214,"time":89,"name":"Ventanas220","marginal_cost":133.102888405,"value":133.102888405,"DemBarE":0,"DemBarP":0,"BarRetP":0},{"id":214,"time":90,"name":"Ventanas220","marginal_cost":133.102888405,"value":133.102888405,"DemBarE":0,"DemBarP":0,"BarRetP":0},{"id":214,"time":91,"name":"Ventanas220","marginal_cost":155.5020783281,"value":155.5020783281,"DemBarE":0,"DemBarP":0,"BarRetP":0},{"id":214,"time":92,"name":"Ventanas220","marginal_cost":155.5020783281,"value":155.5020783281,"DemBarE":0,"DemBarP":0,"BarRetP":0},{"id":214,"time":93,"name":"Ventanas220","marginal_cost":158.0854133367,"value":158.0854133367,"DemBarE":0,"DemBarP":0,"BarRetP":0},{"id":214,"time":94,"name":"Ventanas220","marginal_cost":155.0470261649,"value":155.0470261649,"DemBarE":0,"DemBarP":0,"BarRetP":0},{"id":214,"time":95,"name":"Ventanas220","marginal_cost":153.5195019476,"value":153.5195019476,"DemBarE":0,"DemBarP":0,"BarRetP":0},{"id":214,"time":96,"name":"Ventanas220","marginal_cost":153.5102479519,"value":153.5102479519,"DemBarE":0,"DemBarP":0,"BarRetP":0},{"id":214,"time":97,"name":"Ventanas220","marginal_cost":153.4875257883,"value":153.4875257883,"DemBarE":0,"DemBarP":0,"BarRetP":0},{"id":214,"time":98,"name":"Ventanas220","marginal_cost":148.0802954618,"value":148.0802954618,"DemBarE":0,"DemBarP":0,"BarRetP":0},{"id":214,"time":99,"name":"Ventanas220","marginal_cost":147.6678099496,"value":147.6678099496,"DemBarE":0,"DemBarP":0,"BarRetP":0},{"id":214,"time":100,"name":"Ventanas220","marginal_cost":147.9364601902,"value":147.9364601902,"DemBarE":0,"DemBarP":0,"BarRetP":0},{"id":214,"time":101,"name":"Ventanas220","marginal_cost":147.9364601902,"value":147.9364601902,"DemBarE":0,"DemBarP":0,"BarRetP":0},{"id":214,"time":102,"name":"Ventanas220","marginal_cost":147.9364601902,"value":147.9364601902,"DemBarE":0,"DemBarP":0,"BarRetP":0},{"id":214,"time":103,"name":"Ventanas220","marginal_cost":155.6255610243,"value":155.6255610243,"DemBarE":0,"DemBarP":0,"BarRetP":0},{"id":214,"time":104,"name":"Ventanas220","marginal_cost":155.567618183,"value":155.567618183,"DemBarE":0,"DemBarP":0,"BarRetP":0},{"id":214,"time":105,"name":"Ventanas220","marginal_cost":155.567618183,"value":155.567618183,"DemBarE":0,"DemBarP":0,"BarRetP":0},{"id":214,"time":106,"name":"Ventanas220","marginal_cost":152.9982469486,"value":152.9982469486,"DemBarE":0,"DemBarP":0,"BarRetP":0},{"id":214,"time":107,"name":"Ventanas220","marginal_cost":153.1666364925,"value":153.1666364925,"DemBarE":0,"DemBarP":0,"BarRetP":0},{"id":214,"time":108,"name":"Ventanas220","marginal_cost":153.4963388199,"value":153.4963388199,"DemBarE":0,"DemBarP":0,"BarRetP":0},{"id":214,"time":109,"name":"Ventanas220","marginal_cost":153.4963388199,"value":153.4963388199,"DemBarE":0,"DemBarP":0,"BarRetP":0},{"id":214,"time":110,"name":"Ventanas220","marginal_cost":153.7006733034,"value":153.7006733034,"DemBarE":0,"DemBarP":0,"BarRetP":0},{"id":214,"time":111,"name":"Ventanas220","marginal_cost":153.7458247524,"value":153.7458247524,"DemBarE":0,"DemBarP":0,"BarRetP":0},{"id":214,"time":112,"name":"Ventanas220","marginal_cost":153.7458247524,"value":153.7458247524,"DemBarE":0,"DemBarP":0,"BarRetP":0},{"id":214,"time":113,"name":"Ventanas220","marginal_cost":156.8209809839,"value":156.8209809839,"DemBarE":0,"DemBarP":0,"BarRetP":0},{"id":214,"time":114,"name":"Ventanas220","marginal_cost":156.8209809839,"value":156.8209809839,"DemBarE":0,"DemBarP":0,"BarRetP":0},{"id":214,"time":115,"name":"Ventanas220","marginal_cost":156.8209809839,"value":156.8209809839,"DemBarE":0,"DemBarP":0,"BarRetP":0},{"id":214,"time":116,"name":"Ventanas220","marginal_cost":159.4926090571,"value":159.4926090571,"DemBarE":0,"DemBarP":0,"BarRetP":0},{"id":214,"time":117,"name":"Ventanas220","marginal_cost":159.4926090571,"value":159.4926090571,"DemBarE":0,"DemBarP":0,"BarRetP":0},{"id":214,"time":118,"name":"Ventanas220","marginal_cost":159.4926090571,"value":159.4926090571,"DemBarE":0,"DemBarP":0,"BarRetP":0},{"id":214,"time":119,"name":"Ventanas220","marginal_cost":159.7918050796,"value":159.7918050796,"DemBarE":0,"DemBarP":0,"BarRetP":0},{"id":214,"time":120,"name":"Ventanas220","marginal_cost":158.408525257,"value":158.408525257,"DemBarE":0,"DemBarP":0,"BarRetP":0},{"id":214,"time":121,"name":"Ventanas220","marginal_cost":154.4820884227,"value":154.4820884227,"DemBarE":0,"DemBarP":0,"BarRetP":0},{"id":214,"time":122,"name":"Ventanas220","marginal_cost":154.1248948847,"value":154.1248948847,"DemBarE":0,"DemBarP":0,"BarRetP":0},{"id":214,"time":123,"name":"Ventanas220","marginal_cost":149.7849724621,"value":149.7849724621,"DemBarE":0,"DemBarP":0,"BarRetP":0},{"id":214,"time":124,"name":"Ventanas220","marginal_cost":149.7849724621,"value":149.7849724621,"DemBarE":0,"DemBarP":0,"BarRetP":0},{"id":214,"time":125,"name":"Ventanas220","marginal_cost":149.7849724621,"value":149.7849724621,"DemBarE":0,"DemBarP":0,"BarRetP":0},{"id":214,"time":126,"name":"Ventanas220","marginal_cost":149.7849724621,"value":149.7849724621,"DemBarE":0,"DemBarP":0,"BarRetP":0},{"id":214,"time":127,"name":"Ventanas220","marginal_cost":156.5912329229,"value":156.5912329229,"DemBarE":0,"DemBarP":0,"BarRetP":0},{"id":214,"time":128,"name":"Ventanas220","marginal_cost":159.7909399494,"value":159.7909399494,"DemBarE":0,"DemBarP":0,"BarRetP":0},{"id":214,"time":129,"name":"Ventanas220","marginal_cost":155.3702312526,"value":155.3702312526,"DemBarE":0,"DemBarP":0,"BarRetP":0},{"id":214,"time":130,"name":"Ventanas220","marginal_cost":157.9757936045,"value":157.9757936045,"DemBarE":0,"DemBarP":0,"BarRetP":0},{"id":214,"time":131,"name":"Ventanas220","marginal_cost":157.4406544193,"value":157.4406544193,"DemBarE":0,"DemBarP":0,"BarRetP":0},{"id":214,"time":132,"name":"Ventanas220","marginal_cost":158.9830775077,"value":158.9830775077,"DemBarE":0,"DemBarP":0,"BarRetP":0},{"id":214,"time":133,"name":"Ventanas220","marginal_cost":158.2699979229,"value":158.2699979229,"DemBarE":0,"DemBarP":0,"BarRetP":0},{"id":214,"time":134,"name":"Ventanas220","marginal_cost":158.2699979229,"value":158.2699979229,"DemBarE":0,"DemBarP":0,"BarRetP":0},{"id":214,"time":135,"name":"Ventanas220","marginal_cost":158.2699979229,"value":158.2699979229,"DemBarE":0,"DemBarP":0,"BarRetP":0},{"id":214,"time":136,"name":"Ventanas220","marginal_cost":158.2699979229,"value":158.2699979229,"DemBarE":0,"DemBarP":0,"BarRetP":0},{"id":214,"time":137,"name":"Ventanas220","marginal_cost":160.2768369264,"value":160.2768369264,"DemBarE":0,"DemBarP":0,"BarRetP":0},{"id":214,"time":138,"name":"Ventanas220","marginal_cost":160.2768369264,"value":160.2768369264,"DemBarE":0,"DemBarP":0,"BarRetP":0},{"id":214,"time":139,"name":"Ventanas220","marginal_cost":160.2768369264,"value":160.2768369264,"DemBarE":0,"DemBarP":0,"BarRetP":0},{"id":214,"time":140,"name":"Ventanas220","marginal_cost":160.2768369264,"value":160.2768369264,"DemBarE":0,"DemBarP":0,"BarRetP":0},{"id":214,"time":141,"name":"Ventanas220","marginal_cost":160.2768369264,"value":160.2768369264,"DemBarE":0,"DemBarP":0,"BarRetP":0},{"id":214,"time":142,"name":"Ventanas220","marginal_cost":160.2768369264,"value":160.2768369264,"DemBarE":0,"DemBarP":0,"BarRetP":0},{"id":214,"time":143,"name":"Ventanas220","marginal_cost":159.5884432813,"value":159.5884432813,"DemBarE":0,"DemBarP":0,"BarRetP":0},{"id":214,"time":144,"name":"Ventanas220","marginal_cost":159.581469593,"value":159.581469593,"DemBarE":0,"DemBarP":0,"BarRetP":0},{"id":214,"time":145,"name":"Ventanas220","marginal_cost":157.3295336119,"value":157.3295336119,"DemBarE":0,"DemBarP":0,"BarRetP":0},{"id":214,"time":146,"name":"Ventanas220","marginal_cost":157.9413284987,"value":157.9413284987,"DemBarE":0,"DemBarP":0,"BarRetP":0},{"id":214,"time":147,"name":"Ventanas220","marginal_cost":155.3254591682,"value":155.3254591682,"DemBarE":0,"DemBarP":0,"BarRetP":0},{"id":214,"time":148,"name":"Ventanas220","marginal_cost":155.3254591682,"value":155.3254591682,"DemBarE":0,"DemBarP":0,"BarRetP":0},{"id":214,"time":149,"name":"Ventanas220","marginal_cost":155.3254591682,"value":155.3254591682,"DemBarE":0,"DemBarP":0,"BarRetP":0},{"id":214,"time":150,"name":"Ventanas220","marginal_cost":155.3254591682,"value":155.3254591682,"DemBarE":0,"DemBarP":0,"BarRetP":0},{"id":214,"time":151,"name":"Ventanas220","marginal_cost":159.1847788235,"value":159.1847788235,"DemBarE":0,"DemBarP":0,"BarRetP":0},{"id":214,"time":152,"name":"Ventanas220","marginal_cost":157.8952646901,"value":157.8952646901,"DemBarE":0,"DemBarP":0,"BarRetP":0},{"id":214,"time":153,"name":"Ventanas220","marginal_cost":157.8952646901,"value":157.8952646901,"DemBarE":0,"DemBarP":0,"BarRetP":0},{"id":214,"time":154,"name":"Ventanas220","marginal_cost":157.4366867895,"value":157.4366867895,"DemBarE":0,"DemBarP":0,"BarRetP":0},{"id":214,"time":155,"name":"Ventanas220","marginal_cost":157.4366867895,"value":157.4366867895,"DemBarE":0,"DemBarP":0,"BarRetP":0},{"id":214,"time":156,"name":"Ventanas220","marginal_cost":157.5861189546,"value":157.5861189546,"DemBarE":0,"DemBarP":0,"BarRetP":0},{"id":214,"time":157,"name":"Ventanas220","marginal_cost":158.100599367,"value":158.100599367,"DemBarE":0,"DemBarP":0,"BarRetP":0},{"id":214,"time":158,"name":"Ventanas220","marginal_cost":158.100599367,"value":158.100599367,"DemBarE":0,"DemBarP":0,"BarRetP":0},{"id":214,"time":159,"name":"Ventanas220","marginal_cost":158.100599367,"value":158.100599367,"DemBarE":0,"DemBarP":0,"BarRetP":0},{"id":214,"time":160,"name":"Ventanas220","marginal_cost":158.1145925741,"value":158.1145925741,"DemBarE":0,"DemBarP":0,"BarRetP":0},{"id":214,"time":161,"name":"Ventanas220","marginal_cost":158.1145925741,"value":158.1145925741,"DemBarE":0,"DemBarP":0,"BarRetP":0},{"id":214,"time":162,"name":"Ventanas220","marginal_cost":159.5867175218,"value":159.5867175218,"DemBarE":0,"DemBarP":0,"BarRetP":0},{"id":214,"time":163,"name":"Ventanas220","marginal_cost":161.5146800002,"value":161.5146800002,"DemBarE":0,"DemBarP":0,"BarRetP":0},{"id":214,"time":164,"name":"Ventanas220","marginal_cost":161.5146800002,"value":161.5146800002,"DemBarE":0,"DemBarP":0,"BarRetP":0},{"id":214,"time":165,"name":"Ventanas220","marginal_cost":161.5146800002,"value":161.5146800002,"DemBarE":0,"DemBarP":0,"BarRetP":0},{"id":214,"time":166,"name":"Ventanas220","marginal_cost":161.5146800002,"value":161.5146800002,"DemBarE":0,"DemBarP":0,"BarRetP":0},{"id":214,"time":167,"name":"Ventanas220","marginal_cost":160.6077799131,"value":160.6077799131,"DemBarE":0,"DemBarP":0,"BarRetP":0},{"id":214,"time":168,"name":"Ventanas220","marginal_cost":160.577816592,"value":160.577816592,"DemBarE":0,"DemBarP":0,"BarRetP":0}]