[{"id":14,"time":1,"name":"Chacaya220","marginal_cost":131.4927756077,"value":131.4927756077,"DemBarE":0,"DemBarP":0,"BarRetP":0},{"id":14,"time":2,"name":"Chacaya220","marginal_cost":128.1156817043,"value":128.1156817043,"DemBarE":0,"DemBarP":0,"BarRetP":0},{"id":14,"time":3,"name":"Chacaya220","marginal_cost":129.1800960928,"value":129.1800960928,"DemBarE":0,"DemBarP":0,"BarRetP":0},{"id":14,"time":4,"name":"Chacaya220","marginal_cost":129.8812913544,"value":129.8812913544,"DemBarE":0,"DemBarP":0,"BarRetP":0},{"id":14,"time":5,"name":"Chacaya220","marginal_cost":130.0554038486,"value":130.0554038486,"DemBarE":0,"DemBarP":0,"BarRetP":0},{"id":14,"time":6,"name":"Chacaya220","marginal_cost":96.1812745474,"value":96.1812745474,"DemBarE":0,"DemBarP":0,"BarRetP":0},{"id":14,"time":7,"name":"Chacaya220","marginal_cost":130.9093925284,"value":130.9093925284,"DemBarE":0,"DemBarP":0,"BarRetP":0},{"id":14,"time":8,"name":"Chacaya220","marginal_cost":156.8487997736,"value":156.8487997736,"DemBarE":0,"DemBarP":0,"BarRetP":0},{"id":14,"time":9,"name":"Chacaya220","marginal_cost":114.0177270005,"value":114.0177270005,"DemBarE":0,"DemBarP":0,"BarRetP":0},{"id":14,"time":10,"name":"Chacaya220","marginal_cost":79.7067485751,"value":79.7067485751,"DemBarE":0,"DemBarP":0,"BarRetP":0},{"id":14,"time":11,"name":"Chacaya220","marginal_cost":76.6578374746,"value":76.6578374746,"DemBarE":0,"DemBarP":0,"BarRetP":0},{"id":14,"time":12,"name":"Chacaya220","marginal_cost":67.6629548686,"value":67.6629548686,"DemBarE":0,"DemBarP":0,"BarRetP":0},{"id":14,"time":13,"name":"Chacaya220","marginal_cost":46.3367753955,"value":46.3367753955,"DemBarE":0,"DemBarP":0,"BarRetP":0},{"id":14,"time":14,"name":"Chacaya220","marginal_cost":-1.8488280334,"value":-1.8488280334,"DemBarE":0,"DemBarP":0,"BarRetP":0},{"id":14,"time":15,"name":"Chacaya220","marginal_cost":-1.5185768925,"value":-1.5185768925,"DemBarE":0,"DemBarP":0,"BarRetP":0},{"id":14,"time":16,"name":"Chacaya220","marginal_cost":-1.5186402001,"value":-1.5186402001,"DemBarE":0,"DemBarP":0,"BarRetP":0},{"id":14,"time":17,"name":"Chacaya220","marginal_cost":97.8398591765,"value":97.8398591765,"DemBarE":0,"DemBarP":0,"BarRetP":0},{"id":14,"time":18,"name":"Chacaya220","marginal_cost":132.7444597051,"value":132.7444597051,"DemBarE":0,"DemBarP":0,"BarRetP":0},{"id":14,"time":19,"name":"Chacaya220","marginal_cost":167.7412452386,"value":167.7412452386,"DemBarE":0,"DemBarP":0,"BarRetP":0},{"id":14,"time":20,"name":"Chacaya220","marginal_cost":168.4689948782,"value":168.4689948782,"DemBarE":0,"DemBarP":0,"BarRetP":0},{"id":14,"time":21,"name":"Chacaya220","marginal_cost":163.900073778,"value":163.900073778,"DemBarE":0,"DemBarP":0,"BarRetP":0},{"id":14,"time":22,"name":"Chacaya220","marginal_cost":157.1931723163,"value":157.1931723163,"DemBarE":0,"DemBarP":0,"BarRetP":0},{"id":14,"time":23,"name":"Chacaya220","marginal_cost":154.452385811,"value":154.452385811,"DemBarE":0,"DemBarP":0,"BarRetP":0},{"id":14,"time":24,"name":"Chacaya220","marginal_cost":153.6949829128,"value":153.6949829128,"DemBarE":0,"DemBarP":0,"BarRetP":0},{"id":14,"time":25,"name":"Chacaya220","marginal_cost":153.7747641803,"value":153.7747641803,"DemBarE":0,"DemBarP":0,"BarRetP":0},{"id":14,"time":26,"name":"Chacaya220","marginal_cost":151.7437991787,"value":151.7437991787,"DemBarE":0,"DemBarP":0,"BarRetP":0},{"id":14,"time":27,"name":"Chacaya220","marginal_cost":152.5893158928,"value":152.5893158928,"DemBarE":0,"DemBarP":0,"BarRetP":0},{"id":14,"time":28,"name":"Chacaya220","marginal_cost":152.5801916272,"value":152.5801916272,"DemBarE":0,"DemBarP":0,"BarRetP":0},{"id":14,"time":29,"name":"Chacaya220","marginal_cost":151.258365315,"value":151.258365315,"DemBarE":0,"DemBarP":0,"BarRetP":0},{"id":14,"time":30,"name":"Chacaya220","marginal_cost":151.9763468943,"value":151.9763468943,"DemBarE":0,"DemBarP":0,"BarRetP":0},{"id":14,"time":31,"name":"Chacaya220","marginal_cost":159.6896181233,"value":159.6896181233,"DemBarE":0,"DemBarP":0,"BarRetP":0},{"id":14,"time":32,"name":"Chacaya220","marginal_cost":155.4921960376,"value":155.4921960376,"DemBarE":0,"DemBarP":0,"BarRetP":0},{"id":14,"time":33,"name":"Chacaya220","marginal_cost":126.3097940435,"value":126.3097940435,"DemBarE":0,"DemBarP":0,"BarRetP":0},{"id":14,"time":34,"name":"Chacaya220","marginal_cost":86.4770086745,"value":86.4770086745,"DemBarE":0,"DemBarP":0,"BarRetP":0},{"id":14,"time":35,"name":"Chacaya220","marginal_cost":82.8272812445,"value":82.8272812445,"DemBarE":0,"DemBarP":0,"BarRetP":0},{"id":14,"time":36,"name":"Chacaya220","marginal_cost":82.8686146232,"value":82.8686146232,"DemBarE":0,"DemBarP":0,"BarRetP":0},{"id":14,"time":37,"name":"Chacaya220","marginal_cost":81.3691027944,"value":81.3691027944,"DemBarE":0,"DemBarP":0,"BarRetP":0},{"id":14,"time":38,"name":"Chacaya220","marginal_cost":81.3691027944,"value":81.3691027944,"DemBarE":0,"DemBarP":0,"BarRetP":0},{"id":14,"time":39,"name":"Chacaya220","marginal_cost":81.3691027944,"value":81.3691027944,"DemBarE":0,"DemBarP":0,"BarRetP":0},{"id":14,"time":40,"name":"Chacaya220","marginal_cost":81.3691027944,"value":81.3691027944,"DemBarE":0,"DemBarP":0,"BarRetP":0},{"id":14,"time":41,"name":"Chacaya220","marginal_cost":100.4813140169,"value":100.4813140169,"DemBarE":0,"DemBarP":0,"BarRetP":0},{"id":14,"time":42,"name":"Chacaya220","marginal_cost":135.6360837994,"value":135.6360837994,"DemBarE":0,"DemBarP":0,"BarRetP":0},{"id":14,"time":43,"name":"Chacaya220","marginal_cost":158.6536057042,"value":158.6536057042,"DemBarE":0,"DemBarP":0,"BarRetP":0},{"id":14,"time":44,"name":"Chacaya220","marginal_cost":158.6536057042,"value":158.6536057042,"DemBarE":0,"DemBarP":0,"BarRetP":0},{"id":14,"time":45,"name":"Chacaya220","marginal_cost":160.1666229644,"value":160.1666229644,"DemBarE":0,"DemBarP":0,"BarRetP":0},{"id":14,"time":46,"name":"Chacaya220","marginal_cost":159.1812901332,"value":159.1812901332,"DemBarE":0,"DemBarP":0,"BarRetP":0},{"id":14,"time":47,"name":"Chacaya220","marginal_cost":155.8635871241,"value":155.8635871241,"DemBarE":0,"DemBarP":0,"BarRetP":0},{"id":14,"time":48,"name":"Chacaya220","marginal_cost":153.1533093699,"value":153.1533093699,"DemBarE":0,"DemBarP":0,"BarRetP":0},{"id":14,"time":49,"name":"Chacaya220","marginal_cost":146.4563672775,"value":146.4563672775,"DemBarE":0,"DemBarP":0,"BarRetP":0},{"id":14,"time":50,"name":"Chacaya220","marginal_cost":149.1496397947,"value":149.1496397947,"DemBarE":0,"DemBarP":0,"BarRetP":0},{"id":14,"time":51,"name":"Chacaya220","marginal_cost":151.2715997268,"value":151.2715997268,"DemBarE":0,"DemBarP":0,"BarRetP":0},{"id":14,"time":52,"name":"Chacaya220","marginal_cost":135.7669936248,"value":135.7669936248,"DemBarE":0,"DemBarP":0,"BarRetP":0},{"id":14,"time":53,"name":"Chacaya220","marginal_cost":135.7669936248,"value":135.7669936248,"DemBarE":0,"DemBarP":0,"BarRetP":0},{"id":14,"time":54,"name":"Chacaya220","marginal_cost":134.6104744246,"value":134.6104744246,"DemBarE":0,"DemBarP":0,"BarRetP":0},{"id":14,"time":55,"name":"Chacaya220","marginal_cost":133.9955038504,"value":133.9955038504,"DemBarE":0,"DemBarP":0,"BarRetP":0},{"id":14,"time":56,"name":"Chacaya220","marginal_cost":130.1542305955,"value":130.1542305955,"DemBarE":0,"DemBarP":0,"BarRetP":0},{"id":14,"time":57,"name":"Chacaya220","marginal_cost":106.050308224,"value":106.050308224,"DemBarE":0,"DemBarP":0,"BarRetP":0},{"id":14,"time":58,"name":"Chacaya220","marginal_cost":84.1220900224,"value":84.1220900224,"DemBarE":0,"DemBarP":0,"BarRetP":0},{"id":14,"time":59,"name":"Chacaya220","marginal_cost":82.5255559505,"value":82.5255559505,"DemBarE":0,"DemBarP":0,"BarRetP":0},{"id":14,"time":60,"name":"Chacaya220","marginal_cost":81.7306324172,"value":81.7306324172,"DemBarE":0,"DemBarP":0,"BarRetP":0},{"id":14,"time":61,"name":"Chacaya220","marginal_cost":-2.1702452371,"value":-2.1702452371,"DemBarE":0,"DemBarP":0,"BarRetP":0},{"id":14,"time":62,"name":"Chacaya220","marginal_cost":-2.1702452371,"value":-2.1702452371,"DemBarE":0,"DemBarP":0,"BarRetP":0},{"id":14,"time":63,"name":"Chacaya220","marginal_cost":-1.8461729437,"value":-1.8461729437,"DemBarE":0,"DemBarP":0,"BarRetP":0},{"id":14,"time":64,"name":"Chacaya220","marginal_cost":-1.2557486471,"value":-1.2557486471,"DemBarE":0,"DemBarP":0,"BarRetP":0},{"id":14,"time":65,"name":"Chacaya220","marginal_cost":114.9889498178,"value":114.9889498178,"DemBarE":0,"DemBarP":0,"BarRetP":0},{"id":14,"time":66,"name":"Chacaya220","marginal_cost":114.9889498178,"value":114.9889498178,"DemBarE":0,"DemBarP":0,"BarRetP":0},{"id":14,"time":67,"name":"Chacaya220","marginal_cost":159.7719513599,"value":159.7719513599,"DemBarE":0,"DemBarP":0,"BarRetP":0},{"id":14,"time":68,"name":"Chacaya220","marginal_cost":155.97271348,"value":155.97271348,"DemBarE":0,"DemBarP":0,"BarRetP":0},{"id":14,"time":69,"name":"Chacaya220","marginal_cost":155.97271348,"value":155.97271348,"DemBarE":0,"DemBarP":0,"BarRetP":0},{"id":14,"time":70,"name":"Chacaya220","marginal_cost":156.6480512347,"value":156.6480512347,"DemBarE":0,"DemBarP":0,"BarRetP":0},{"id":14,"time":71,"name":"Chacaya220","marginal_cost":149.0745402613,"value":149.0745402613,"DemBarE":0,"DemBarP":0,"BarRetP":0},{"id":14,"time":72,"name":"Chacaya220","marginal_cost":147.2332642246,"value":147.2332642246,"DemBarE":0,"DemBarP":0,"BarRetP":0},{"id":14,"time":73,"name":"Chacaya220","marginal_cost":145.7507092209,"value":145.7507092209,"DemBarE":0,"DemBarP":0,"BarRetP":0},{"id":14,"time":74,"name":"Chacaya220","marginal_cost":146.1790874852,"value":146.1790874852,"DemBarE":0,"DemBarP":0,"BarRetP":0},{"id":14,"time":75,"name":"Chacaya220","marginal_cost":133.7102331498,"value":133.7102331498,"DemBarE":0,"DemBarP":0,"BarRetP":0},{"id":14,"time":76,"name":"Chacaya220","marginal_cost":133.7102331498,"value":133.7102331498,"DemBarE":0,"DemBarP":0,"BarRetP":0},{"id":14,"time":77,"name":"Chacaya220","marginal_cost":133.7102331498,"value":133.7102331498,"DemBarE":0,"DemBarP":0,"BarRetP":0},{"id":14,"time":78,"name":"Chacaya220","marginal_cost":133.7102331498,"value":133.7102331498,"DemBarE":0,"DemBarP":0,"BarRetP":0},{"id":14,"time":79,"name":"Chacaya220","marginal_cost":133.7102331498,"value":133.7102331498,"DemBarE":0,"DemBarP":0,"BarRetP":0},{"id":14,"time":80,"name":"Chacaya220","marginal_cost":122.9895474497,"value":122.9895474497,"DemBarE":0,"DemBarP":0,"BarRetP":0},{"id":14,"time":81,"name":"Chacaya220","marginal_cost":122.9895474497,"value":122.9895474497,"DemBarE":0,"DemBarP":0,"BarRetP":0},{"id":14,"time":82,"name":"Chacaya220","marginal_cost":82.7304288803,"value":82.7304288803,"DemBarE":0,"DemBarP":0,"BarRetP":0},{"id":14,"time":83,"name":"Chacaya220","marginal_cost":82.7304288803,"value":82.7304288803,"DemBarE":0,"DemBarP":0,"BarRetP":0},{"id":14,"time":84,"name":"Chacaya220","marginal_cost":78.8296387906,"value":78.8296387906,"DemBarE":0,"DemBarP":0,"BarRetP":0},{"id":14,"time":85,"name":"Chacaya220","marginal_cost":78.8296387906,"value":78.8296387906,"DemBarE":0,"DemBarP":0,"BarRetP":0},{"id":14,"time":86,"name":"Chacaya220","marginal_cost":81.3245807279,"value":81.3245807279,"DemBarE":0,"DemBarP":0,"BarRetP":0},{"id":14,"time":87,"name":"Chacaya220","marginal_cost":81.3245807279,"value":81.3245807279,"DemBarE":0,"DemBarP":0,"BarRetP":0},{"id":14,"time":88,"name":"Chacaya220","marginal_cost":81.3245807279,"value":81.3245807279,"DemBarE":0,"DemBarP":0,"BarRetP":0},{"id":14,"time":89,"name":"Chacaya220","marginal_cost":81.3245807279,"value":81.3245807279,"DemBarE":0,"DemBarP":0,"BarRetP":0},{"id":14,"time":90,"name":"Chacaya220","marginal_cost":81.3245807279,"value":81.3245807279,"DemBarE":0,"DemBarP":0,"BarRetP":0},{"id":14,"time":91,"name":"Chacaya220","marginal_cost":143.9795065119,"value":143.9795065119,"DemBarE":0,"DemBarP":0,"BarRetP":0},{"id":14,"time":92,"name":"Chacaya220","marginal_cost":143.9795065119,"value":143.9795065119,"DemBarE":0,"DemBarP":0,"BarRetP":0},{"id":14,"time":93,"name":"Chacaya220","marginal_cost":147.7556759011,"value":147.7556759011,"DemBarE":0,"DemBarP":0,"BarRetP":0},{"id":14,"time":94,"name":"Chacaya220","marginal_cost":146.1038488496,"value":146.1038488496,"DemBarE":0,"DemBarP":0,"BarRetP":0},{"id":14,"time":95,"name":"Chacaya220","marginal_cost":144.9691148131,"value":144.9691148131,"DemBarE":0,"DemBarP":0,"BarRetP":0},{"id":14,"time":96,"name":"Chacaya220","marginal_cost":145.5781148664,"value":145.5781148664,"DemBarE":0,"DemBarP":0,"BarRetP":0},{"id":14,"time":97,"name":"Chacaya220","marginal_cost":145.9670925277,"value":145.9670925277,"DemBarE":0,"DemBarP":0,"BarRetP":0},{"id":14,"time":98,"name":"Chacaya220","marginal_cost":142.8831224668,"value":142.8831224668,"DemBarE":0,"DemBarP":0,"BarRetP":0},{"id":14,"time":99,"name":"Chacaya220","marginal_cost":145.3783094825,"value":145.3783094825,"DemBarE":0,"DemBarP":0,"BarRetP":0},{"id":14,"time":100,"name":"Chacaya220","marginal_cost":146.4245618075,"value":146.4245618075,"DemBarE":0,"DemBarP":0,"BarRetP":0},{"id":14,"time":101,"name":"Chacaya220","marginal_cost":146.4245618075,"value":146.4245618075,"DemBarE":0,"DemBarP":0,"BarRetP":0},{"id":14,"time":102,"name":"Chacaya220","marginal_cost":146.4245618075,"value":146.4245618075,"DemBarE":0,"DemBarP":0,"BarRetP":0},{"id":14,"time":103,"name":"Chacaya220","marginal_cost":147.477126262,"value":147.477126262,"DemBarE":0,"DemBarP":0,"BarRetP":0},{"id":14,"time":104,"name":"Chacaya220","marginal_cost":127.8649266585,"value":127.8649266585,"DemBarE":0,"DemBarP":0,"BarRetP":0},{"id":14,"time":105,"name":"Chacaya220","marginal_cost":127.8649266585,"value":127.8649266585,"DemBarE":0,"DemBarP":0,"BarRetP":0},{"id":14,"time":106,"name":"Chacaya220","marginal_cost":85.0333451019,"value":85.0333451019,"DemBarE":0,"DemBarP":0,"BarRetP":0},{"id":14,"time":107,"name":"Chacaya220","marginal_cost":84.9102154979,"value":84.9102154979,"DemBarE":0,"DemBarP":0,"BarRetP":0},{"id":14,"time":108,"name":"Chacaya220","marginal_cost":84.2159917293,"value":84.2159917293,"DemBarE":0,"DemBarP":0,"BarRetP":0},{"id":14,"time":109,"name":"Chacaya220","marginal_cost":84.2159917293,"value":84.2159917293,"DemBarE":0,"DemBarP":0,"BarRetP":0},{"id":14,"time":110,"name":"Chacaya220","marginal_cost":84.3891155691,"value":84.3891155691,"DemBarE":0,"DemBarP":0,"BarRetP":0},{"id":14,"time":111,"name":"Chacaya220","marginal_cost":84.1756366955,"value":84.1756366955,"DemBarE":0,"DemBarP":0,"BarRetP":0},{"id":14,"time":112,"name":"Chacaya220","marginal_cost":84.1756366955,"value":84.1756366955,"DemBarE":0,"DemBarP":0,"BarRetP":0},{"id":14,"time":113,"name":"Chacaya220","marginal_cost":129.372107223,"value":129.372107223,"DemBarE":0,"DemBarP":0,"BarRetP":0},{"id":14,"time":114,"name":"Chacaya220","marginal_cost":129.372107223,"value":129.372107223,"DemBarE":0,"DemBarP":0,"BarRetP":0},{"id":14,"time":115,"name":"Chacaya220","marginal_cost":129.372107223,"value":129.372107223,"DemBarE":0,"DemBarP":0,"BarRetP":0},{"id":14,"time":116,"name":"Chacaya220","marginal_cost":150.8855154491,"value":150.8855154491,"DemBarE":0,"DemBarP":0,"BarRetP":0},{"id":14,"time":117,"name":"Chacaya220","marginal_cost":150.8855154491,"value":150.8855154491,"DemBarE":0,"DemBarP":0,"BarRetP":0},{"id":14,"time":118,"name":"Chacaya220","marginal_cost":150.8855154491,"value":150.8855154491,"DemBarE":0,"DemBarP":0,"BarRetP":0},{"id":14,"time":119,"name":"Chacaya220","marginal_cost":151.2139870972,"value":151.2139870972,"DemBarE":0,"DemBarP":0,"BarRetP":0},{"id":14,"time":120,"name":"Chacaya220","marginal_cost":148.1432332254,"value":148.1432332254,"DemBarE":0,"DemBarP":0,"BarRetP":0},{"id":14,"time":121,"name":"Chacaya220","marginal_cost":148.6457820929,"value":148.6457820929,"DemBarE":0,"DemBarP":0,"BarRetP":0},{"id":14,"time":122,"name":"Chacaya220","marginal_cost":149.1041721259,"value":149.1041721259,"DemBarE":0,"DemBarP":0,"BarRetP":0},{"id":14,"time":123,"name":"Chacaya220","marginal_cost":142.2808286718,"value":142.2808286718,"DemBarE":0,"DemBarP":0,"BarRetP":0},{"id":14,"time":124,"name":"Chacaya220","marginal_cost":142.2808286718,"value":142.2808286718,"DemBarE":0,"DemBarP":0,"BarRetP":0},{"id":14,"time":125,"name":"Chacaya220","marginal_cost":142.2808286718,"value":142.2808286718,"DemBarE":0,"DemBarP":0,"BarRetP":0},{"id":14,"time":126,"name":"Chacaya220","marginal_cost":142.2808286718,"value":142.2808286718,"DemBarE":0,"DemBarP":0,"BarRetP":0},{"id":14,"time":127,"name":"Chacaya220","marginal_cost":143.6644633712,"value":143.6644633712,"DemBarE":0,"DemBarP":0,"BarRetP":0},{"id":14,"time":128,"name":"Chacaya220","marginal_cost":142.902739275,"value":142.902739275,"DemBarE":0,"DemBarP":0,"BarRetP":0},{"id":14,"time":129,"name":"Chacaya220","marginal_cost":123.7730046662,"value":123.7730046662,"DemBarE":0,"DemBarP":0,"BarRetP":0},{"id":14,"time":130,"name":"Chacaya220","marginal_cost":100.1676987797,"value":100.1676987797,"DemBarE":0,"DemBarP":0,"BarRetP":0},{"id":14,"time":131,"name":"Chacaya220","marginal_cost":83.3570441779,"value":83.3570441779,"DemBarE":0,"DemBarP":0,"BarRetP":0},{"id":14,"time":132,"name":"Chacaya220","marginal_cost":85.0153734586,"value":85.0153734586,"DemBarE":0,"DemBarP":0,"BarRetP":0},{"id":14,"time":133,"name":"Chacaya220","marginal_cost":84.924346476,"value":84.924346476,"DemBarE":0,"DemBarP":0,"BarRetP":0},{"id":14,"time":134,"name":"Chacaya220","marginal_cost":84.924346476,"value":84.924346476,"DemBarE":0,"DemBarP":0,"BarRetP":0},{"id":14,"time":135,"name":"Chacaya220","marginal_cost":84.924346476,"value":84.924346476,"DemBarE":0,"DemBarP":0,"BarRetP":0},{"id":14,"time":136,"name":"Chacaya220","marginal_cost":84.924346476,"value":84.924346476,"DemBarE":0,"DemBarP":0,"BarRetP":0},{"id":14,"time":137,"name":"Chacaya220","marginal_cost":142.5352176076,"value":142.5352176076,"DemBarE":0,"DemBarP":0,"BarRetP":0},{"id":14,"time":138,"name":"Chacaya220","marginal_cost":142.5352176076,"value":142.5352176076,"DemBarE":0,"DemBarP":0,"BarRetP":0},{"id":14,"time":139,"name":"Chacaya220","marginal_cost":142.5352176076,"value":142.5352176076,"DemBarE":0,"DemBarP":0,"BarRetP":0},{"id":14,"time":140,"name":"Chacaya220","marginal_cost":142.5352176076,"value":142.5352176076,"DemBarE":0,"DemBarP":0,"BarRetP":0},{"id":14,"time":141,"name":"Chacaya220","marginal_cost":142.5352176076,"value":142.5352176076,"DemBarE":0,"DemBarP":0,"BarRetP":0},{"id":14,"time":142,"name":"Chacaya220","marginal_cost":142.5352176076,"value":142.5352176076,"DemBarE":0,"DemBarP":0,"BarRetP":0},{"id":14,"time":143,"name":"Chacaya220","marginal_cost":148.3898536618,"value":148.3898536618,"DemBarE":0,"DemBarP":0,"BarRetP":0},{"id":14,"time":144,"name":"Chacaya220","marginal_cost":147.857563631,"value":147.857563631,"DemBarE":0,"DemBarP":0,"BarRetP":0},{"id":14,"time":145,"name":"Chacaya220","marginal_cost":148.9526195832,"value":148.9526195832,"DemBarE":0,"DemBarP":0,"BarRetP":0},{"id":14,"time":146,"name":"Chacaya220","marginal_cost":145.7504678091,"value":145.7504678091,"DemBarE":0,"DemBarP":0,"BarRetP":0},{"id":14,"time":147,"name":"Chacaya220","marginal_cost":145.4272576168,"value":145.4272576168,"DemBarE":0,"DemBarP":0,"BarRetP":0},{"id":14,"time":148,"name":"Chacaya220","marginal_cost":145.4272576168,"value":145.4272576168,"DemBarE":0,"DemBarP":0,"BarRetP":0},{"id":14,"time":149,"name":"Chacaya220","marginal_cost":145.4272576168,"value":145.4272576168,"DemBarE":0,"DemBarP":0,"BarRetP":0},{"id":14,"time":150,"name":"Chacaya220","marginal_cost":145.4272576168,"value":145.4272576168,"DemBarE":0,"DemBarP":0,"BarRetP":0},{"id":14,"time":151,"name":"Chacaya220","marginal_cost":145.2785972329,"value":145.2785972329,"DemBarE":0,"DemBarP":0,"BarRetP":0},{"id":14,"time":152,"name":"Chacaya220","marginal_cost":129.2030584516,"value":129.2030584516,"DemBarE":0,"DemBarP":0,"BarRetP":0},{"id":14,"time":153,"name":"Chacaya220","marginal_cost":129.2030584516,"value":129.2030584516,"DemBarE":0,"DemBarP":0,"BarRetP":0},{"id":14,"time":154,"name":"Chacaya220","marginal_cost":99.6292265336,"value":99.6292265336,"DemBarE":0,"DemBarP":0,"BarRetP":0},{"id":14,"time":155,"name":"Chacaya220","marginal_cost":99.6292265336,"value":99.6292265336,"DemBarE":0,"DemBarP":0,"BarRetP":0},{"id":14,"time":156,"name":"Chacaya220","marginal_cost":99.645033965,"value":99.645033965,"DemBarE":0,"DemBarP":0,"BarRetP":0},{"id":14,"time":157,"name":"Chacaya220","marginal_cost":85.5910398496,"value":85.5910398496,"DemBarE":0,"DemBarP":0,"BarRetP":0},{"id":14,"time":158,"name":"Chacaya220","marginal_cost":85.5910398496,"value":85.5910398496,"DemBarE":0,"DemBarP":0,"BarRetP":0},{"id":14,"time":159,"name":"Chacaya220","marginal_cost":85.5910398496,"value":85.5910398496,"DemBarE":0,"DemBarP":0,"BarRetP":0},{"id":14,"time":160,"name":"Chacaya220","marginal_cost":100.5675644284,"value":100.5675644284,"DemBarE":0,"DemBarP":0,"BarRetP":0},{"id":14,"time":161,"name":"Chacaya220","marginal_cost":100.5675644284,"value":100.5675644284,"DemBarE":0,"DemBarP":0,"BarRetP":0},{"id":14,"time":162,"name":"Chacaya220","marginal_cost":130.8065452844,"value":130.8065452844,"DemBarE":0,"DemBarP":0,"BarRetP":0},{"id":14,"time":163,"name":"Chacaya220","marginal_cost":148.92066611,"value":148.92066611,"DemBarE":0,"DemBarP":0,"BarRetP":0},{"id":14,"time":164,"name":"Chacaya220","marginal_cost":148.92066611,"value":148.92066611,"DemBarE":0,"DemBarP":0,"BarRetP":0},{"id":14,"time":165,"name":"Chacaya220","marginal_cost":148.92066611,"value":148.92066611,"DemBarE":0,"DemBarP":0,"BarRetP":0},{"id":14,"time":166,"name":"Chacaya220","marginal_cost":148.92066611,"value":148.92066611,"DemBarE":0,"DemBarP":0,"BarRetP":0},{"id":14,"time":167,"name":"Chacaya220","marginal_cost":147.4626999314,"value":147.4626999314,"DemBarE":0,"DemBarP":0,"BarRetP":0},{"id":14,"time":168,"name":"Chacaya220","marginal_cost":147.3457228794,"value":147.3457228794,"DemBarE":0,"DemBarP":0,"BarRetP":0}]