[{"id":17,"time":1,"name":"Cochrane220","marginal_cost":131.7242459355,"value":131.7242459355,"DemBarE":0,"DemBarP":0,"BarRetP":0},{"id":17,"time":2,"name":"Cochrane220","marginal_cost":128.259075351,"value":128.259075351,"DemBarE":0,"DemBarP":0,"BarRetP":0},{"id":17,"time":3,"name":"Cochrane220","marginal_cost":129.1034739146,"value":129.1034739146,"DemBarE":0,"DemBarP":0,"BarRetP":0},{"id":17,"time":4,"name":"Cochrane220","marginal_cost":129.5403796478,"value":129.5403796478,"DemBarE":0,"DemBarP":0,"BarRetP":0},{"id":17,"time":5,"name":"Cochrane220","marginal_cost":129.6104395399,"value":129.6104395399,"DemBarE":0,"DemBarP":0,"BarRetP":0},{"id":17,"time":6,"name":"Cochrane220","marginal_cost":95.9092885414,"value":95.9092885414,"DemBarE":0,"DemBarP":0,"BarRetP":0},{"id":17,"time":7,"name":"Cochrane220","marginal_cost":130.4564066759,"value":130.4564066759,"DemBarE":0,"DemBarP":0,"BarRetP":0},{"id":17,"time":8,"name":"Cochrane220","marginal_cost":152.8542049442,"value":152.8542049442,"DemBarE":0,"DemBarP":0,"BarRetP":0},{"id":17,"time":9,"name":"Cochrane220","marginal_cost":103.6592479377,"value":103.6592479377,"DemBarE":0,"DemBarP":0,"BarRetP":0},{"id":17,"time":10,"name":"Cochrane220","marginal_cost":71.6648641713,"value":71.6648641713,"DemBarE":0,"DemBarP":0,"BarRetP":0},{"id":17,"time":11,"name":"Cochrane220","marginal_cost":71.950648412,"value":71.950648412,"DemBarE":0,"DemBarP":0,"BarRetP":0},{"id":17,"time":12,"name":"Cochrane220","marginal_cost":63.704165641,"value":63.704165641,"DemBarE":0,"DemBarP":0,"BarRetP":0},{"id":17,"time":13,"name":"Cochrane220","marginal_cost":44.0279118439,"value":44.0279118439,"DemBarE":0,"DemBarP":0,"BarRetP":0},{"id":17,"time":14,"name":"Cochrane220","marginal_cost":-1.7694756491,"value":-1.7694756491,"DemBarE":0,"DemBarP":0,"BarRetP":0},{"id":17,"time":15,"name":"Cochrane220","marginal_cost":-1.4555537098,"value":-1.4555537098,"DemBarE":0,"DemBarP":0,"BarRetP":0},{"id":17,"time":16,"name":"Cochrane220","marginal_cost":-1.4618894314,"value":-1.4618894314,"DemBarE":0,"DemBarP":0,"BarRetP":0},{"id":17,"time":17,"name":"Cochrane220","marginal_cost":89.4381105724,"value":89.4381105724,"DemBarE":0,"DemBarP":0,"BarRetP":0},{"id":17,"time":18,"name":"Cochrane220","marginal_cost":128.4597918367,"value":128.4597918367,"DemBarE":0,"DemBarP":0,"BarRetP":0},{"id":17,"time":19,"name":"Cochrane220","marginal_cost":166.5533445337,"value":166.5533445337,"DemBarE":0,"DemBarP":0,"BarRetP":0},{"id":17,"time":20,"name":"Cochrane220","marginal_cost":166.3417194563,"value":166.3417194563,"DemBarE":0,"DemBarP":0,"BarRetP":0},{"id":17,"time":21,"name":"Cochrane220","marginal_cost":161.4858906439,"value":161.4858906439,"DemBarE":0,"DemBarP":0,"BarRetP":0},{"id":17,"time":22,"name":"Cochrane220","marginal_cost":156.0589932056,"value":156.0589932056,"DemBarE":0,"DemBarP":0,"BarRetP":0},{"id":17,"time":23,"name":"Cochrane220","marginal_cost":152.0857626691,"value":152.0857626691,"DemBarE":0,"DemBarP":0,"BarRetP":0},{"id":17,"time":24,"name":"Cochrane220","marginal_cost":151.0097175396,"value":151.0097175396,"DemBarE":0,"DemBarP":0,"BarRetP":0},{"id":17,"time":25,"name":"Cochrane220","marginal_cost":151.3018602355,"value":151.3018602355,"DemBarE":0,"DemBarP":0,"BarRetP":0},{"id":17,"time":26,"name":"Cochrane220","marginal_cost":149.2490721682,"value":149.2490721682,"DemBarE":0,"DemBarP":0,"BarRetP":0},{"id":17,"time":27,"name":"Cochrane220","marginal_cost":150.6009715237,"value":150.6009715237,"DemBarE":0,"DemBarP":0,"BarRetP":0},{"id":17,"time":28,"name":"Cochrane220","marginal_cost":149.6619597275,"value":149.6619597275,"DemBarE":0,"DemBarP":0,"BarRetP":0},{"id":17,"time":29,"name":"Cochrane220","marginal_cost":148.3388117583,"value":148.3388117583,"DemBarE":0,"DemBarP":0,"BarRetP":0},{"id":17,"time":30,"name":"Cochrane220","marginal_cost":149.1333613433,"value":149.1333613433,"DemBarE":0,"DemBarP":0,"BarRetP":0},{"id":17,"time":31,"name":"Cochrane220","marginal_cost":156.1523694484,"value":156.1523694484,"DemBarE":0,"DemBarP":0,"BarRetP":0},{"id":17,"time":32,"name":"Cochrane220","marginal_cost":150.0383430977,"value":150.0383430977,"DemBarE":0,"DemBarP":0,"BarRetP":0},{"id":17,"time":33,"name":"Cochrane220","marginal_cost":116.1190063619,"value":116.1190063619,"DemBarE":0,"DemBarP":0,"BarRetP":0},{"id":17,"time":34,"name":"Cochrane220","marginal_cost":77.7766002509,"value":77.7766002509,"DemBarE":0,"DemBarP":0,"BarRetP":0},{"id":17,"time":35,"name":"Cochrane220","marginal_cost":74.4736468623,"value":74.4736468623,"DemBarE":0,"DemBarP":0,"BarRetP":0},{"id":17,"time":36,"name":"Cochrane220","marginal_cost":74.4131273127,"value":74.4131273127,"DemBarE":0,"DemBarP":0,"BarRetP":0},{"id":17,"time":37,"name":"Cochrane220","marginal_cost":72.9106332522,"value":72.9106332522,"DemBarE":0,"DemBarP":0,"BarRetP":0},{"id":17,"time":38,"name":"Cochrane220","marginal_cost":72.9106332522,"value":72.9106332522,"DemBarE":0,"DemBarP":0,"BarRetP":0},{"id":17,"time":39,"name":"Cochrane220","marginal_cost":72.9106332522,"value":72.9106332522,"DemBarE":0,"DemBarP":0,"BarRetP":0},{"id":17,"time":40,"name":"Cochrane220","marginal_cost":72.9106332522,"value":72.9106332522,"DemBarE":0,"DemBarP":0,"BarRetP":0},{"id":17,"time":41,"name":"Cochrane220","marginal_cost":91.6718959515,"value":91.6718959515,"DemBarE":0,"DemBarP":0,"BarRetP":0},{"id":17,"time":42,"name":"Cochrane220","marginal_cost":132.9554539111,"value":132.9554539111,"DemBarE":0,"DemBarP":0,"BarRetP":0},{"id":17,"time":43,"name":"Cochrane220","marginal_cost":159.0612205003,"value":159.0612205003,"DemBarE":0,"DemBarP":0,"BarRetP":0},{"id":17,"time":44,"name":"Cochrane220","marginal_cost":159.0612205003,"value":159.0612205003,"DemBarE":0,"DemBarP":0,"BarRetP":0},{"id":17,"time":45,"name":"Cochrane220","marginal_cost":160.6663715273,"value":160.6663715273,"DemBarE":0,"DemBarP":0,"BarRetP":0},{"id":17,"time":46,"name":"Cochrane220","marginal_cost":159.6853343669,"value":159.6853343669,"DemBarE":0,"DemBarP":0,"BarRetP":0},{"id":17,"time":47,"name":"Cochrane220","marginal_cost":155.8374987104,"value":155.8374987104,"DemBarE":0,"DemBarP":0,"BarRetP":0},{"id":17,"time":48,"name":"Cochrane220","marginal_cost":152.5643958876,"value":152.5643958876,"DemBarE":0,"DemBarP":0,"BarRetP":0},{"id":17,"time":49,"name":"Cochrane220","marginal_cost":145.9294572393,"value":145.9294572393,"DemBarE":0,"DemBarP":0,"BarRetP":0},{"id":17,"time":50,"name":"Cochrane220","marginal_cost":148.5502047753,"value":148.5502047753,"DemBarE":0,"DemBarP":0,"BarRetP":0},{"id":17,"time":51,"name":"Cochrane220","marginal_cost":150.9966172505,"value":150.9966172505,"DemBarE":0,"DemBarP":0,"BarRetP":0},{"id":17,"time":52,"name":"Cochrane220","marginal_cost":136.1385516778,"value":136.1385516778,"DemBarE":0,"DemBarP":0,"BarRetP":0},{"id":17,"time":53,"name":"Cochrane220","marginal_cost":136.1385516778,"value":136.1385516778,"DemBarE":0,"DemBarP":0,"BarRetP":0},{"id":17,"time":54,"name":"Cochrane220","marginal_cost":134.841202847,"value":134.841202847,"DemBarE":0,"DemBarP":0,"BarRetP":0},{"id":17,"time":55,"name":"Cochrane220","marginal_cost":133.7976574223,"value":133.7976574223,"DemBarE":0,"DemBarP":0,"BarRetP":0},{"id":17,"time":56,"name":"Cochrane220","marginal_cost":129.2724800712,"value":129.2724800712,"DemBarE":0,"DemBarP":0,"BarRetP":0},{"id":17,"time":57,"name":"Cochrane220","marginal_cost":96.1603865808,"value":96.1603865808,"DemBarE":0,"DemBarP":0,"BarRetP":0},{"id":17,"time":58,"name":"Cochrane220","marginal_cost":75.5350162987,"value":75.5350162987,"DemBarE":0,"DemBarP":0,"BarRetP":0},{"id":17,"time":59,"name":"Cochrane220","marginal_cost":74.3043016683,"value":74.3043016683,"DemBarE":0,"DemBarP":0,"BarRetP":0},{"id":17,"time":60,"name":"Cochrane220","marginal_cost":73.8637645738,"value":73.8637645738,"DemBarE":0,"DemBarP":0,"BarRetP":0},{"id":17,"time":61,"name":"Cochrane220","marginal_cost":-2.0466555901,"value":-2.0466555901,"DemBarE":0,"DemBarP":0,"BarRetP":0},{"id":17,"time":62,"name":"Cochrane220","marginal_cost":-2.0466555901,"value":-2.0466555901,"DemBarE":0,"DemBarP":0,"BarRetP":0},{"id":17,"time":63,"name":"Cochrane220","marginal_cost":-1.7786236079,"value":-1.7786236079,"DemBarE":0,"DemBarP":0,"BarRetP":0},{"id":17,"time":64,"name":"Cochrane220","marginal_cost":-1.2125461158,"value":-1.2125461158,"DemBarE":0,"DemBarP":0,"BarRetP":0},{"id":17,"time":65,"name":"Cochrane220","marginal_cost":108.4427240117,"value":108.4427240117,"DemBarE":0,"DemBarP":0,"BarRetP":0},{"id":17,"time":66,"name":"Cochrane220","marginal_cost":108.4427240117,"value":108.4427240117,"DemBarE":0,"DemBarP":0,"BarRetP":0},{"id":17,"time":67,"name":"Cochrane220","marginal_cost":159.7309404768,"value":159.7309404768,"DemBarE":0,"DemBarP":0,"BarRetP":0},{"id":17,"time":68,"name":"Cochrane220","marginal_cost":156.2681743909,"value":156.2681743909,"DemBarE":0,"DemBarP":0,"BarRetP":0},{"id":17,"time":69,"name":"Cochrane220","marginal_cost":156.2681743909,"value":156.2681743909,"DemBarE":0,"DemBarP":0,"BarRetP":0},{"id":17,"time":70,"name":"Cochrane220","marginal_cost":157.1835459619,"value":157.1835459619,"DemBarE":0,"DemBarP":0,"BarRetP":0},{"id":17,"time":71,"name":"Cochrane220","marginal_cost":149.2455927703,"value":149.2455927703,"DemBarE":0,"DemBarP":0,"BarRetP":0},{"id":17,"time":72,"name":"Cochrane220","marginal_cost":146.9209819471,"value":146.9209819471,"DemBarE":0,"DemBarP":0,"BarRetP":0},{"id":17,"time":73,"name":"Cochrane220","marginal_cost":145.0018436736,"value":145.0018436736,"DemBarE":0,"DemBarP":0,"BarRetP":0},{"id":17,"time":74,"name":"Cochrane220","marginal_cost":145.6398506151,"value":145.6398506151,"DemBarE":0,"DemBarP":0,"BarRetP":0},{"id":17,"time":75,"name":"Cochrane220","marginal_cost":133.9776023435,"value":133.9776023435,"DemBarE":0,"DemBarP":0,"BarRetP":0},{"id":17,"time":76,"name":"Cochrane220","marginal_cost":133.9776023435,"value":133.9776023435,"DemBarE":0,"DemBarP":0,"BarRetP":0},{"id":17,"time":77,"name":"Cochrane220","marginal_cost":133.9776023435,"value":133.9776023435,"DemBarE":0,"DemBarP":0,"BarRetP":0},{"id":17,"time":78,"name":"Cochrane220","marginal_cost":133.9776023435,"value":133.9776023435,"DemBarE":0,"DemBarP":0,"BarRetP":0},{"id":17,"time":79,"name":"Cochrane220","marginal_cost":133.9776023435,"value":133.9776023435,"DemBarE":0,"DemBarP":0,"BarRetP":0},{"id":17,"time":80,"name":"Cochrane220","marginal_cost":116.4990655373,"value":116.4990655373,"DemBarE":0,"DemBarP":0,"BarRetP":0},{"id":17,"time":81,"name":"Cochrane220","marginal_cost":116.4990655373,"value":116.4990655373,"DemBarE":0,"DemBarP":0,"BarRetP":0},{"id":17,"time":82,"name":"Cochrane220","marginal_cost":75.0405401936,"value":75.0405401936,"DemBarE":0,"DemBarP":0,"BarRetP":0},{"id":17,"time":83,"name":"Cochrane220","marginal_cost":75.0405401936,"value":75.0405401936,"DemBarE":0,"DemBarP":0,"BarRetP":0},{"id":17,"time":84,"name":"Cochrane220","marginal_cost":73.2164047636,"value":73.2164047636,"DemBarE":0,"DemBarP":0,"BarRetP":0},{"id":17,"time":85,"name":"Cochrane220","marginal_cost":73.2164047636,"value":73.2164047636,"DemBarE":0,"DemBarP":0,"BarRetP":0},{"id":17,"time":86,"name":"Cochrane220","marginal_cost":74.6613052166,"value":74.6613052166,"DemBarE":0,"DemBarP":0,"BarRetP":0},{"id":17,"time":87,"name":"Cochrane220","marginal_cost":74.6613052166,"value":74.6613052166,"DemBarE":0,"DemBarP":0,"BarRetP":0},{"id":17,"time":88,"name":"Cochrane220","marginal_cost":74.6613052166,"value":74.6613052166,"DemBarE":0,"DemBarP":0,"BarRetP":0},{"id":17,"time":89,"name":"Cochrane220","marginal_cost":74.6613052166,"value":74.6613052166,"DemBarE":0,"DemBarP":0,"BarRetP":0},{"id":17,"time":90,"name":"Cochrane220","marginal_cost":74.6613052166,"value":74.6613052166,"DemBarE":0,"DemBarP":0,"BarRetP":0},{"id":17,"time":91,"name":"Cochrane220","marginal_cost":142.6996483146,"value":142.6996483146,"DemBarE":0,"DemBarP":0,"BarRetP":0},{"id":17,"time":92,"name":"Cochrane220","marginal_cost":142.6996483146,"value":142.6996483146,"DemBarE":0,"DemBarP":0,"BarRetP":0},{"id":17,"time":93,"name":"Cochrane220","marginal_cost":146.7517151986,"value":146.7517151986,"DemBarE":0,"DemBarP":0,"BarRetP":0},{"id":17,"time":94,"name":"Cochrane220","marginal_cost":145.2273223815,"value":145.2273223815,"DemBarE":0,"DemBarP":0,"BarRetP":0},{"id":17,"time":95,"name":"Cochrane220","marginal_cost":143.9219984436,"value":143.9219984436,"DemBarE":0,"DemBarP":0,"BarRetP":0},{"id":17,"time":96,"name":"Cochrane220","marginal_cost":144.6303960533,"value":144.6303960533,"DemBarE":0,"DemBarP":0,"BarRetP":0},{"id":17,"time":97,"name":"Cochrane220","marginal_cost":144.2726636095,"value":144.2726636095,"DemBarE":0,"DemBarP":0,"BarRetP":0},{"id":17,"time":98,"name":"Cochrane220","marginal_cost":141.7092221194,"value":141.7092221194,"DemBarE":0,"DemBarP":0,"BarRetP":0},{"id":17,"time":99,"name":"Cochrane220","marginal_cost":144.7285310648,"value":144.7285310648,"DemBarE":0,"DemBarP":0,"BarRetP":0},{"id":17,"time":100,"name":"Cochrane220","marginal_cost":146.2046439912,"value":146.2046439912,"DemBarE":0,"DemBarP":0,"BarRetP":0},{"id":17,"time":101,"name":"Cochrane220","marginal_cost":146.2046439912,"value":146.2046439912,"DemBarE":0,"DemBarP":0,"BarRetP":0},{"id":17,"time":102,"name":"Cochrane220","marginal_cost":146.2046439912,"value":146.2046439912,"DemBarE":0,"DemBarP":0,"BarRetP":0},{"id":17,"time":103,"name":"Cochrane220","marginal_cost":145.1387994598,"value":145.1387994598,"DemBarE":0,"DemBarP":0,"BarRetP":0},{"id":17,"time":104,"name":"Cochrane220","marginal_cost":120.8984758656,"value":120.8984758656,"DemBarE":0,"DemBarP":0,"BarRetP":0},{"id":17,"time":105,"name":"Cochrane220","marginal_cost":120.8984758656,"value":120.8984758656,"DemBarE":0,"DemBarP":0,"BarRetP":0},{"id":17,"time":106,"name":"Cochrane220","marginal_cost":76.6147669142,"value":76.6147669142,"DemBarE":0,"DemBarP":0,"BarRetP":0},{"id":17,"time":107,"name":"Cochrane220","marginal_cost":75.9243389679,"value":75.9243389679,"DemBarE":0,"DemBarP":0,"BarRetP":0},{"id":17,"time":108,"name":"Cochrane220","marginal_cost":75.0572962574,"value":75.0572962574,"DemBarE":0,"DemBarP":0,"BarRetP":0},{"id":17,"time":109,"name":"Cochrane220","marginal_cost":75.0572962574,"value":75.0572962574,"DemBarE":0,"DemBarP":0,"BarRetP":0},{"id":17,"time":110,"name":"Cochrane220","marginal_cost":74.7663911265,"value":74.7663911265,"DemBarE":0,"DemBarP":0,"BarRetP":0},{"id":17,"time":111,"name":"Cochrane220","marginal_cost":74.7900586589,"value":74.7900586589,"DemBarE":0,"DemBarP":0,"BarRetP":0},{"id":17,"time":112,"name":"Cochrane220","marginal_cost":74.7900586589,"value":74.7900586589,"DemBarE":0,"DemBarP":0,"BarRetP":0},{"id":17,"time":113,"name":"Cochrane220","marginal_cost":124.1861561788,"value":124.1861561788,"DemBarE":0,"DemBarP":0,"BarRetP":0},{"id":17,"time":114,"name":"Cochrane220","marginal_cost":124.1861561788,"value":124.1861561788,"DemBarE":0,"DemBarP":0,"BarRetP":0},{"id":17,"time":115,"name":"Cochrane220","marginal_cost":124.1861561788,"value":124.1861561788,"DemBarE":0,"DemBarP":0,"BarRetP":0},{"id":17,"time":116,"name":"Cochrane220","marginal_cost":149.8469995842,"value":149.8469995842,"DemBarE":0,"DemBarP":0,"BarRetP":0},{"id":17,"time":117,"name":"Cochrane220","marginal_cost":149.8469995842,"value":149.8469995842,"DemBarE":0,"DemBarP":0,"BarRetP":0},{"id":17,"time":118,"name":"Cochrane220","marginal_cost":149.8469995842,"value":149.8469995842,"DemBarE":0,"DemBarP":0,"BarRetP":0},{"id":17,"time":119,"name":"Cochrane220","marginal_cost":149.9464411737,"value":149.9464411737,"DemBarE":0,"DemBarP":0,"BarRetP":0},{"id":17,"time":120,"name":"Cochrane220","marginal_cost":146.4912895469,"value":146.4912895469,"DemBarE":0,"DemBarP":0,"BarRetP":0},{"id":17,"time":121,"name":"Cochrane220","marginal_cost":146.78019016,"value":146.78019016,"DemBarE":0,"DemBarP":0,"BarRetP":0},{"id":17,"time":122,"name":"Cochrane220","marginal_cost":147.0676332757,"value":147.0676332757,"DemBarE":0,"DemBarP":0,"BarRetP":0},{"id":17,"time":123,"name":"Cochrane220","marginal_cost":139.7859621932,"value":139.7859621932,"DemBarE":0,"DemBarP":0,"BarRetP":0},{"id":17,"time":124,"name":"Cochrane220","marginal_cost":139.7859621932,"value":139.7859621932,"DemBarE":0,"DemBarP":0,"BarRetP":0},{"id":17,"time":125,"name":"Cochrane220","marginal_cost":139.7859621932,"value":139.7859621932,"DemBarE":0,"DemBarP":0,"BarRetP":0},{"id":17,"time":126,"name":"Cochrane220","marginal_cost":139.7859621932,"value":139.7859621932,"DemBarE":0,"DemBarP":0,"BarRetP":0},{"id":17,"time":127,"name":"Cochrane220","marginal_cost":139.8092548208,"value":139.8092548208,"DemBarE":0,"DemBarP":0,"BarRetP":0},{"id":17,"time":128,"name":"Cochrane220","marginal_cost":137.3693919664,"value":137.3693919664,"DemBarE":0,"DemBarP":0,"BarRetP":0},{"id":17,"time":129,"name":"Cochrane220","marginal_cost":118.0794646493,"value":118.0794646493,"DemBarE":0,"DemBarP":0,"BarRetP":0},{"id":17,"time":130,"name":"Cochrane220","marginal_cost":89.9973065002,"value":89.9973065002,"DemBarE":0,"DemBarP":0,"BarRetP":0},{"id":17,"time":131,"name":"Cochrane220","marginal_cost":74.8568361242,"value":74.8568361242,"DemBarE":0,"DemBarP":0,"BarRetP":0},{"id":17,"time":132,"name":"Cochrane220","marginal_cost":76.2129834177,"value":76.2129834177,"DemBarE":0,"DemBarP":0,"BarRetP":0},{"id":17,"time":133,"name":"Cochrane220","marginal_cost":75.5152628454,"value":75.5152628454,"DemBarE":0,"DemBarP":0,"BarRetP":0},{"id":17,"time":134,"name":"Cochrane220","marginal_cost":75.5152628454,"value":75.5152628454,"DemBarE":0,"DemBarP":0,"BarRetP":0},{"id":17,"time":135,"name":"Cochrane220","marginal_cost":75.5152628454,"value":75.5152628454,"DemBarE":0,"DemBarP":0,"BarRetP":0},{"id":17,"time":136,"name":"Cochrane220","marginal_cost":75.5152628454,"value":75.5152628454,"DemBarE":0,"DemBarP":0,"BarRetP":0},{"id":17,"time":137,"name":"Cochrane220","marginal_cost":138.6954514197,"value":138.6954514197,"DemBarE":0,"DemBarP":0,"BarRetP":0},{"id":17,"time":138,"name":"Cochrane220","marginal_cost":138.6954514197,"value":138.6954514197,"DemBarE":0,"DemBarP":0,"BarRetP":0},{"id":17,"time":139,"name":"Cochrane220","marginal_cost":138.6954514197,"value":138.6954514197,"DemBarE":0,"DemBarP":0,"BarRetP":0},{"id":17,"time":140,"name":"Cochrane220","marginal_cost":138.6954514197,"value":138.6954514197,"DemBarE":0,"DemBarP":0,"BarRetP":0},{"id":17,"time":141,"name":"Cochrane220","marginal_cost":138.6954514197,"value":138.6954514197,"DemBarE":0,"DemBarP":0,"BarRetP":0},{"id":17,"time":142,"name":"Cochrane220","marginal_cost":138.6954514197,"value":138.6954514197,"DemBarE":0,"DemBarP":0,"BarRetP":0},{"id":17,"time":143,"name":"Cochrane220","marginal_cost":145.8198652986,"value":145.8198652986,"DemBarE":0,"DemBarP":0,"BarRetP":0},{"id":17,"time":144,"name":"Cochrane220","marginal_cost":144.8515398401,"value":144.8515398401,"DemBarE":0,"DemBarP":0,"BarRetP":0},{"id":17,"time":145,"name":"Cochrane220","marginal_cost":145.9607302579,"value":145.9607302579,"DemBarE":0,"DemBarP":0,"BarRetP":0},{"id":17,"time":146,"name":"Cochrane220","marginal_cost":142.6866816459,"value":142.6866816459,"DemBarE":0,"DemBarP":0,"BarRetP":0},{"id":17,"time":147,"name":"Cochrane220","marginal_cost":141.9406857153,"value":141.9406857153,"DemBarE":0,"DemBarP":0,"BarRetP":0},{"id":17,"time":148,"name":"Cochrane220","marginal_cost":141.9406857153,"value":141.9406857153,"DemBarE":0,"DemBarP":0,"BarRetP":0},{"id":17,"time":149,"name":"Cochrane220","marginal_cost":141.9406857153,"value":141.9406857153,"DemBarE":0,"DemBarP":0,"BarRetP":0},{"id":17,"time":150,"name":"Cochrane220","marginal_cost":141.9406857153,"value":141.9406857153,"DemBarE":0,"DemBarP":0,"BarRetP":0},{"id":17,"time":151,"name":"Cochrane220","marginal_cost":141.6700599734,"value":141.6700599734,"DemBarE":0,"DemBarP":0,"BarRetP":0},{"id":17,"time":152,"name":"Cochrane220","marginal_cost":120.8541373256,"value":120.8541373256,"DemBarE":0,"DemBarP":0,"BarRetP":0},{"id":17,"time":153,"name":"Cochrane220","marginal_cost":120.8541373256,"value":120.8541373256,"DemBarE":0,"DemBarP":0,"BarRetP":0},{"id":17,"time":154,"name":"Cochrane220","marginal_cost":89.7856085896,"value":89.7856085896,"DemBarE":0,"DemBarP":0,"BarRetP":0},{"id":17,"time":155,"name":"Cochrane220","marginal_cost":89.7856085896,"value":89.7856085896,"DemBarE":0,"DemBarP":0,"BarRetP":0},{"id":17,"time":156,"name":"Cochrane220","marginal_cost":88.929331765,"value":88.929331765,"DemBarE":0,"DemBarP":0,"BarRetP":0},{"id":17,"time":157,"name":"Cochrane220","marginal_cost":75.671248431,"value":75.671248431,"DemBarE":0,"DemBarP":0,"BarRetP":0},{"id":17,"time":158,"name":"Cochrane220","marginal_cost":75.671248431,"value":75.671248431,"DemBarE":0,"DemBarP":0,"BarRetP":0},{"id":17,"time":159,"name":"Cochrane220","marginal_cost":75.671248431,"value":75.671248431,"DemBarE":0,"DemBarP":0,"BarRetP":0},{"id":17,"time":160,"name":"Cochrane220","marginal_cost":90.293001082,"value":90.293001082,"DemBarE":0,"DemBarP":0,"BarRetP":0},{"id":17,"time":161,"name":"Cochrane220","marginal_cost":90.293001082,"value":90.293001082,"DemBarE":0,"DemBarP":0,"BarRetP":0},{"id":17,"time":162,"name":"Cochrane220","marginal_cost":123.8592136791,"value":123.8592136791,"DemBarE":0,"DemBarP":0,"BarRetP":0},{"id":17,"time":163,"name":"Cochrane220","marginal_cost":146.0932675427,"value":146.0932675427,"DemBarE":0,"DemBarP":0,"BarRetP":0},{"id":17,"time":164,"name":"Cochrane220","marginal_cost":146.0932675427,"value":146.0932675427,"DemBarE":0,"DemBarP":0,"BarRetP":0},{"id":17,"time":165,"name":"Cochrane220","marginal_cost":146.0932675427,"value":146.0932675427,"DemBarE":0,"DemBarP":0,"BarRetP":0},{"id":17,"time":166,"name":"Cochrane220","marginal_cost":146.0932675427,"value":146.0932675427,"DemBarE":0,"DemBarP":0,"BarRetP":0},{"id":17,"time":167,"name":"Cochrane220","marginal_cost":144.903244602,"value":144.903244602,"DemBarE":0,"DemBarP":0,"BarRetP":0},{"id":17,"time":168,"name":"Cochrane220","marginal_cost":144.520497666,"value":144.520497666,"DemBarE":0,"DemBarP":0,"BarRetP":0}]