[{"id":147,"time":1,"name":"Linares154","marginal_cost":164.1429614023,"value":164.1429614023,"DemBarE":0,"DemBarP":0,"BarRetP":0},{"id":147,"time":2,"name":"Linares154","marginal_cost":164.2675763455,"value":164.2675763455,"DemBarE":0,"DemBarP":0,"BarRetP":0},{"id":147,"time":3,"name":"Linares154","marginal_cost":162.9812872185,"value":162.9812872185,"DemBarE":0,"DemBarP":0,"BarRetP":0},{"id":147,"time":4,"name":"Linares154","marginal_cost":161.6668721382,"value":161.6668721382,"DemBarE":0,"DemBarP":0,"BarRetP":0},{"id":147,"time":5,"name":"Linares154","marginal_cost":143.4081917102,"value":143.4081917102,"DemBarE":0,"DemBarP":0,"BarRetP":0},{"id":147,"time":6,"name":"Linares154","marginal_cost":125.6879167825,"value":125.6879167825,"DemBarE":0,"DemBarP":0,"BarRetP":0},{"id":147,"time":7,"name":"Linares154","marginal_cost":171.9581758619,"value":171.9581758619,"DemBarE":0,"DemBarP":0,"BarRetP":0},{"id":147,"time":8,"name":"Linares154","marginal_cost":179.1947121161,"value":179.1947121161,"DemBarE":0,"DemBarP":0,"BarRetP":0},{"id":147,"time":9,"name":"Linares154","marginal_cost":169.2716814726,"value":169.2716814726,"DemBarE":0,"DemBarP":0,"BarRetP":0},{"id":147,"time":10,"name":"Linares154","marginal_cost":168.6333845808,"value":168.6333845808,"DemBarE":0,"DemBarP":0,"BarRetP":0},{"id":147,"time":11,"name":"Linares154","marginal_cost":168.3319876866,"value":168.3319876866,"DemBarE":0,"DemBarP":0,"BarRetP":0},{"id":147,"time":12,"name":"Linares154","marginal_cost":167.7688405831,"value":167.7688405831,"DemBarE":0,"DemBarP":0,"BarRetP":0},{"id":147,"time":13,"name":"Linares154","marginal_cost":165.9239032504,"value":165.9239032504,"DemBarE":0,"DemBarP":0,"BarRetP":0},{"id":147,"time":14,"name":"Linares154","marginal_cost":164.3979359642,"value":164.3979359642,"DemBarE":0,"DemBarP":0,"BarRetP":0},{"id":147,"time":15,"name":"Linares154","marginal_cost":163.2733414944,"value":163.2733414944,"DemBarE":0,"DemBarP":0,"BarRetP":0},{"id":147,"time":16,"name":"Linares154","marginal_cost":162.5204478769,"value":162.5204478769,"DemBarE":0,"DemBarP":0,"BarRetP":0},{"id":147,"time":17,"name":"Linares154","marginal_cost":162.0817145811,"value":162.0817145811,"DemBarE":0,"DemBarP":0,"BarRetP":0},{"id":147,"time":18,"name":"Linares154","marginal_cost":159.7242444209,"value":159.7242444209,"DemBarE":0,"DemBarP":0,"BarRetP":0},{"id":147,"time":19,"name":"Linares154","marginal_cost":181.4513073693,"value":181.4513073693,"DemBarE":0,"DemBarP":0,"BarRetP":0},{"id":147,"time":20,"name":"Linares154","marginal_cost":187.2473054422,"value":187.2473054422,"DemBarE":0,"DemBarP":0,"BarRetP":0},{"id":147,"time":21,"name":"Linares154","marginal_cost":175.9331969761,"value":175.9331969761,"DemBarE":0,"DemBarP":0,"BarRetP":0},{"id":147,"time":22,"name":"Linares154","marginal_cost":173.9650389861,"value":173.9650389861,"DemBarE":0,"DemBarP":0,"BarRetP":0},{"id":147,"time":23,"name":"Linares154","marginal_cost":171.7408905986,"value":171.7408905986,"DemBarE":0,"DemBarP":0,"BarRetP":0},{"id":147,"time":24,"name":"Linares154","marginal_cost":173.2632166841,"value":173.2632166841,"DemBarE":0,"DemBarP":0,"BarRetP":0},{"id":147,"time":25,"name":"Linares154","marginal_cost":162.5597928235,"value":162.5597928235,"DemBarE":0,"DemBarP":0,"BarRetP":0},{"id":147,"time":26,"name":"Linares154","marginal_cost":162.4623019267,"value":162.4623019267,"DemBarE":0,"DemBarP":0,"BarRetP":0},{"id":147,"time":27,"name":"Linares154","marginal_cost":162.1472142024,"value":162.1472142024,"DemBarE":0,"DemBarP":0,"BarRetP":0},{"id":147,"time":28,"name":"Linares154","marginal_cost":162.4842794647,"value":162.4842794647,"DemBarE":0,"DemBarP":0,"BarRetP":0},{"id":147,"time":29,"name":"Linares154","marginal_cost":161.1057456009,"value":161.1057456009,"DemBarE":0,"DemBarP":0,"BarRetP":0},{"id":147,"time":30,"name":"Linares154","marginal_cost":163.1337619797,"value":163.1337619797,"DemBarE":0,"DemBarP":0,"BarRetP":0},{"id":147,"time":31,"name":"Linares154","marginal_cost":170.2022591645,"value":170.2022591645,"DemBarE":0,"DemBarP":0,"BarRetP":0},{"id":147,"time":32,"name":"Linares154","marginal_cost":180.1796125357,"value":180.1796125357,"DemBarE":0,"DemBarP":0,"BarRetP":0},{"id":147,"time":33,"name":"Linares154","marginal_cost":167.9984423686,"value":167.9984423686,"DemBarE":0,"DemBarP":0,"BarRetP":0},{"id":147,"time":34,"name":"Linares154","marginal_cost":167.9153329589,"value":167.9153329589,"DemBarE":0,"DemBarP":0,"BarRetP":0},{"id":147,"time":35,"name":"Linares154","marginal_cost":166.6309260079,"value":166.6309260079,"DemBarE":0,"DemBarP":0,"BarRetP":0},{"id":147,"time":36,"name":"Linares154","marginal_cost":167.6502782411,"value":167.6502782411,"DemBarE":0,"DemBarP":0,"BarRetP":0},{"id":147,"time":37,"name":"Linares154","marginal_cost":165.9844545981,"value":165.9844545981,"DemBarE":0,"DemBarP":0,"BarRetP":0},{"id":147,"time":38,"name":"Linares154","marginal_cost":165.9844545981,"value":165.9844545981,"DemBarE":0,"DemBarP":0,"BarRetP":0},{"id":147,"time":39,"name":"Linares154","marginal_cost":165.9844545981,"value":165.9844545981,"DemBarE":0,"DemBarP":0,"BarRetP":0},{"id":147,"time":40,"name":"Linares154","marginal_cost":165.9844545981,"value":165.9844545981,"DemBarE":0,"DemBarP":0,"BarRetP":0},{"id":147,"time":41,"name":"Linares154","marginal_cost":163.186367428,"value":163.186367428,"DemBarE":0,"DemBarP":0,"BarRetP":0},{"id":147,"time":42,"name":"Linares154","marginal_cost":157.6289225447,"value":157.6289225447,"DemBarE":0,"DemBarP":0,"BarRetP":0},{"id":147,"time":43,"name":"Linares154","marginal_cost":166.2723635448,"value":166.2723635448,"DemBarE":0,"DemBarP":0,"BarRetP":0},{"id":147,"time":44,"name":"Linares154","marginal_cost":166.2723635448,"value":166.2723635448,"DemBarE":0,"DemBarP":0,"BarRetP":0},{"id":147,"time":45,"name":"Linares154","marginal_cost":166.2345881995,"value":166.2345881995,"DemBarE":0,"DemBarP":0,"BarRetP":0},{"id":147,"time":46,"name":"Linares154","marginal_cost":164.6534986633,"value":164.6534986633,"DemBarE":0,"DemBarP":0,"BarRetP":0},{"id":147,"time":47,"name":"Linares154","marginal_cost":161.6722427237,"value":161.6722427237,"DemBarE":0,"DemBarP":0,"BarRetP":0},{"id":147,"time":48,"name":"Linares154","marginal_cost":162.0325381974,"value":162.0325381974,"DemBarE":0,"DemBarP":0,"BarRetP":0},{"id":147,"time":49,"name":"Linares154","marginal_cost":154.1561425057,"value":154.1561425057,"DemBarE":0,"DemBarP":0,"BarRetP":0},{"id":147,"time":50,"name":"Linares154","marginal_cost":158.041632311,"value":158.041632311,"DemBarE":0,"DemBarP":0,"BarRetP":0},{"id":147,"time":51,"name":"Linares154","marginal_cost":158.6441637592,"value":158.6441637592,"DemBarE":0,"DemBarP":0,"BarRetP":0},{"id":147,"time":52,"name":"Linares154","marginal_cost":139.5607129726,"value":139.5607129726,"DemBarE":0,"DemBarP":0,"BarRetP":0},{"id":147,"time":53,"name":"Linares154","marginal_cost":139.5607129726,"value":139.5607129726,"DemBarE":0,"DemBarP":0,"BarRetP":0},{"id":147,"time":54,"name":"Linares154","marginal_cost":139.1603750441,"value":139.1603750441,"DemBarE":0,"DemBarP":0,"BarRetP":0},{"id":147,"time":55,"name":"Linares154","marginal_cost":140.9429881182,"value":140.9429881182,"DemBarE":0,"DemBarP":0,"BarRetP":0},{"id":147,"time":56,"name":"Linares154","marginal_cost":143.7619303704,"value":143.7619303704,"DemBarE":0,"DemBarP":0,"BarRetP":0},{"id":147,"time":57,"name":"Linares154","marginal_cost":131.0873379619,"value":131.0873379619,"DemBarE":0,"DemBarP":0,"BarRetP":0},{"id":147,"time":58,"name":"Linares154","marginal_cost":145.8092130277,"value":145.8092130277,"DemBarE":0,"DemBarP":0,"BarRetP":0},{"id":147,"time":59,"name":"Linares154","marginal_cost":113.8964910924,"value":113.8964910924,"DemBarE":0,"DemBarP":0,"BarRetP":0},{"id":147,"time":60,"name":"Linares154","marginal_cost":143.068735515,"value":143.068735515,"DemBarE":0,"DemBarP":0,"BarRetP":0},{"id":147,"time":61,"name":"Linares154","marginal_cost":141.840168693,"value":141.840168693,"DemBarE":0,"DemBarP":0,"BarRetP":0},{"id":147,"time":62,"name":"Linares154","marginal_cost":141.840168693,"value":141.840168693,"DemBarE":0,"DemBarP":0,"BarRetP":0},{"id":147,"time":63,"name":"Linares154","marginal_cost":124.2477605306,"value":124.2477605306,"DemBarE":0,"DemBarP":0,"BarRetP":0},{"id":147,"time":64,"name":"Linares154","marginal_cost":142.4319755759,"value":142.4319755759,"DemBarE":0,"DemBarP":0,"BarRetP":0},{"id":147,"time":65,"name":"Linares154","marginal_cost":140.9173295214,"value":140.9173295214,"DemBarE":0,"DemBarP":0,"BarRetP":0},{"id":147,"time":66,"name":"Linares154","marginal_cost":140.9173295214,"value":140.9173295214,"DemBarE":0,"DemBarP":0,"BarRetP":0},{"id":147,"time":67,"name":"Linares154","marginal_cost":176.6677737413,"value":176.6677737413,"DemBarE":0,"DemBarP":0,"BarRetP":0},{"id":147,"time":68,"name":"Linares154","marginal_cost":170.8399361937,"value":170.8399361937,"DemBarE":0,"DemBarP":0,"BarRetP":0},{"id":147,"time":69,"name":"Linares154","marginal_cost":170.8399361937,"value":170.8399361937,"DemBarE":0,"DemBarP":0,"BarRetP":0},{"id":147,"time":70,"name":"Linares154","marginal_cost":167.5671756555,"value":167.5671756555,"DemBarE":0,"DemBarP":0,"BarRetP":0},{"id":147,"time":71,"name":"Linares154","marginal_cost":160.0243314231,"value":160.0243314231,"DemBarE":0,"DemBarP":0,"BarRetP":0},{"id":147,"time":72,"name":"Linares154","marginal_cost":159.6473128927,"value":159.6473128927,"DemBarE":0,"DemBarP":0,"BarRetP":0},{"id":147,"time":73,"name":"Linares154","marginal_cost":160.1949473301,"value":160.1949473301,"DemBarE":0,"DemBarP":0,"BarRetP":0},{"id":147,"time":74,"name":"Linares154","marginal_cost":155.6675335374,"value":155.6675335374,"DemBarE":0,"DemBarP":0,"BarRetP":0},{"id":147,"time":75,"name":"Linares154","marginal_cost":140.9157792312,"value":140.9157792312,"DemBarE":0,"DemBarP":0,"BarRetP":0},{"id":147,"time":76,"name":"Linares154","marginal_cost":140.9157792312,"value":140.9157792312,"DemBarE":0,"DemBarP":0,"BarRetP":0},{"id":147,"time":77,"name":"Linares154","marginal_cost":140.9157792312,"value":140.9157792312,"DemBarE":0,"DemBarP":0,"BarRetP":0},{"id":147,"time":78,"name":"Linares154","marginal_cost":140.9157792312,"value":140.9157792312,"DemBarE":0,"DemBarP":0,"BarRetP":0},{"id":147,"time":79,"name":"Linares154","marginal_cost":140.9157792312,"value":140.9157792312,"DemBarE":0,"DemBarP":0,"BarRetP":0},{"id":147,"time":80,"name":"Linares154","marginal_cost":133.1222822289,"value":133.1222822289,"DemBarE":0,"DemBarP":0,"BarRetP":0},{"id":147,"time":81,"name":"Linares154","marginal_cost":133.1222822289,"value":133.1222822289,"DemBarE":0,"DemBarP":0,"BarRetP":0},{"id":147,"time":82,"name":"Linares154","marginal_cost":101.4764411965,"value":101.4764411965,"DemBarE":0,"DemBarP":0,"BarRetP":0},{"id":147,"time":83,"name":"Linares154","marginal_cost":101.4764411965,"value":101.4764411965,"DemBarE":0,"DemBarP":0,"BarRetP":0},{"id":147,"time":84,"name":"Linares154","marginal_cost":129.9138867151,"value":129.9138867151,"DemBarE":0,"DemBarP":0,"BarRetP":0},{"id":147,"time":85,"name":"Linares154","marginal_cost":129.9138867151,"value":129.9138867151,"DemBarE":0,"DemBarP":0,"BarRetP":0},{"id":147,"time":86,"name":"Linares154","marginal_cost":140.4272816137,"value":140.4272816137,"DemBarE":0,"DemBarP":0,"BarRetP":0},{"id":147,"time":87,"name":"Linares154","marginal_cost":140.4272816137,"value":140.4272816137,"DemBarE":0,"DemBarP":0,"BarRetP":0},{"id":147,"time":88,"name":"Linares154","marginal_cost":140.4272816137,"value":140.4272816137,"DemBarE":0,"DemBarP":0,"BarRetP":0},{"id":147,"time":89,"name":"Linares154","marginal_cost":140.4272816137,"value":140.4272816137,"DemBarE":0,"DemBarP":0,"BarRetP":0},{"id":147,"time":90,"name":"Linares154","marginal_cost":140.4272816137,"value":140.4272816137,"DemBarE":0,"DemBarP":0,"BarRetP":0},{"id":147,"time":91,"name":"Linares154","marginal_cost":164.6738053761,"value":164.6738053761,"DemBarE":0,"DemBarP":0,"BarRetP":0},{"id":147,"time":92,"name":"Linares154","marginal_cost":164.6738053761,"value":164.6738053761,"DemBarE":0,"DemBarP":0,"BarRetP":0},{"id":147,"time":93,"name":"Linares154","marginal_cost":166.6660788707,"value":166.6660788707,"DemBarE":0,"DemBarP":0,"BarRetP":0},{"id":147,"time":94,"name":"Linares154","marginal_cost":163.3886747299,"value":163.3886747299,"DemBarE":0,"DemBarP":0,"BarRetP":0},{"id":147,"time":95,"name":"Linares154","marginal_cost":161.8001358658,"value":161.8001358658,"DemBarE":0,"DemBarP":0,"BarRetP":0},{"id":147,"time":96,"name":"Linares154","marginal_cost":161.9510205094,"value":161.9510205094,"DemBarE":0,"DemBarP":0,"BarRetP":0},{"id":147,"time":97,"name":"Linares154","marginal_cost":161.9885285267,"value":161.9885285267,"DemBarE":0,"DemBarP":0,"BarRetP":0},{"id":147,"time":98,"name":"Linares154","marginal_cost":155.8146410144,"value":155.8146410144,"DemBarE":0,"DemBarP":0,"BarRetP":0},{"id":147,"time":99,"name":"Linares154","marginal_cost":155.023535528,"value":155.023535528,"DemBarE":0,"DemBarP":0,"BarRetP":0},{"id":147,"time":100,"name":"Linares154","marginal_cost":154.0840562966,"value":154.0840562966,"DemBarE":0,"DemBarP":0,"BarRetP":0},{"id":147,"time":101,"name":"Linares154","marginal_cost":154.0840562966,"value":154.0840562966,"DemBarE":0,"DemBarP":0,"BarRetP":0},{"id":147,"time":102,"name":"Linares154","marginal_cost":154.0840562966,"value":154.0840562966,"DemBarE":0,"DemBarP":0,"BarRetP":0},{"id":147,"time":103,"name":"Linares154","marginal_cost":161.6102123357,"value":161.6102123357,"DemBarE":0,"DemBarP":0,"BarRetP":0},{"id":147,"time":104,"name":"Linares154","marginal_cost":168.5495219843,"value":168.5495219843,"DemBarE":0,"DemBarP":0,"BarRetP":0},{"id":147,"time":105,"name":"Linares154","marginal_cost":168.5495219843,"value":168.5495219843,"DemBarE":0,"DemBarP":0,"BarRetP":0},{"id":147,"time":106,"name":"Linares154","marginal_cost":162.8492900234,"value":162.8492900234,"DemBarE":0,"DemBarP":0,"BarRetP":0},{"id":147,"time":107,"name":"Linares154","marginal_cost":163.2010820013,"value":163.2010820013,"DemBarE":0,"DemBarP":0,"BarRetP":0},{"id":147,"time":108,"name":"Linares154","marginal_cost":160.000984554,"value":160.000984554,"DemBarE":0,"DemBarP":0,"BarRetP":0},{"id":147,"time":109,"name":"Linares154","marginal_cost":160.000984554,"value":160.000984554,"DemBarE":0,"DemBarP":0,"BarRetP":0},{"id":147,"time":110,"name":"Linares154","marginal_cost":159.5690541563,"value":159.5690541563,"DemBarE":0,"DemBarP":0,"BarRetP":0},{"id":147,"time":111,"name":"Linares154","marginal_cost":160.6156214442,"value":160.6156214442,"DemBarE":0,"DemBarP":0,"BarRetP":0},{"id":147,"time":112,"name":"Linares154","marginal_cost":160.6156214442,"value":160.6156214442,"DemBarE":0,"DemBarP":0,"BarRetP":0},{"id":147,"time":113,"name":"Linares154","marginal_cost":165.1108062012,"value":165.1108062012,"DemBarE":0,"DemBarP":0,"BarRetP":0},{"id":147,"time":114,"name":"Linares154","marginal_cost":165.1108062012,"value":165.1108062012,"DemBarE":0,"DemBarP":0,"BarRetP":0},{"id":147,"time":115,"name":"Linares154","marginal_cost":165.1108062012,"value":165.1108062012,"DemBarE":0,"DemBarP":0,"BarRetP":0},{"id":147,"time":116,"name":"Linares154","marginal_cost":168.8993312718,"value":168.8993312718,"DemBarE":0,"DemBarP":0,"BarRetP":0},{"id":147,"time":117,"name":"Linares154","marginal_cost":168.8993312718,"value":168.8993312718,"DemBarE":0,"DemBarP":0,"BarRetP":0},{"id":147,"time":118,"name":"Linares154","marginal_cost":168.8993312718,"value":168.8993312718,"DemBarE":0,"DemBarP":0,"BarRetP":0},{"id":147,"time":119,"name":"Linares154","marginal_cost":168.9732920066,"value":168.9732920066,"DemBarE":0,"DemBarP":0,"BarRetP":0},{"id":147,"time":120,"name":"Linares154","marginal_cost":166.8337825637,"value":166.8337825637,"DemBarE":0,"DemBarP":0,"BarRetP":0},{"id":147,"time":121,"name":"Linares154","marginal_cost":162.1316561298,"value":162.1316561298,"DemBarE":0,"DemBarP":0,"BarRetP":0},{"id":147,"time":122,"name":"Linares154","marginal_cost":161.1785035092,"value":161.1785035092,"DemBarE":0,"DemBarP":0,"BarRetP":0},{"id":147,"time":123,"name":"Linares154","marginal_cost":156.7586054754,"value":156.7586054754,"DemBarE":0,"DemBarP":0,"BarRetP":0},{"id":147,"time":124,"name":"Linares154","marginal_cost":156.7586054754,"value":156.7586054754,"DemBarE":0,"DemBarP":0,"BarRetP":0},{"id":147,"time":125,"name":"Linares154","marginal_cost":156.7586054754,"value":156.7586054754,"DemBarE":0,"DemBarP":0,"BarRetP":0},{"id":147,"time":126,"name":"Linares154","marginal_cost":156.7586054754,"value":156.7586054754,"DemBarE":0,"DemBarP":0,"BarRetP":0},{"id":147,"time":127,"name":"Linares154","marginal_cost":165.1366127707,"value":165.1366127707,"DemBarE":0,"DemBarP":0,"BarRetP":0},{"id":147,"time":128,"name":"Linares154","marginal_cost":174.2570495214,"value":174.2570495214,"DemBarE":0,"DemBarP":0,"BarRetP":0},{"id":147,"time":129,"name":"Linares154","marginal_cost":169.1099637067,"value":169.1099637067,"DemBarE":0,"DemBarP":0,"BarRetP":0},{"id":147,"time":130,"name":"Linares154","marginal_cost":172.0316836698,"value":172.0316836698,"DemBarE":0,"DemBarP":0,"BarRetP":0},{"id":147,"time":131,"name":"Linares154","marginal_cost":170.3698087589,"value":170.3698087589,"DemBarE":0,"DemBarP":0,"BarRetP":0},{"id":147,"time":132,"name":"Linares154","marginal_cost":171.0480913609,"value":171.0480913609,"DemBarE":0,"DemBarP":0,"BarRetP":0},{"id":147,"time":133,"name":"Linares154","marginal_cost":168.4975164269,"value":168.4975164269,"DemBarE":0,"DemBarP":0,"BarRetP":0},{"id":147,"time":134,"name":"Linares154","marginal_cost":168.4975164269,"value":168.4975164269,"DemBarE":0,"DemBarP":0,"BarRetP":0},{"id":147,"time":135,"name":"Linares154","marginal_cost":168.4975164269,"value":168.4975164269,"DemBarE":0,"DemBarP":0,"BarRetP":0},{"id":147,"time":136,"name":"Linares154","marginal_cost":168.4975164269,"value":168.4975164269,"DemBarE":0,"DemBarP":0,"BarRetP":0},{"id":147,"time":137,"name":"Linares154","marginal_cost":169.9393838668,"value":169.9393838668,"DemBarE":0,"DemBarP":0,"BarRetP":0},{"id":147,"time":138,"name":"Linares154","marginal_cost":169.9393838668,"value":169.9393838668,"DemBarE":0,"DemBarP":0,"BarRetP":0},{"id":147,"time":139,"name":"Linares154","marginal_cost":169.9393838668,"value":169.9393838668,"DemBarE":0,"DemBarP":0,"BarRetP":0},{"id":147,"time":140,"name":"Linares154","marginal_cost":169.9393838668,"value":169.9393838668,"DemBarE":0,"DemBarP":0,"BarRetP":0},{"id":147,"time":141,"name":"Linares154","marginal_cost":169.9393838668,"value":169.9393838668,"DemBarE":0,"DemBarP":0,"BarRetP":0},{"id":147,"time":142,"name":"Linares154","marginal_cost":169.9393838668,"value":169.9393838668,"DemBarE":0,"DemBarP":0,"BarRetP":0},{"id":147,"time":143,"name":"Linares154","marginal_cost":168.7145795383,"value":168.7145795383,"DemBarE":0,"DemBarP":0,"BarRetP":0},{"id":147,"time":144,"name":"Linares154","marginal_cost":171.2167013493,"value":171.2167013493,"DemBarE":0,"DemBarP":0,"BarRetP":0},{"id":147,"time":145,"name":"Linares154","marginal_cost":168.1658674783,"value":168.1658674783,"DemBarE":0,"DemBarP":0,"BarRetP":0},{"id":147,"time":146,"name":"Linares154","marginal_cost":166.4445989368,"value":166.4445989368,"DemBarE":0,"DemBarP":0,"BarRetP":0},{"id":147,"time":147,"name":"Linares154","marginal_cost":162.9734629205,"value":162.9734629205,"DemBarE":0,"DemBarP":0,"BarRetP":0},{"id":147,"time":148,"name":"Linares154","marginal_cost":162.9734629205,"value":162.9734629205,"DemBarE":0,"DemBarP":0,"BarRetP":0},{"id":147,"time":149,"name":"Linares154","marginal_cost":162.9734629205,"value":162.9734629205,"DemBarE":0,"DemBarP":0,"BarRetP":0},{"id":147,"time":150,"name":"Linares154","marginal_cost":162.9734629205,"value":162.9734629205,"DemBarE":0,"DemBarP":0,"BarRetP":0},{"id":147,"time":151,"name":"Linares154","marginal_cost":168.3357954298,"value":168.3357954298,"DemBarE":0,"DemBarP":0,"BarRetP":0},{"id":147,"time":152,"name":"Linares154","marginal_cost":173.3503351964,"value":173.3503351964,"DemBarE":0,"DemBarP":0,"BarRetP":0},{"id":147,"time":153,"name":"Linares154","marginal_cost":173.3503351964,"value":173.3503351964,"DemBarE":0,"DemBarP":0,"BarRetP":0},{"id":147,"time":154,"name":"Linares154","marginal_cost":171.2019272532,"value":171.2019272532,"DemBarE":0,"DemBarP":0,"BarRetP":0},{"id":147,"time":155,"name":"Linares154","marginal_cost":171.2019272532,"value":171.2019272532,"DemBarE":0,"DemBarP":0,"BarRetP":0},{"id":147,"time":156,"name":"Linares154","marginal_cost":171.5888033496,"value":171.5888033496,"DemBarE":0,"DemBarP":0,"BarRetP":0},{"id":147,"time":157,"name":"Linares154","marginal_cost":168.5967624972,"value":168.5967624972,"DemBarE":0,"DemBarP":0,"BarRetP":0},{"id":147,"time":158,"name":"Linares154","marginal_cost":168.5967624972,"value":168.5967624972,"DemBarE":0,"DemBarP":0,"BarRetP":0},{"id":147,"time":159,"name":"Linares154","marginal_cost":168.5967624972,"value":168.5967624972,"DemBarE":0,"DemBarP":0,"BarRetP":0},{"id":147,"time":160,"name":"Linares154","marginal_cost":167.5458569224,"value":167.5458569224,"DemBarE":0,"DemBarP":0,"BarRetP":0},{"id":147,"time":161,"name":"Linares154","marginal_cost":167.5458569224,"value":167.5458569224,"DemBarE":0,"DemBarP":0,"BarRetP":0},{"id":147,"time":162,"name":"Linares154","marginal_cost":166.3091594577,"value":166.3091594577,"DemBarE":0,"DemBarP":0,"BarRetP":0},{"id":147,"time":163,"name":"Linares154","marginal_cost":172.2481944288,"value":172.2481944288,"DemBarE":0,"DemBarP":0,"BarRetP":0},{"id":147,"time":164,"name":"Linares154","marginal_cost":172.2481944288,"value":172.2481944288,"DemBarE":0,"DemBarP":0,"BarRetP":0},{"id":147,"time":165,"name":"Linares154","marginal_cost":172.2481944288,"value":172.2481944288,"DemBarE":0,"DemBarP":0,"BarRetP":0},{"id":147,"time":166,"name":"Linares154","marginal_cost":172.2481944288,"value":172.2481944288,"DemBarE":0,"DemBarP":0,"BarRetP":0},{"id":147,"time":167,"name":"Linares154","marginal_cost":171.0804004488,"value":171.0804004488,"DemBarE":0,"DemBarP":0,"BarRetP":0},{"id":147,"time":168,"name":"Linares154","marginal_cost":172.4641546596,"value":172.4641546596,"DemBarE":0,"DemBarP":0,"BarRetP":0}]