[{"id":123,"time":1,"name":"Ciruelos220","marginal_cost":152.10496284,"value":152.10496284,"DemBarE":0,"DemBarP":0,"BarRetP":0},{"id":123,"time":2,"name":"Ciruelos220","marginal_cost":152.2052809636,"value":152.2052809636,"DemBarE":0,"DemBarP":0,"BarRetP":0},{"id":123,"time":3,"name":"Ciruelos220","marginal_cost":150.2559002402,"value":150.2559002402,"DemBarE":0,"DemBarP":0,"BarRetP":0},{"id":123,"time":4,"name":"Ciruelos220","marginal_cost":148.4034641362,"value":148.4034641362,"DemBarE":0,"DemBarP":0,"BarRetP":0},{"id":123,"time":5,"name":"Ciruelos220","marginal_cost":132.8123284775,"value":132.8123284775,"DemBarE":0,"DemBarP":0,"BarRetP":0},{"id":123,"time":6,"name":"Ciruelos220","marginal_cost":117.1356375184,"value":117.1356375184,"DemBarE":0,"DemBarP":0,"BarRetP":0},{"id":123,"time":7,"name":"Ciruelos220","marginal_cost":161.0906039398,"value":161.0906039398,"DemBarE":0,"DemBarP":0,"BarRetP":0},{"id":123,"time":8,"name":"Ciruelos220","marginal_cost":170.752305487,"value":170.752305487,"DemBarE":0,"DemBarP":0,"BarRetP":0},{"id":123,"time":9,"name":"Ciruelos220","marginal_cost":186.5017175511,"value":186.5017175511,"DemBarE":0,"DemBarP":0,"BarRetP":0},{"id":123,"time":10,"name":"Ciruelos220","marginal_cost":218.3128614686,"value":218.3128614686,"DemBarE":0,"DemBarP":0,"BarRetP":0},{"id":123,"time":11,"name":"Ciruelos220","marginal_cost":219.2279755639,"value":219.2279755639,"DemBarE":0,"DemBarP":0,"BarRetP":0},{"id":123,"time":12,"name":"Ciruelos220","marginal_cost":220.0925136193,"value":220.0925136193,"DemBarE":0,"DemBarP":0,"BarRetP":0},{"id":123,"time":13,"name":"Ciruelos220","marginal_cost":221.9187886939,"value":221.9187886939,"DemBarE":0,"DemBarP":0,"BarRetP":0},{"id":123,"time":14,"name":"Ciruelos220","marginal_cost":238.0205861638,"value":238.0205861638,"DemBarE":0,"DemBarP":0,"BarRetP":0},{"id":123,"time":15,"name":"Ciruelos220","marginal_cost":219.242708408,"value":219.242708408,"DemBarE":0,"DemBarP":0,"BarRetP":0},{"id":123,"time":16,"name":"Ciruelos220","marginal_cost":218.5899553487,"value":218.5899553487,"DemBarE":0,"DemBarP":0,"BarRetP":0},{"id":123,"time":17,"name":"Ciruelos220","marginal_cost":218.8979531408,"value":218.8979531408,"DemBarE":0,"DemBarP":0,"BarRetP":0},{"id":123,"time":18,"name":"Ciruelos220","marginal_cost":217.1476542538,"value":217.1476542538,"DemBarE":0,"DemBarP":0,"BarRetP":0},{"id":123,"time":19,"name":"Ciruelos220","marginal_cost":184.9137997837,"value":184.9137997837,"DemBarE":0,"DemBarP":0,"BarRetP":0},{"id":123,"time":20,"name":"Ciruelos220","marginal_cost":186.0992632748,"value":186.0992632748,"DemBarE":0,"DemBarP":0,"BarRetP":0},{"id":123,"time":21,"name":"Ciruelos220","marginal_cost":174.0422296259,"value":174.0422296259,"DemBarE":0,"DemBarP":0,"BarRetP":0},{"id":123,"time":22,"name":"Ciruelos220","marginal_cost":170.3809732067,"value":170.3809732067,"DemBarE":0,"DemBarP":0,"BarRetP":0},{"id":123,"time":23,"name":"Ciruelos220","marginal_cost":167.7651734169,"value":167.7651734169,"DemBarE":0,"DemBarP":0,"BarRetP":0},{"id":123,"time":24,"name":"Ciruelos220","marginal_cost":166.2717823264,"value":166.2717823264,"DemBarE":0,"DemBarP":0,"BarRetP":0},{"id":123,"time":25,"name":"Ciruelos220","marginal_cost":154.5742999754,"value":154.5742999754,"DemBarE":0,"DemBarP":0,"BarRetP":0},{"id":123,"time":26,"name":"Ciruelos220","marginal_cost":154.0842322281,"value":154.0842322281,"DemBarE":0,"DemBarP":0,"BarRetP":0},{"id":123,"time":27,"name":"Ciruelos220","marginal_cost":152.2476437192,"value":152.2476437192,"DemBarE":0,"DemBarP":0,"BarRetP":0},{"id":123,"time":28,"name":"Ciruelos220","marginal_cost":150.0707213416,"value":150.0707213416,"DemBarE":0,"DemBarP":0,"BarRetP":0},{"id":123,"time":29,"name":"Ciruelos220","marginal_cost":148.5869982625,"value":148.5869982625,"DemBarE":0,"DemBarP":0,"BarRetP":0},{"id":123,"time":30,"name":"Ciruelos220","marginal_cost":149.9071086857,"value":149.9071086857,"DemBarE":0,"DemBarP":0,"BarRetP":0},{"id":123,"time":31,"name":"Ciruelos220","marginal_cost":156.2764105244,"value":156.2764105244,"DemBarE":0,"DemBarP":0,"BarRetP":0},{"id":123,"time":32,"name":"Ciruelos220","marginal_cost":166.3158440479,"value":166.3158440479,"DemBarE":0,"DemBarP":0,"BarRetP":0},{"id":123,"time":33,"name":"Ciruelos220","marginal_cost":159.413112847,"value":159.413112847,"DemBarE":0,"DemBarP":0,"BarRetP":0},{"id":123,"time":34,"name":"Ciruelos220","marginal_cost":161.0762182595,"value":161.0762182595,"DemBarE":0,"DemBarP":0,"BarRetP":0},{"id":123,"time":35,"name":"Ciruelos220","marginal_cost":160.2494996355,"value":160.2494996355,"DemBarE":0,"DemBarP":0,"BarRetP":0},{"id":123,"time":36,"name":"Ciruelos220","marginal_cost":159.8414804418,"value":159.8414804418,"DemBarE":0,"DemBarP":0,"BarRetP":0},{"id":123,"time":37,"name":"Ciruelos220","marginal_cost":153.4506033836,"value":153.4506033836,"DemBarE":0,"DemBarP":0,"BarRetP":0},{"id":123,"time":38,"name":"Ciruelos220","marginal_cost":153.4506033836,"value":153.4506033836,"DemBarE":0,"DemBarP":0,"BarRetP":0},{"id":123,"time":39,"name":"Ciruelos220","marginal_cost":153.4506033836,"value":153.4506033836,"DemBarE":0,"DemBarP":0,"BarRetP":0},{"id":123,"time":40,"name":"Ciruelos220","marginal_cost":153.4506033836,"value":153.4506033836,"DemBarE":0,"DemBarP":0,"BarRetP":0},{"id":123,"time":41,"name":"Ciruelos220","marginal_cost":150.7394622337,"value":150.7394622337,"DemBarE":0,"DemBarP":0,"BarRetP":0},{"id":123,"time":42,"name":"Ciruelos220","marginal_cost":145.2744005253,"value":145.2744005253,"DemBarE":0,"DemBarP":0,"BarRetP":0},{"id":123,"time":43,"name":"Ciruelos220","marginal_cost":144.638296017,"value":144.638296017,"DemBarE":0,"DemBarP":0,"BarRetP":0},{"id":123,"time":44,"name":"Ciruelos220","marginal_cost":144.638296017,"value":144.638296017,"DemBarE":0,"DemBarP":0,"BarRetP":0},{"id":123,"time":45,"name":"Ciruelos220","marginal_cost":141.9496473416,"value":141.9496473416,"DemBarE":0,"DemBarP":0,"BarRetP":0},{"id":123,"time":46,"name":"Ciruelos220","marginal_cost":140.1344412677,"value":140.1344412677,"DemBarE":0,"DemBarP":0,"BarRetP":0},{"id":123,"time":47,"name":"Ciruelos220","marginal_cost":102.393313713,"value":102.393313713,"DemBarE":0,"DemBarP":0,"BarRetP":0},{"id":123,"time":48,"name":"Ciruelos220","marginal_cost":124.7468373442,"value":124.7468373442,"DemBarE":0,"DemBarP":0,"BarRetP":0},{"id":123,"time":49,"name":"Ciruelos220","marginal_cost":104.7798112197,"value":104.7798112197,"DemBarE":0,"DemBarP":0,"BarRetP":0},{"id":123,"time":50,"name":"Ciruelos220","marginal_cost":137.1539258521,"value":137.1539258521,"DemBarE":0,"DemBarP":0,"BarRetP":0},{"id":123,"time":51,"name":"Ciruelos220","marginal_cost":91.1181281374,"value":91.1181281374,"DemBarE":0,"DemBarP":0,"BarRetP":0},{"id":123,"time":52,"name":"Ciruelos220","marginal_cost":62.285278601,"value":62.285278601,"DemBarE":0,"DemBarP":0,"BarRetP":0},{"id":123,"time":53,"name":"Ciruelos220","marginal_cost":62.285278601,"value":62.285278601,"DemBarE":0,"DemBarP":0,"BarRetP":0},{"id":123,"time":54,"name":"Ciruelos220","marginal_cost":37.6718954964,"value":37.6718954964,"DemBarE":0,"DemBarP":0,"BarRetP":0},{"id":123,"time":55,"name":"Ciruelos220","marginal_cost":62.9661284558,"value":62.9661284558,"DemBarE":0,"DemBarP":0,"BarRetP":0},{"id":123,"time":56,"name":"Ciruelos220","marginal_cost":125.040593422,"value":125.040593422,"DemBarE":0,"DemBarP":0,"BarRetP":0},{"id":123,"time":57,"name":"Ciruelos220","marginal_cost":117.5161332519,"value":117.5161332519,"DemBarE":0,"DemBarP":0,"BarRetP":0},{"id":123,"time":58,"name":"Ciruelos220","marginal_cost":134.3808424549,"value":134.3808424549,"DemBarE":0,"DemBarP":0,"BarRetP":0},{"id":123,"time":59,"name":"Ciruelos220","marginal_cost":108.0536971534,"value":108.0536971534,"DemBarE":0,"DemBarP":0,"BarRetP":0},{"id":123,"time":60,"name":"Ciruelos220","marginal_cost":137.8984894507,"value":137.8984894507,"DemBarE":0,"DemBarP":0,"BarRetP":0},{"id":123,"time":61,"name":"Ciruelos220","marginal_cost":135.314189597,"value":135.314189597,"DemBarE":0,"DemBarP":0,"BarRetP":0},{"id":123,"time":62,"name":"Ciruelos220","marginal_cost":135.314189597,"value":135.314189597,"DemBarE":0,"DemBarP":0,"BarRetP":0},{"id":123,"time":63,"name":"Ciruelos220","marginal_cost":120.361716523,"value":120.361716523,"DemBarE":0,"DemBarP":0,"BarRetP":0},{"id":123,"time":64,"name":"Ciruelos220","marginal_cost":138.3842625037,"value":138.3842625037,"DemBarE":0,"DemBarP":0,"BarRetP":0},{"id":123,"time":65,"name":"Ciruelos220","marginal_cost":153.2766415249,"value":153.2766415249,"DemBarE":0,"DemBarP":0,"BarRetP":0},{"id":123,"time":66,"name":"Ciruelos220","marginal_cost":153.2766415249,"value":153.2766415249,"DemBarE":0,"DemBarP":0,"BarRetP":0},{"id":123,"time":67,"name":"Ciruelos220","marginal_cost":170.9704029498,"value":170.9704029498,"DemBarE":0,"DemBarP":0,"BarRetP":0},{"id":123,"time":68,"name":"Ciruelos220","marginal_cost":163.1225163551,"value":163.1225163551,"DemBarE":0,"DemBarP":0,"BarRetP":0},{"id":123,"time":69,"name":"Ciruelos220","marginal_cost":163.1225163551,"value":163.1225163551,"DemBarE":0,"DemBarP":0,"BarRetP":0},{"id":123,"time":70,"name":"Ciruelos220","marginal_cost":160.2438115472,"value":160.2438115472,"DemBarE":0,"DemBarP":0,"BarRetP":0},{"id":123,"time":71,"name":"Ciruelos220","marginal_cost":154.6171884346,"value":154.6171884346,"DemBarE":0,"DemBarP":0,"BarRetP":0},{"id":123,"time":72,"name":"Ciruelos220","marginal_cost":152.3502367032,"value":152.3502367032,"DemBarE":0,"DemBarP":0,"BarRetP":0},{"id":123,"time":73,"name":"Ciruelos220","marginal_cost":149.6407083467,"value":149.6407083467,"DemBarE":0,"DemBarP":0,"BarRetP":0},{"id":123,"time":74,"name":"Ciruelos220","marginal_cost":144.2378646522,"value":144.2378646522,"DemBarE":0,"DemBarP":0,"BarRetP":0},{"id":123,"time":75,"name":"Ciruelos220","marginal_cost":126.9376855718,"value":126.9376855718,"DemBarE":0,"DemBarP":0,"BarRetP":0},{"id":123,"time":76,"name":"Ciruelos220","marginal_cost":126.9376855718,"value":126.9376855718,"DemBarE":0,"DemBarP":0,"BarRetP":0},{"id":123,"time":77,"name":"Ciruelos220","marginal_cost":126.9376855718,"value":126.9376855718,"DemBarE":0,"DemBarP":0,"BarRetP":0},{"id":123,"time":78,"name":"Ciruelos220","marginal_cost":126.9376855718,"value":126.9376855718,"DemBarE":0,"DemBarP":0,"BarRetP":0},{"id":123,"time":79,"name":"Ciruelos220","marginal_cost":126.9376855718,"value":126.9376855718,"DemBarE":0,"DemBarP":0,"BarRetP":0},{"id":123,"time":80,"name":"Ciruelos220","marginal_cost":116.5998900075,"value":116.5998900075,"DemBarE":0,"DemBarP":0,"BarRetP":0},{"id":123,"time":81,"name":"Ciruelos220","marginal_cost":116.5998900075,"value":116.5998900075,"DemBarE":0,"DemBarP":0,"BarRetP":0},{"id":123,"time":82,"name":"Ciruelos220","marginal_cost":91.4670095984,"value":91.4670095984,"DemBarE":0,"DemBarP":0,"BarRetP":0},{"id":123,"time":83,"name":"Ciruelos220","marginal_cost":91.4670095984,"value":91.4670095984,"DemBarE":0,"DemBarP":0,"BarRetP":0},{"id":123,"time":84,"name":"Ciruelos220","marginal_cost":119.6774619653,"value":119.6774619653,"DemBarE":0,"DemBarP":0,"BarRetP":0},{"id":123,"time":85,"name":"Ciruelos220","marginal_cost":119.6774619653,"value":119.6774619653,"DemBarE":0,"DemBarP":0,"BarRetP":0},{"id":123,"time":86,"name":"Ciruelos220","marginal_cost":134.9388759788,"value":134.9388759788,"DemBarE":0,"DemBarP":0,"BarRetP":0},{"id":123,"time":87,"name":"Ciruelos220","marginal_cost":134.9388759788,"value":134.9388759788,"DemBarE":0,"DemBarP":0,"BarRetP":0},{"id":123,"time":88,"name":"Ciruelos220","marginal_cost":134.9388759788,"value":134.9388759788,"DemBarE":0,"DemBarP":0,"BarRetP":0},{"id":123,"time":89,"name":"Ciruelos220","marginal_cost":134.9388759788,"value":134.9388759788,"DemBarE":0,"DemBarP":0,"BarRetP":0},{"id":123,"time":90,"name":"Ciruelos220","marginal_cost":134.9388759788,"value":134.9388759788,"DemBarE":0,"DemBarP":0,"BarRetP":0},{"id":123,"time":91,"name":"Ciruelos220","marginal_cost":156.5215011593,"value":156.5215011593,"DemBarE":0,"DemBarP":0,"BarRetP":0},{"id":123,"time":92,"name":"Ciruelos220","marginal_cost":156.5215011593,"value":156.5215011593,"DemBarE":0,"DemBarP":0,"BarRetP":0},{"id":123,"time":93,"name":"Ciruelos220","marginal_cost":157.4780945319,"value":157.4780945319,"DemBarE":0,"DemBarP":0,"BarRetP":0},{"id":123,"time":94,"name":"Ciruelos220","marginal_cost":156.3275370105,"value":156.3275370105,"DemBarE":0,"DemBarP":0,"BarRetP":0},{"id":123,"time":95,"name":"Ciruelos220","marginal_cost":155.5636116227,"value":155.5636116227,"DemBarE":0,"DemBarP":0,"BarRetP":0},{"id":123,"time":96,"name":"Ciruelos220","marginal_cost":153.7904628894,"value":153.7904628894,"DemBarE":0,"DemBarP":0,"BarRetP":0},{"id":123,"time":97,"name":"Ciruelos220","marginal_cost":147.9690885451,"value":147.9690885451,"DemBarE":0,"DemBarP":0,"BarRetP":0},{"id":123,"time":98,"name":"Ciruelos220","marginal_cost":145.115423914,"value":145.115423914,"DemBarE":0,"DemBarP":0,"BarRetP":0},{"id":123,"time":99,"name":"Ciruelos220","marginal_cost":145.5832564659,"value":145.5832564659,"DemBarE":0,"DemBarP":0,"BarRetP":0},{"id":123,"time":100,"name":"Ciruelos220","marginal_cost":145.9331875123,"value":145.9331875123,"DemBarE":0,"DemBarP":0,"BarRetP":0},{"id":123,"time":101,"name":"Ciruelos220","marginal_cost":145.9331875123,"value":145.9331875123,"DemBarE":0,"DemBarP":0,"BarRetP":0},{"id":123,"time":102,"name":"Ciruelos220","marginal_cost":145.9331875123,"value":145.9331875123,"DemBarE":0,"DemBarP":0,"BarRetP":0},{"id":123,"time":103,"name":"Ciruelos220","marginal_cost":156.4259361804,"value":156.4259361804,"DemBarE":0,"DemBarP":0,"BarRetP":0},{"id":123,"time":104,"name":"Ciruelos220","marginal_cost":162.9085647087,"value":162.9085647087,"DemBarE":0,"DemBarP":0,"BarRetP":0},{"id":123,"time":105,"name":"Ciruelos220","marginal_cost":162.9085647087,"value":162.9085647087,"DemBarE":0,"DemBarP":0,"BarRetP":0},{"id":123,"time":106,"name":"Ciruelos220","marginal_cost":180.6066386707,"value":180.6066386707,"DemBarE":0,"DemBarP":0,"BarRetP":0},{"id":123,"time":107,"name":"Ciruelos220","marginal_cost":187.1808588285,"value":187.1808588285,"DemBarE":0,"DemBarP":0,"BarRetP":0},{"id":123,"time":108,"name":"Ciruelos220","marginal_cost":211.1553876313,"value":211.1553876313,"DemBarE":0,"DemBarP":0,"BarRetP":0},{"id":123,"time":109,"name":"Ciruelos220","marginal_cost":211.1553876313,"value":211.1553876313,"DemBarE":0,"DemBarP":0,"BarRetP":0},{"id":123,"time":110,"name":"Ciruelos220","marginal_cost":211.4919424378,"value":211.4919424378,"DemBarE":0,"DemBarP":0,"BarRetP":0},{"id":123,"time":111,"name":"Ciruelos220","marginal_cost":211.5264660221,"value":211.5264660221,"DemBarE":0,"DemBarP":0,"BarRetP":0},{"id":123,"time":112,"name":"Ciruelos220","marginal_cost":211.5264660221,"value":211.5264660221,"DemBarE":0,"DemBarP":0,"BarRetP":0},{"id":123,"time":113,"name":"Ciruelos220","marginal_cost":163.5276022724,"value":163.5276022724,"DemBarE":0,"DemBarP":0,"BarRetP":0},{"id":123,"time":114,"name":"Ciruelos220","marginal_cost":163.5276022724,"value":163.5276022724,"DemBarE":0,"DemBarP":0,"BarRetP":0},{"id":123,"time":115,"name":"Ciruelos220","marginal_cost":163.5276022724,"value":163.5276022724,"DemBarE":0,"DemBarP":0,"BarRetP":0},{"id":123,"time":116,"name":"Ciruelos220","marginal_cost":159.080953702,"value":159.080953702,"DemBarE":0,"DemBarP":0,"BarRetP":0},{"id":123,"time":117,"name":"Ciruelos220","marginal_cost":159.080953702,"value":159.080953702,"DemBarE":0,"DemBarP":0,"BarRetP":0},{"id":123,"time":118,"name":"Ciruelos220","marginal_cost":159.080953702,"value":159.080953702,"DemBarE":0,"DemBarP":0,"BarRetP":0},{"id":123,"time":119,"name":"Ciruelos220","marginal_cost":155.0730202557,"value":155.0730202557,"DemBarE":0,"DemBarP":0,"BarRetP":0},{"id":123,"time":120,"name":"Ciruelos220","marginal_cost":149.8802172354,"value":149.8802172354,"DemBarE":0,"DemBarP":0,"BarRetP":0},{"id":123,"time":121,"name":"Ciruelos220","marginal_cost":147.9293264405,"value":147.9293264405,"DemBarE":0,"DemBarP":0,"BarRetP":0},{"id":123,"time":122,"name":"Ciruelos220","marginal_cost":147.5236475056,"value":147.5236475056,"DemBarE":0,"DemBarP":0,"BarRetP":0},{"id":123,"time":123,"name":"Ciruelos220","marginal_cost":142.6918523718,"value":142.6918523718,"DemBarE":0,"DemBarP":0,"BarRetP":0},{"id":123,"time":124,"name":"Ciruelos220","marginal_cost":142.6918523718,"value":142.6918523718,"DemBarE":0,"DemBarP":0,"BarRetP":0},{"id":123,"time":125,"name":"Ciruelos220","marginal_cost":142.6918523718,"value":142.6918523718,"DemBarE":0,"DemBarP":0,"BarRetP":0},{"id":123,"time":126,"name":"Ciruelos220","marginal_cost":142.6918523718,"value":142.6918523718,"DemBarE":0,"DemBarP":0,"BarRetP":0},{"id":123,"time":127,"name":"Ciruelos220","marginal_cost":154.3153409462,"value":154.3153409462,"DemBarE":0,"DemBarP":0,"BarRetP":0},{"id":123,"time":128,"name":"Ciruelos220","marginal_cost":164.8323670557,"value":164.8323670557,"DemBarE":0,"DemBarP":0,"BarRetP":0},{"id":123,"time":129,"name":"Ciruelos220","marginal_cost":165.0100228437,"value":165.0100228437,"DemBarE":0,"DemBarP":0,"BarRetP":0},{"id":123,"time":130,"name":"Ciruelos220","marginal_cost":211.4691481548,"value":211.4691481548,"DemBarE":0,"DemBarP":0,"BarRetP":0},{"id":123,"time":131,"name":"Ciruelos220","marginal_cost":213.5162555785,"value":213.5162555785,"DemBarE":0,"DemBarP":0,"BarRetP":0},{"id":123,"time":132,"name":"Ciruelos220","marginal_cost":211.2223028462,"value":211.2223028462,"DemBarE":0,"DemBarP":0,"BarRetP":0},{"id":123,"time":133,"name":"Ciruelos220","marginal_cost":211.7903473359,"value":211.7903473359,"DemBarE":0,"DemBarP":0,"BarRetP":0},{"id":123,"time":134,"name":"Ciruelos220","marginal_cost":211.7903473359,"value":211.7903473359,"DemBarE":0,"DemBarP":0,"BarRetP":0},{"id":123,"time":135,"name":"Ciruelos220","marginal_cost":211.7903473359,"value":211.7903473359,"DemBarE":0,"DemBarP":0,"BarRetP":0},{"id":123,"time":136,"name":"Ciruelos220","marginal_cost":211.7903473359,"value":211.7903473359,"DemBarE":0,"DemBarP":0,"BarRetP":0},{"id":123,"time":137,"name":"Ciruelos220","marginal_cost":168.0028200176,"value":168.0028200176,"DemBarE":0,"DemBarP":0,"BarRetP":0},{"id":123,"time":138,"name":"Ciruelos220","marginal_cost":168.0028200176,"value":168.0028200176,"DemBarE":0,"DemBarP":0,"BarRetP":0},{"id":123,"time":139,"name":"Ciruelos220","marginal_cost":168.0028200176,"value":168.0028200176,"DemBarE":0,"DemBarP":0,"BarRetP":0},{"id":123,"time":140,"name":"Ciruelos220","marginal_cost":168.0028200176,"value":168.0028200176,"DemBarE":0,"DemBarP":0,"BarRetP":0},{"id":123,"time":141,"name":"Ciruelos220","marginal_cost":168.0028200176,"value":168.0028200176,"DemBarE":0,"DemBarP":0,"BarRetP":0},{"id":123,"time":142,"name":"Ciruelos220","marginal_cost":168.0028200176,"value":168.0028200176,"DemBarE":0,"DemBarP":0,"BarRetP":0},{"id":123,"time":143,"name":"Ciruelos220","marginal_cost":162.8375963179,"value":162.8375963179,"DemBarE":0,"DemBarP":0,"BarRetP":0},{"id":123,"time":144,"name":"Ciruelos220","marginal_cost":162.453846418,"value":162.453846418,"DemBarE":0,"DemBarP":0,"BarRetP":0},{"id":123,"time":145,"name":"Ciruelos220","marginal_cost":160.1062726704,"value":160.1062726704,"DemBarE":0,"DemBarP":0,"BarRetP":0},{"id":123,"time":146,"name":"Ciruelos220","marginal_cost":157.1766301902,"value":157.1766301902,"DemBarE":0,"DemBarP":0,"BarRetP":0},{"id":123,"time":147,"name":"Ciruelos220","marginal_cost":152.3869042209,"value":152.3869042209,"DemBarE":0,"DemBarP":0,"BarRetP":0},{"id":123,"time":148,"name":"Ciruelos220","marginal_cost":152.3869042209,"value":152.3869042209,"DemBarE":0,"DemBarP":0,"BarRetP":0},{"id":123,"time":149,"name":"Ciruelos220","marginal_cost":152.3869042209,"value":152.3869042209,"DemBarE":0,"DemBarP":0,"BarRetP":0},{"id":123,"time":150,"name":"Ciruelos220","marginal_cost":152.3869042209,"value":152.3869042209,"DemBarE":0,"DemBarP":0,"BarRetP":0},{"id":123,"time":151,"name":"Ciruelos220","marginal_cost":159.4947376821,"value":159.4947376821,"DemBarE":0,"DemBarP":0,"BarRetP":0},{"id":123,"time":152,"name":"Ciruelos220","marginal_cost":169.3799949485,"value":169.3799949485,"DemBarE":0,"DemBarP":0,"BarRetP":0},{"id":123,"time":153,"name":"Ciruelos220","marginal_cost":169.3799949485,"value":169.3799949485,"DemBarE":0,"DemBarP":0,"BarRetP":0},{"id":123,"time":154,"name":"Ciruelos220","marginal_cost":214.8329025403,"value":214.8329025403,"DemBarE":0,"DemBarP":0,"BarRetP":0},{"id":123,"time":155,"name":"Ciruelos220","marginal_cost":214.8329025403,"value":214.8329025403,"DemBarE":0,"DemBarP":0,"BarRetP":0},{"id":123,"time":156,"name":"Ciruelos220","marginal_cost":217.612563324,"value":217.612563324,"DemBarE":0,"DemBarP":0,"BarRetP":0},{"id":123,"time":157,"name":"Ciruelos220","marginal_cost":218.5485233451,"value":218.5485233451,"DemBarE":0,"DemBarP":0,"BarRetP":0},{"id":123,"time":158,"name":"Ciruelos220","marginal_cost":218.5485233451,"value":218.5485233451,"DemBarE":0,"DemBarP":0,"BarRetP":0},{"id":123,"time":159,"name":"Ciruelos220","marginal_cost":218.5485233451,"value":218.5485233451,"DemBarE":0,"DemBarP":0,"BarRetP":0},{"id":123,"time":160,"name":"Ciruelos220","marginal_cost":212.0003873137,"value":212.0003873137,"DemBarE":0,"DemBarP":0,"BarRetP":0},{"id":123,"time":161,"name":"Ciruelos220","marginal_cost":212.0003873137,"value":212.0003873137,"DemBarE":0,"DemBarP":0,"BarRetP":0},{"id":123,"time":162,"name":"Ciruelos220","marginal_cost":222.7820136945,"value":222.7820136945,"DemBarE":0,"DemBarP":0,"BarRetP":0},{"id":123,"time":163,"name":"Ciruelos220","marginal_cost":168.969243347,"value":168.969243347,"DemBarE":0,"DemBarP":0,"BarRetP":0},{"id":123,"time":164,"name":"Ciruelos220","marginal_cost":168.969243347,"value":168.969243347,"DemBarE":0,"DemBarP":0,"BarRetP":0},{"id":123,"time":165,"name":"Ciruelos220","marginal_cost":168.969243347,"value":168.969243347,"DemBarE":0,"DemBarP":0,"BarRetP":0},{"id":123,"time":166,"name":"Ciruelos220","marginal_cost":168.969243347,"value":168.969243347,"DemBarE":0,"DemBarP":0,"BarRetP":0},{"id":123,"time":167,"name":"Ciruelos220","marginal_cost":167.6680597364,"value":167.6680597364,"DemBarE":0,"DemBarP":0,"BarRetP":0},{"id":123,"time":168,"name":"Ciruelos220","marginal_cost":164.5815752645,"value":164.5815752645,"DemBarE":0,"DemBarP":0,"BarRetP":0}]