[{"id":161,"time":1,"name":"Pachacama110","marginal_cost":157.0876747117,"value":157.0876747117,"DemBarE":0,"DemBarP":0,"BarRetP":0},{"id":161,"time":2,"name":"Pachacama110","marginal_cost":157.2291279916,"value":157.2291279916,"DemBarE":0,"DemBarP":0,"BarRetP":0},{"id":161,"time":3,"name":"Pachacama110","marginal_cost":156.1185764035,"value":156.1185764035,"DemBarE":0,"DemBarP":0,"BarRetP":0},{"id":161,"time":4,"name":"Pachacama110","marginal_cost":155.15062937,"value":155.15062937,"DemBarE":0,"DemBarP":0,"BarRetP":0},{"id":161,"time":5,"name":"Pachacama110","marginal_cost":137.4542041665,"value":137.4542041665,"DemBarE":0,"DemBarP":0,"BarRetP":0},{"id":161,"time":6,"name":"Pachacama110","marginal_cost":120.2455572508,"value":120.2455572508,"DemBarE":0,"DemBarP":0,"BarRetP":0},{"id":161,"time":7,"name":"Pachacama110","marginal_cost":164.1617227387,"value":164.1617227387,"DemBarE":0,"DemBarP":0,"BarRetP":0},{"id":161,"time":8,"name":"Pachacama110","marginal_cost":167.5850797399,"value":167.5850797399,"DemBarE":0,"DemBarP":0,"BarRetP":0},{"id":161,"time":9,"name":"Pachacama110","marginal_cost":157.0953701887,"value":157.0953701887,"DemBarE":0,"DemBarP":0,"BarRetP":0},{"id":161,"time":10,"name":"Pachacama110","marginal_cost":155.61098077,"value":155.61098077,"DemBarE":0,"DemBarP":0,"BarRetP":0},{"id":161,"time":11,"name":"Pachacama110","marginal_cost":155.5339992324,"value":155.5339992324,"DemBarE":0,"DemBarP":0,"BarRetP":0},{"id":161,"time":12,"name":"Pachacama110","marginal_cost":155.9574324733,"value":155.9574324733,"DemBarE":0,"DemBarP":0,"BarRetP":0},{"id":161,"time":13,"name":"Pachacama110","marginal_cost":155.4738792336,"value":155.4738792336,"DemBarE":0,"DemBarP":0,"BarRetP":0},{"id":161,"time":14,"name":"Pachacama110","marginal_cost":154.9267771734,"value":154.9267771734,"DemBarE":0,"DemBarP":0,"BarRetP":0},{"id":161,"time":15,"name":"Pachacama110","marginal_cost":155.3195117901,"value":155.3195117901,"DemBarE":0,"DemBarP":0,"BarRetP":0},{"id":161,"time":16,"name":"Pachacama110","marginal_cost":154.9419538707,"value":154.9419538707,"DemBarE":0,"DemBarP":0,"BarRetP":0},{"id":161,"time":17,"name":"Pachacama110","marginal_cost":155.9484529337,"value":155.9484529337,"DemBarE":0,"DemBarP":0,"BarRetP":0},{"id":161,"time":18,"name":"Pachacama110","marginal_cost":157.6021270525,"value":157.6021270525,"DemBarE":0,"DemBarP":0,"BarRetP":0},{"id":161,"time":19,"name":"Pachacama110","marginal_cost":177.6613718066,"value":177.6613718066,"DemBarE":0,"DemBarP":0,"BarRetP":0},{"id":161,"time":20,"name":"Pachacama110","marginal_cost":179.5127075411,"value":179.5127075411,"DemBarE":0,"DemBarP":0,"BarRetP":0},{"id":161,"time":21,"name":"Pachacama110","marginal_cost":170.3820706699,"value":170.3820706699,"DemBarE":0,"DemBarP":0,"BarRetP":0},{"id":161,"time":22,"name":"Pachacama110","marginal_cost":168.4613887638,"value":168.4613887638,"DemBarE":0,"DemBarP":0,"BarRetP":0},{"id":161,"time":23,"name":"Pachacama110","marginal_cost":166.1452668942,"value":166.1452668942,"DemBarE":0,"DemBarP":0,"BarRetP":0},{"id":161,"time":24,"name":"Pachacama110","marginal_cost":165.7221073274,"value":165.7221073274,"DemBarE":0,"DemBarP":0,"BarRetP":0},{"id":161,"time":25,"name":"Pachacama110","marginal_cost":156.3572632572,"value":156.3572632572,"DemBarE":0,"DemBarP":0,"BarRetP":0},{"id":161,"time":26,"name":"Pachacama110","marginal_cost":156.1867569241,"value":156.1867569241,"DemBarE":0,"DemBarP":0,"BarRetP":0},{"id":161,"time":27,"name":"Pachacama110","marginal_cost":156.0364973723,"value":156.0364973723,"DemBarE":0,"DemBarP":0,"BarRetP":0},{"id":161,"time":28,"name":"Pachacama110","marginal_cost":155.9750045059,"value":155.9750045059,"DemBarE":0,"DemBarP":0,"BarRetP":0},{"id":161,"time":29,"name":"Pachacama110","marginal_cost":154.9845250104,"value":154.9845250104,"DemBarE":0,"DemBarP":0,"BarRetP":0},{"id":161,"time":30,"name":"Pachacama110","marginal_cost":156.4217312667,"value":156.4217312667,"DemBarE":0,"DemBarP":0,"BarRetP":0},{"id":161,"time":31,"name":"Pachacama110","marginal_cost":162.143265697,"value":162.143265697,"DemBarE":0,"DemBarP":0,"BarRetP":0},{"id":161,"time":32,"name":"Pachacama110","marginal_cost":167.6132087321,"value":167.6132087321,"DemBarE":0,"DemBarP":0,"BarRetP":0},{"id":161,"time":33,"name":"Pachacama110","marginal_cost":156.217436757,"value":156.217436757,"DemBarE":0,"DemBarP":0,"BarRetP":0},{"id":161,"time":34,"name":"Pachacama110","marginal_cost":156.6683803388,"value":156.6683803388,"DemBarE":0,"DemBarP":0,"BarRetP":0},{"id":161,"time":35,"name":"Pachacama110","marginal_cost":156.7163224425,"value":156.7163224425,"DemBarE":0,"DemBarP":0,"BarRetP":0},{"id":161,"time":36,"name":"Pachacama110","marginal_cost":156.564494156,"value":156.564494156,"DemBarE":0,"DemBarP":0,"BarRetP":0},{"id":161,"time":37,"name":"Pachacama110","marginal_cost":156.0998611939,"value":156.0998611939,"DemBarE":0,"DemBarP":0,"BarRetP":0},{"id":161,"time":38,"name":"Pachacama110","marginal_cost":156.0998611939,"value":156.0998611939,"DemBarE":0,"DemBarP":0,"BarRetP":0},{"id":161,"time":39,"name":"Pachacama110","marginal_cost":156.0998611939,"value":156.0998611939,"DemBarE":0,"DemBarP":0,"BarRetP":0},{"id":161,"time":40,"name":"Pachacama110","marginal_cost":156.0998611939,"value":156.0998611939,"DemBarE":0,"DemBarP":0,"BarRetP":0},{"id":161,"time":41,"name":"Pachacama110","marginal_cost":156.373053567,"value":156.373053567,"DemBarE":0,"DemBarP":0,"BarRetP":0},{"id":161,"time":42,"name":"Pachacama110","marginal_cost":156.3728489282,"value":156.3728489282,"DemBarE":0,"DemBarP":0,"BarRetP":0},{"id":161,"time":43,"name":"Pachacama110","marginal_cost":161.9590520799,"value":161.9590520799,"DemBarE":0,"DemBarP":0,"BarRetP":0},{"id":161,"time":44,"name":"Pachacama110","marginal_cost":161.9590520799,"value":161.9590520799,"DemBarE":0,"DemBarP":0,"BarRetP":0},{"id":161,"time":45,"name":"Pachacama110","marginal_cost":161.7760908865,"value":161.7760908865,"DemBarE":0,"DemBarP":0,"BarRetP":0},{"id":161,"time":46,"name":"Pachacama110","marginal_cost":160.8512932925,"value":160.8512932925,"DemBarE":0,"DemBarP":0,"BarRetP":0},{"id":161,"time":47,"name":"Pachacama110","marginal_cost":158.5988088892,"value":158.5988088892,"DemBarE":0,"DemBarP":0,"BarRetP":0},{"id":161,"time":48,"name":"Pachacama110","marginal_cost":156.6696599189,"value":156.6696599189,"DemBarE":0,"DemBarP":0,"BarRetP":0},{"id":161,"time":49,"name":"Pachacama110","marginal_cost":148.8929048226,"value":148.8929048226,"DemBarE":0,"DemBarP":0,"BarRetP":0},{"id":161,"time":50,"name":"Pachacama110","marginal_cost":151.5648391449,"value":151.5648391449,"DemBarE":0,"DemBarP":0,"BarRetP":0},{"id":161,"time":51,"name":"Pachacama110","marginal_cost":152.5211104874,"value":152.5211104874,"DemBarE":0,"DemBarP":0,"BarRetP":0},{"id":161,"time":52,"name":"Pachacama110","marginal_cost":134.939492911,"value":134.939492911,"DemBarE":0,"DemBarP":0,"BarRetP":0},{"id":161,"time":53,"name":"Pachacama110","marginal_cost":134.939492911,"value":134.939492911,"DemBarE":0,"DemBarP":0,"BarRetP":0},{"id":161,"time":54,"name":"Pachacama110","marginal_cost":135.0877655728,"value":135.0877655728,"DemBarE":0,"DemBarP":0,"BarRetP":0},{"id":161,"time":55,"name":"Pachacama110","marginal_cost":135.758074901,"value":135.758074901,"DemBarE":0,"DemBarP":0,"BarRetP":0},{"id":161,"time":56,"name":"Pachacama110","marginal_cost":135.6480091572,"value":135.6480091572,"DemBarE":0,"DemBarP":0,"BarRetP":0},{"id":161,"time":57,"name":"Pachacama110","marginal_cost":123.487760045,"value":123.487760045,"DemBarE":0,"DemBarP":0,"BarRetP":0},{"id":161,"time":58,"name":"Pachacama110","marginal_cost":136.8284306214,"value":136.8284306214,"DemBarE":0,"DemBarP":0,"BarRetP":0},{"id":161,"time":59,"name":"Pachacama110","marginal_cost":106.5453132225,"value":106.5453132225,"DemBarE":0,"DemBarP":0,"BarRetP":0},{"id":161,"time":60,"name":"Pachacama110","marginal_cost":134.5017827168,"value":134.5017827168,"DemBarE":0,"DemBarP":0,"BarRetP":0},{"id":161,"time":61,"name":"Pachacama110","marginal_cost":133.711009175,"value":133.711009175,"DemBarE":0,"DemBarP":0,"BarRetP":0},{"id":161,"time":62,"name":"Pachacama110","marginal_cost":133.711009175,"value":133.711009175,"DemBarE":0,"DemBarP":0,"BarRetP":0},{"id":161,"time":63,"name":"Pachacama110","marginal_cost":117.6286055395,"value":117.6286055395,"DemBarE":0,"DemBarP":0,"BarRetP":0},{"id":161,"time":64,"name":"Pachacama110","marginal_cost":134.6804631882,"value":134.6804631882,"DemBarE":0,"DemBarP":0,"BarRetP":0},{"id":161,"time":65,"name":"Pachacama110","marginal_cost":135.1229139803,"value":135.1229139803,"DemBarE":0,"DemBarP":0,"BarRetP":0},{"id":161,"time":66,"name":"Pachacama110","marginal_cost":135.1229139803,"value":135.1229139803,"DemBarE":0,"DemBarP":0,"BarRetP":0},{"id":161,"time":67,"name":"Pachacama110","marginal_cost":168.058630248,"value":168.058630248,"DemBarE":0,"DemBarP":0,"BarRetP":0},{"id":161,"time":68,"name":"Pachacama110","marginal_cost":162.0844924201,"value":162.0844924201,"DemBarE":0,"DemBarP":0,"BarRetP":0},{"id":161,"time":69,"name":"Pachacama110","marginal_cost":162.0844924201,"value":162.0844924201,"DemBarE":0,"DemBarP":0,"BarRetP":0},{"id":161,"time":70,"name":"Pachacama110","marginal_cost":161.6596959108,"value":161.6596959108,"DemBarE":0,"DemBarP":0,"BarRetP":0},{"id":161,"time":71,"name":"Pachacama110","marginal_cost":154.1593267453,"value":154.1593267453,"DemBarE":0,"DemBarP":0,"BarRetP":0},{"id":161,"time":72,"name":"Pachacama110","marginal_cost":152.8048076752,"value":152.8048076752,"DemBarE":0,"DemBarP":0,"BarRetP":0},{"id":161,"time":73,"name":"Pachacama110","marginal_cost":153.0130160863,"value":153.0130160863,"DemBarE":0,"DemBarP":0,"BarRetP":0},{"id":161,"time":74,"name":"Pachacama110","marginal_cost":151.579828037,"value":151.579828037,"DemBarE":0,"DemBarP":0,"BarRetP":0},{"id":161,"time":75,"name":"Pachacama110","marginal_cost":136.1293069339,"value":136.1293069339,"DemBarE":0,"DemBarP":0,"BarRetP":0},{"id":161,"time":76,"name":"Pachacama110","marginal_cost":136.1293069339,"value":136.1293069339,"DemBarE":0,"DemBarP":0,"BarRetP":0},{"id":161,"time":77,"name":"Pachacama110","marginal_cost":136.1293069339,"value":136.1293069339,"DemBarE":0,"DemBarP":0,"BarRetP":0},{"id":161,"time":78,"name":"Pachacama110","marginal_cost":136.1293069339,"value":136.1293069339,"DemBarE":0,"DemBarP":0,"BarRetP":0},{"id":161,"time":79,"name":"Pachacama110","marginal_cost":136.1293069339,"value":136.1293069339,"DemBarE":0,"DemBarP":0,"BarRetP":0},{"id":161,"time":80,"name":"Pachacama110","marginal_cost":126.2430659704,"value":126.2430659704,"DemBarE":0,"DemBarP":0,"BarRetP":0},{"id":161,"time":81,"name":"Pachacama110","marginal_cost":126.2430659704,"value":126.2430659704,"DemBarE":0,"DemBarP":0,"BarRetP":0},{"id":161,"time":82,"name":"Pachacama110","marginal_cost":98.4259310314,"value":98.4259310314,"DemBarE":0,"DemBarP":0,"BarRetP":0},{"id":161,"time":83,"name":"Pachacama110","marginal_cost":98.4259310314,"value":98.4259310314,"DemBarE":0,"DemBarP":0,"BarRetP":0},{"id":161,"time":84,"name":"Pachacama110","marginal_cost":123.4449967328,"value":123.4449967328,"DemBarE":0,"DemBarP":0,"BarRetP":0},{"id":161,"time":85,"name":"Pachacama110","marginal_cost":123.4449967328,"value":123.4449967328,"DemBarE":0,"DemBarP":0,"BarRetP":0},{"id":161,"time":86,"name":"Pachacama110","marginal_cost":133.5285193231,"value":133.5285193231,"DemBarE":0,"DemBarP":0,"BarRetP":0},{"id":161,"time":87,"name":"Pachacama110","marginal_cost":133.5285193231,"value":133.5285193231,"DemBarE":0,"DemBarP":0,"BarRetP":0},{"id":161,"time":88,"name":"Pachacama110","marginal_cost":133.5285193231,"value":133.5285193231,"DemBarE":0,"DemBarP":0,"BarRetP":0},{"id":161,"time":89,"name":"Pachacama110","marginal_cost":133.5285193231,"value":133.5285193231,"DemBarE":0,"DemBarP":0,"BarRetP":0},{"id":161,"time":90,"name":"Pachacama110","marginal_cost":133.5285193231,"value":133.5285193231,"DemBarE":0,"DemBarP":0,"BarRetP":0},{"id":161,"time":91,"name":"Pachacama110","marginal_cost":156.0386490649,"value":156.0386490649,"DemBarE":0,"DemBarP":0,"BarRetP":0},{"id":161,"time":92,"name":"Pachacama110","marginal_cost":156.0386490649,"value":156.0386490649,"DemBarE":0,"DemBarP":0,"BarRetP":0},{"id":161,"time":93,"name":"Pachacama110","marginal_cost":158.5432094072,"value":158.5432094072,"DemBarE":0,"DemBarP":0,"BarRetP":0},{"id":161,"time":94,"name":"Pachacama110","marginal_cost":155.4904273931,"value":155.4904273931,"DemBarE":0,"DemBarP":0,"BarRetP":0},{"id":161,"time":95,"name":"Pachacama110","marginal_cost":153.9068165316,"value":153.9068165316,"DemBarE":0,"DemBarP":0,"BarRetP":0},{"id":161,"time":96,"name":"Pachacama110","marginal_cost":153.8916136474,"value":153.8916136474,"DemBarE":0,"DemBarP":0,"BarRetP":0},{"id":161,"time":97,"name":"Pachacama110","marginal_cost":153.8746806209,"value":153.8746806209,"DemBarE":0,"DemBarP":0,"BarRetP":0},{"id":161,"time":98,"name":"Pachacama110","marginal_cost":148.4923111787,"value":148.4923111787,"DemBarE":0,"DemBarP":0,"BarRetP":0},{"id":161,"time":99,"name":"Pachacama110","marginal_cost":148.0695177318,"value":148.0695177318,"DemBarE":0,"DemBarP":0,"BarRetP":0},{"id":161,"time":100,"name":"Pachacama110","marginal_cost":148.2962059123,"value":148.2962059123,"DemBarE":0,"DemBarP":0,"BarRetP":0},{"id":161,"time":101,"name":"Pachacama110","marginal_cost":148.2962059123,"value":148.2962059123,"DemBarE":0,"DemBarP":0,"BarRetP":0},{"id":161,"time":102,"name":"Pachacama110","marginal_cost":148.2962059123,"value":148.2962059123,"DemBarE":0,"DemBarP":0,"BarRetP":0},{"id":161,"time":103,"name":"Pachacama110","marginal_cost":155.9989668183,"value":155.9989668183,"DemBarE":0,"DemBarP":0,"BarRetP":0},{"id":161,"time":104,"name":"Pachacama110","marginal_cost":155.8666305805,"value":155.8666305805,"DemBarE":0,"DemBarP":0,"BarRetP":0},{"id":161,"time":105,"name":"Pachacama110","marginal_cost":155.8666305805,"value":155.8666305805,"DemBarE":0,"DemBarP":0,"BarRetP":0},{"id":161,"time":106,"name":"Pachacama110","marginal_cost":153.1366595344,"value":153.1366595344,"DemBarE":0,"DemBarP":0,"BarRetP":0},{"id":161,"time":107,"name":"Pachacama110","marginal_cost":153.1984413911,"value":153.1984413911,"DemBarE":0,"DemBarP":0,"BarRetP":0},{"id":161,"time":108,"name":"Pachacama110","marginal_cost":153.5801502259,"value":153.5801502259,"DemBarE":0,"DemBarP":0,"BarRetP":0},{"id":161,"time":109,"name":"Pachacama110","marginal_cost":153.5801502259,"value":153.5801502259,"DemBarE":0,"DemBarP":0,"BarRetP":0},{"id":161,"time":110,"name":"Pachacama110","marginal_cost":153.8672633284,"value":153.8672633284,"DemBarE":0,"DemBarP":0,"BarRetP":0},{"id":161,"time":111,"name":"Pachacama110","marginal_cost":153.8477776117,"value":153.8477776117,"DemBarE":0,"DemBarP":0,"BarRetP":0},{"id":161,"time":112,"name":"Pachacama110","marginal_cost":153.8477776117,"value":153.8477776117,"DemBarE":0,"DemBarP":0,"BarRetP":0},{"id":161,"time":113,"name":"Pachacama110","marginal_cost":157.4297145929,"value":157.4297145929,"DemBarE":0,"DemBarP":0,"BarRetP":0},{"id":161,"time":114,"name":"Pachacama110","marginal_cost":157.4297145929,"value":157.4297145929,"DemBarE":0,"DemBarP":0,"BarRetP":0},{"id":161,"time":115,"name":"Pachacama110","marginal_cost":157.4297145929,"value":157.4297145929,"DemBarE":0,"DemBarP":0,"BarRetP":0},{"id":161,"time":116,"name":"Pachacama110","marginal_cost":161.1317602838,"value":161.1317602838,"DemBarE":0,"DemBarP":0,"BarRetP":0},{"id":161,"time":117,"name":"Pachacama110","marginal_cost":161.1317602838,"value":161.1317602838,"DemBarE":0,"DemBarP":0,"BarRetP":0},{"id":161,"time":118,"name":"Pachacama110","marginal_cost":161.1317602838,"value":161.1317602838,"DemBarE":0,"DemBarP":0,"BarRetP":0},{"id":161,"time":119,"name":"Pachacama110","marginal_cost":161.010104326,"value":161.010104326,"DemBarE":0,"DemBarP":0,"BarRetP":0},{"id":161,"time":120,"name":"Pachacama110","marginal_cost":158.8655191567,"value":158.8655191567,"DemBarE":0,"DemBarP":0,"BarRetP":0},{"id":161,"time":121,"name":"Pachacama110","marginal_cost":154.7373333772,"value":154.7373333772,"DemBarE":0,"DemBarP":0,"BarRetP":0},{"id":161,"time":122,"name":"Pachacama110","marginal_cost":154.3793861371,"value":154.3793861371,"DemBarE":0,"DemBarP":0,"BarRetP":0},{"id":161,"time":123,"name":"Pachacama110","marginal_cost":150.1475794654,"value":150.1475794654,"DemBarE":0,"DemBarP":0,"BarRetP":0},{"id":161,"time":124,"name":"Pachacama110","marginal_cost":150.1475794654,"value":150.1475794654,"DemBarE":0,"DemBarP":0,"BarRetP":0},{"id":161,"time":125,"name":"Pachacama110","marginal_cost":150.1475794654,"value":150.1475794654,"DemBarE":0,"DemBarP":0,"BarRetP":0},{"id":161,"time":126,"name":"Pachacama110","marginal_cost":150.1475794654,"value":150.1475794654,"DemBarE":0,"DemBarP":0,"BarRetP":0},{"id":161,"time":127,"name":"Pachacama110","marginal_cost":156.9259911353,"value":156.9259911353,"DemBarE":0,"DemBarP":0,"BarRetP":0},{"id":161,"time":128,"name":"Pachacama110","marginal_cost":161.1544887102,"value":161.1544887102,"DemBarE":0,"DemBarP":0,"BarRetP":0},{"id":161,"time":129,"name":"Pachacama110","marginal_cost":156.7775283029,"value":156.7775283029,"DemBarE":0,"DemBarP":0,"BarRetP":0},{"id":161,"time":130,"name":"Pachacama110","marginal_cost":159.554997434,"value":159.554997434,"DemBarE":0,"DemBarP":0,"BarRetP":0},{"id":161,"time":131,"name":"Pachacama110","marginal_cost":158.6834898813,"value":158.6834898813,"DemBarE":0,"DemBarP":0,"BarRetP":0},{"id":161,"time":132,"name":"Pachacama110","marginal_cost":160.273632709,"value":160.273632709,"DemBarE":0,"DemBarP":0,"BarRetP":0},{"id":161,"time":133,"name":"Pachacama110","marginal_cost":159.5459164692,"value":159.5459164692,"DemBarE":0,"DemBarP":0,"BarRetP":0},{"id":161,"time":134,"name":"Pachacama110","marginal_cost":159.5459164692,"value":159.5459164692,"DemBarE":0,"DemBarP":0,"BarRetP":0},{"id":161,"time":135,"name":"Pachacama110","marginal_cost":159.5459164692,"value":159.5459164692,"DemBarE":0,"DemBarP":0,"BarRetP":0},{"id":161,"time":136,"name":"Pachacama110","marginal_cost":159.5459164692,"value":159.5459164692,"DemBarE":0,"DemBarP":0,"BarRetP":0},{"id":161,"time":137,"name":"Pachacama110","marginal_cost":161.9141049285,"value":161.9141049285,"DemBarE":0,"DemBarP":0,"BarRetP":0},{"id":161,"time":138,"name":"Pachacama110","marginal_cost":161.9141049285,"value":161.9141049285,"DemBarE":0,"DemBarP":0,"BarRetP":0},{"id":161,"time":139,"name":"Pachacama110","marginal_cost":161.9141049285,"value":161.9141049285,"DemBarE":0,"DemBarP":0,"BarRetP":0},{"id":161,"time":140,"name":"Pachacama110","marginal_cost":161.9141049285,"value":161.9141049285,"DemBarE":0,"DemBarP":0,"BarRetP":0},{"id":161,"time":141,"name":"Pachacama110","marginal_cost":161.9141049285,"value":161.9141049285,"DemBarE":0,"DemBarP":0,"BarRetP":0},{"id":161,"time":142,"name":"Pachacama110","marginal_cost":161.9141049285,"value":161.9141049285,"DemBarE":0,"DemBarP":0,"BarRetP":0},{"id":161,"time":143,"name":"Pachacama110","marginal_cost":161.098210142,"value":161.098210142,"DemBarE":0,"DemBarP":0,"BarRetP":0},{"id":161,"time":144,"name":"Pachacama110","marginal_cost":161.0956054928,"value":161.0956054928,"DemBarE":0,"DemBarP":0,"BarRetP":0},{"id":161,"time":145,"name":"Pachacama110","marginal_cost":158.7467360975,"value":158.7467360975,"DemBarE":0,"DemBarP":0,"BarRetP":0},{"id":161,"time":146,"name":"Pachacama110","marginal_cost":158.2288900132,"value":158.2288900132,"DemBarE":0,"DemBarP":0,"BarRetP":0},{"id":161,"time":147,"name":"Pachacama110","marginal_cost":155.5569054553,"value":155.5569054553,"DemBarE":0,"DemBarP":0,"BarRetP":0},{"id":161,"time":148,"name":"Pachacama110","marginal_cost":155.5569054553,"value":155.5569054553,"DemBarE":0,"DemBarP":0,"BarRetP":0},{"id":161,"time":149,"name":"Pachacama110","marginal_cost":155.5569054553,"value":155.5569054553,"DemBarE":0,"DemBarP":0,"BarRetP":0},{"id":161,"time":150,"name":"Pachacama110","marginal_cost":155.5569054553,"value":155.5569054553,"DemBarE":0,"DemBarP":0,"BarRetP":0},{"id":161,"time":151,"name":"Pachacama110","marginal_cost":159.5084123377,"value":159.5084123377,"DemBarE":0,"DemBarP":0,"BarRetP":0},{"id":161,"time":152,"name":"Pachacama110","marginal_cost":159.1424311832,"value":159.1424311832,"DemBarE":0,"DemBarP":0,"BarRetP":0},{"id":161,"time":153,"name":"Pachacama110","marginal_cost":159.1424311832,"value":159.1424311832,"DemBarE":0,"DemBarP":0,"BarRetP":0},{"id":161,"time":154,"name":"Pachacama110","marginal_cost":158.0237046357,"value":158.0237046357,"DemBarE":0,"DemBarP":0,"BarRetP":0},{"id":161,"time":155,"name":"Pachacama110","marginal_cost":158.0237046357,"value":158.0237046357,"DemBarE":0,"DemBarP":0,"BarRetP":0},{"id":161,"time":156,"name":"Pachacama110","marginal_cost":158.4867875153,"value":158.4867875153,"DemBarE":0,"DemBarP":0,"BarRetP":0},{"id":161,"time":157,"name":"Pachacama110","marginal_cost":158.8493145596,"value":158.8493145596,"DemBarE":0,"DemBarP":0,"BarRetP":0},{"id":161,"time":158,"name":"Pachacama110","marginal_cost":158.8493145596,"value":158.8493145596,"DemBarE":0,"DemBarP":0,"BarRetP":0},{"id":161,"time":159,"name":"Pachacama110","marginal_cost":158.8493145596,"value":158.8493145596,"DemBarE":0,"DemBarP":0,"BarRetP":0},{"id":161,"time":160,"name":"Pachacama110","marginal_cost":159.0400309662,"value":159.0400309662,"DemBarE":0,"DemBarP":0,"BarRetP":0},{"id":161,"time":161,"name":"Pachacama110","marginal_cost":159.0400309662,"value":159.0400309662,"DemBarE":0,"DemBarP":0,"BarRetP":0},{"id":161,"time":162,"name":"Pachacama110","marginal_cost":160.7246370611,"value":160.7246370611,"DemBarE":0,"DemBarP":0,"BarRetP":0},{"id":161,"time":163,"name":"Pachacama110","marginal_cost":163.457821788,"value":163.457821788,"DemBarE":0,"DemBarP":0,"BarRetP":0},{"id":161,"time":164,"name":"Pachacama110","marginal_cost":163.457821788,"value":163.457821788,"DemBarE":0,"DemBarP":0,"BarRetP":0},{"id":161,"time":165,"name":"Pachacama110","marginal_cost":163.457821788,"value":163.457821788,"DemBarE":0,"DemBarP":0,"BarRetP":0},{"id":161,"time":166,"name":"Pachacama110","marginal_cost":163.457821788,"value":163.457821788,"DemBarE":0,"DemBarP":0,"BarRetP":0},{"id":161,"time":167,"name":"Pachacama110","marginal_cost":162.0496612924,"value":162.0496612924,"DemBarE":0,"DemBarP":0,"BarRetP":0},{"id":161,"time":168,"name":"Pachacama110","marginal_cost":161.7815610295,"value":161.7815610295,"DemBarE":0,"DemBarP":0,"BarRetP":0}]