[{"id":155,"time":1,"name":"Maule154","marginal_cost":160.8896704947,"value":160.8896704947,"DemBarE":0,"DemBarP":0,"BarRetP":0},{"id":155,"time":2,"name":"Maule154","marginal_cost":161.4238717683,"value":161.4238717683,"DemBarE":0,"DemBarP":0,"BarRetP":0},{"id":155,"time":3,"name":"Maule154","marginal_cost":160.2428327861,"value":160.2428327861,"DemBarE":0,"DemBarP":0,"BarRetP":0},{"id":155,"time":4,"name":"Maule154","marginal_cost":158.9843713528,"value":158.9843713528,"DemBarE":0,"DemBarP":0,"BarRetP":0},{"id":155,"time":5,"name":"Maule154","marginal_cost":141.0280628912,"value":141.0280628912,"DemBarE":0,"DemBarP":0,"BarRetP":0},{"id":155,"time":6,"name":"Maule154","marginal_cost":123.4897095767,"value":123.4897095767,"DemBarE":0,"DemBarP":0,"BarRetP":0},{"id":155,"time":7,"name":"Maule154","marginal_cost":168.4289666098,"value":168.4289666098,"DemBarE":0,"DemBarP":0,"BarRetP":0},{"id":155,"time":8,"name":"Maule154","marginal_cost":174.8145520466,"value":174.8145520466,"DemBarE":0,"DemBarP":0,"BarRetP":0},{"id":155,"time":9,"name":"Maule154","marginal_cost":165.4967490927,"value":165.4967490927,"DemBarE":0,"DemBarP":0,"BarRetP":0},{"id":155,"time":10,"name":"Maule154","marginal_cost":164.8035553462,"value":164.8035553462,"DemBarE":0,"DemBarP":0,"BarRetP":0},{"id":155,"time":11,"name":"Maule154","marginal_cost":164.6790027896,"value":164.6790027896,"DemBarE":0,"DemBarP":0,"BarRetP":0},{"id":155,"time":12,"name":"Maule154","marginal_cost":164.4345395801,"value":164.4345395801,"DemBarE":0,"DemBarP":0,"BarRetP":0},{"id":155,"time":13,"name":"Maule154","marginal_cost":162.8211506314,"value":162.8211506314,"DemBarE":0,"DemBarP":0,"BarRetP":0},{"id":155,"time":14,"name":"Maule154","marginal_cost":161.6544345556,"value":161.6544345556,"DemBarE":0,"DemBarP":0,"BarRetP":0},{"id":155,"time":15,"name":"Maule154","marginal_cost":161.5431507743,"value":161.5431507743,"DemBarE":0,"DemBarP":0,"BarRetP":0},{"id":155,"time":16,"name":"Maule154","marginal_cost":160.9754640656,"value":160.9754640656,"DemBarE":0,"DemBarP":0,"BarRetP":0},{"id":155,"time":17,"name":"Maule154","marginal_cost":160.0076416601,"value":160.0076416601,"DemBarE":0,"DemBarP":0,"BarRetP":0},{"id":155,"time":18,"name":"Maule154","marginal_cost":157.8934011131,"value":157.8934011131,"DemBarE":0,"DemBarP":0,"BarRetP":0},{"id":155,"time":19,"name":"Maule154","marginal_cost":178.3376207043,"value":178.3376207043,"DemBarE":0,"DemBarP":0,"BarRetP":0},{"id":155,"time":20,"name":"Maule154","marginal_cost":183.2265036279,"value":183.2265036279,"DemBarE":0,"DemBarP":0,"BarRetP":0},{"id":155,"time":21,"name":"Maule154","marginal_cost":172.5669794717,"value":172.5669794717,"DemBarE":0,"DemBarP":0,"BarRetP":0},{"id":155,"time":22,"name":"Maule154","marginal_cost":170.6958661037,"value":170.6958661037,"DemBarE":0,"DemBarP":0,"BarRetP":0},{"id":155,"time":23,"name":"Maule154","marginal_cost":168.5772564097,"value":168.5772564097,"DemBarE":0,"DemBarP":0,"BarRetP":0},{"id":155,"time":24,"name":"Maule154","marginal_cost":169.6674396898,"value":169.6674396898,"DemBarE":0,"DemBarP":0,"BarRetP":0},{"id":155,"time":25,"name":"Maule154","marginal_cost":159.3906283839,"value":159.3906283839,"DemBarE":0,"DemBarP":0,"BarRetP":0},{"id":155,"time":26,"name":"Maule154","marginal_cost":159.6405086752,"value":159.6405086752,"DemBarE":0,"DemBarP":0,"BarRetP":0},{"id":155,"time":27,"name":"Maule154","marginal_cost":159.4004529869,"value":159.4004529869,"DemBarE":0,"DemBarP":0,"BarRetP":0},{"id":155,"time":28,"name":"Maule154","marginal_cost":159.7178337626,"value":159.7178337626,"DemBarE":0,"DemBarP":0,"BarRetP":0},{"id":155,"time":29,"name":"Maule154","marginal_cost":158.4780862702,"value":158.4780862702,"DemBarE":0,"DemBarP":0,"BarRetP":0},{"id":155,"time":30,"name":"Maule154","marginal_cost":160.3160693457,"value":160.3160693457,"DemBarE":0,"DemBarP":0,"BarRetP":0},{"id":155,"time":31,"name":"Maule154","marginal_cost":166.6453493397,"value":166.6453493397,"DemBarE":0,"DemBarP":0,"BarRetP":0},{"id":155,"time":32,"name":"Maule154","marginal_cost":175.5387593844,"value":175.5387593844,"DemBarE":0,"DemBarP":0,"BarRetP":0},{"id":155,"time":33,"name":"Maule154","marginal_cost":164.3869697027,"value":164.3869697027,"DemBarE":0,"DemBarP":0,"BarRetP":0},{"id":155,"time":34,"name":"Maule154","marginal_cost":164.5465140897,"value":164.5465140897,"DemBarE":0,"DemBarP":0,"BarRetP":0},{"id":155,"time":35,"name":"Maule154","marginal_cost":163.7633504172,"value":163.7633504172,"DemBarE":0,"DemBarP":0,"BarRetP":0},{"id":155,"time":36,"name":"Maule154","marginal_cost":164.4042142132,"value":164.4042142132,"DemBarE":0,"DemBarP":0,"BarRetP":0},{"id":155,"time":37,"name":"Maule154","marginal_cost":162.983369926,"value":162.983369926,"DemBarE":0,"DemBarP":0,"BarRetP":0},{"id":155,"time":38,"name":"Maule154","marginal_cost":162.983369926,"value":162.983369926,"DemBarE":0,"DemBarP":0,"BarRetP":0},{"id":155,"time":39,"name":"Maule154","marginal_cost":162.983369926,"value":162.983369926,"DemBarE":0,"DemBarP":0,"BarRetP":0},{"id":155,"time":40,"name":"Maule154","marginal_cost":162.983369926,"value":162.983369926,"DemBarE":0,"DemBarP":0,"BarRetP":0},{"id":155,"time":41,"name":"Maule154","marginal_cost":160.5696096572,"value":160.5696096572,"DemBarE":0,"DemBarP":0,"BarRetP":0},{"id":155,"time":42,"name":"Maule154","marginal_cost":155.7278714508,"value":155.7278714508,"DemBarE":0,"DemBarP":0,"BarRetP":0},{"id":155,"time":43,"name":"Maule154","marginal_cost":162.9822386337,"value":162.9822386337,"DemBarE":0,"DemBarP":0,"BarRetP":0},{"id":155,"time":44,"name":"Maule154","marginal_cost":162.9822386337,"value":162.9822386337,"DemBarE":0,"DemBarP":0,"BarRetP":0},{"id":155,"time":45,"name":"Maule154","marginal_cost":162.9971490572,"value":162.9971490572,"DemBarE":0,"DemBarP":0,"BarRetP":0},{"id":155,"time":46,"name":"Maule154","marginal_cost":161.4596334715,"value":161.4596334715,"DemBarE":0,"DemBarP":0,"BarRetP":0},{"id":155,"time":47,"name":"Maule154","marginal_cost":158.6567657843,"value":158.6567657843,"DemBarE":0,"DemBarP":0,"BarRetP":0},{"id":155,"time":48,"name":"Maule154","marginal_cost":158.537793489,"value":158.537793489,"DemBarE":0,"DemBarP":0,"BarRetP":0},{"id":155,"time":49,"name":"Maule154","marginal_cost":151.2293367888,"value":151.2293367888,"DemBarE":0,"DemBarP":0,"BarRetP":0},{"id":155,"time":50,"name":"Maule154","marginal_cost":155.1632399561,"value":155.1632399561,"DemBarE":0,"DemBarP":0,"BarRetP":0},{"id":155,"time":51,"name":"Maule154","marginal_cost":155.7025571164,"value":155.7025571164,"DemBarE":0,"DemBarP":0,"BarRetP":0},{"id":155,"time":52,"name":"Maule154","marginal_cost":137.1764159102,"value":137.1764159102,"DemBarE":0,"DemBarP":0,"BarRetP":0},{"id":155,"time":53,"name":"Maule154","marginal_cost":137.1764159102,"value":137.1764159102,"DemBarE":0,"DemBarP":0,"BarRetP":0},{"id":155,"time":54,"name":"Maule154","marginal_cost":136.9884142377,"value":136.9884142377,"DemBarE":0,"DemBarP":0,"BarRetP":0},{"id":155,"time":55,"name":"Maule154","marginal_cost":138.4945048901,"value":138.4945048901,"DemBarE":0,"DemBarP":0,"BarRetP":0},{"id":155,"time":56,"name":"Maule154","marginal_cost":140.5708268751,"value":140.5708268751,"DemBarE":0,"DemBarP":0,"BarRetP":0},{"id":155,"time":57,"name":"Maule154","marginal_cost":128.2656938353,"value":128.2656938353,"DemBarE":0,"DemBarP":0,"BarRetP":0},{"id":155,"time":58,"name":"Maule154","marginal_cost":142.7289626931,"value":142.7289626931,"DemBarE":0,"DemBarP":0,"BarRetP":0},{"id":155,"time":59,"name":"Maule154","marginal_cost":111.5074371036,"value":111.5074371036,"DemBarE":0,"DemBarP":0,"BarRetP":0},{"id":155,"time":60,"name":"Maule154","marginal_cost":140.4341078679,"value":140.4341078679,"DemBarE":0,"DemBarP":0,"BarRetP":0},{"id":155,"time":61,"name":"Maule154","marginal_cost":139.4803970655,"value":139.4803970655,"DemBarE":0,"DemBarP":0,"BarRetP":0},{"id":155,"time":62,"name":"Maule154","marginal_cost":139.4803970655,"value":139.4803970655,"DemBarE":0,"DemBarP":0,"BarRetP":0},{"id":155,"time":63,"name":"Maule154","marginal_cost":122.0558031948,"value":122.0558031948,"DemBarE":0,"DemBarP":0,"BarRetP":0},{"id":155,"time":64,"name":"Maule154","marginal_cost":139.8544871537,"value":139.8544871537,"DemBarE":0,"DemBarP":0,"BarRetP":0},{"id":155,"time":65,"name":"Maule154","marginal_cost":138.7186437936,"value":138.7186437936,"DemBarE":0,"DemBarP":0,"BarRetP":0},{"id":155,"time":66,"name":"Maule154","marginal_cost":138.7186437936,"value":138.7186437936,"DemBarE":0,"DemBarP":0,"BarRetP":0},{"id":155,"time":67,"name":"Maule154","marginal_cost":172.8087819325,"value":172.8087819325,"DemBarE":0,"DemBarP":0,"BarRetP":0},{"id":155,"time":68,"name":"Maule154","marginal_cost":166.9615927293,"value":166.9615927293,"DemBarE":0,"DemBarP":0,"BarRetP":0},{"id":155,"time":69,"name":"Maule154","marginal_cost":166.9615927293,"value":166.9615927293,"DemBarE":0,"DemBarP":0,"BarRetP":0},{"id":155,"time":70,"name":"Maule154","marginal_cost":164.1132903956,"value":164.1132903956,"DemBarE":0,"DemBarP":0,"BarRetP":0},{"id":155,"time":71,"name":"Maule154","marginal_cost":156.9469053776,"value":156.9469053776,"DemBarE":0,"DemBarP":0,"BarRetP":0},{"id":155,"time":72,"name":"Maule154","marginal_cost":156.6565400484,"value":156.6565400484,"DemBarE":0,"DemBarP":0,"BarRetP":0},{"id":155,"time":73,"name":"Maule154","marginal_cost":157.5114873191,"value":157.5114873191,"DemBarE":0,"DemBarP":0,"BarRetP":0},{"id":155,"time":74,"name":"Maule154","marginal_cost":153.4965333078,"value":153.4965333078,"DemBarE":0,"DemBarP":0,"BarRetP":0},{"id":155,"time":75,"name":"Maule154","marginal_cost":139.0722471653,"value":139.0722471653,"DemBarE":0,"DemBarP":0,"BarRetP":0},{"id":155,"time":76,"name":"Maule154","marginal_cost":139.0722471653,"value":139.0722471653,"DemBarE":0,"DemBarP":0,"BarRetP":0},{"id":155,"time":77,"name":"Maule154","marginal_cost":139.0722471653,"value":139.0722471653,"DemBarE":0,"DemBarP":0,"BarRetP":0},{"id":155,"time":78,"name":"Maule154","marginal_cost":139.0722471653,"value":139.0722471653,"DemBarE":0,"DemBarP":0,"BarRetP":0},{"id":155,"time":79,"name":"Maule154","marginal_cost":139.0722471653,"value":139.0722471653,"DemBarE":0,"DemBarP":0,"BarRetP":0},{"id":155,"time":80,"name":"Maule154","marginal_cost":130.9723559955,"value":130.9723559955,"DemBarE":0,"DemBarP":0,"BarRetP":0},{"id":155,"time":81,"name":"Maule154","marginal_cost":130.9723559955,"value":130.9723559955,"DemBarE":0,"DemBarP":0,"BarRetP":0},{"id":155,"time":82,"name":"Maule154","marginal_cost":100.012165096,"value":100.012165096,"DemBarE":0,"DemBarP":0,"BarRetP":0},{"id":155,"time":83,"name":"Maule154","marginal_cost":100.012165096,"value":100.012165096,"DemBarE":0,"DemBarP":0,"BarRetP":0},{"id":155,"time":84,"name":"Maule154","marginal_cost":128.1380218403,"value":128.1380218403,"DemBarE":0,"DemBarP":0,"BarRetP":0},{"id":155,"time":85,"name":"Maule154","marginal_cost":128.1380218403,"value":128.1380218403,"DemBarE":0,"DemBarP":0,"BarRetP":0},{"id":155,"time":86,"name":"Maule154","marginal_cost":138.7814470641,"value":138.7814470641,"DemBarE":0,"DemBarP":0,"BarRetP":0},{"id":155,"time":87,"name":"Maule154","marginal_cost":138.7814470641,"value":138.7814470641,"DemBarE":0,"DemBarP":0,"BarRetP":0},{"id":155,"time":88,"name":"Maule154","marginal_cost":138.7814470641,"value":138.7814470641,"DemBarE":0,"DemBarP":0,"BarRetP":0},{"id":155,"time":89,"name":"Maule154","marginal_cost":138.7814470641,"value":138.7814470641,"DemBarE":0,"DemBarP":0,"BarRetP":0},{"id":155,"time":90,"name":"Maule154","marginal_cost":138.7814470641,"value":138.7814470641,"DemBarE":0,"DemBarP":0,"BarRetP":0},{"id":155,"time":91,"name":"Maule154","marginal_cost":161.2521279586,"value":161.2521279586,"DemBarE":0,"DemBarP":0,"BarRetP":0},{"id":155,"time":92,"name":"Maule154","marginal_cost":161.2521279586,"value":161.2521279586,"DemBarE":0,"DemBarP":0,"BarRetP":0},{"id":155,"time":93,"name":"Maule154","marginal_cost":163.19561867,"value":163.19561867,"DemBarE":0,"DemBarP":0,"BarRetP":0},{"id":155,"time":94,"name":"Maule154","marginal_cost":159.9744392605,"value":159.9744392605,"DemBarE":0,"DemBarP":0,"BarRetP":0},{"id":155,"time":95,"name":"Maule154","marginal_cost":158.9848904482,"value":158.9848904482,"DemBarE":0,"DemBarP":0,"BarRetP":0},{"id":155,"time":96,"name":"Maule154","marginal_cost":159.2922439801,"value":159.2922439801,"DemBarE":0,"DemBarP":0,"BarRetP":0},{"id":155,"time":97,"name":"Maule154","marginal_cost":159.4072431678,"value":159.4072431678,"DemBarE":0,"DemBarP":0,"BarRetP":0},{"id":155,"time":98,"name":"Maule154","marginal_cost":153.4083578326,"value":153.4083578326,"DemBarE":0,"DemBarP":0,"BarRetP":0},{"id":155,"time":99,"name":"Maule154","marginal_cost":152.5792284592,"value":152.5792284592,"DemBarE":0,"DemBarP":0,"BarRetP":0},{"id":155,"time":100,"name":"Maule154","marginal_cost":151.9138686317,"value":151.9138686317,"DemBarE":0,"DemBarP":0,"BarRetP":0},{"id":155,"time":101,"name":"Maule154","marginal_cost":151.9138686317,"value":151.9138686317,"DemBarE":0,"DemBarP":0,"BarRetP":0},{"id":155,"time":102,"name":"Maule154","marginal_cost":151.9138686317,"value":151.9138686317,"DemBarE":0,"DemBarP":0,"BarRetP":0},{"id":155,"time":103,"name":"Maule154","marginal_cost":159.0188438495,"value":159.0188438495,"DemBarE":0,"DemBarP":0,"BarRetP":0},{"id":155,"time":104,"name":"Maule154","marginal_cost":164.7685909283,"value":164.7685909283,"DemBarE":0,"DemBarP":0,"BarRetP":0},{"id":155,"time":105,"name":"Maule154","marginal_cost":164.7685909283,"value":164.7685909283,"DemBarE":0,"DemBarP":0,"BarRetP":0},{"id":155,"time":106,"name":"Maule154","marginal_cost":159.7597395833,"value":159.7597395833,"DemBarE":0,"DemBarP":0,"BarRetP":0},{"id":155,"time":107,"name":"Maule154","marginal_cost":160.2132389555,"value":160.2132389555,"DemBarE":0,"DemBarP":0,"BarRetP":0},{"id":155,"time":108,"name":"Maule154","marginal_cost":158.4176777751,"value":158.4176777751,"DemBarE":0,"DemBarP":0,"BarRetP":0},{"id":155,"time":109,"name":"Maule154","marginal_cost":158.4176777751,"value":158.4176777751,"DemBarE":0,"DemBarP":0,"BarRetP":0},{"id":155,"time":110,"name":"Maule154","marginal_cost":158.2378553265,"value":158.2378553265,"DemBarE":0,"DemBarP":0,"BarRetP":0},{"id":155,"time":111,"name":"Maule154","marginal_cost":159.0898284298,"value":159.0898284298,"DemBarE":0,"DemBarP":0,"BarRetP":0},{"id":155,"time":112,"name":"Maule154","marginal_cost":159.0898284298,"value":159.0898284298,"DemBarE":0,"DemBarP":0,"BarRetP":0},{"id":155,"time":113,"name":"Maule154","marginal_cost":162.2548943802,"value":162.2548943802,"DemBarE":0,"DemBarP":0,"BarRetP":0},{"id":155,"time":114,"name":"Maule154","marginal_cost":162.2548943802,"value":162.2548943802,"DemBarE":0,"DemBarP":0,"BarRetP":0},{"id":155,"time":115,"name":"Maule154","marginal_cost":162.2548943802,"value":162.2548943802,"DemBarE":0,"DemBarP":0,"BarRetP":0},{"id":155,"time":116,"name":"Maule154","marginal_cost":165.5415586727,"value":165.5415586727,"DemBarE":0,"DemBarP":0,"BarRetP":0},{"id":155,"time":117,"name":"Maule154","marginal_cost":165.5415586727,"value":165.5415586727,"DemBarE":0,"DemBarP":0,"BarRetP":0},{"id":155,"time":118,"name":"Maule154","marginal_cost":165.5415586727,"value":165.5415586727,"DemBarE":0,"DemBarP":0,"BarRetP":0},{"id":155,"time":119,"name":"Maule154","marginal_cost":165.6070433392,"value":165.6070433392,"DemBarE":0,"DemBarP":0,"BarRetP":0},{"id":155,"time":120,"name":"Maule154","marginal_cost":163.3120478748,"value":163.3120478748,"DemBarE":0,"DemBarP":0,"BarRetP":0},{"id":155,"time":121,"name":"Maule154","marginal_cost":159.0131822086,"value":159.0131822086,"DemBarE":0,"DemBarP":0,"BarRetP":0},{"id":155,"time":122,"name":"Maule154","marginal_cost":158.4074103622,"value":158.4074103622,"DemBarE":0,"DemBarP":0,"BarRetP":0},{"id":155,"time":123,"name":"Maule154","marginal_cost":154.1368487552,"value":154.1368487552,"DemBarE":0,"DemBarP":0,"BarRetP":0},{"id":155,"time":124,"name":"Maule154","marginal_cost":154.1368487552,"value":154.1368487552,"DemBarE":0,"DemBarP":0,"BarRetP":0},{"id":155,"time":125,"name":"Maule154","marginal_cost":154.1368487552,"value":154.1368487552,"DemBarE":0,"DemBarP":0,"BarRetP":0},{"id":155,"time":126,"name":"Maule154","marginal_cost":154.1368487552,"value":154.1368487552,"DemBarE":0,"DemBarP":0,"BarRetP":0},{"id":155,"time":127,"name":"Maule154","marginal_cost":161.7145024897,"value":161.7145024897,"DemBarE":0,"DemBarP":0,"BarRetP":0},{"id":155,"time":128,"name":"Maule154","marginal_cost":169.8113306276,"value":169.8113306276,"DemBarE":0,"DemBarP":0,"BarRetP":0},{"id":155,"time":129,"name":"Maule154","marginal_cost":165.541565354,"value":165.541565354,"DemBarE":0,"DemBarP":0,"BarRetP":0},{"id":155,"time":130,"name":"Maule154","marginal_cost":168.424795976,"value":168.424795976,"DemBarE":0,"DemBarP":0,"BarRetP":0},{"id":155,"time":131,"name":"Maule154","marginal_cost":167.2909165221,"value":167.2909165221,"DemBarE":0,"DemBarP":0,"BarRetP":0},{"id":155,"time":132,"name":"Maule154","marginal_cost":168.0419648634,"value":168.0419648634,"DemBarE":0,"DemBarP":0,"BarRetP":0},{"id":155,"time":133,"name":"Maule154","marginal_cost":166.0974280759,"value":166.0974280759,"DemBarE":0,"DemBarP":0,"BarRetP":0},{"id":155,"time":134,"name":"Maule154","marginal_cost":166.0974280759,"value":166.0974280759,"DemBarE":0,"DemBarP":0,"BarRetP":0},{"id":155,"time":135,"name":"Maule154","marginal_cost":166.0974280759,"value":166.0974280759,"DemBarE":0,"DemBarP":0,"BarRetP":0},{"id":155,"time":136,"name":"Maule154","marginal_cost":166.0974280759,"value":166.0974280759,"DemBarE":0,"DemBarP":0,"BarRetP":0},{"id":155,"time":137,"name":"Maule154","marginal_cost":166.9143408809,"value":166.9143408809,"DemBarE":0,"DemBarP":0,"BarRetP":0},{"id":155,"time":138,"name":"Maule154","marginal_cost":166.9143408809,"value":166.9143408809,"DemBarE":0,"DemBarP":0,"BarRetP":0},{"id":155,"time":139,"name":"Maule154","marginal_cost":166.9143408809,"value":166.9143408809,"DemBarE":0,"DemBarP":0,"BarRetP":0},{"id":155,"time":140,"name":"Maule154","marginal_cost":166.9143408809,"value":166.9143408809,"DemBarE":0,"DemBarP":0,"BarRetP":0},{"id":155,"time":141,"name":"Maule154","marginal_cost":166.9143408809,"value":166.9143408809,"DemBarE":0,"DemBarP":0,"BarRetP":0},{"id":155,"time":142,"name":"Maule154","marginal_cost":166.9143408809,"value":166.9143408809,"DemBarE":0,"DemBarP":0,"BarRetP":0},{"id":155,"time":143,"name":"Maule154","marginal_cost":165.6686674042,"value":165.6686674042,"DemBarE":0,"DemBarP":0,"BarRetP":0},{"id":155,"time":144,"name":"Maule154","marginal_cost":167.6376324225,"value":167.6376324225,"DemBarE":0,"DemBarP":0,"BarRetP":0},{"id":155,"time":145,"name":"Maule154","marginal_cost":164.9592979888,"value":164.9592979888,"DemBarE":0,"DemBarP":0,"BarRetP":0},{"id":155,"time":146,"name":"Maule154","marginal_cost":163.6005016572,"value":163.6005016572,"DemBarE":0,"DemBarP":0,"BarRetP":0},{"id":155,"time":147,"name":"Maule154","marginal_cost":160.2540840794,"value":160.2540840794,"DemBarE":0,"DemBarP":0,"BarRetP":0},{"id":155,"time":148,"name":"Maule154","marginal_cost":160.2540840794,"value":160.2540840794,"DemBarE":0,"DemBarP":0,"BarRetP":0},{"id":155,"time":149,"name":"Maule154","marginal_cost":160.2540840794,"value":160.2540840794,"DemBarE":0,"DemBarP":0,"BarRetP":0},{"id":155,"time":150,"name":"Maule154","marginal_cost":160.2540840794,"value":160.2540840794,"DemBarE":0,"DemBarP":0,"BarRetP":0},{"id":155,"time":151,"name":"Maule154","marginal_cost":164.8533164891,"value":164.8533164891,"DemBarE":0,"DemBarP":0,"BarRetP":0},{"id":155,"time":152,"name":"Maule154","marginal_cost":169.2886469874,"value":169.2886469874,"DemBarE":0,"DemBarP":0,"BarRetP":0},{"id":155,"time":153,"name":"Maule154","marginal_cost":169.2886469874,"value":169.2886469874,"DemBarE":0,"DemBarP":0,"BarRetP":0},{"id":155,"time":154,"name":"Maule154","marginal_cost":167.4312982511,"value":167.4312982511,"DemBarE":0,"DemBarP":0,"BarRetP":0},{"id":155,"time":155,"name":"Maule154","marginal_cost":167.4312982511,"value":167.4312982511,"DemBarE":0,"DemBarP":0,"BarRetP":0},{"id":155,"time":156,"name":"Maule154","marginal_cost":167.8503861598,"value":167.8503861598,"DemBarE":0,"DemBarP":0,"BarRetP":0},{"id":155,"time":157,"name":"Maule154","marginal_cost":166.0165094469,"value":166.0165094469,"DemBarE":0,"DemBarP":0,"BarRetP":0},{"id":155,"time":158,"name":"Maule154","marginal_cost":166.0165094469,"value":166.0165094469,"DemBarE":0,"DemBarP":0,"BarRetP":0},{"id":155,"time":159,"name":"Maule154","marginal_cost":166.0165094469,"value":166.0165094469,"DemBarE":0,"DemBarP":0,"BarRetP":0},{"id":155,"time":160,"name":"Maule154","marginal_cost":165.3302133916,"value":165.3302133916,"DemBarE":0,"DemBarP":0,"BarRetP":0},{"id":155,"time":161,"name":"Maule154","marginal_cost":165.3302133916,"value":165.3302133916,"DemBarE":0,"DemBarP":0,"BarRetP":0},{"id":155,"time":162,"name":"Maule154","marginal_cost":164.33380721,"value":164.33380721,"DemBarE":0,"DemBarP":0,"BarRetP":0},{"id":155,"time":163,"name":"Maule154","marginal_cost":168.9019051554,"value":168.9019051554,"DemBarE":0,"DemBarP":0,"BarRetP":0},{"id":155,"time":164,"name":"Maule154","marginal_cost":168.9019051554,"value":168.9019051554,"DemBarE":0,"DemBarP":0,"BarRetP":0},{"id":155,"time":165,"name":"Maule154","marginal_cost":168.9019051554,"value":168.9019051554,"DemBarE":0,"DemBarP":0,"BarRetP":0},{"id":155,"time":166,"name":"Maule154","marginal_cost":168.9019051554,"value":168.9019051554,"DemBarE":0,"DemBarP":0,"BarRetP":0},{"id":155,"time":167,"name":"Maule154","marginal_cost":168.0125065131,"value":168.0125065131,"DemBarE":0,"DemBarP":0,"BarRetP":0},{"id":155,"time":168,"name":"Maule154","marginal_cost":168.8668033416,"value":168.8668033416,"DemBarE":0,"DemBarP":0,"BarRetP":0}]