[{"id":2,"time":1,"name":"Andes220","marginal_cost":132.7167422537,"value":132.7167422537,"DemBarE":0,"DemBarP":0,"BarRetP":0},{"id":2,"time":2,"name":"Andes220","marginal_cost":129.2701575611,"value":129.2701575611,"DemBarE":0,"DemBarP":0,"BarRetP":0},{"id":2,"time":3,"name":"Andes220","marginal_cost":130.3891120174,"value":130.3891120174,"DemBarE":0,"DemBarP":0,"BarRetP":0},{"id":2,"time":4,"name":"Andes220","marginal_cost":131.1236928796,"value":131.1236928796,"DemBarE":0,"DemBarP":0,"BarRetP":0},{"id":2,"time":5,"name":"Andes220","marginal_cost":131.3019933688,"value":131.3019933688,"DemBarE":0,"DemBarP":0,"BarRetP":0},{"id":2,"time":6,"name":"Andes220","marginal_cost":97.0843236351,"value":97.0843236351,"DemBarE":0,"DemBarP":0,"BarRetP":0},{"id":2,"time":7,"name":"Andes220","marginal_cost":132.1802431874,"value":132.1802431874,"DemBarE":0,"DemBarP":0,"BarRetP":0},{"id":2,"time":8,"name":"Andes220","marginal_cost":158.2704785545,"value":158.2704785545,"DemBarE":0,"DemBarP":0,"BarRetP":0},{"id":2,"time":9,"name":"Andes220","marginal_cost":114.4090735262,"value":114.4090735262,"DemBarE":0,"DemBarP":0,"BarRetP":0},{"id":2,"time":10,"name":"Andes220","marginal_cost":79.468271417,"value":79.468271417,"DemBarE":0,"DemBarP":0,"BarRetP":0},{"id":2,"time":11,"name":"Andes220","marginal_cost":76.3338284243,"value":76.3338284243,"DemBarE":0,"DemBarP":0,"BarRetP":0},{"id":2,"time":12,"name":"Andes220","marginal_cost":67.4309852686,"value":67.4309852686,"DemBarE":0,"DemBarP":0,"BarRetP":0},{"id":2,"time":13,"name":"Andes220","marginal_cost":46.143454807,"value":46.143454807,"DemBarE":0,"DemBarP":0,"BarRetP":0},{"id":2,"time":14,"name":"Andes220","marginal_cost":-1.8399950204,"value":-1.8399950204,"DemBarE":0,"DemBarP":0,"BarRetP":0},{"id":2,"time":15,"name":"Andes220","marginal_cost":-1.5107897293,"value":-1.5107897293,"DemBarE":0,"DemBarP":0,"BarRetP":0},{"id":2,"time":16,"name":"Andes220","marginal_cost":-1.5120824045,"value":-1.5120824045,"DemBarE":0,"DemBarP":0,"BarRetP":0},{"id":2,"time":17,"name":"Andes220","marginal_cost":98.0578944382,"value":98.0578944382,"DemBarE":0,"DemBarP":0,"BarRetP":0},{"id":2,"time":18,"name":"Andes220","marginal_cost":133.8695893519,"value":133.8695893519,"DemBarE":0,"DemBarP":0,"BarRetP":0},{"id":2,"time":19,"name":"Andes220","marginal_cost":169.2431061387,"value":169.2431061387,"DemBarE":0,"DemBarP":0,"BarRetP":0},{"id":2,"time":20,"name":"Andes220","marginal_cost":169.8985621826,"value":169.8985621826,"DemBarE":0,"DemBarP":0,"BarRetP":0},{"id":2,"time":21,"name":"Andes220","marginal_cost":165.3160317423,"value":165.3160317423,"DemBarE":0,"DemBarP":0,"BarRetP":0},{"id":2,"time":22,"name":"Andes220","marginal_cost":158.6693158125,"value":158.6693158125,"DemBarE":0,"DemBarP":0,"BarRetP":0},{"id":2,"time":23,"name":"Andes220","marginal_cost":155.9584336127,"value":155.9584336127,"DemBarE":0,"DemBarP":0,"BarRetP":0},{"id":2,"time":24,"name":"Andes220","marginal_cost":155.1926102154,"value":155.1926102154,"DemBarE":0,"DemBarP":0,"BarRetP":0},{"id":2,"time":25,"name":"Andes220","marginal_cost":155.3898665635,"value":155.3898665635,"DemBarE":0,"DemBarP":0,"BarRetP":0},{"id":2,"time":26,"name":"Andes220","marginal_cost":153.3912952768,"value":153.3912952768,"DemBarE":0,"DemBarP":0,"BarRetP":0},{"id":2,"time":27,"name":"Andes220","marginal_cost":154.2410647122,"value":154.2410647122,"DemBarE":0,"DemBarP":0,"BarRetP":0},{"id":2,"time":28,"name":"Andes220","marginal_cost":154.2436883841,"value":154.2436883841,"DemBarE":0,"DemBarP":0,"BarRetP":0},{"id":2,"time":29,"name":"Andes220","marginal_cost":152.9077969282,"value":152.9077969282,"DemBarE":0,"DemBarP":0,"BarRetP":0},{"id":2,"time":30,"name":"Andes220","marginal_cost":153.5881534471,"value":153.5881534471,"DemBarE":0,"DemBarP":0,"BarRetP":0},{"id":2,"time":31,"name":"Andes220","marginal_cost":161.3264488174,"value":161.3264488174,"DemBarE":0,"DemBarP":0,"BarRetP":0},{"id":2,"time":32,"name":"Andes220","marginal_cost":156.9769982112,"value":156.9769982112,"DemBarE":0,"DemBarP":0,"BarRetP":0},{"id":2,"time":33,"name":"Andes220","marginal_cost":126.8981592834,"value":126.8981592834,"DemBarE":0,"DemBarP":0,"BarRetP":0},{"id":2,"time":34,"name":"Andes220","marginal_cost":86.3094877463,"value":86.3094877463,"DemBarE":0,"DemBarP":0,"BarRetP":0},{"id":2,"time":35,"name":"Andes220","marginal_cost":82.6636065334,"value":82.6636065334,"DemBarE":0,"DemBarP":0,"BarRetP":0},{"id":2,"time":36,"name":"Andes220","marginal_cost":82.758134279,"value":82.758134279,"DemBarE":0,"DemBarP":0,"BarRetP":0},{"id":2,"time":37,"name":"Andes220","marginal_cost":81.232935437,"value":81.232935437,"DemBarE":0,"DemBarP":0,"BarRetP":0},{"id":2,"time":38,"name":"Andes220","marginal_cost":81.232935437,"value":81.232935437,"DemBarE":0,"DemBarP":0,"BarRetP":0},{"id":2,"time":39,"name":"Andes220","marginal_cost":81.232935437,"value":81.232935437,"DemBarE":0,"DemBarP":0,"BarRetP":0},{"id":2,"time":40,"name":"Andes220","marginal_cost":81.232935437,"value":81.232935437,"DemBarE":0,"DemBarP":0,"BarRetP":0},{"id":2,"time":41,"name":"Andes220","marginal_cost":100.8142989163,"value":100.8142989163,"DemBarE":0,"DemBarP":0,"BarRetP":0},{"id":2,"time":42,"name":"Andes220","marginal_cost":136.95884205,"value":136.95884205,"DemBarE":0,"DemBarP":0,"BarRetP":0},{"id":2,"time":43,"name":"Andes220","marginal_cost":160.1691539048,"value":160.1691539048,"DemBarE":0,"DemBarP":0,"BarRetP":0},{"id":2,"time":44,"name":"Andes220","marginal_cost":160.1691539048,"value":160.1691539048,"DemBarE":0,"DemBarP":0,"BarRetP":0},{"id":2,"time":45,"name":"Andes220","marginal_cost":161.5417689462,"value":161.5417689462,"DemBarE":0,"DemBarP":0,"BarRetP":0},{"id":2,"time":46,"name":"Andes220","marginal_cost":160.640006826,"value":160.640006826,"DemBarE":0,"DemBarP":0,"BarRetP":0},{"id":2,"time":47,"name":"Andes220","marginal_cost":157.3262566876,"value":157.3262566876,"DemBarE":0,"DemBarP":0,"BarRetP":0},{"id":2,"time":48,"name":"Andes220","marginal_cost":154.5873198725,"value":154.5873198725,"DemBarE":0,"DemBarP":0,"BarRetP":0},{"id":2,"time":49,"name":"Andes220","marginal_cost":147.9056263756,"value":147.9056263756,"DemBarE":0,"DemBarP":0,"BarRetP":0},{"id":2,"time":50,"name":"Andes220","marginal_cost":150.5789125396,"value":150.5789125396,"DemBarE":0,"DemBarP":0,"BarRetP":0},{"id":2,"time":51,"name":"Andes220","marginal_cost":152.6914164012,"value":152.6914164012,"DemBarE":0,"DemBarP":0,"BarRetP":0},{"id":2,"time":52,"name":"Andes220","marginal_cost":136.9606039366,"value":136.9606039366,"DemBarE":0,"DemBarP":0,"BarRetP":0},{"id":2,"time":53,"name":"Andes220","marginal_cost":136.9606039366,"value":136.9606039366,"DemBarE":0,"DemBarP":0,"BarRetP":0},{"id":2,"time":54,"name":"Andes220","marginal_cost":135.7104928027,"value":135.7104928027,"DemBarE":0,"DemBarP":0,"BarRetP":0},{"id":2,"time":55,"name":"Andes220","marginal_cost":135.1066521684,"value":135.1066521684,"DemBarE":0,"DemBarP":0,"BarRetP":0},{"id":2,"time":56,"name":"Andes220","marginal_cost":130.9416891067,"value":130.9416891067,"DemBarE":0,"DemBarP":0,"BarRetP":0},{"id":2,"time":57,"name":"Andes220","marginal_cost":106.1974525326,"value":106.1974525326,"DemBarE":0,"DemBarP":0,"BarRetP":0},{"id":2,"time":58,"name":"Andes220","marginal_cost":83.7954089314,"value":83.7954089314,"DemBarE":0,"DemBarP":0,"BarRetP":0},{"id":2,"time":59,"name":"Andes220","marginal_cost":82.1960178805,"value":82.1960178805,"DemBarE":0,"DemBarP":0,"BarRetP":0},{"id":2,"time":60,"name":"Andes220","marginal_cost":81.4822866421,"value":81.4822866421,"DemBarE":0,"DemBarP":0,"BarRetP":0},{"id":2,"time":61,"name":"Andes220","marginal_cost":-2.159952464,"value":-2.159952464,"DemBarE":0,"DemBarP":0,"BarRetP":0},{"id":2,"time":62,"name":"Andes220","marginal_cost":-2.159952464,"value":-2.159952464,"DemBarE":0,"DemBarP":0,"BarRetP":0},{"id":2,"time":63,"name":"Andes220","marginal_cost":-1.8383685803,"value":-1.8383685803,"DemBarE":0,"DemBarP":0,"BarRetP":0},{"id":2,"time":64,"name":"Andes220","marginal_cost":-1.2498787225,"value":-1.2498787225,"DemBarE":0,"DemBarP":0,"BarRetP":0},{"id":2,"time":65,"name":"Andes220","marginal_cost":115.4772750367,"value":115.4772750367,"DemBarE":0,"DemBarP":0,"BarRetP":0},{"id":2,"time":66,"name":"Andes220","marginal_cost":115.4772750367,"value":115.4772750367,"DemBarE":0,"DemBarP":0,"BarRetP":0},{"id":2,"time":67,"name":"Andes220","marginal_cost":161.1616911252,"value":161.1616911252,"DemBarE":0,"DemBarP":0,"BarRetP":0},{"id":2,"time":68,"name":"Andes220","marginal_cost":157.1836083856,"value":157.1836083856,"DemBarE":0,"DemBarP":0,"BarRetP":0},{"id":2,"time":69,"name":"Andes220","marginal_cost":157.1836083856,"value":157.1836083856,"DemBarE":0,"DemBarP":0,"BarRetP":0},{"id":2,"time":70,"name":"Andes220","marginal_cost":157.9645752921,"value":157.9645752921,"DemBarE":0,"DemBarP":0,"BarRetP":0},{"id":2,"time":71,"name":"Andes220","marginal_cost":150.3387489468,"value":150.3387489468,"DemBarE":0,"DemBarP":0,"BarRetP":0},{"id":2,"time":72,"name":"Andes220","marginal_cost":148.5016663009,"value":148.5016663009,"DemBarE":0,"DemBarP":0,"BarRetP":0},{"id":2,"time":73,"name":"Andes220","marginal_cost":147.1457465102,"value":147.1457465102,"DemBarE":0,"DemBarP":0,"BarRetP":0},{"id":2,"time":74,"name":"Andes220","marginal_cost":147.4915245473,"value":147.4915245473,"DemBarE":0,"DemBarP":0,"BarRetP":0},{"id":2,"time":75,"name":"Andes220","marginal_cost":134.8544712905,"value":134.8544712905,"DemBarE":0,"DemBarP":0,"BarRetP":0},{"id":2,"time":76,"name":"Andes220","marginal_cost":134.8544712905,"value":134.8544712905,"DemBarE":0,"DemBarP":0,"BarRetP":0},{"id":2,"time":77,"name":"Andes220","marginal_cost":134.8544712905,"value":134.8544712905,"DemBarE":0,"DemBarP":0,"BarRetP":0},{"id":2,"time":78,"name":"Andes220","marginal_cost":134.8544712905,"value":134.8544712905,"DemBarE":0,"DemBarP":0,"BarRetP":0},{"id":2,"time":79,"name":"Andes220","marginal_cost":134.8544712905,"value":134.8544712905,"DemBarE":0,"DemBarP":0,"BarRetP":0},{"id":2,"time":80,"name":"Andes220","marginal_cost":123.3267492889,"value":123.3267492889,"DemBarE":0,"DemBarP":0,"BarRetP":0},{"id":2,"time":81,"name":"Andes220","marginal_cost":123.3267492889,"value":123.3267492889,"DemBarE":0,"DemBarP":0,"BarRetP":0},{"id":2,"time":82,"name":"Andes220","marginal_cost":82.739014721,"value":82.739014721,"DemBarE":0,"DemBarP":0,"BarRetP":0},{"id":2,"time":83,"name":"Andes220","marginal_cost":82.739014721,"value":82.739014721,"DemBarE":0,"DemBarP":0,"BarRetP":0},{"id":2,"time":84,"name":"Andes220","marginal_cost":78.8848115259,"value":78.8848115259,"DemBarE":0,"DemBarP":0,"BarRetP":0},{"id":2,"time":85,"name":"Andes220","marginal_cost":78.8848115259,"value":78.8848115259,"DemBarE":0,"DemBarP":0,"BarRetP":0},{"id":2,"time":86,"name":"Andes220","marginal_cost":81.680655374,"value":81.680655374,"DemBarE":0,"DemBarP":0,"BarRetP":0},{"id":2,"time":87,"name":"Andes220","marginal_cost":81.680655374,"value":81.680655374,"DemBarE":0,"DemBarP":0,"BarRetP":0},{"id":2,"time":88,"name":"Andes220","marginal_cost":81.680655374,"value":81.680655374,"DemBarE":0,"DemBarP":0,"BarRetP":0},{"id":2,"time":89,"name":"Andes220","marginal_cost":81.680655374,"value":81.680655374,"DemBarE":0,"DemBarP":0,"BarRetP":0},{"id":2,"time":90,"name":"Andes220","marginal_cost":81.680655374,"value":81.680655374,"DemBarE":0,"DemBarP":0,"BarRetP":0},{"id":2,"time":91,"name":"Andes220","marginal_cost":145.357258854,"value":145.357258854,"DemBarE":0,"DemBarP":0,"BarRetP":0},{"id":2,"time":92,"name":"Andes220","marginal_cost":145.357258854,"value":145.357258854,"DemBarE":0,"DemBarP":0,"BarRetP":0},{"id":2,"time":93,"name":"Andes220","marginal_cost":149.0580564542,"value":149.0580564542,"DemBarE":0,"DemBarP":0,"BarRetP":0},{"id":2,"time":94,"name":"Andes220","marginal_cost":147.4653406182,"value":147.4653406182,"DemBarE":0,"DemBarP":0,"BarRetP":0},{"id":2,"time":95,"name":"Andes220","marginal_cost":146.3046666317,"value":146.3046666317,"DemBarE":0,"DemBarP":0,"BarRetP":0},{"id":2,"time":96,"name":"Andes220","marginal_cost":146.8687742372,"value":146.8687742372,"DemBarE":0,"DemBarP":0,"BarRetP":0},{"id":2,"time":97,"name":"Andes220","marginal_cost":147.4496418886,"value":147.4496418886,"DemBarE":0,"DemBarP":0,"BarRetP":0},{"id":2,"time":98,"name":"Andes220","marginal_cost":144.2666217025,"value":144.2666217025,"DemBarE":0,"DemBarP":0,"BarRetP":0},{"id":2,"time":99,"name":"Andes220","marginal_cost":146.7584125287,"value":146.7584125287,"DemBarE":0,"DemBarP":0,"BarRetP":0},{"id":2,"time":100,"name":"Andes220","marginal_cost":147.7729127862,"value":147.7729127862,"DemBarE":0,"DemBarP":0,"BarRetP":0},{"id":2,"time":101,"name":"Andes220","marginal_cost":147.7729127862,"value":147.7729127862,"DemBarE":0,"DemBarP":0,"BarRetP":0},{"id":2,"time":102,"name":"Andes220","marginal_cost":147.7729127862,"value":147.7729127862,"DemBarE":0,"DemBarP":0,"BarRetP":0},{"id":2,"time":103,"name":"Andes220","marginal_cost":149.0649474371,"value":149.0649474371,"DemBarE":0,"DemBarP":0,"BarRetP":0},{"id":2,"time":104,"name":"Andes220","marginal_cost":128.84036813,"value":128.84036813,"DemBarE":0,"DemBarP":0,"BarRetP":0},{"id":2,"time":105,"name":"Andes220","marginal_cost":128.84036813,"value":128.84036813,"DemBarE":0,"DemBarP":0,"BarRetP":0},{"id":2,"time":106,"name":"Andes220","marginal_cost":84.8519947108,"value":84.8519947108,"DemBarE":0,"DemBarP":0,"BarRetP":0},{"id":2,"time":107,"name":"Andes220","marginal_cost":84.765838384,"value":84.765838384,"DemBarE":0,"DemBarP":0,"BarRetP":0},{"id":2,"time":108,"name":"Andes220","marginal_cost":84.1484301103,"value":84.1484301103,"DemBarE":0,"DemBarP":0,"BarRetP":0},{"id":2,"time":109,"name":"Andes220","marginal_cost":84.1484301103,"value":84.1484301103,"DemBarE":0,"DemBarP":0,"BarRetP":0},{"id":2,"time":110,"name":"Andes220","marginal_cost":84.3166199285,"value":84.3166199285,"DemBarE":0,"DemBarP":0,"BarRetP":0},{"id":2,"time":111,"name":"Andes220","marginal_cost":84.1428097713,"value":84.1428097713,"DemBarE":0,"DemBarP":0,"BarRetP":0},{"id":2,"time":112,"name":"Andes220","marginal_cost":84.1428097713,"value":84.1428097713,"DemBarE":0,"DemBarP":0,"BarRetP":0},{"id":2,"time":113,"name":"Andes220","marginal_cost":130.8947946829,"value":130.8947946829,"DemBarE":0,"DemBarP":0,"BarRetP":0},{"id":2,"time":114,"name":"Andes220","marginal_cost":130.8947946829,"value":130.8947946829,"DemBarE":0,"DemBarP":0,"BarRetP":0},{"id":2,"time":115,"name":"Andes220","marginal_cost":130.8947946829,"value":130.8947946829,"DemBarE":0,"DemBarP":0,"BarRetP":0},{"id":2,"time":116,"name":"Andes220","marginal_cost":152.3601634741,"value":152.3601634741,"DemBarE":0,"DemBarP":0,"BarRetP":0},{"id":2,"time":117,"name":"Andes220","marginal_cost":152.3601634741,"value":152.3601634741,"DemBarE":0,"DemBarP":0,"BarRetP":0},{"id":2,"time":118,"name":"Andes220","marginal_cost":152.3601634741,"value":152.3601634741,"DemBarE":0,"DemBarP":0,"BarRetP":0},{"id":2,"time":119,"name":"Andes220","marginal_cost":152.7630333811,"value":152.7630333811,"DemBarE":0,"DemBarP":0,"BarRetP":0},{"id":2,"time":120,"name":"Andes220","marginal_cost":149.6905600687,"value":149.6905600687,"DemBarE":0,"DemBarP":0,"BarRetP":0},{"id":2,"time":121,"name":"Andes220","marginal_cost":150.2005946042,"value":150.2005946042,"DemBarE":0,"DemBarP":0,"BarRetP":0},{"id":2,"time":122,"name":"Andes220","marginal_cost":150.6210739332,"value":150.6210739332,"DemBarE":0,"DemBarP":0,"BarRetP":0},{"id":2,"time":123,"name":"Andes220","marginal_cost":143.8192062808,"value":143.8192062808,"DemBarE":0,"DemBarP":0,"BarRetP":0},{"id":2,"time":124,"name":"Andes220","marginal_cost":143.8192062808,"value":143.8192062808,"DemBarE":0,"DemBarP":0,"BarRetP":0},{"id":2,"time":125,"name":"Andes220","marginal_cost":143.8192062808,"value":143.8192062808,"DemBarE":0,"DemBarP":0,"BarRetP":0},{"id":2,"time":126,"name":"Andes220","marginal_cost":143.8192062808,"value":143.8192062808,"DemBarE":0,"DemBarP":0,"BarRetP":0},{"id":2,"time":127,"name":"Andes220","marginal_cost":145.3752092663,"value":145.3752092663,"DemBarE":0,"DemBarP":0,"BarRetP":0},{"id":2,"time":128,"name":"Andes220","marginal_cost":144.4590826095,"value":144.4590826095,"DemBarE":0,"DemBarP":0,"BarRetP":0},{"id":2,"time":129,"name":"Andes220","marginal_cost":124.4047886071,"value":124.4047886071,"DemBarE":0,"DemBarP":0,"BarRetP":0},{"id":2,"time":130,"name":"Andes220","marginal_cost":100.2566715132,"value":100.2566715132,"DemBarE":0,"DemBarP":0,"BarRetP":0},{"id":2,"time":131,"name":"Andes220","marginal_cost":83.4361379358,"value":83.4361379358,"DemBarE":0,"DemBarP":0,"BarRetP":0},{"id":2,"time":132,"name":"Andes220","marginal_cost":85.1714908814,"value":85.1714908814,"DemBarE":0,"DemBarP":0,"BarRetP":0},{"id":2,"time":133,"name":"Andes220","marginal_cost":85.0862052153,"value":85.0862052153,"DemBarE":0,"DemBarP":0,"BarRetP":0},{"id":2,"time":134,"name":"Andes220","marginal_cost":85.0862052153,"value":85.0862052153,"DemBarE":0,"DemBarP":0,"BarRetP":0},{"id":2,"time":135,"name":"Andes220","marginal_cost":85.0862052153,"value":85.0862052153,"DemBarE":0,"DemBarP":0,"BarRetP":0},{"id":2,"time":136,"name":"Andes220","marginal_cost":85.0862052153,"value":85.0862052153,"DemBarE":0,"DemBarP":0,"BarRetP":0},{"id":2,"time":137,"name":"Andes220","marginal_cost":144.1844574435,"value":144.1844574435,"DemBarE":0,"DemBarP":0,"BarRetP":0},{"id":2,"time":138,"name":"Andes220","marginal_cost":144.1844574435,"value":144.1844574435,"DemBarE":0,"DemBarP":0,"BarRetP":0},{"id":2,"time":139,"name":"Andes220","marginal_cost":144.1844574435,"value":144.1844574435,"DemBarE":0,"DemBarP":0,"BarRetP":0},{"id":2,"time":140,"name":"Andes220","marginal_cost":144.1844574435,"value":144.1844574435,"DemBarE":0,"DemBarP":0,"BarRetP":0},{"id":2,"time":141,"name":"Andes220","marginal_cost":144.1844574435,"value":144.1844574435,"DemBarE":0,"DemBarP":0,"BarRetP":0},{"id":2,"time":142,"name":"Andes220","marginal_cost":144.1844574435,"value":144.1844574435,"DemBarE":0,"DemBarP":0,"BarRetP":0},{"id":2,"time":143,"name":"Andes220","marginal_cost":149.9900380937,"value":149.9900380937,"DemBarE":0,"DemBarP":0,"BarRetP":0},{"id":2,"time":144,"name":"Andes220","marginal_cost":149.4366954988,"value":149.4366954988,"DemBarE":0,"DemBarP":0,"BarRetP":0},{"id":2,"time":145,"name":"Andes220","marginal_cost":150.6329227956,"value":150.6329227956,"DemBarE":0,"DemBarP":0,"BarRetP":0},{"id":2,"time":146,"name":"Andes220","marginal_cost":147.3847159387,"value":147.3847159387,"DemBarE":0,"DemBarP":0,"BarRetP":0},{"id":2,"time":147,"name":"Andes220","marginal_cost":147.0933948052,"value":147.0933948052,"DemBarE":0,"DemBarP":0,"BarRetP":0},{"id":2,"time":148,"name":"Andes220","marginal_cost":147.0933948052,"value":147.0933948052,"DemBarE":0,"DemBarP":0,"BarRetP":0},{"id":2,"time":149,"name":"Andes220","marginal_cost":147.0933948052,"value":147.0933948052,"DemBarE":0,"DemBarP":0,"BarRetP":0},{"id":2,"time":150,"name":"Andes220","marginal_cost":147.0933948052,"value":147.0933948052,"DemBarE":0,"DemBarP":0,"BarRetP":0},{"id":2,"time":151,"name":"Andes220","marginal_cost":146.9923302122,"value":146.9923302122,"DemBarE":0,"DemBarP":0,"BarRetP":0},{"id":2,"time":152,"name":"Andes220","marginal_cost":130.4725125916,"value":130.4725125916,"DemBarE":0,"DemBarP":0,"BarRetP":0},{"id":2,"time":153,"name":"Andes220","marginal_cost":130.4725125916,"value":130.4725125916,"DemBarE":0,"DemBarP":0,"BarRetP":0},{"id":2,"time":154,"name":"Andes220","marginal_cost":99.4886511565,"value":99.4886511565,"DemBarE":0,"DemBarP":0,"BarRetP":0},{"id":2,"time":155,"name":"Andes220","marginal_cost":99.4886511565,"value":99.4886511565,"DemBarE":0,"DemBarP":0,"BarRetP":0},{"id":2,"time":156,"name":"Andes220","marginal_cost":99.6163722793,"value":99.6163722793,"DemBarE":0,"DemBarP":0,"BarRetP":0},{"id":2,"time":157,"name":"Andes220","marginal_cost":85.5634532399,"value":85.5634532399,"DemBarE":0,"DemBarP":0,"BarRetP":0},{"id":2,"time":158,"name":"Andes220","marginal_cost":85.5634532399,"value":85.5634532399,"DemBarE":0,"DemBarP":0,"BarRetP":0},{"id":2,"time":159,"name":"Andes220","marginal_cost":85.5634532399,"value":85.5634532399,"DemBarE":0,"DemBarP":0,"BarRetP":0},{"id":2,"time":160,"name":"Andes220","marginal_cost":100.7075889768,"value":100.7075889768,"DemBarE":0,"DemBarP":0,"BarRetP":0},{"id":2,"time":161,"name":"Andes220","marginal_cost":100.7075889768,"value":100.7075889768,"DemBarE":0,"DemBarP":0,"BarRetP":0},{"id":2,"time":162,"name":"Andes220","marginal_cost":132.2612755702,"value":132.2612755702,"DemBarE":0,"DemBarP":0,"BarRetP":0},{"id":2,"time":163,"name":"Andes220","marginal_cost":150.5242172089,"value":150.5242172089,"DemBarE":0,"DemBarP":0,"BarRetP":0},{"id":2,"time":164,"name":"Andes220","marginal_cost":150.5242172089,"value":150.5242172089,"DemBarE":0,"DemBarP":0,"BarRetP":0},{"id":2,"time":165,"name":"Andes220","marginal_cost":150.5242172089,"value":150.5242172089,"DemBarE":0,"DemBarP":0,"BarRetP":0},{"id":2,"time":166,"name":"Andes220","marginal_cost":150.5242172089,"value":150.5242172089,"DemBarE":0,"DemBarP":0,"BarRetP":0},{"id":2,"time":167,"name":"Andes220","marginal_cost":149.0680936321,"value":149.0680936321,"DemBarE":0,"DemBarP":0,"BarRetP":0},{"id":2,"time":168,"name":"Andes220","marginal_cost":148.9148669407,"value":148.9148669407,"DemBarE":0,"DemBarP":0,"BarRetP":0}]