[{"id":118,"time":1,"name":"Chiloe110","marginal_cost":152.5661727903,"value":152.5661727903,"DemBarE":0,"DemBarP":0,"BarRetP":0},{"id":118,"time":2,"name":"Chiloe110","marginal_cost":152.2203442742,"value":152.2203442742,"DemBarE":0,"DemBarP":0,"BarRetP":0},{"id":118,"time":3,"name":"Chiloe110","marginal_cost":149.2612620135,"value":149.2612620135,"DemBarE":0,"DemBarP":0,"BarRetP":0},{"id":118,"time":4,"name":"Chiloe110","marginal_cost":147.2732158902,"value":147.2732158902,"DemBarE":0,"DemBarP":0,"BarRetP":0},{"id":118,"time":5,"name":"Chiloe110","marginal_cost":132.0203097957,"value":132.0203097957,"DemBarE":0,"DemBarP":0,"BarRetP":0},{"id":118,"time":6,"name":"Chiloe110","marginal_cost":117.2408853749,"value":117.2408853749,"DemBarE":0,"DemBarP":0,"BarRetP":0},{"id":118,"time":7,"name":"Chiloe110","marginal_cost":163.3633874656,"value":163.3633874656,"DemBarE":0,"DemBarP":0,"BarRetP":0},{"id":118,"time":8,"name":"Chiloe110","marginal_cost":177.908171388,"value":177.908171388,"DemBarE":0,"DemBarP":0,"BarRetP":0},{"id":118,"time":9,"name":"Chiloe110","marginal_cost":198.9105712944,"value":198.9105712944,"DemBarE":0,"DemBarP":0,"BarRetP":0},{"id":118,"time":10,"name":"Chiloe110","marginal_cost":232.0365527422,"value":232.0365527422,"DemBarE":0,"DemBarP":0,"BarRetP":0},{"id":118,"time":11,"name":"Chiloe110","marginal_cost":234.0650457221,"value":234.0650457221,"DemBarE":0,"DemBarP":0,"BarRetP":0},{"id":118,"time":12,"name":"Chiloe110","marginal_cost":234.6638606508,"value":234.6638606508,"DemBarE":0,"DemBarP":0,"BarRetP":0},{"id":118,"time":13,"name":"Chiloe110","marginal_cost":234.8888724224,"value":234.8888724224,"DemBarE":0,"DemBarP":0,"BarRetP":0},{"id":118,"time":14,"name":"Chiloe110","marginal_cost":252.3147513985,"value":252.3147513985,"DemBarE":0,"DemBarP":0,"BarRetP":0},{"id":118,"time":15,"name":"Chiloe110","marginal_cost":231.953403671,"value":231.953403671,"DemBarE":0,"DemBarP":0,"BarRetP":0},{"id":118,"time":16,"name":"Chiloe110","marginal_cost":231.5834598881,"value":231.5834598881,"DemBarE":0,"DemBarP":0,"BarRetP":0},{"id":118,"time":17,"name":"Chiloe110","marginal_cost":232.6179499069,"value":232.6179499069,"DemBarE":0,"DemBarP":0,"BarRetP":0},{"id":118,"time":18,"name":"Chiloe110","marginal_cost":232.4221702128,"value":232.4221702128,"DemBarE":0,"DemBarP":0,"BarRetP":0},{"id":118,"time":19,"name":"Chiloe110","marginal_cost":198.2853872589,"value":198.2853872589,"DemBarE":0,"DemBarP":0,"BarRetP":0},{"id":118,"time":20,"name":"Chiloe110","marginal_cost":197.5871167885,"value":197.5871167885,"DemBarE":0,"DemBarP":0,"BarRetP":0},{"id":118,"time":21,"name":"Chiloe110","marginal_cost":182.2386610305,"value":182.2386610305,"DemBarE":0,"DemBarP":0,"BarRetP":0},{"id":118,"time":22,"name":"Chiloe110","marginal_cost":177.2968250659,"value":177.2968250659,"DemBarE":0,"DemBarP":0,"BarRetP":0},{"id":118,"time":23,"name":"Chiloe110","marginal_cost":173.9050254251,"value":173.9050254251,"DemBarE":0,"DemBarP":0,"BarRetP":0},{"id":118,"time":24,"name":"Chiloe110","marginal_cost":171.3333048194,"value":171.3333048194,"DemBarE":0,"DemBarP":0,"BarRetP":0},{"id":118,"time":25,"name":"Chiloe110","marginal_cost":159.1550990423,"value":159.1550990423,"DemBarE":0,"DemBarP":0,"BarRetP":0},{"id":118,"time":26,"name":"Chiloe110","marginal_cost":158.0456757854,"value":158.0456757854,"DemBarE":0,"DemBarP":0,"BarRetP":0},{"id":118,"time":27,"name":"Chiloe110","marginal_cost":154.9084100022,"value":154.9084100022,"DemBarE":0,"DemBarP":0,"BarRetP":0},{"id":118,"time":28,"name":"Chiloe110","marginal_cost":150.8151965011,"value":150.8151965011,"DemBarE":0,"DemBarP":0,"BarRetP":0},{"id":118,"time":29,"name":"Chiloe110","marginal_cost":148.5478752668,"value":148.5478752668,"DemBarE":0,"DemBarP":0,"BarRetP":0},{"id":118,"time":30,"name":"Chiloe110","marginal_cost":149.7898976073,"value":149.7898976073,"DemBarE":0,"DemBarP":0,"BarRetP":0},{"id":118,"time":31,"name":"Chiloe110","marginal_cost":156.7391668584,"value":156.7391668584,"DemBarE":0,"DemBarP":0,"BarRetP":0},{"id":118,"time":32,"name":"Chiloe110","marginal_cost":169.2200517027,"value":169.2200517027,"DemBarE":0,"DemBarP":0,"BarRetP":0},{"id":118,"time":33,"name":"Chiloe110","marginal_cost":162.6280316515,"value":162.6280316515,"DemBarE":0,"DemBarP":0,"BarRetP":0},{"id":118,"time":34,"name":"Chiloe110","marginal_cost":165.0784572461,"value":165.0784572461,"DemBarE":0,"DemBarP":0,"BarRetP":0},{"id":118,"time":35,"name":"Chiloe110","marginal_cost":163.3803782525,"value":163.3803782525,"DemBarE":0,"DemBarP":0,"BarRetP":0},{"id":118,"time":36,"name":"Chiloe110","marginal_cost":162.6128878103,"value":162.6128878103,"DemBarE":0,"DemBarP":0,"BarRetP":0},{"id":118,"time":37,"name":"Chiloe110","marginal_cost":152.1813760364,"value":152.1813760364,"DemBarE":0,"DemBarP":0,"BarRetP":0},{"id":118,"time":38,"name":"Chiloe110","marginal_cost":152.1813760364,"value":152.1813760364,"DemBarE":0,"DemBarP":0,"BarRetP":0},{"id":118,"time":39,"name":"Chiloe110","marginal_cost":152.1813760364,"value":152.1813760364,"DemBarE":0,"DemBarP":0,"BarRetP":0},{"id":118,"time":40,"name":"Chiloe110","marginal_cost":152.1813760364,"value":152.1813760364,"DemBarE":0,"DemBarP":0,"BarRetP":0},{"id":118,"time":41,"name":"Chiloe110","marginal_cost":150.675018426,"value":150.675018426,"DemBarE":0,"DemBarP":0,"BarRetP":0},{"id":118,"time":42,"name":"Chiloe110","marginal_cost":143.7304895388,"value":143.7304895388,"DemBarE":0,"DemBarP":0,"BarRetP":0},{"id":118,"time":43,"name":"Chiloe110","marginal_cost":141.4233420412,"value":141.4233420412,"DemBarE":0,"DemBarP":0,"BarRetP":0},{"id":118,"time":44,"name":"Chiloe110","marginal_cost":141.4233420412,"value":141.4233420412,"DemBarE":0,"DemBarP":0,"BarRetP":0},{"id":118,"time":45,"name":"Chiloe110","marginal_cost":137.446486895,"value":137.446486895,"DemBarE":0,"DemBarP":0,"BarRetP":0},{"id":118,"time":46,"name":"Chiloe110","marginal_cost":136.315275918,"value":136.315275918,"DemBarE":0,"DemBarP":0,"BarRetP":0},{"id":118,"time":47,"name":"Chiloe110","marginal_cost":99.9630086889,"value":99.9630086889,"DemBarE":0,"DemBarP":0,"BarRetP":0},{"id":118,"time":48,"name":"Chiloe110","marginal_cost":121.6466268118,"value":121.6466268118,"DemBarE":0,"DemBarP":0,"BarRetP":0},{"id":118,"time":49,"name":"Chiloe110","marginal_cost":103.5073689071,"value":103.5073689071,"DemBarE":0,"DemBarP":0,"BarRetP":0},{"id":118,"time":50,"name":"Chiloe110","marginal_cost":136.5877679075,"value":136.5877679075,"DemBarE":0,"DemBarP":0,"BarRetP":0},{"id":118,"time":51,"name":"Chiloe110","marginal_cost":90.3598013354,"value":90.3598013354,"DemBarE":0,"DemBarP":0,"BarRetP":0},{"id":118,"time":52,"name":"Chiloe110","marginal_cost":61.793425637,"value":61.793425637,"DemBarE":0,"DemBarP":0,"BarRetP":0},{"id":118,"time":53,"name":"Chiloe110","marginal_cost":61.793425637,"value":61.793425637,"DemBarE":0,"DemBarP":0,"BarRetP":0},{"id":118,"time":54,"name":"Chiloe110","marginal_cost":37.1292497973,"value":37.1292497973,"DemBarE":0,"DemBarP":0,"BarRetP":0},{"id":118,"time":55,"name":"Chiloe110","marginal_cost":63.0697431308,"value":63.0697431308,"DemBarE":0,"DemBarP":0,"BarRetP":0},{"id":118,"time":56,"name":"Chiloe110","marginal_cost":125.9443986432,"value":125.9443986432,"DemBarE":0,"DemBarP":0,"BarRetP":0},{"id":118,"time":57,"name":"Chiloe110","marginal_cost":119.3626119149,"value":119.3626119149,"DemBarE":0,"DemBarP":0,"BarRetP":0},{"id":118,"time":58,"name":"Chiloe110","marginal_cost":138.1378471421,"value":138.1378471421,"DemBarE":0,"DemBarP":0,"BarRetP":0},{"id":118,"time":59,"name":"Chiloe110","marginal_cost":112.9505589694,"value":112.9505589694,"DemBarE":0,"DemBarP":0,"BarRetP":0},{"id":118,"time":60,"name":"Chiloe110","marginal_cost":144.0450249197,"value":144.0450249197,"DemBarE":0,"DemBarP":0,"BarRetP":0},{"id":118,"time":61,"name":"Chiloe110","marginal_cost":138.9789984569,"value":138.9789984569,"DemBarE":0,"DemBarP":0,"BarRetP":0},{"id":118,"time":62,"name":"Chiloe110","marginal_cost":138.9789984569,"value":138.9789984569,"DemBarE":0,"DemBarP":0,"BarRetP":0},{"id":118,"time":63,"name":"Chiloe110","marginal_cost":124.7970588258,"value":124.7970588258,"DemBarE":0,"DemBarP":0,"BarRetP":0},{"id":118,"time":64,"name":"Chiloe110","marginal_cost":144.5041158985,"value":144.5041158985,"DemBarE":0,"DemBarP":0,"BarRetP":0},{"id":118,"time":65,"name":"Chiloe110","marginal_cost":161.0777631494,"value":161.0777631494,"DemBarE":0,"DemBarP":0,"BarRetP":0},{"id":118,"time":66,"name":"Chiloe110","marginal_cost":161.0777631494,"value":161.0777631494,"DemBarE":0,"DemBarP":0,"BarRetP":0},{"id":118,"time":67,"name":"Chiloe110","marginal_cost":180.4424286533,"value":180.4424286533,"DemBarE":0,"DemBarP":0,"BarRetP":0},{"id":118,"time":68,"name":"Chiloe110","marginal_cost":171.4006893974,"value":171.4006893974,"DemBarE":0,"DemBarP":0,"BarRetP":0},{"id":118,"time":69,"name":"Chiloe110","marginal_cost":171.4006893974,"value":171.4006893974,"DemBarE":0,"DemBarP":0,"BarRetP":0},{"id":118,"time":70,"name":"Chiloe110","marginal_cost":166.7713378182,"value":166.7713378182,"DemBarE":0,"DemBarP":0,"BarRetP":0},{"id":118,"time":71,"name":"Chiloe110","marginal_cost":161.1085248127,"value":161.1085248127,"DemBarE":0,"DemBarP":0,"BarRetP":0},{"id":118,"time":72,"name":"Chiloe110","marginal_cost":157.0438062094,"value":157.0438062094,"DemBarE":0,"DemBarP":0,"BarRetP":0},{"id":118,"time":73,"name":"Chiloe110","marginal_cost":152.2477134982,"value":152.2477134982,"DemBarE":0,"DemBarP":0,"BarRetP":0},{"id":118,"time":74,"name":"Chiloe110","marginal_cost":144.9618802225,"value":144.9618802225,"DemBarE":0,"DemBarP":0,"BarRetP":0},{"id":118,"time":75,"name":"Chiloe110","marginal_cost":122.9254027871,"value":122.9254027871,"DemBarE":0,"DemBarP":0,"BarRetP":0},{"id":118,"time":76,"name":"Chiloe110","marginal_cost":122.9254027871,"value":122.9254027871,"DemBarE":0,"DemBarP":0,"BarRetP":0},{"id":118,"time":77,"name":"Chiloe110","marginal_cost":122.9254027871,"value":122.9254027871,"DemBarE":0,"DemBarP":0,"BarRetP":0},{"id":118,"time":78,"name":"Chiloe110","marginal_cost":122.9254027871,"value":122.9254027871,"DemBarE":0,"DemBarP":0,"BarRetP":0},{"id":118,"time":79,"name":"Chiloe110","marginal_cost":122.9254027871,"value":122.9254027871,"DemBarE":0,"DemBarP":0,"BarRetP":0},{"id":118,"time":80,"name":"Chiloe110","marginal_cost":110.3292303351,"value":110.3292303351,"DemBarE":0,"DemBarP":0,"BarRetP":0},{"id":118,"time":81,"name":"Chiloe110","marginal_cost":110.3292303351,"value":110.3292303351,"DemBarE":0,"DemBarP":0,"BarRetP":0},{"id":118,"time":82,"name":"Chiloe110","marginal_cost":87.2738020927,"value":87.2738020927,"DemBarE":0,"DemBarP":0,"BarRetP":0},{"id":118,"time":83,"name":"Chiloe110","marginal_cost":87.2738020927,"value":87.2738020927,"DemBarE":0,"DemBarP":0,"BarRetP":0},{"id":118,"time":84,"name":"Chiloe110","marginal_cost":115.732536452,"value":115.732536452,"DemBarE":0,"DemBarP":0,"BarRetP":0},{"id":118,"time":85,"name":"Chiloe110","marginal_cost":115.732536452,"value":115.732536452,"DemBarE":0,"DemBarP":0,"BarRetP":0},{"id":118,"time":86,"name":"Chiloe110","marginal_cost":133.1642025143,"value":133.1642025143,"DemBarE":0,"DemBarP":0,"BarRetP":0},{"id":118,"time":87,"name":"Chiloe110","marginal_cost":133.1642025143,"value":133.1642025143,"DemBarE":0,"DemBarP":0,"BarRetP":0},{"id":118,"time":88,"name":"Chiloe110","marginal_cost":133.1642025143,"value":133.1642025143,"DemBarE":0,"DemBarP":0,"BarRetP":0},{"id":118,"time":89,"name":"Chiloe110","marginal_cost":133.1642025143,"value":133.1642025143,"DemBarE":0,"DemBarP":0,"BarRetP":0},{"id":118,"time":90,"name":"Chiloe110","marginal_cost":133.1642025143,"value":133.1642025143,"DemBarE":0,"DemBarP":0,"BarRetP":0},{"id":118,"time":91,"name":"Chiloe110","marginal_cost":158.3299261695,"value":158.3299261695,"DemBarE":0,"DemBarP":0,"BarRetP":0},{"id":118,"time":92,"name":"Chiloe110","marginal_cost":158.3299261695,"value":158.3299261695,"DemBarE":0,"DemBarP":0,"BarRetP":0},{"id":118,"time":93,"name":"Chiloe110","marginal_cost":160.5070247337,"value":160.5070247337,"DemBarE":0,"DemBarP":0,"BarRetP":0},{"id":118,"time":94,"name":"Chiloe110","marginal_cost":161.3764214907,"value":161.3764214907,"DemBarE":0,"DemBarP":0,"BarRetP":0},{"id":118,"time":95,"name":"Chiloe110","marginal_cost":161.268071949,"value":161.268071949,"DemBarE":0,"DemBarP":0,"BarRetP":0},{"id":118,"time":96,"name":"Chiloe110","marginal_cost":158.5746203596,"value":158.5746203596,"DemBarE":0,"DemBarP":0,"BarRetP":0},{"id":118,"time":97,"name":"Chiloe110","marginal_cost":146.6057688993,"value":146.6057688993,"DemBarE":0,"DemBarP":0,"BarRetP":0},{"id":118,"time":98,"name":"Chiloe110","marginal_cost":147.5586434033,"value":147.5586434033,"DemBarE":0,"DemBarP":0,"BarRetP":0},{"id":118,"time":99,"name":"Chiloe110","marginal_cost":149.846943104,"value":149.846943104,"DemBarE":0,"DemBarP":0,"BarRetP":0},{"id":118,"time":100,"name":"Chiloe110","marginal_cost":150.8030054678,"value":150.8030054678,"DemBarE":0,"DemBarP":0,"BarRetP":0},{"id":118,"time":101,"name":"Chiloe110","marginal_cost":150.8030054678,"value":150.8030054678,"DemBarE":0,"DemBarP":0,"BarRetP":0},{"id":118,"time":102,"name":"Chiloe110","marginal_cost":150.8030054678,"value":150.8030054678,"DemBarE":0,"DemBarP":0,"BarRetP":0},{"id":118,"time":103,"name":"Chiloe110","marginal_cost":163.6299282584,"value":163.6299282584,"DemBarE":0,"DemBarP":0,"BarRetP":0},{"id":118,"time":104,"name":"Chiloe110","marginal_cost":172.8937339782,"value":172.8937339782,"DemBarE":0,"DemBarP":0,"BarRetP":0},{"id":118,"time":105,"name":"Chiloe110","marginal_cost":172.8937339782,"value":172.8937339782,"DemBarE":0,"DemBarP":0,"BarRetP":0},{"id":118,"time":106,"name":"Chiloe110","marginal_cost":192.5574572531,"value":192.5574572531,"DemBarE":0,"DemBarP":0,"BarRetP":0},{"id":118,"time":107,"name":"Chiloe110","marginal_cost":200.4323606457,"value":200.4323606457,"DemBarE":0,"DemBarP":0,"BarRetP":0},{"id":118,"time":108,"name":"Chiloe110","marginal_cost":226.8309767965,"value":226.8309767965,"DemBarE":0,"DemBarP":0,"BarRetP":0},{"id":118,"time":109,"name":"Chiloe110","marginal_cost":226.8309767965,"value":226.8309767965,"DemBarE":0,"DemBarP":0,"BarRetP":0},{"id":118,"time":110,"name":"Chiloe110","marginal_cost":226.8416814026,"value":226.8416814026,"DemBarE":0,"DemBarP":0,"BarRetP":0},{"id":118,"time":111,"name":"Chiloe110","marginal_cost":225.553304883,"value":225.553304883,"DemBarE":0,"DemBarP":0,"BarRetP":0},{"id":118,"time":112,"name":"Chiloe110","marginal_cost":225.553304883,"value":225.553304883,"DemBarE":0,"DemBarP":0,"BarRetP":0},{"id":118,"time":113,"name":"Chiloe110","marginal_cost":174.4587386017,"value":174.4587386017,"DemBarE":0,"DemBarP":0,"BarRetP":0},{"id":118,"time":114,"name":"Chiloe110","marginal_cost":174.4587386017,"value":174.4587386017,"DemBarE":0,"DemBarP":0,"BarRetP":0},{"id":118,"time":115,"name":"Chiloe110","marginal_cost":174.4587386017,"value":174.4587386017,"DemBarE":0,"DemBarP":0,"BarRetP":0},{"id":118,"time":116,"name":"Chiloe110","marginal_cost":165.3894528137,"value":165.3894528137,"DemBarE":0,"DemBarP":0,"BarRetP":0},{"id":118,"time":117,"name":"Chiloe110","marginal_cost":165.3894528137,"value":165.3894528137,"DemBarE":0,"DemBarP":0,"BarRetP":0},{"id":118,"time":118,"name":"Chiloe110","marginal_cost":165.3894528137,"value":165.3894528137,"DemBarE":0,"DemBarP":0,"BarRetP":0},{"id":118,"time":119,"name":"Chiloe110","marginal_cost":157.7734856214,"value":157.7734856214,"DemBarE":0,"DemBarP":0,"BarRetP":0},{"id":118,"time":120,"name":"Chiloe110","marginal_cost":150.8313220856,"value":150.8313220856,"DemBarE":0,"DemBarP":0,"BarRetP":0},{"id":118,"time":121,"name":"Chiloe110","marginal_cost":151.3852790463,"value":151.3852790463,"DemBarE":0,"DemBarP":0,"BarRetP":0},{"id":118,"time":122,"name":"Chiloe110","marginal_cost":150.4843914304,"value":150.4843914304,"DemBarE":0,"DemBarP":0,"BarRetP":0},{"id":118,"time":123,"name":"Chiloe110","marginal_cost":144.5833609334,"value":144.5833609334,"DemBarE":0,"DemBarP":0,"BarRetP":0},{"id":118,"time":124,"name":"Chiloe110","marginal_cost":144.5833609334,"value":144.5833609334,"DemBarE":0,"DemBarP":0,"BarRetP":0},{"id":118,"time":125,"name":"Chiloe110","marginal_cost":144.5833609334,"value":144.5833609334,"DemBarE":0,"DemBarP":0,"BarRetP":0},{"id":118,"time":126,"name":"Chiloe110","marginal_cost":144.5833609334,"value":144.5833609334,"DemBarE":0,"DemBarP":0,"BarRetP":0},{"id":118,"time":127,"name":"Chiloe110","marginal_cost":159.007058471,"value":159.007058471,"DemBarE":0,"DemBarP":0,"BarRetP":0},{"id":118,"time":128,"name":"Chiloe110","marginal_cost":172.8909577158,"value":172.8909577158,"DemBarE":0,"DemBarP":0,"BarRetP":0},{"id":118,"time":129,"name":"Chiloe110","marginal_cost":175.1844482071,"value":175.1844482071,"DemBarE":0,"DemBarP":0,"BarRetP":0},{"id":118,"time":130,"name":"Chiloe110","marginal_cost":224.4662179127,"value":224.4662179127,"DemBarE":0,"DemBarP":0,"BarRetP":0},{"id":118,"time":131,"name":"Chiloe110","marginal_cost":228.0307386578,"value":228.0307386578,"DemBarE":0,"DemBarP":0,"BarRetP":0},{"id":118,"time":132,"name":"Chiloe110","marginal_cost":225.741753198,"value":225.741753198,"DemBarE":0,"DemBarP":0,"BarRetP":0},{"id":118,"time":133,"name":"Chiloe110","marginal_cost":225.3952687291,"value":225.3952687291,"DemBarE":0,"DemBarP":0,"BarRetP":0},{"id":118,"time":134,"name":"Chiloe110","marginal_cost":225.3952687291,"value":225.3952687291,"DemBarE":0,"DemBarP":0,"BarRetP":0},{"id":118,"time":135,"name":"Chiloe110","marginal_cost":225.3952687291,"value":225.3952687291,"DemBarE":0,"DemBarP":0,"BarRetP":0},{"id":118,"time":136,"name":"Chiloe110","marginal_cost":225.3952687291,"value":225.3952687291,"DemBarE":0,"DemBarP":0,"BarRetP":0},{"id":118,"time":137,"name":"Chiloe110","marginal_cost":177.594014828,"value":177.594014828,"DemBarE":0,"DemBarP":0,"BarRetP":0},{"id":118,"time":138,"name":"Chiloe110","marginal_cost":177.594014828,"value":177.594014828,"DemBarE":0,"DemBarP":0,"BarRetP":0},{"id":118,"time":139,"name":"Chiloe110","marginal_cost":177.594014828,"value":177.594014828,"DemBarE":0,"DemBarP":0,"BarRetP":0},{"id":118,"time":140,"name":"Chiloe110","marginal_cost":177.594014828,"value":177.594014828,"DemBarE":0,"DemBarP":0,"BarRetP":0},{"id":118,"time":141,"name":"Chiloe110","marginal_cost":177.594014828,"value":177.594014828,"DemBarE":0,"DemBarP":0,"BarRetP":0},{"id":118,"time":142,"name":"Chiloe110","marginal_cost":177.594014828,"value":177.594014828,"DemBarE":0,"DemBarP":0,"BarRetP":0},{"id":118,"time":143,"name":"Chiloe110","marginal_cost":169.9993353607,"value":169.9993353607,"DemBarE":0,"DemBarP":0,"BarRetP":0},{"id":118,"time":144,"name":"Chiloe110","marginal_cost":169.1670240996,"value":169.1670240996,"DemBarE":0,"DemBarP":0,"BarRetP":0},{"id":118,"time":145,"name":"Chiloe110","marginal_cost":166.8804504074,"value":166.8804504074,"DemBarE":0,"DemBarP":0,"BarRetP":0},{"id":118,"time":146,"name":"Chiloe110","marginal_cost":162.9169384477,"value":162.9169384477,"DemBarE":0,"DemBarP":0,"BarRetP":0},{"id":118,"time":147,"name":"Chiloe110","marginal_cost":156.2181148283,"value":156.2181148283,"DemBarE":0,"DemBarP":0,"BarRetP":0},{"id":118,"time":148,"name":"Chiloe110","marginal_cost":156.2181148283,"value":156.2181148283,"DemBarE":0,"DemBarP":0,"BarRetP":0},{"id":118,"time":149,"name":"Chiloe110","marginal_cost":156.2181148283,"value":156.2181148283,"DemBarE":0,"DemBarP":0,"BarRetP":0},{"id":118,"time":150,"name":"Chiloe110","marginal_cost":156.2181148283,"value":156.2181148283,"DemBarE":0,"DemBarP":0,"BarRetP":0},{"id":118,"time":151,"name":"Chiloe110","marginal_cost":165.602593304,"value":165.602593304,"DemBarE":0,"DemBarP":0,"BarRetP":0},{"id":118,"time":152,"name":"Chiloe110","marginal_cost":179.865548024,"value":179.865548024,"DemBarE":0,"DemBarP":0,"BarRetP":0},{"id":118,"time":153,"name":"Chiloe110","marginal_cost":179.865548024,"value":179.865548024,"DemBarE":0,"DemBarP":0,"BarRetP":0},{"id":118,"time":154,"name":"Chiloe110","marginal_cost":230.3410254909,"value":230.3410254909,"DemBarE":0,"DemBarP":0,"BarRetP":0},{"id":118,"time":155,"name":"Chiloe110","marginal_cost":230.3410254909,"value":230.3410254909,"DemBarE":0,"DemBarP":0,"BarRetP":0},{"id":118,"time":156,"name":"Chiloe110","marginal_cost":232.9415744418,"value":232.9415744418,"DemBarE":0,"DemBarP":0,"BarRetP":0},{"id":118,"time":157,"name":"Chiloe110","marginal_cost":233.1301648757,"value":233.1301648757,"DemBarE":0,"DemBarP":0,"BarRetP":0},{"id":118,"time":158,"name":"Chiloe110","marginal_cost":233.1301648757,"value":233.1301648757,"DemBarE":0,"DemBarP":0,"BarRetP":0},{"id":118,"time":159,"name":"Chiloe110","marginal_cost":233.1301648757,"value":233.1301648757,"DemBarE":0,"DemBarP":0,"BarRetP":0},{"id":118,"time":160,"name":"Chiloe110","marginal_cost":226.3322095413,"value":226.3322095413,"DemBarE":0,"DemBarP":0,"BarRetP":0},{"id":118,"time":161,"name":"Chiloe110","marginal_cost":226.3322095413,"value":226.3322095413,"DemBarE":0,"DemBarP":0,"BarRetP":0},{"id":118,"time":162,"name":"Chiloe110","marginal_cost":236.8547243047,"value":236.8547243047,"DemBarE":0,"DemBarP":0,"BarRetP":0},{"id":118,"time":163,"name":"Chiloe110","marginal_cost":177.8981586787,"value":177.8981586787,"DemBarE":0,"DemBarP":0,"BarRetP":0},{"id":118,"time":164,"name":"Chiloe110","marginal_cost":177.8981586787,"value":177.8981586787,"DemBarE":0,"DemBarP":0,"BarRetP":0},{"id":118,"time":165,"name":"Chiloe110","marginal_cost":177.8981586787,"value":177.8981586787,"DemBarE":0,"DemBarP":0,"BarRetP":0},{"id":118,"time":166,"name":"Chiloe110","marginal_cost":177.8981586787,"value":177.8981586787,"DemBarE":0,"DemBarP":0,"BarRetP":0},{"id":118,"time":167,"name":"Chiloe110","marginal_cost":175.5594872343,"value":175.5594872343,"DemBarE":0,"DemBarP":0,"BarRetP":0},{"id":118,"time":168,"name":"Chiloe110","marginal_cost":171.9214803712,"value":171.9214803712,"DemBarE":0,"DemBarP":0,"BarRetP":0}]