[{"id":34,"time":1,"name":"ElNegro110","marginal_cost":134.0833592181,"value":134.0833592181,"DemBarE":0,"DemBarP":0,"BarRetP":0},{"id":34,"time":2,"name":"ElNegro110","marginal_cost":130.6214071813,"value":130.6214071813,"DemBarE":0,"DemBarP":0,"BarRetP":0},{"id":34,"time":3,"name":"ElNegro110","marginal_cost":131.7377417555,"value":131.7377417555,"DemBarE":0,"DemBarP":0,"BarRetP":0},{"id":34,"time":4,"name":"ElNegro110","marginal_cost":132.4217696138,"value":132.4217696138,"DemBarE":0,"DemBarP":0,"BarRetP":0},{"id":34,"time":5,"name":"ElNegro110","marginal_cost":132.6094406416,"value":132.6094406416,"DemBarE":0,"DemBarP":0,"BarRetP":0},{"id":34,"time":6,"name":"ElNegro110","marginal_cost":98.0788282653,"value":98.0788282653,"DemBarE":0,"DemBarP":0,"BarRetP":0},{"id":34,"time":7,"name":"ElNegro110","marginal_cost":133.428491923,"value":133.428491923,"DemBarE":0,"DemBarP":0,"BarRetP":0},{"id":34,"time":8,"name":"ElNegro110","marginal_cost":159.8132357377,"value":159.8132357377,"DemBarE":0,"DemBarP":0,"BarRetP":0},{"id":34,"time":9,"name":"ElNegro110","marginal_cost":115.6688144273,"value":115.6688144273,"DemBarE":0,"DemBarP":0,"BarRetP":0},{"id":34,"time":10,"name":"ElNegro110","marginal_cost":80.1441473274,"value":80.1441473274,"DemBarE":0,"DemBarP":0,"BarRetP":0},{"id":34,"time":11,"name":"ElNegro110","marginal_cost":76.9583231975,"value":76.9583231975,"DemBarE":0,"DemBarP":0,"BarRetP":0},{"id":34,"time":12,"name":"ElNegro110","marginal_cost":67.9072168747,"value":67.9072168747,"DemBarE":0,"DemBarP":0,"BarRetP":0},{"id":34,"time":13,"name":"ElNegro110","marginal_cost":46.5187878386,"value":46.5187878386,"DemBarE":0,"DemBarP":0,"BarRetP":0},{"id":34,"time":14,"name":"ElNegro110","marginal_cost":-1.8556304687,"value":-1.8556304687,"DemBarE":0,"DemBarP":0,"BarRetP":0},{"id":34,"time":15,"name":"ElNegro110","marginal_cost":-1.5238270453,"value":-1.5238270453,"DemBarE":0,"DemBarP":0,"BarRetP":0},{"id":34,"time":16,"name":"ElNegro110","marginal_cost":-1.5229286041,"value":-1.5229286041,"DemBarE":0,"DemBarP":0,"BarRetP":0},{"id":34,"time":17,"name":"ElNegro110","marginal_cost":98.5360014211,"value":98.5360014211,"DemBarE":0,"DemBarP":0,"BarRetP":0},{"id":34,"time":18,"name":"ElNegro110","marginal_cost":135.1564515256,"value":135.1564515256,"DemBarE":0,"DemBarP":0,"BarRetP":0},{"id":34,"time":19,"name":"ElNegro110","marginal_cost":171.0464949005,"value":171.0464949005,"DemBarE":0,"DemBarP":0,"BarRetP":0},{"id":34,"time":20,"name":"ElNegro110","marginal_cost":172.0405243339,"value":172.0405243339,"DemBarE":0,"DemBarP":0,"BarRetP":0},{"id":34,"time":21,"name":"ElNegro110","marginal_cost":167.1624879583,"value":167.1624879583,"DemBarE":0,"DemBarP":0,"BarRetP":0},{"id":34,"time":22,"name":"ElNegro110","marginal_cost":160.2884565578,"value":160.2884565578,"DemBarE":0,"DemBarP":0,"BarRetP":0},{"id":34,"time":23,"name":"ElNegro110","marginal_cost":157.5216565131,"value":157.5216565131,"DemBarE":0,"DemBarP":0,"BarRetP":0},{"id":34,"time":24,"name":"ElNegro110","marginal_cost":156.8568403807,"value":156.8568403807,"DemBarE":0,"DemBarP":0,"BarRetP":0},{"id":34,"time":25,"name":"ElNegro110","marginal_cost":156.6344110034,"value":156.6344110034,"DemBarE":0,"DemBarP":0,"BarRetP":0},{"id":34,"time":26,"name":"ElNegro110","marginal_cost":154.5854566228,"value":154.5854566228,"DemBarE":0,"DemBarP":0,"BarRetP":0},{"id":34,"time":27,"name":"ElNegro110","marginal_cost":155.4269948276,"value":155.4269948276,"DemBarE":0,"DemBarP":0,"BarRetP":0},{"id":34,"time":28,"name":"ElNegro110","marginal_cost":155.410612059,"value":155.410612059,"DemBarE":0,"DemBarP":0,"BarRetP":0},{"id":34,"time":29,"name":"ElNegro110","marginal_cost":154.0642176654,"value":154.0642176654,"DemBarE":0,"DemBarP":0,"BarRetP":0},{"id":34,"time":30,"name":"ElNegro110","marginal_cost":154.8558837947,"value":154.8558837947,"DemBarE":0,"DemBarP":0,"BarRetP":0},{"id":34,"time":31,"name":"ElNegro110","marginal_cost":162.5868404213,"value":162.5868404213,"DemBarE":0,"DemBarP":0,"BarRetP":0},{"id":34,"time":32,"name":"ElNegro110","marginal_cost":158.2537200002,"value":158.2537200002,"DemBarE":0,"DemBarP":0,"BarRetP":0},{"id":34,"time":33,"name":"ElNegro110","marginal_cost":128.0160840277,"value":128.0160840277,"DemBarE":0,"DemBarP":0,"BarRetP":0},{"id":34,"time":34,"name":"ElNegro110","marginal_cost":86.8443951908,"value":86.8443951908,"DemBarE":0,"DemBarP":0,"BarRetP":0},{"id":34,"time":35,"name":"ElNegro110","marginal_cost":83.1106728716,"value":83.1106728716,"DemBarE":0,"DemBarP":0,"BarRetP":0},{"id":34,"time":36,"name":"ElNegro110","marginal_cost":83.1421433557,"value":83.1421433557,"DemBarE":0,"DemBarP":0,"BarRetP":0},{"id":34,"time":37,"name":"ElNegro110","marginal_cost":81.6313189158,"value":81.6313189158,"DemBarE":0,"DemBarP":0,"BarRetP":0},{"id":34,"time":38,"name":"ElNegro110","marginal_cost":81.6313189158,"value":81.6313189158,"DemBarE":0,"DemBarP":0,"BarRetP":0},{"id":34,"time":39,"name":"ElNegro110","marginal_cost":81.6313189158,"value":81.6313189158,"DemBarE":0,"DemBarP":0,"BarRetP":0},{"id":34,"time":40,"name":"ElNegro110","marginal_cost":81.6313189158,"value":81.6313189158,"DemBarE":0,"DemBarP":0,"BarRetP":0},{"id":34,"time":41,"name":"ElNegro110","marginal_cost":101.084990318,"value":101.084990318,"DemBarE":0,"DemBarP":0,"BarRetP":0},{"id":34,"time":42,"name":"ElNegro110","marginal_cost":137.9041313902,"value":137.9041313902,"DemBarE":0,"DemBarP":0,"BarRetP":0},{"id":34,"time":43,"name":"ElNegro110","marginal_cost":161.6237354445,"value":161.6237354445,"DemBarE":0,"DemBarP":0,"BarRetP":0},{"id":34,"time":44,"name":"ElNegro110","marginal_cost":161.6237354445,"value":161.6237354445,"DemBarE":0,"DemBarP":0,"BarRetP":0},{"id":34,"time":45,"name":"ElNegro110","marginal_cost":163.1868078639,"value":163.1868078639,"DemBarE":0,"DemBarP":0,"BarRetP":0},{"id":34,"time":46,"name":"ElNegro110","marginal_cost":162.0754233608,"value":162.0754233608,"DemBarE":0,"DemBarP":0,"BarRetP":0},{"id":34,"time":47,"name":"ElNegro110","marginal_cost":158.7180032582,"value":158.7180032582,"DemBarE":0,"DemBarP":0,"BarRetP":0},{"id":34,"time":48,"name":"ElNegro110","marginal_cost":156.0619184898,"value":156.0619184898,"DemBarE":0,"DemBarP":0,"BarRetP":0},{"id":34,"time":49,"name":"ElNegro110","marginal_cost":149.1407504066,"value":149.1407504066,"DemBarE":0,"DemBarP":0,"BarRetP":0},{"id":34,"time":50,"name":"ElNegro110","marginal_cost":151.93163309,"value":151.93163309,"DemBarE":0,"DemBarP":0,"BarRetP":0},{"id":34,"time":51,"name":"ElNegro110","marginal_cost":154.1131854361,"value":154.1131854361,"DemBarE":0,"DemBarP":0,"BarRetP":0},{"id":34,"time":52,"name":"ElNegro110","marginal_cost":138.3216545728,"value":138.3216545728,"DemBarE":0,"DemBarP":0,"BarRetP":0},{"id":34,"time":53,"name":"ElNegro110","marginal_cost":138.3216545728,"value":138.3216545728,"DemBarE":0,"DemBarP":0,"BarRetP":0},{"id":34,"time":54,"name":"ElNegro110","marginal_cost":137.0780976038,"value":137.0780976038,"DemBarE":0,"DemBarP":0,"BarRetP":0},{"id":34,"time":55,"name":"ElNegro110","marginal_cost":136.4953202058,"value":136.4953202058,"DemBarE":0,"DemBarP":0,"BarRetP":0},{"id":34,"time":56,"name":"ElNegro110","marginal_cost":132.5605467414,"value":132.5605467414,"DemBarE":0,"DemBarP":0,"BarRetP":0},{"id":34,"time":57,"name":"ElNegro110","marginal_cost":107.4783376589,"value":107.4783376589,"DemBarE":0,"DemBarP":0,"BarRetP":0},{"id":34,"time":58,"name":"ElNegro110","marginal_cost":84.6023942393,"value":84.6023942393,"DemBarE":0,"DemBarP":0,"BarRetP":0},{"id":34,"time":59,"name":"ElNegro110","marginal_cost":82.9085118534,"value":82.9085118534,"DemBarE":0,"DemBarP":0,"BarRetP":0},{"id":34,"time":60,"name":"ElNegro110","marginal_cost":82.1101493995,"value":82.1101493995,"DemBarE":0,"DemBarP":0,"BarRetP":0},{"id":34,"time":61,"name":"ElNegro110","marginal_cost":-2.1801906475,"value":-2.1801906475,"DemBarE":0,"DemBarP":0,"BarRetP":0},{"id":34,"time":62,"name":"ElNegro110","marginal_cost":-2.1801906475,"value":-2.1801906475,"DemBarE":0,"DemBarP":0,"BarRetP":0},{"id":34,"time":63,"name":"ElNegro110","marginal_cost":-1.8541528739,"value":-1.8541528739,"DemBarE":0,"DemBarP":0,"BarRetP":0},{"id":34,"time":64,"name":"ElNegro110","marginal_cost":-1.2604056245,"value":-1.2604056245,"DemBarE":0,"DemBarP":0,"BarRetP":0},{"id":34,"time":65,"name":"ElNegro110","marginal_cost":116.443201675,"value":116.443201675,"DemBarE":0,"DemBarP":0,"BarRetP":0},{"id":34,"time":66,"name":"ElNegro110","marginal_cost":116.443201675,"value":116.443201675,"DemBarE":0,"DemBarP":0,"BarRetP":0},{"id":34,"time":67,"name":"ElNegro110","marginal_cost":162.8424758674,"value":162.8424758674,"DemBarE":0,"DemBarP":0,"BarRetP":0},{"id":34,"time":68,"name":"ElNegro110","marginal_cost":159.0393774565,"value":159.0393774565,"DemBarE":0,"DemBarP":0,"BarRetP":0},{"id":34,"time":69,"name":"ElNegro110","marginal_cost":159.0393774565,"value":159.0393774565,"DemBarE":0,"DemBarP":0,"BarRetP":0},{"id":34,"time":70,"name":"ElNegro110","marginal_cost":159.5259970273,"value":159.5259970273,"DemBarE":0,"DemBarP":0,"BarRetP":0},{"id":34,"time":71,"name":"ElNegro110","marginal_cost":151.8329518584,"value":151.8329518584,"DemBarE":0,"DemBarP":0,"BarRetP":0},{"id":34,"time":72,"name":"ElNegro110","marginal_cost":150.0540434858,"value":150.0540434858,"DemBarE":0,"DemBarP":0,"BarRetP":0},{"id":34,"time":73,"name":"ElNegro110","marginal_cost":148.4765436215,"value":148.4765436215,"DemBarE":0,"DemBarP":0,"BarRetP":0},{"id":34,"time":74,"name":"ElNegro110","marginal_cost":148.8577806482,"value":148.8577806482,"DemBarE":0,"DemBarP":0,"BarRetP":0},{"id":34,"time":75,"name":"ElNegro110","marginal_cost":136.101254644,"value":136.101254644,"DemBarE":0,"DemBarP":0,"BarRetP":0},{"id":34,"time":76,"name":"ElNegro110","marginal_cost":136.101254644,"value":136.101254644,"DemBarE":0,"DemBarP":0,"BarRetP":0},{"id":34,"time":77,"name":"ElNegro110","marginal_cost":136.101254644,"value":136.101254644,"DemBarE":0,"DemBarP":0,"BarRetP":0},{"id":34,"time":78,"name":"ElNegro110","marginal_cost":136.101254644,"value":136.101254644,"DemBarE":0,"DemBarP":0,"BarRetP":0},{"id":34,"time":79,"name":"ElNegro110","marginal_cost":136.101254644,"value":136.101254644,"DemBarE":0,"DemBarP":0,"BarRetP":0},{"id":34,"time":80,"name":"ElNegro110","marginal_cost":124.7084179544,"value":124.7084179544,"DemBarE":0,"DemBarP":0,"BarRetP":0},{"id":34,"time":81,"name":"ElNegro110","marginal_cost":124.7084179544,"value":124.7084179544,"DemBarE":0,"DemBarP":0,"BarRetP":0},{"id":34,"time":82,"name":"ElNegro110","marginal_cost":83.2560189225,"value":83.2560189225,"DemBarE":0,"DemBarP":0,"BarRetP":0},{"id":34,"time":83,"name":"ElNegro110","marginal_cost":83.2560189225,"value":83.2560189225,"DemBarE":0,"DemBarP":0,"BarRetP":0},{"id":34,"time":84,"name":"ElNegro110","marginal_cost":79.3076204081,"value":79.3076204081,"DemBarE":0,"DemBarP":0,"BarRetP":0},{"id":34,"time":85,"name":"ElNegro110","marginal_cost":79.3076204081,"value":79.3076204081,"DemBarE":0,"DemBarP":0,"BarRetP":0},{"id":34,"time":86,"name":"ElNegro110","marginal_cost":82.0616451323,"value":82.0616451323,"DemBarE":0,"DemBarP":0,"BarRetP":0},{"id":34,"time":87,"name":"ElNegro110","marginal_cost":82.0616451323,"value":82.0616451323,"DemBarE":0,"DemBarP":0,"BarRetP":0},{"id":34,"time":88,"name":"ElNegro110","marginal_cost":82.0616451323,"value":82.0616451323,"DemBarE":0,"DemBarP":0,"BarRetP":0},{"id":34,"time":89,"name":"ElNegro110","marginal_cost":82.0616451323,"value":82.0616451323,"DemBarE":0,"DemBarP":0,"BarRetP":0},{"id":34,"time":90,"name":"ElNegro110","marginal_cost":82.0616451323,"value":82.0616451323,"DemBarE":0,"DemBarP":0,"BarRetP":0},{"id":34,"time":91,"name":"ElNegro110","marginal_cost":146.8676916249,"value":146.8676916249,"DemBarE":0,"DemBarP":0,"BarRetP":0},{"id":34,"time":92,"name":"ElNegro110","marginal_cost":146.8676916249,"value":146.8676916249,"DemBarE":0,"DemBarP":0,"BarRetP":0},{"id":34,"time":93,"name":"ElNegro110","marginal_cost":150.5861287495,"value":150.5861287495,"DemBarE":0,"DemBarP":0,"BarRetP":0},{"id":34,"time":94,"name":"ElNegro110","marginal_cost":148.7496857878,"value":148.7496857878,"DemBarE":0,"DemBarP":0,"BarRetP":0},{"id":34,"time":95,"name":"ElNegro110","marginal_cost":147.591310491,"value":147.591310491,"DemBarE":0,"DemBarP":0,"BarRetP":0},{"id":34,"time":96,"name":"ElNegro110","marginal_cost":148.2882261647,"value":148.2882261647,"DemBarE":0,"DemBarP":0,"BarRetP":0},{"id":34,"time":97,"name":"ElNegro110","marginal_cost":148.782888307,"value":148.782888307,"DemBarE":0,"DemBarP":0,"BarRetP":0},{"id":34,"time":98,"name":"ElNegro110","marginal_cost":145.6974639039,"value":145.6974639039,"DemBarE":0,"DemBarP":0,"BarRetP":0},{"id":34,"time":99,"name":"ElNegro110","marginal_cost":148.182808682,"value":148.182808682,"DemBarE":0,"DemBarP":0,"BarRetP":0},{"id":34,"time":100,"name":"ElNegro110","marginal_cost":149.249085505,"value":149.249085505,"DemBarE":0,"DemBarP":0,"BarRetP":0},{"id":34,"time":101,"name":"ElNegro110","marginal_cost":149.249085505,"value":149.249085505,"DemBarE":0,"DemBarP":0,"BarRetP":0},{"id":34,"time":102,"name":"ElNegro110","marginal_cost":149.249085505,"value":149.249085505,"DemBarE":0,"DemBarP":0,"BarRetP":0},{"id":34,"time":103,"name":"ElNegro110","marginal_cost":150.3629404547,"value":150.3629404547,"DemBarE":0,"DemBarP":0,"BarRetP":0},{"id":34,"time":104,"name":"ElNegro110","marginal_cost":130.1879993261,"value":130.1879993261,"DemBarE":0,"DemBarP":0,"BarRetP":0},{"id":34,"time":105,"name":"ElNegro110","marginal_cost":130.1879993261,"value":130.1879993261,"DemBarE":0,"DemBarP":0,"BarRetP":0},{"id":34,"time":106,"name":"ElNegro110","marginal_cost":85.4992865562,"value":85.4992865562,"DemBarE":0,"DemBarP":0,"BarRetP":0},{"id":34,"time":107,"name":"ElNegro110","marginal_cost":85.315052801,"value":85.315052801,"DemBarE":0,"DemBarP":0,"BarRetP":0},{"id":34,"time":108,"name":"ElNegro110","marginal_cost":84.660780419,"value":84.660780419,"DemBarE":0,"DemBarP":0,"BarRetP":0},{"id":34,"time":109,"name":"ElNegro110","marginal_cost":84.660780419,"value":84.660780419,"DemBarE":0,"DemBarP":0,"BarRetP":0},{"id":34,"time":110,"name":"ElNegro110","marginal_cost":84.8062578235,"value":84.8062578235,"DemBarE":0,"DemBarP":0,"BarRetP":0},{"id":34,"time":111,"name":"ElNegro110","marginal_cost":84.5341028112,"value":84.5341028112,"DemBarE":0,"DemBarP":0,"BarRetP":0},{"id":34,"time":112,"name":"ElNegro110","marginal_cost":84.5341028112,"value":84.5341028112,"DemBarE":0,"DemBarP":0,"BarRetP":0},{"id":34,"time":113,"name":"ElNegro110","marginal_cost":131.6683192918,"value":131.6683192918,"DemBarE":0,"DemBarP":0,"BarRetP":0},{"id":34,"time":114,"name":"ElNegro110","marginal_cost":131.6683192918,"value":131.6683192918,"DemBarE":0,"DemBarP":0,"BarRetP":0},{"id":34,"time":115,"name":"ElNegro110","marginal_cost":131.6683192918,"value":131.6683192918,"DemBarE":0,"DemBarP":0,"BarRetP":0},{"id":34,"time":116,"name":"ElNegro110","marginal_cost":153.843553215,"value":153.843553215,"DemBarE":0,"DemBarP":0,"BarRetP":0},{"id":34,"time":117,"name":"ElNegro110","marginal_cost":153.843553215,"value":153.843553215,"DemBarE":0,"DemBarP":0,"BarRetP":0},{"id":34,"time":118,"name":"ElNegro110","marginal_cost":153.843553215,"value":153.843553215,"DemBarE":0,"DemBarP":0,"BarRetP":0},{"id":34,"time":119,"name":"ElNegro110","marginal_cost":154.1716472053,"value":154.1716472053,"DemBarE":0,"DemBarP":0,"BarRetP":0},{"id":34,"time":120,"name":"ElNegro110","marginal_cost":151.1481482196,"value":151.1481482196,"DemBarE":0,"DemBarP":0,"BarRetP":0},{"id":34,"time":121,"name":"ElNegro110","marginal_cost":151.6281660562,"value":151.6281660562,"DemBarE":0,"DemBarP":0,"BarRetP":0},{"id":34,"time":122,"name":"ElNegro110","marginal_cost":152.0665903353,"value":152.0665903353,"DemBarE":0,"DemBarP":0,"BarRetP":0},{"id":34,"time":123,"name":"ElNegro110","marginal_cost":145.1748737869,"value":145.1748737869,"DemBarE":0,"DemBarP":0,"BarRetP":0},{"id":34,"time":124,"name":"ElNegro110","marginal_cost":145.1748737869,"value":145.1748737869,"DemBarE":0,"DemBarP":0,"BarRetP":0},{"id":34,"time":125,"name":"ElNegro110","marginal_cost":145.1748737869,"value":145.1748737869,"DemBarE":0,"DemBarP":0,"BarRetP":0},{"id":34,"time":126,"name":"ElNegro110","marginal_cost":145.1748737869,"value":145.1748737869,"DemBarE":0,"DemBarP":0,"BarRetP":0},{"id":34,"time":127,"name":"ElNegro110","marginal_cost":146.612036491,"value":146.612036491,"DemBarE":0,"DemBarP":0,"BarRetP":0},{"id":34,"time":128,"name":"ElNegro110","marginal_cost":145.7957704611,"value":145.7957704611,"DemBarE":0,"DemBarP":0,"BarRetP":0},{"id":34,"time":129,"name":"ElNegro110","marginal_cost":125.5764873259,"value":125.5764873259,"DemBarE":0,"DemBarP":0,"BarRetP":0},{"id":34,"time":130,"name":"ElNegro110","marginal_cost":100.7840371698,"value":100.7840371698,"DemBarE":0,"DemBarP":0,"BarRetP":0},{"id":34,"time":131,"name":"ElNegro110","marginal_cost":83.7908269698,"value":83.7908269698,"DemBarE":0,"DemBarP":0,"BarRetP":0},{"id":34,"time":132,"name":"ElNegro110","marginal_cost":85.4205238193,"value":85.4205238193,"DemBarE":0,"DemBarP":0,"BarRetP":0},{"id":34,"time":133,"name":"ElNegro110","marginal_cost":85.3601797921,"value":85.3601797921,"DemBarE":0,"DemBarP":0,"BarRetP":0},{"id":34,"time":134,"name":"ElNegro110","marginal_cost":85.3601797921,"value":85.3601797921,"DemBarE":0,"DemBarP":0,"BarRetP":0},{"id":34,"time":135,"name":"ElNegro110","marginal_cost":85.3601797921,"value":85.3601797921,"DemBarE":0,"DemBarP":0,"BarRetP":0},{"id":34,"time":136,"name":"ElNegro110","marginal_cost":85.3601797921,"value":85.3601797921,"DemBarE":0,"DemBarP":0,"BarRetP":0},{"id":34,"time":137,"name":"ElNegro110","marginal_cost":145.4913028303,"value":145.4913028303,"DemBarE":0,"DemBarP":0,"BarRetP":0},{"id":34,"time":138,"name":"ElNegro110","marginal_cost":145.4913028303,"value":145.4913028303,"DemBarE":0,"DemBarP":0,"BarRetP":0},{"id":34,"time":139,"name":"ElNegro110","marginal_cost":145.4913028303,"value":145.4913028303,"DemBarE":0,"DemBarP":0,"BarRetP":0},{"id":34,"time":140,"name":"ElNegro110","marginal_cost":145.4913028303,"value":145.4913028303,"DemBarE":0,"DemBarP":0,"BarRetP":0},{"id":34,"time":141,"name":"ElNegro110","marginal_cost":145.4913028303,"value":145.4913028303,"DemBarE":0,"DemBarP":0,"BarRetP":0},{"id":34,"time":142,"name":"ElNegro110","marginal_cost":145.4913028303,"value":145.4913028303,"DemBarE":0,"DemBarP":0,"BarRetP":0},{"id":34,"time":143,"name":"ElNegro110","marginal_cost":151.420192998,"value":151.420192998,"DemBarE":0,"DemBarP":0,"BarRetP":0},{"id":34,"time":144,"name":"ElNegro110","marginal_cost":150.9762576941,"value":150.9762576941,"DemBarE":0,"DemBarP":0,"BarRetP":0},{"id":34,"time":145,"name":"ElNegro110","marginal_cost":152.0385294183,"value":152.0385294183,"DemBarE":0,"DemBarP":0,"BarRetP":0},{"id":34,"time":146,"name":"ElNegro110","marginal_cost":148.8083248689,"value":148.8083248689,"DemBarE":0,"DemBarP":0,"BarRetP":0},{"id":34,"time":147,"name":"ElNegro110","marginal_cost":148.4452619854,"value":148.4452619854,"DemBarE":0,"DemBarP":0,"BarRetP":0},{"id":34,"time":148,"name":"ElNegro110","marginal_cost":148.4452619854,"value":148.4452619854,"DemBarE":0,"DemBarP":0,"BarRetP":0},{"id":34,"time":149,"name":"ElNegro110","marginal_cost":148.4452619854,"value":148.4452619854,"DemBarE":0,"DemBarP":0,"BarRetP":0},{"id":34,"time":150,"name":"ElNegro110","marginal_cost":148.4452619854,"value":148.4452619854,"DemBarE":0,"DemBarP":0,"BarRetP":0},{"id":34,"time":151,"name":"ElNegro110","marginal_cost":148.2681598549,"value":148.2681598549,"DemBarE":0,"DemBarP":0,"BarRetP":0},{"id":34,"time":152,"name":"ElNegro110","marginal_cost":131.6408875443,"value":131.6408875443,"DemBarE":0,"DemBarP":0,"BarRetP":0},{"id":34,"time":153,"name":"ElNegro110","marginal_cost":131.6408875443,"value":131.6408875443,"DemBarE":0,"DemBarP":0,"BarRetP":0},{"id":34,"time":154,"name":"ElNegro110","marginal_cost":100.1287300252,"value":100.1287300252,"DemBarE":0,"DemBarP":0,"BarRetP":0},{"id":34,"time":155,"name":"ElNegro110","marginal_cost":100.1287300252,"value":100.1287300252,"DemBarE":0,"DemBarP":0,"BarRetP":0},{"id":34,"time":156,"name":"ElNegro110","marginal_cost":100.0952850682,"value":100.0952850682,"DemBarE":0,"DemBarP":0,"BarRetP":0},{"id":34,"time":157,"name":"ElNegro110","marginal_cost":86.0469552067,"value":86.0469552067,"DemBarE":0,"DemBarP":0,"BarRetP":0},{"id":34,"time":158,"name":"ElNegro110","marginal_cost":86.0469552067,"value":86.0469552067,"DemBarE":0,"DemBarP":0,"BarRetP":0},{"id":34,"time":159,"name":"ElNegro110","marginal_cost":86.0469552067,"value":86.0469552067,"DemBarE":0,"DemBarP":0,"BarRetP":0},{"id":34,"time":160,"name":"ElNegro110","marginal_cost":101.179618486,"value":101.179618486,"DemBarE":0,"DemBarP":0,"BarRetP":0},{"id":34,"time":161,"name":"ElNegro110","marginal_cost":101.179618486,"value":101.179618486,"DemBarE":0,"DemBarP":0,"BarRetP":0},{"id":34,"time":162,"name":"ElNegro110","marginal_cost":133.4218584095,"value":133.4218584095,"DemBarE":0,"DemBarP":0,"BarRetP":0},{"id":34,"time":163,"name":"ElNegro110","marginal_cost":152.1090811542,"value":152.1090811542,"DemBarE":0,"DemBarP":0,"BarRetP":0},{"id":34,"time":164,"name":"ElNegro110","marginal_cost":152.1090811542,"value":152.1090811542,"DemBarE":0,"DemBarP":0,"BarRetP":0},{"id":34,"time":165,"name":"ElNegro110","marginal_cost":152.1090811542,"value":152.1090811542,"DemBarE":0,"DemBarP":0,"BarRetP":0},{"id":34,"time":166,"name":"ElNegro110","marginal_cost":152.1090811542,"value":152.1090811542,"DemBarE":0,"DemBarP":0,"BarRetP":0},{"id":34,"time":167,"name":"ElNegro110","marginal_cost":150.5088561587,"value":150.5088561587,"DemBarE":0,"DemBarP":0,"BarRetP":0},{"id":34,"time":168,"name":"ElNegro110","marginal_cost":150.4723628917,"value":150.4723628917,"DemBarE":0,"DemBarP":0,"BarRetP":0}]