[{"id":191,"time":1,"name":"SantaMarta220","marginal_cost":159.1092108243,"value":159.1092108243,"DemBarE":0,"DemBarP":0,"BarRetP":0},{"id":191,"time":2,"name":"SantaMarta220","marginal_cost":159.4685919337,"value":159.4685919337,"DemBarE":0,"DemBarP":0,"BarRetP":0},{"id":191,"time":3,"name":"SantaMarta220","marginal_cost":158.1397688563,"value":158.1397688563,"DemBarE":0,"DemBarP":0,"BarRetP":0},{"id":191,"time":4,"name":"SantaMarta220","marginal_cost":157.0980703892,"value":157.0980703892,"DemBarE":0,"DemBarP":0,"BarRetP":0},{"id":191,"time":5,"name":"SantaMarta220","marginal_cost":139.2312909929,"value":139.2312909929,"DemBarE":0,"DemBarP":0,"BarRetP":0},{"id":191,"time":6,"name":"SantaMarta220","marginal_cost":121.7777094551,"value":121.7777094551,"DemBarE":0,"DemBarP":0,"BarRetP":0},{"id":191,"time":7,"name":"SantaMarta220","marginal_cost":166.0992864991,"value":166.0992864991,"DemBarE":0,"DemBarP":0,"BarRetP":0},{"id":191,"time":8,"name":"SantaMarta220","marginal_cost":169.8850731603,"value":169.8850731603,"DemBarE":0,"DemBarP":0,"BarRetP":0},{"id":191,"time":9,"name":"SantaMarta220","marginal_cost":159.628679014,"value":159.628679014,"DemBarE":0,"DemBarP":0,"BarRetP":0},{"id":191,"time":10,"name":"SantaMarta220","marginal_cost":158.6738905072,"value":158.6738905072,"DemBarE":0,"DemBarP":0,"BarRetP":0},{"id":191,"time":11,"name":"SantaMarta220","marginal_cost":158.8289026662,"value":158.8289026662,"DemBarE":0,"DemBarP":0,"BarRetP":0},{"id":191,"time":12,"name":"SantaMarta220","marginal_cost":159.4481422245,"value":159.4481422245,"DemBarE":0,"DemBarP":0,"BarRetP":0},{"id":191,"time":13,"name":"SantaMarta220","marginal_cost":159.0174188692,"value":159.0174188692,"DemBarE":0,"DemBarP":0,"BarRetP":0},{"id":191,"time":14,"name":"SantaMarta220","marginal_cost":158.6235654972,"value":158.6235654972,"DemBarE":0,"DemBarP":0,"BarRetP":0},{"id":191,"time":15,"name":"SantaMarta220","marginal_cost":159.1744684331,"value":159.1744684331,"DemBarE":0,"DemBarP":0,"BarRetP":0},{"id":191,"time":16,"name":"SantaMarta220","marginal_cost":158.7081780672,"value":158.7081780672,"DemBarE":0,"DemBarP":0,"BarRetP":0},{"id":191,"time":17,"name":"SantaMarta220","marginal_cost":158.6638804486,"value":158.6638804486,"DemBarE":0,"DemBarP":0,"BarRetP":0},{"id":191,"time":18,"name":"SantaMarta220","marginal_cost":159.8512977618,"value":159.8512977618,"DemBarE":0,"DemBarP":0,"BarRetP":0},{"id":191,"time":19,"name":"SantaMarta220","marginal_cost":179.6621019738,"value":179.6621019738,"DemBarE":0,"DemBarP":0,"BarRetP":0},{"id":191,"time":20,"name":"SantaMarta220","marginal_cost":181.8740858896,"value":181.8740858896,"DemBarE":0,"DemBarP":0,"BarRetP":0},{"id":191,"time":21,"name":"SantaMarta220","marginal_cost":172.4312625043,"value":172.4312625043,"DemBarE":0,"DemBarP":0,"BarRetP":0},{"id":191,"time":22,"name":"SantaMarta220","marginal_cost":170.6890567109,"value":170.6890567109,"DemBarE":0,"DemBarP":0,"BarRetP":0},{"id":191,"time":23,"name":"SantaMarta220","marginal_cost":168.1593375647,"value":168.1593375647,"DemBarE":0,"DemBarP":0,"BarRetP":0},{"id":191,"time":24,"name":"SantaMarta220","marginal_cost":167.6114720773,"value":167.6114720773,"DemBarE":0,"DemBarP":0,"BarRetP":0},{"id":191,"time":25,"name":"SantaMarta220","marginal_cost":158.0247740017,"value":158.0247740017,"DemBarE":0,"DemBarP":0,"BarRetP":0},{"id":191,"time":26,"name":"SantaMarta220","marginal_cost":158.0247336908,"value":158.0247336908,"DemBarE":0,"DemBarP":0,"BarRetP":0},{"id":191,"time":27,"name":"SantaMarta220","marginal_cost":157.7736257758,"value":157.7736257758,"DemBarE":0,"DemBarP":0,"BarRetP":0},{"id":191,"time":28,"name":"SantaMarta220","marginal_cost":157.6832528165,"value":157.6832528165,"DemBarE":0,"DemBarP":0,"BarRetP":0},{"id":191,"time":29,"name":"SantaMarta220","marginal_cost":156.7022690419,"value":156.7022690419,"DemBarE":0,"DemBarP":0,"BarRetP":0},{"id":191,"time":30,"name":"SantaMarta220","marginal_cost":158.2068868354,"value":158.2068868354,"DemBarE":0,"DemBarP":0,"BarRetP":0},{"id":191,"time":31,"name":"SantaMarta220","marginal_cost":164.2900075156,"value":164.2900075156,"DemBarE":0,"DemBarP":0,"BarRetP":0},{"id":191,"time":32,"name":"SantaMarta220","marginal_cost":170.5061866519,"value":170.5061866519,"DemBarE":0,"DemBarP":0,"BarRetP":0},{"id":191,"time":33,"name":"SantaMarta220","marginal_cost":159.0048594152,"value":159.0048594152,"DemBarE":0,"DemBarP":0,"BarRetP":0},{"id":191,"time":34,"name":"SantaMarta220","marginal_cost":159.4105751122,"value":159.4105751122,"DemBarE":0,"DemBarP":0,"BarRetP":0},{"id":191,"time":35,"name":"SantaMarta220","marginal_cost":159.6015237202,"value":159.6015237202,"DemBarE":0,"DemBarP":0,"BarRetP":0},{"id":191,"time":36,"name":"SantaMarta220","marginal_cost":159.6639866812,"value":159.6639866812,"DemBarE":0,"DemBarP":0,"BarRetP":0},{"id":191,"time":37,"name":"SantaMarta220","marginal_cost":159.1947971839,"value":159.1947971839,"DemBarE":0,"DemBarP":0,"BarRetP":0},{"id":191,"time":38,"name":"SantaMarta220","marginal_cost":159.1947971839,"value":159.1947971839,"DemBarE":0,"DemBarP":0,"BarRetP":0},{"id":191,"time":39,"name":"SantaMarta220","marginal_cost":159.1947971839,"value":159.1947971839,"DemBarE":0,"DemBarP":0,"BarRetP":0},{"id":191,"time":40,"name":"SantaMarta220","marginal_cost":159.1947971839,"value":159.1947971839,"DemBarE":0,"DemBarP":0,"BarRetP":0},{"id":191,"time":41,"name":"SantaMarta220","marginal_cost":158.5809477539,"value":158.5809477539,"DemBarE":0,"DemBarP":0,"BarRetP":0},{"id":191,"time":42,"name":"SantaMarta220","marginal_cost":157.8240482524,"value":157.8240482524,"DemBarE":0,"DemBarP":0,"BarRetP":0},{"id":191,"time":43,"name":"SantaMarta220","marginal_cost":163.3052661777,"value":163.3052661777,"DemBarE":0,"DemBarP":0,"BarRetP":0},{"id":191,"time":44,"name":"SantaMarta220","marginal_cost":163.3052661777,"value":163.3052661777,"DemBarE":0,"DemBarP":0,"BarRetP":0},{"id":191,"time":45,"name":"SantaMarta220","marginal_cost":163.4522344865,"value":163.4522344865,"DemBarE":0,"DemBarP":0,"BarRetP":0},{"id":191,"time":46,"name":"SantaMarta220","marginal_cost":162.0755818653,"value":162.0755818653,"DemBarE":0,"DemBarP":0,"BarRetP":0},{"id":191,"time":47,"name":"SantaMarta220","marginal_cost":159.4030193894,"value":159.4030193894,"DemBarE":0,"DemBarP":0,"BarRetP":0},{"id":191,"time":48,"name":"SantaMarta220","marginal_cost":157.732049964,"value":157.732049964,"DemBarE":0,"DemBarP":0,"BarRetP":0},{"id":191,"time":49,"name":"SantaMarta220","marginal_cost":149.8785710275,"value":149.8785710275,"DemBarE":0,"DemBarP":0,"BarRetP":0},{"id":191,"time":50,"name":"SantaMarta220","marginal_cost":152.7532634652,"value":152.7532634652,"DemBarE":0,"DemBarP":0,"BarRetP":0},{"id":191,"time":51,"name":"SantaMarta220","marginal_cost":153.3869073065,"value":153.3869073065,"DemBarE":0,"DemBarP":0,"BarRetP":0},{"id":191,"time":52,"name":"SantaMarta220","marginal_cost":135.6403502684,"value":135.6403502684,"DemBarE":0,"DemBarP":0,"BarRetP":0},{"id":191,"time":53,"name":"SantaMarta220","marginal_cost":135.6403502684,"value":135.6403502684,"DemBarE":0,"DemBarP":0,"BarRetP":0},{"id":191,"time":54,"name":"SantaMarta220","marginal_cost":135.7866039086,"value":135.7866039086,"DemBarE":0,"DemBarP":0,"BarRetP":0},{"id":191,"time":55,"name":"SantaMarta220","marginal_cost":136.5554762144,"value":136.5554762144,"DemBarE":0,"DemBarP":0,"BarRetP":0},{"id":191,"time":56,"name":"SantaMarta220","marginal_cost":136.7012482718,"value":136.7012482718,"DemBarE":0,"DemBarP":0,"BarRetP":0},{"id":191,"time":57,"name":"SantaMarta220","marginal_cost":124.0607716006,"value":124.0607716006,"DemBarE":0,"DemBarP":0,"BarRetP":0},{"id":191,"time":58,"name":"SantaMarta220","marginal_cost":137.7113530164,"value":137.7113530164,"DemBarE":0,"DemBarP":0,"BarRetP":0},{"id":191,"time":59,"name":"SantaMarta220","marginal_cost":107.6491984597,"value":107.6491984597,"DemBarE":0,"DemBarP":0,"BarRetP":0},{"id":191,"time":60,"name":"SantaMarta220","marginal_cost":136.4302064594,"value":136.4302064594,"DemBarE":0,"DemBarP":0,"BarRetP":0},{"id":191,"time":61,"name":"SantaMarta220","marginal_cost":135.9966414722,"value":135.9966414722,"DemBarE":0,"DemBarP":0,"BarRetP":0},{"id":191,"time":62,"name":"SantaMarta220","marginal_cost":135.9966414722,"value":135.9966414722,"DemBarE":0,"DemBarP":0,"BarRetP":0},{"id":191,"time":63,"name":"SantaMarta220","marginal_cost":119.4966386106,"value":119.4966386106,"DemBarE":0,"DemBarP":0,"BarRetP":0},{"id":191,"time":64,"name":"SantaMarta220","marginal_cost":136.7083822222,"value":136.7083822222,"DemBarE":0,"DemBarP":0,"BarRetP":0},{"id":191,"time":65,"name":"SantaMarta220","marginal_cost":136.7043476341,"value":136.7043476341,"DemBarE":0,"DemBarP":0,"BarRetP":0},{"id":191,"time":66,"name":"SantaMarta220","marginal_cost":136.7043476341,"value":136.7043476341,"DemBarE":0,"DemBarP":0,"BarRetP":0},{"id":191,"time":67,"name":"SantaMarta220","marginal_cost":169.6659922801,"value":169.6659922801,"DemBarE":0,"DemBarP":0,"BarRetP":0},{"id":191,"time":68,"name":"SantaMarta220","marginal_cost":163.7424894389,"value":163.7424894389,"DemBarE":0,"DemBarP":0,"BarRetP":0},{"id":191,"time":69,"name":"SantaMarta220","marginal_cost":163.7424894389,"value":163.7424894389,"DemBarE":0,"DemBarP":0,"BarRetP":0},{"id":191,"time":70,"name":"SantaMarta220","marginal_cost":163.1782844371,"value":163.1782844371,"DemBarE":0,"DemBarP":0,"BarRetP":0},{"id":191,"time":71,"name":"SantaMarta220","marginal_cost":155.7940479258,"value":155.7940479258,"DemBarE":0,"DemBarP":0,"BarRetP":0},{"id":191,"time":72,"name":"SantaMarta220","marginal_cost":154.526425593,"value":154.526425593,"DemBarE":0,"DemBarP":0,"BarRetP":0},{"id":191,"time":73,"name":"SantaMarta220","marginal_cost":154.4912941694,"value":154.4912941694,"DemBarE":0,"DemBarP":0,"BarRetP":0},{"id":191,"time":74,"name":"SantaMarta220","marginal_cost":151.947441972,"value":151.947441972,"DemBarE":0,"DemBarP":0,"BarRetP":0},{"id":191,"time":75,"name":"SantaMarta220","marginal_cost":137.3730031933,"value":137.3730031933,"DemBarE":0,"DemBarP":0,"BarRetP":0},{"id":191,"time":76,"name":"SantaMarta220","marginal_cost":137.3730031933,"value":137.3730031933,"DemBarE":0,"DemBarP":0,"BarRetP":0},{"id":191,"time":77,"name":"SantaMarta220","marginal_cost":137.3730031933,"value":137.3730031933,"DemBarE":0,"DemBarP":0,"BarRetP":0},{"id":191,"time":78,"name":"SantaMarta220","marginal_cost":137.3730031933,"value":137.3730031933,"DemBarE":0,"DemBarP":0,"BarRetP":0},{"id":191,"time":79,"name":"SantaMarta220","marginal_cost":137.3730031933,"value":137.3730031933,"DemBarE":0,"DemBarP":0,"BarRetP":0},{"id":191,"time":80,"name":"SantaMarta220","marginal_cost":127.7819461246,"value":127.7819461246,"DemBarE":0,"DemBarP":0,"BarRetP":0},{"id":191,"time":81,"name":"SantaMarta220","marginal_cost":127.7819461246,"value":127.7819461246,"DemBarE":0,"DemBarP":0,"BarRetP":0},{"id":191,"time":82,"name":"SantaMarta220","marginal_cost":97.9570270509,"value":97.9570270509,"DemBarE":0,"DemBarP":0,"BarRetP":0},{"id":191,"time":83,"name":"SantaMarta220","marginal_cost":97.9570270509,"value":97.9570270509,"DemBarE":0,"DemBarP":0,"BarRetP":0},{"id":191,"time":84,"name":"SantaMarta220","marginal_cost":124.9099996175,"value":124.9099996175,"DemBarE":0,"DemBarP":0,"BarRetP":0},{"id":191,"time":85,"name":"SantaMarta220","marginal_cost":124.9099996175,"value":124.9099996175,"DemBarE":0,"DemBarP":0,"BarRetP":0},{"id":191,"time":86,"name":"SantaMarta220","marginal_cost":136.1926437995,"value":136.1926437995,"DemBarE":0,"DemBarP":0,"BarRetP":0},{"id":191,"time":87,"name":"SantaMarta220","marginal_cost":136.1926437995,"value":136.1926437995,"DemBarE":0,"DemBarP":0,"BarRetP":0},{"id":191,"time":88,"name":"SantaMarta220","marginal_cost":136.1926437995,"value":136.1926437995,"DemBarE":0,"DemBarP":0,"BarRetP":0},{"id":191,"time":89,"name":"SantaMarta220","marginal_cost":136.1926437995,"value":136.1926437995,"DemBarE":0,"DemBarP":0,"BarRetP":0},{"id":191,"time":90,"name":"SantaMarta220","marginal_cost":136.1926437995,"value":136.1926437995,"DemBarE":0,"DemBarP":0,"BarRetP":0},{"id":191,"time":91,"name":"SantaMarta220","marginal_cost":158.1493761196,"value":158.1493761196,"DemBarE":0,"DemBarP":0,"BarRetP":0},{"id":191,"time":92,"name":"SantaMarta220","marginal_cost":158.1493761196,"value":158.1493761196,"DemBarE":0,"DemBarP":0,"BarRetP":0},{"id":191,"time":93,"name":"SantaMarta220","marginal_cost":160.6271434157,"value":160.6271434157,"DemBarE":0,"DemBarP":0,"BarRetP":0},{"id":191,"time":94,"name":"SantaMarta220","marginal_cost":157.5404103805,"value":157.5404103805,"DemBarE":0,"DemBarP":0,"BarRetP":0},{"id":191,"time":95,"name":"SantaMarta220","marginal_cost":156.0937009946,"value":156.0937009946,"DemBarE":0,"DemBarP":0,"BarRetP":0},{"id":191,"time":96,"name":"SantaMarta220","marginal_cost":156.146850291,"value":156.146850291,"DemBarE":0,"DemBarP":0,"BarRetP":0},{"id":191,"time":97,"name":"SantaMarta220","marginal_cost":156.2494023971,"value":156.2494023971,"DemBarE":0,"DemBarP":0,"BarRetP":0},{"id":191,"time":98,"name":"SantaMarta220","marginal_cost":150.6551371902,"value":150.6551371902,"DemBarE":0,"DemBarP":0,"BarRetP":0},{"id":191,"time":99,"name":"SantaMarta220","marginal_cost":150.1109475635,"value":150.1109475635,"DemBarE":0,"DemBarP":0,"BarRetP":0},{"id":191,"time":100,"name":"SantaMarta220","marginal_cost":150.2715130091,"value":150.2715130091,"DemBarE":0,"DemBarP":0,"BarRetP":0},{"id":191,"time":101,"name":"SantaMarta220","marginal_cost":150.2715130091,"value":150.2715130091,"DemBarE":0,"DemBarP":0,"BarRetP":0},{"id":191,"time":102,"name":"SantaMarta220","marginal_cost":150.2715130091,"value":150.2715130091,"DemBarE":0,"DemBarP":0,"BarRetP":0},{"id":191,"time":103,"name":"SantaMarta220","marginal_cost":157.8566067719,"value":157.8566067719,"DemBarE":0,"DemBarP":0,"BarRetP":0},{"id":191,"time":104,"name":"SantaMarta220","marginal_cost":158.4814901532,"value":158.4814901532,"DemBarE":0,"DemBarP":0,"BarRetP":0},{"id":191,"time":105,"name":"SantaMarta220","marginal_cost":158.4814901532,"value":158.4814901532,"DemBarE":0,"DemBarP":0,"BarRetP":0},{"id":191,"time":106,"name":"SantaMarta220","marginal_cost":155.8451593694,"value":155.8451593694,"DemBarE":0,"DemBarP":0,"BarRetP":0},{"id":191,"time":107,"name":"SantaMarta220","marginal_cost":156.0636083994,"value":156.0636083994,"DemBarE":0,"DemBarP":0,"BarRetP":0},{"id":191,"time":108,"name":"SantaMarta220","marginal_cost":156.4130364822,"value":156.4130364822,"DemBarE":0,"DemBarP":0,"BarRetP":0},{"id":191,"time":109,"name":"SantaMarta220","marginal_cost":156.4130364822,"value":156.4130364822,"DemBarE":0,"DemBarP":0,"BarRetP":0},{"id":191,"time":110,"name":"SantaMarta220","marginal_cost":156.8267845669,"value":156.8267845669,"DemBarE":0,"DemBarP":0,"BarRetP":0},{"id":191,"time":111,"name":"SantaMarta220","marginal_cost":156.9679916099,"value":156.9679916099,"DemBarE":0,"DemBarP":0,"BarRetP":0},{"id":191,"time":112,"name":"SantaMarta220","marginal_cost":156.9679916099,"value":156.9679916099,"DemBarE":0,"DemBarP":0,"BarRetP":0},{"id":191,"time":113,"name":"SantaMarta220","marginal_cost":159.6129625865,"value":159.6129625865,"DemBarE":0,"DemBarP":0,"BarRetP":0},{"id":191,"time":114,"name":"SantaMarta220","marginal_cost":159.6129625865,"value":159.6129625865,"DemBarE":0,"DemBarP":0,"BarRetP":0},{"id":191,"time":115,"name":"SantaMarta220","marginal_cost":159.6129625865,"value":159.6129625865,"DemBarE":0,"DemBarP":0,"BarRetP":0},{"id":191,"time":116,"name":"SantaMarta220","marginal_cost":163.6396791441,"value":163.6396791441,"DemBarE":0,"DemBarP":0,"BarRetP":0},{"id":191,"time":117,"name":"SantaMarta220","marginal_cost":163.6396791441,"value":163.6396791441,"DemBarE":0,"DemBarP":0,"BarRetP":0},{"id":191,"time":118,"name":"SantaMarta220","marginal_cost":163.6396791441,"value":163.6396791441,"DemBarE":0,"DemBarP":0,"BarRetP":0},{"id":191,"time":119,"name":"SantaMarta220","marginal_cost":163.4962672163,"value":163.4962672163,"DemBarE":0,"DemBarP":0,"BarRetP":0},{"id":191,"time":120,"name":"SantaMarta220","marginal_cost":160.6510528956,"value":160.6510528956,"DemBarE":0,"DemBarP":0,"BarRetP":0},{"id":191,"time":121,"name":"SantaMarta220","marginal_cost":156.3449341456,"value":156.3449341456,"DemBarE":0,"DemBarP":0,"BarRetP":0},{"id":191,"time":122,"name":"SantaMarta220","marginal_cost":156.119576621,"value":156.119576621,"DemBarE":0,"DemBarP":0,"BarRetP":0},{"id":191,"time":123,"name":"SantaMarta220","marginal_cost":151.5587707062,"value":151.5587707062,"DemBarE":0,"DemBarP":0,"BarRetP":0},{"id":191,"time":124,"name":"SantaMarta220","marginal_cost":151.5587707062,"value":151.5587707062,"DemBarE":0,"DemBarP":0,"BarRetP":0},{"id":191,"time":125,"name":"SantaMarta220","marginal_cost":151.5587707062,"value":151.5587707062,"DemBarE":0,"DemBarP":0,"BarRetP":0},{"id":191,"time":126,"name":"SantaMarta220","marginal_cost":151.5587707062,"value":151.5587707062,"DemBarE":0,"DemBarP":0,"BarRetP":0},{"id":191,"time":127,"name":"SantaMarta220","marginal_cost":158.7596621015,"value":158.7596621015,"DemBarE":0,"DemBarP":0,"BarRetP":0},{"id":191,"time":128,"name":"SantaMarta220","marginal_cost":164.021771569,"value":164.021771569,"DemBarE":0,"DemBarP":0,"BarRetP":0},{"id":191,"time":129,"name":"SantaMarta220","marginal_cost":159.6701767705,"value":159.6701767705,"DemBarE":0,"DemBarP":0,"BarRetP":0},{"id":191,"time":130,"name":"SantaMarta220","marginal_cost":162.7286745079,"value":162.7286745079,"DemBarE":0,"DemBarP":0,"BarRetP":0},{"id":191,"time":131,"name":"SantaMarta220","marginal_cost":162.0938466804,"value":162.0938466804,"DemBarE":0,"DemBarP":0,"BarRetP":0},{"id":191,"time":132,"name":"SantaMarta220","marginal_cost":163.651766965,"value":163.651766965,"DemBarE":0,"DemBarP":0,"BarRetP":0},{"id":191,"time":133,"name":"SantaMarta220","marginal_cost":163.0731686292,"value":163.0731686292,"DemBarE":0,"DemBarP":0,"BarRetP":0},{"id":191,"time":134,"name":"SantaMarta220","marginal_cost":163.0731686292,"value":163.0731686292,"DemBarE":0,"DemBarP":0,"BarRetP":0},{"id":191,"time":135,"name":"SantaMarta220","marginal_cost":163.0731686292,"value":163.0731686292,"DemBarE":0,"DemBarP":0,"BarRetP":0},{"id":191,"time":136,"name":"SantaMarta220","marginal_cost":163.0731686292,"value":163.0731686292,"DemBarE":0,"DemBarP":0,"BarRetP":0},{"id":191,"time":137,"name":"SantaMarta220","marginal_cost":164.584622007,"value":164.584622007,"DemBarE":0,"DemBarP":0,"BarRetP":0},{"id":191,"time":138,"name":"SantaMarta220","marginal_cost":164.584622007,"value":164.584622007,"DemBarE":0,"DemBarP":0,"BarRetP":0},{"id":191,"time":139,"name":"SantaMarta220","marginal_cost":164.584622007,"value":164.584622007,"DemBarE":0,"DemBarP":0,"BarRetP":0},{"id":191,"time":140,"name":"SantaMarta220","marginal_cost":164.584622007,"value":164.584622007,"DemBarE":0,"DemBarP":0,"BarRetP":0},{"id":191,"time":141,"name":"SantaMarta220","marginal_cost":164.584622007,"value":164.584622007,"DemBarE":0,"DemBarP":0,"BarRetP":0},{"id":191,"time":142,"name":"SantaMarta220","marginal_cost":164.584622007,"value":164.584622007,"DemBarE":0,"DemBarP":0,"BarRetP":0},{"id":191,"time":143,"name":"SantaMarta220","marginal_cost":163.6809109932,"value":163.6809109932,"DemBarE":0,"DemBarP":0,"BarRetP":0},{"id":191,"time":144,"name":"SantaMarta220","marginal_cost":163.9025096067,"value":163.9025096067,"DemBarE":0,"DemBarP":0,"BarRetP":0},{"id":191,"time":145,"name":"SantaMarta220","marginal_cost":161.4642422348,"value":161.4642422348,"DemBarE":0,"DemBarP":0,"BarRetP":0},{"id":191,"time":146,"name":"SantaMarta220","marginal_cost":160.4061191903,"value":160.4061191903,"DemBarE":0,"DemBarP":0,"BarRetP":0},{"id":191,"time":147,"name":"SantaMarta220","marginal_cost":157.505103427,"value":157.505103427,"DemBarE":0,"DemBarP":0,"BarRetP":0},{"id":191,"time":148,"name":"SantaMarta220","marginal_cost":157.505103427,"value":157.505103427,"DemBarE":0,"DemBarP":0,"BarRetP":0},{"id":191,"time":149,"name":"SantaMarta220","marginal_cost":157.505103427,"value":157.505103427,"DemBarE":0,"DemBarP":0,"BarRetP":0},{"id":191,"time":150,"name":"SantaMarta220","marginal_cost":157.505103427,"value":157.505103427,"DemBarE":0,"DemBarP":0,"BarRetP":0},{"id":191,"time":151,"name":"SantaMarta220","marginal_cost":161.5211015792,"value":161.5211015792,"DemBarE":0,"DemBarP":0,"BarRetP":0},{"id":191,"time":152,"name":"SantaMarta220","marginal_cost":162.4744343901,"value":162.4744343901,"DemBarE":0,"DemBarP":0,"BarRetP":0},{"id":191,"time":153,"name":"SantaMarta220","marginal_cost":162.4744343901,"value":162.4744343901,"DemBarE":0,"DemBarP":0,"BarRetP":0},{"id":191,"time":154,"name":"SantaMarta220","marginal_cost":161.5817388298,"value":161.5817388298,"DemBarE":0,"DemBarP":0,"BarRetP":0},{"id":191,"time":155,"name":"SantaMarta220","marginal_cost":161.5817388298,"value":161.5817388298,"DemBarE":0,"DemBarP":0,"BarRetP":0},{"id":191,"time":156,"name":"SantaMarta220","marginal_cost":162.5256888038,"value":162.5256888038,"DemBarE":0,"DemBarP":0,"BarRetP":0},{"id":191,"time":157,"name":"SantaMarta220","marginal_cost":162.9345448932,"value":162.9345448932,"DemBarE":0,"DemBarP":0,"BarRetP":0},{"id":191,"time":158,"name":"SantaMarta220","marginal_cost":162.9345448932,"value":162.9345448932,"DemBarE":0,"DemBarP":0,"BarRetP":0},{"id":191,"time":159,"name":"SantaMarta220","marginal_cost":162.9345448932,"value":162.9345448932,"DemBarE":0,"DemBarP":0,"BarRetP":0},{"id":191,"time":160,"name":"SantaMarta220","marginal_cost":162.6887990205,"value":162.6887990205,"DemBarE":0,"DemBarP":0,"BarRetP":0},{"id":191,"time":161,"name":"SantaMarta220","marginal_cost":162.6887990205,"value":162.6887990205,"DemBarE":0,"DemBarP":0,"BarRetP":0},{"id":191,"time":162,"name":"SantaMarta220","marginal_cost":163.5537459325,"value":163.5537459325,"DemBarE":0,"DemBarP":0,"BarRetP":0},{"id":191,"time":163,"name":"SantaMarta220","marginal_cost":166.3359656432,"value":166.3359656432,"DemBarE":0,"DemBarP":0,"BarRetP":0},{"id":191,"time":164,"name":"SantaMarta220","marginal_cost":166.3359656432,"value":166.3359656432,"DemBarE":0,"DemBarP":0,"BarRetP":0},{"id":191,"time":165,"name":"SantaMarta220","marginal_cost":166.3359656432,"value":166.3359656432,"DemBarE":0,"DemBarP":0,"BarRetP":0},{"id":191,"time":166,"name":"SantaMarta220","marginal_cost":166.3359656432,"value":166.3359656432,"DemBarE":0,"DemBarP":0,"BarRetP":0},{"id":191,"time":167,"name":"SantaMarta220","marginal_cost":165.0480265284,"value":165.0480265284,"DemBarE":0,"DemBarP":0,"BarRetP":0},{"id":191,"time":168,"name":"SantaMarta220","marginal_cost":164.5260472868,"value":164.5260472868,"DemBarE":0,"DemBarP":0,"BarRetP":0}]