[{"id":138,"time":1,"name":"Florida110","marginal_cost":161.9667578425,"value":161.9667578425,"DemBarE":0,"DemBarP":0,"BarRetP":0},{"id":138,"time":2,"name":"Florida110","marginal_cost":161.9169234302,"value":161.9169234302,"DemBarE":0,"DemBarP":0,"BarRetP":0},{"id":138,"time":3,"name":"Florida110","marginal_cost":160.3806729,"value":160.3806729,"DemBarE":0,"DemBarP":0,"BarRetP":0},{"id":138,"time":4,"name":"Florida110","marginal_cost":159.2047207261,"value":159.2047207261,"DemBarE":0,"DemBarP":0,"BarRetP":0},{"id":138,"time":5,"name":"Florida110","marginal_cost":141.0776149685,"value":141.0776149685,"DemBarE":0,"DemBarP":0,"BarRetP":0},{"id":138,"time":6,"name":"Florida110","marginal_cost":123.4096451802,"value":123.4096451802,"DemBarE":0,"DemBarP":0,"BarRetP":0},{"id":138,"time":7,"name":"Florida110","marginal_cost":168.9587046144,"value":168.9587046144,"DemBarE":0,"DemBarP":0,"BarRetP":0},{"id":138,"time":8,"name":"Florida110","marginal_cost":173.1995117189,"value":173.1995117189,"DemBarE":0,"DemBarP":0,"BarRetP":0},{"id":138,"time":9,"name":"Florida110","marginal_cost":162.9908734679,"value":162.9908734679,"DemBarE":0,"DemBarP":0,"BarRetP":0},{"id":138,"time":10,"name":"Florida110","marginal_cost":162.2010126478,"value":162.2010126478,"DemBarE":0,"DemBarP":0,"BarRetP":0},{"id":138,"time":11,"name":"Florida110","marginal_cost":162.5352843263,"value":162.5352843263,"DemBarE":0,"DemBarP":0,"BarRetP":0},{"id":138,"time":12,"name":"Florida110","marginal_cost":163.2453390093,"value":163.2453390093,"DemBarE":0,"DemBarP":0,"BarRetP":0},{"id":138,"time":13,"name":"Florida110","marginal_cost":162.8048308886,"value":162.8048308886,"DemBarE":0,"DemBarP":0,"BarRetP":0},{"id":138,"time":14,"name":"Florida110","marginal_cost":162.4876779333,"value":162.4876779333,"DemBarE":0,"DemBarP":0,"BarRetP":0},{"id":138,"time":15,"name":"Florida110","marginal_cost":162.9994164315,"value":162.9994164315,"DemBarE":0,"DemBarP":0,"BarRetP":0},{"id":138,"time":16,"name":"Florida110","marginal_cost":162.5101643566,"value":162.5101643566,"DemBarE":0,"DemBarP":0,"BarRetP":0},{"id":138,"time":17,"name":"Florida110","marginal_cost":162.5971108328,"value":162.5971108328,"DemBarE":0,"DemBarP":0,"BarRetP":0},{"id":138,"time":18,"name":"Florida110","marginal_cost":163.953083465,"value":163.953083465,"DemBarE":0,"DemBarP":0,"BarRetP":0},{"id":138,"time":19,"name":"Florida110","marginal_cost":184.4399702867,"value":184.4399702867,"DemBarE":0,"DemBarP":0,"BarRetP":0},{"id":138,"time":20,"name":"Florida110","marginal_cost":186.6086981391,"value":186.6086981391,"DemBarE":0,"DemBarP":0,"BarRetP":0},{"id":138,"time":21,"name":"Florida110","marginal_cost":177.1512903517,"value":177.1512903517,"DemBarE":0,"DemBarP":0,"BarRetP":0},{"id":138,"time":22,"name":"Florida110","marginal_cost":175.1490429223,"value":175.1490429223,"DemBarE":0,"DemBarP":0,"BarRetP":0},{"id":138,"time":23,"name":"Florida110","marginal_cost":172.2974058147,"value":172.2974058147,"DemBarE":0,"DemBarP":0,"BarRetP":0},{"id":138,"time":24,"name":"Florida110","marginal_cost":171.2543360435,"value":171.2543360435,"DemBarE":0,"DemBarP":0,"BarRetP":0},{"id":138,"time":25,"name":"Florida110","marginal_cost":160.8264633428,"value":160.8264633428,"DemBarE":0,"DemBarP":0,"BarRetP":0},{"id":138,"time":26,"name":"Florida110","marginal_cost":160.4788084002,"value":160.4788084002,"DemBarE":0,"DemBarP":0,"BarRetP":0},{"id":138,"time":27,"name":"Florida110","marginal_cost":159.9945718227,"value":159.9945718227,"DemBarE":0,"DemBarP":0,"BarRetP":0},{"id":138,"time":28,"name":"Florida110","marginal_cost":159.8022619515,"value":159.8022619515,"DemBarE":0,"DemBarP":0,"BarRetP":0},{"id":138,"time":29,"name":"Florida110","marginal_cost":158.7511831193,"value":158.7511831193,"DemBarE":0,"DemBarP":0,"BarRetP":0},{"id":138,"time":30,"name":"Florida110","marginal_cost":160.3660382791,"value":160.3660382791,"DemBarE":0,"DemBarP":0,"BarRetP":0},{"id":138,"time":31,"name":"Florida110","marginal_cost":167.2770636857,"value":167.2770636857,"DemBarE":0,"DemBarP":0,"BarRetP":0},{"id":138,"time":32,"name":"Florida110","marginal_cost":173.982945651,"value":173.982945651,"DemBarE":0,"DemBarP":0,"BarRetP":0},{"id":138,"time":33,"name":"Florida110","marginal_cost":162.3766448287,"value":162.3766448287,"DemBarE":0,"DemBarP":0,"BarRetP":0},{"id":138,"time":34,"name":"Florida110","marginal_cost":162.9372470319,"value":162.9372470319,"DemBarE":0,"DemBarP":0,"BarRetP":0},{"id":138,"time":35,"name":"Florida110","marginal_cost":163.320852906,"value":163.320852906,"DemBarE":0,"DemBarP":0,"BarRetP":0},{"id":138,"time":36,"name":"Florida110","marginal_cost":163.5178276891,"value":163.5178276891,"DemBarE":0,"DemBarP":0,"BarRetP":0},{"id":138,"time":37,"name":"Florida110","marginal_cost":163.2134520568,"value":163.2134520568,"DemBarE":0,"DemBarP":0,"BarRetP":0},{"id":138,"time":38,"name":"Florida110","marginal_cost":163.2134520568,"value":163.2134520568,"DemBarE":0,"DemBarP":0,"BarRetP":0},{"id":138,"time":39,"name":"Florida110","marginal_cost":163.2134520568,"value":163.2134520568,"DemBarE":0,"DemBarP":0,"BarRetP":0},{"id":138,"time":40,"name":"Florida110","marginal_cost":163.2134520568,"value":163.2134520568,"DemBarE":0,"DemBarP":0,"BarRetP":0},{"id":138,"time":41,"name":"Florida110","marginal_cost":162.6555539592,"value":162.6555539592,"DemBarE":0,"DemBarP":0,"BarRetP":0},{"id":138,"time":42,"name":"Florida110","marginal_cost":161.9370887228,"value":161.9370887228,"DemBarE":0,"DemBarP":0,"BarRetP":0},{"id":138,"time":43,"name":"Florida110","marginal_cost":167.67316036,"value":167.67316036,"DemBarE":0,"DemBarP":0,"BarRetP":0},{"id":138,"time":44,"name":"Florida110","marginal_cost":167.67316036,"value":167.67316036,"DemBarE":0,"DemBarP":0,"BarRetP":0},{"id":138,"time":45,"name":"Florida110","marginal_cost":167.9798001455,"value":167.9798001455,"DemBarE":0,"DemBarP":0,"BarRetP":0},{"id":138,"time":46,"name":"Florida110","marginal_cost":166.4379420543,"value":166.4379420543,"DemBarE":0,"DemBarP":0,"BarRetP":0},{"id":138,"time":47,"name":"Florida110","marginal_cost":163.4087625216,"value":163.4087625216,"DemBarE":0,"DemBarP":0,"BarRetP":0},{"id":138,"time":48,"name":"Florida110","marginal_cost":161.2956247073,"value":161.2956247073,"DemBarE":0,"DemBarP":0,"BarRetP":0},{"id":138,"time":49,"name":"Florida110","marginal_cost":152.6614474934,"value":152.6614474934,"DemBarE":0,"DemBarP":0,"BarRetP":0},{"id":138,"time":50,"name":"Florida110","marginal_cost":155.2157669979,"value":155.2157669979,"DemBarE":0,"DemBarP":0,"BarRetP":0},{"id":138,"time":51,"name":"Florida110","marginal_cost":155.6427848468,"value":155.6427848468,"DemBarE":0,"DemBarP":0,"BarRetP":0},{"id":138,"time":52,"name":"Florida110","marginal_cost":137.4738218195,"value":137.4738218195,"DemBarE":0,"DemBarP":0,"BarRetP":0},{"id":138,"time":53,"name":"Florida110","marginal_cost":137.4738218195,"value":137.4738218195,"DemBarE":0,"DemBarP":0,"BarRetP":0},{"id":138,"time":54,"name":"Florida110","marginal_cost":137.5149380943,"value":137.5149380943,"DemBarE":0,"DemBarP":0,"BarRetP":0},{"id":138,"time":55,"name":"Florida110","marginal_cost":138.4243228801,"value":138.4243228801,"DemBarE":0,"DemBarP":0,"BarRetP":0},{"id":138,"time":56,"name":"Florida110","marginal_cost":138.6900618217,"value":138.6900618217,"DemBarE":0,"DemBarP":0,"BarRetP":0},{"id":138,"time":57,"name":"Florida110","marginal_cost":126.0571915302,"value":126.0571915302,"DemBarE":0,"DemBarP":0,"BarRetP":0},{"id":138,"time":58,"name":"Florida110","marginal_cost":140.0522839418,"value":140.0522839418,"DemBarE":0,"DemBarP":0,"BarRetP":0},{"id":138,"time":59,"name":"Florida110","marginal_cost":109.6354352251,"value":109.6354352251,"DemBarE":0,"DemBarP":0,"BarRetP":0},{"id":138,"time":60,"name":"Florida110","marginal_cost":139.3022704504,"value":139.3022704504,"DemBarE":0,"DemBarP":0,"BarRetP":0},{"id":138,"time":61,"name":"Florida110","marginal_cost":138.9772804332,"value":138.9772804332,"DemBarE":0,"DemBarP":0,"BarRetP":0},{"id":138,"time":62,"name":"Florida110","marginal_cost":138.9772804332,"value":138.9772804332,"DemBarE":0,"DemBarP":0,"BarRetP":0},{"id":138,"time":63,"name":"Florida110","marginal_cost":122.2086898628,"value":122.2086898628,"DemBarE":0,"DemBarP":0,"BarRetP":0},{"id":138,"time":64,"name":"Florida110","marginal_cost":139.8406347019,"value":139.8406347019,"DemBarE":0,"DemBarP":0,"BarRetP":0},{"id":138,"time":65,"name":"Florida110","marginal_cost":139.8044638676,"value":139.8044638676,"DemBarE":0,"DemBarP":0,"BarRetP":0},{"id":138,"time":66,"name":"Florida110","marginal_cost":139.8044638676,"value":139.8044638676,"DemBarE":0,"DemBarP":0,"BarRetP":0},{"id":138,"time":67,"name":"Florida110","marginal_cost":173.7976733884,"value":173.7976733884,"DemBarE":0,"DemBarP":0,"BarRetP":0},{"id":138,"time":68,"name":"Florida110","marginal_cost":167.7552348952,"value":167.7552348952,"DemBarE":0,"DemBarP":0,"BarRetP":0},{"id":138,"time":69,"name":"Florida110","marginal_cost":167.7552348952,"value":167.7552348952,"DemBarE":0,"DemBarP":0,"BarRetP":0},{"id":138,"time":70,"name":"Florida110","marginal_cost":167.2639993366,"value":167.2639993366,"DemBarE":0,"DemBarP":0,"BarRetP":0},{"id":138,"time":71,"name":"Florida110","marginal_cost":159.3158155244,"value":159.3158155244,"DemBarE":0,"DemBarP":0,"BarRetP":0},{"id":138,"time":72,"name":"Florida110","marginal_cost":157.8251141835,"value":157.8251141835,"DemBarE":0,"DemBarP":0,"BarRetP":0},{"id":138,"time":73,"name":"Florida110","marginal_cost":157.1904372285,"value":157.1904372285,"DemBarE":0,"DemBarP":0,"BarRetP":0},{"id":138,"time":74,"name":"Florida110","marginal_cost":154.2399835311,"value":154.2399835311,"DemBarE":0,"DemBarP":0,"BarRetP":0},{"id":138,"time":75,"name":"Florida110","marginal_cost":138.9769499125,"value":138.9769499125,"DemBarE":0,"DemBarP":0,"BarRetP":0},{"id":138,"time":76,"name":"Florida110","marginal_cost":138.9769499125,"value":138.9769499125,"DemBarE":0,"DemBarP":0,"BarRetP":0},{"id":138,"time":77,"name":"Florida110","marginal_cost":138.9769499125,"value":138.9769499125,"DemBarE":0,"DemBarP":0,"BarRetP":0},{"id":138,"time":78,"name":"Florida110","marginal_cost":138.9769499125,"value":138.9769499125,"DemBarE":0,"DemBarP":0,"BarRetP":0},{"id":138,"time":79,"name":"Florida110","marginal_cost":138.9769499125,"value":138.9769499125,"DemBarE":0,"DemBarP":0,"BarRetP":0},{"id":138,"time":80,"name":"Florida110","marginal_cost":129.3693713941,"value":129.3693713941,"DemBarE":0,"DemBarP":0,"BarRetP":0},{"id":138,"time":81,"name":"Florida110","marginal_cost":129.3693713941,"value":129.3693713941,"DemBarE":0,"DemBarP":0,"BarRetP":0},{"id":138,"time":82,"name":"Florida110","marginal_cost":99.5185768236,"value":99.5185768236,"DemBarE":0,"DemBarP":0,"BarRetP":0},{"id":138,"time":83,"name":"Florida110","marginal_cost":99.5185768236,"value":99.5185768236,"DemBarE":0,"DemBarP":0,"BarRetP":0},{"id":138,"time":84,"name":"Florida110","marginal_cost":127.4054592287,"value":127.4054592287,"DemBarE":0,"DemBarP":0,"BarRetP":0},{"id":138,"time":85,"name":"Florida110","marginal_cost":127.4054592287,"value":127.4054592287,"DemBarE":0,"DemBarP":0,"BarRetP":0},{"id":138,"time":86,"name":"Florida110","marginal_cost":139.3314240529,"value":139.3314240529,"DemBarE":0,"DemBarP":0,"BarRetP":0},{"id":138,"time":87,"name":"Florida110","marginal_cost":139.3314240529,"value":139.3314240529,"DemBarE":0,"DemBarP":0,"BarRetP":0},{"id":138,"time":88,"name":"Florida110","marginal_cost":139.3314240529,"value":139.3314240529,"DemBarE":0,"DemBarP":0,"BarRetP":0},{"id":138,"time":89,"name":"Florida110","marginal_cost":139.3314240529,"value":139.3314240529,"DemBarE":0,"DemBarP":0,"BarRetP":0},{"id":138,"time":90,"name":"Florida110","marginal_cost":139.3314240529,"value":139.3314240529,"DemBarE":0,"DemBarP":0,"BarRetP":0},{"id":138,"time":91,"name":"Florida110","marginal_cost":162.2070576347,"value":162.2070576347,"DemBarE":0,"DemBarP":0,"BarRetP":0},{"id":138,"time":92,"name":"Florida110","marginal_cost":162.2070576347,"value":162.2070576347,"DemBarE":0,"DemBarP":0,"BarRetP":0},{"id":138,"time":93,"name":"Florida110","marginal_cost":165.1722591683,"value":165.1722591683,"DemBarE":0,"DemBarP":0,"BarRetP":0},{"id":138,"time":94,"name":"Florida110","marginal_cost":161.9077054252,"value":161.9077054252,"DemBarE":0,"DemBarP":0,"BarRetP":0},{"id":138,"time":95,"name":"Florida110","marginal_cost":159.7002832681,"value":159.7002832681,"DemBarE":0,"DemBarP":0,"BarRetP":0},{"id":138,"time":96,"name":"Florida110","marginal_cost":159.3059130015,"value":159.3059130015,"DemBarE":0,"DemBarP":0,"BarRetP":0},{"id":138,"time":97,"name":"Florida110","marginal_cost":158.8862776614,"value":158.8862776614,"DemBarE":0,"DemBarP":0,"BarRetP":0},{"id":138,"time":98,"name":"Florida110","marginal_cost":152.7753105607,"value":152.7753105607,"DemBarE":0,"DemBarP":0,"BarRetP":0},{"id":138,"time":99,"name":"Florida110","marginal_cost":151.9611715076,"value":151.9611715076,"DemBarE":0,"DemBarP":0,"BarRetP":0},{"id":138,"time":100,"name":"Florida110","marginal_cost":152.0283664561,"value":152.0283664561,"DemBarE":0,"DemBarP":0,"BarRetP":0},{"id":138,"time":101,"name":"Florida110","marginal_cost":152.0283664561,"value":152.0283664561,"DemBarE":0,"DemBarP":0,"BarRetP":0},{"id":138,"time":102,"name":"Florida110","marginal_cost":152.0283664561,"value":152.0283664561,"DemBarE":0,"DemBarP":0,"BarRetP":0},{"id":138,"time":103,"name":"Florida110","marginal_cost":160.535400852,"value":160.535400852,"DemBarE":0,"DemBarP":0,"BarRetP":0},{"id":138,"time":104,"name":"Florida110","marginal_cost":161.548788536,"value":161.548788536,"DemBarE":0,"DemBarP":0,"BarRetP":0},{"id":138,"time":105,"name":"Florida110","marginal_cost":161.548788536,"value":161.548788536,"DemBarE":0,"DemBarP":0,"BarRetP":0},{"id":138,"time":106,"name":"Florida110","marginal_cost":159.0413555724,"value":159.0413555724,"DemBarE":0,"DemBarP":0,"BarRetP":0},{"id":138,"time":107,"name":"Florida110","marginal_cost":159.3708634983,"value":159.3708634983,"DemBarE":0,"DemBarP":0,"BarRetP":0},{"id":138,"time":108,"name":"Florida110","marginal_cost":160.176806308,"value":160.176806308,"DemBarE":0,"DemBarP":0,"BarRetP":0},{"id":138,"time":109,"name":"Florida110","marginal_cost":160.176806308,"value":160.176806308,"DemBarE":0,"DemBarP":0,"BarRetP":0},{"id":138,"time":110,"name":"Florida110","marginal_cost":160.7834117632,"value":160.7834117632,"DemBarE":0,"DemBarP":0,"BarRetP":0},{"id":138,"time":111,"name":"Florida110","marginal_cost":160.8370265341,"value":160.8370265341,"DemBarE":0,"DemBarP":0,"BarRetP":0},{"id":138,"time":112,"name":"Florida110","marginal_cost":160.8370265341,"value":160.8370265341,"DemBarE":0,"DemBarP":0,"BarRetP":0},{"id":138,"time":113,"name":"Florida110","marginal_cost":163.5398607366,"value":163.5398607366,"DemBarE":0,"DemBarP":0,"BarRetP":0},{"id":138,"time":114,"name":"Florida110","marginal_cost":163.5398607366,"value":163.5398607366,"DemBarE":0,"DemBarP":0,"BarRetP":0},{"id":138,"time":115,"name":"Florida110","marginal_cost":163.5398607366,"value":163.5398607366,"DemBarE":0,"DemBarP":0,"BarRetP":0},{"id":138,"time":116,"name":"Florida110","marginal_cost":167.8463518403,"value":167.8463518403,"DemBarE":0,"DemBarP":0,"BarRetP":0},{"id":138,"time":117,"name":"Florida110","marginal_cost":167.8463518403,"value":167.8463518403,"DemBarE":0,"DemBarP":0,"BarRetP":0},{"id":138,"time":118,"name":"Florida110","marginal_cost":167.8463518403,"value":167.8463518403,"DemBarE":0,"DemBarP":0,"BarRetP":0},{"id":138,"time":119,"name":"Florida110","marginal_cost":167.2726930456,"value":167.2726930456,"DemBarE":0,"DemBarP":0,"BarRetP":0},{"id":138,"time":120,"name":"Florida110","marginal_cost":164.0554851749,"value":164.0554851749,"DemBarE":0,"DemBarP":0,"BarRetP":0},{"id":138,"time":121,"name":"Florida110","marginal_cost":159.0798540826,"value":159.0798540826,"DemBarE":0,"DemBarP":0,"BarRetP":0},{"id":138,"time":122,"name":"Florida110","marginal_cost":158.5095417201,"value":158.5095417201,"DemBarE":0,"DemBarP":0,"BarRetP":0},{"id":138,"time":123,"name":"Florida110","marginal_cost":153.5958254844,"value":153.5958254844,"DemBarE":0,"DemBarP":0,"BarRetP":0},{"id":138,"time":124,"name":"Florida110","marginal_cost":153.5958254844,"value":153.5958254844,"DemBarE":0,"DemBarP":0,"BarRetP":0},{"id":138,"time":125,"name":"Florida110","marginal_cost":153.5958254844,"value":153.5958254844,"DemBarE":0,"DemBarP":0,"BarRetP":0},{"id":138,"time":126,"name":"Florida110","marginal_cost":153.5958254844,"value":153.5958254844,"DemBarE":0,"DemBarP":0,"BarRetP":0},{"id":138,"time":127,"name":"Florida110","marginal_cost":161.5966799687,"value":161.5966799687,"DemBarE":0,"DemBarP":0,"BarRetP":0},{"id":138,"time":128,"name":"Florida110","marginal_cost":167.3124713644,"value":167.3124713644,"DemBarE":0,"DemBarP":0,"BarRetP":0},{"id":138,"time":129,"name":"Florida110","marginal_cost":162.9728811497,"value":162.9728811497,"DemBarE":0,"DemBarP":0,"BarRetP":0},{"id":138,"time":130,"name":"Florida110","marginal_cost":166.2433160449,"value":166.2433160449,"DemBarE":0,"DemBarP":0,"BarRetP":0},{"id":138,"time":131,"name":"Florida110","marginal_cost":165.7625140009,"value":165.7625140009,"DemBarE":0,"DemBarP":0,"BarRetP":0},{"id":138,"time":132,"name":"Florida110","marginal_cost":167.6291327741,"value":167.6291327741,"DemBarE":0,"DemBarP":0,"BarRetP":0},{"id":138,"time":133,"name":"Florida110","marginal_cost":167.2490166564,"value":167.2490166564,"DemBarE":0,"DemBarP":0,"BarRetP":0},{"id":138,"time":134,"name":"Florida110","marginal_cost":167.2490166564,"value":167.2490166564,"DemBarE":0,"DemBarP":0,"BarRetP":0},{"id":138,"time":135,"name":"Florida110","marginal_cost":167.2490166564,"value":167.2490166564,"DemBarE":0,"DemBarP":0,"BarRetP":0},{"id":138,"time":136,"name":"Florida110","marginal_cost":167.2490166564,"value":167.2490166564,"DemBarE":0,"DemBarP":0,"BarRetP":0},{"id":138,"time":137,"name":"Florida110","marginal_cost":168.935346065,"value":168.935346065,"DemBarE":0,"DemBarP":0,"BarRetP":0},{"id":138,"time":138,"name":"Florida110","marginal_cost":168.935346065,"value":168.935346065,"DemBarE":0,"DemBarP":0,"BarRetP":0},{"id":138,"time":139,"name":"Florida110","marginal_cost":168.935346065,"value":168.935346065,"DemBarE":0,"DemBarP":0,"BarRetP":0},{"id":138,"time":140,"name":"Florida110","marginal_cost":168.935346065,"value":168.935346065,"DemBarE":0,"DemBarP":0,"BarRetP":0},{"id":138,"time":141,"name":"Florida110","marginal_cost":168.935346065,"value":168.935346065,"DemBarE":0,"DemBarP":0,"BarRetP":0},{"id":138,"time":142,"name":"Florida110","marginal_cost":168.935346065,"value":168.935346065,"DemBarE":0,"DemBarP":0,"BarRetP":0},{"id":138,"time":143,"name":"Florida110","marginal_cost":167.6098643277,"value":167.6098643277,"DemBarE":0,"DemBarP":0,"BarRetP":0},{"id":138,"time":144,"name":"Florida110","marginal_cost":167.4401018889,"value":167.4401018889,"DemBarE":0,"DemBarP":0,"BarRetP":0},{"id":138,"time":145,"name":"Florida110","marginal_cost":164.2519503528,"value":164.2519503528,"DemBarE":0,"DemBarP":0,"BarRetP":0},{"id":138,"time":146,"name":"Florida110","marginal_cost":162.8434487714,"value":162.8434487714,"DemBarE":0,"DemBarP":0,"BarRetP":0},{"id":138,"time":147,"name":"Florida110","marginal_cost":159.6301453809,"value":159.6301453809,"DemBarE":0,"DemBarP":0,"BarRetP":0},{"id":138,"time":148,"name":"Florida110","marginal_cost":159.6301453809,"value":159.6301453809,"DemBarE":0,"DemBarP":0,"BarRetP":0},{"id":138,"time":149,"name":"Florida110","marginal_cost":159.6301453809,"value":159.6301453809,"DemBarE":0,"DemBarP":0,"BarRetP":0},{"id":138,"time":150,"name":"Florida110","marginal_cost":159.6301453809,"value":159.6301453809,"DemBarE":0,"DemBarP":0,"BarRetP":0},{"id":138,"time":151,"name":"Florida110","marginal_cost":164.4320742269,"value":164.4320742269,"DemBarE":0,"DemBarP":0,"BarRetP":0},{"id":138,"time":152,"name":"Florida110","marginal_cost":165.7595079744,"value":165.7595079744,"DemBarE":0,"DemBarP":0,"BarRetP":0},{"id":138,"time":153,"name":"Florida110","marginal_cost":165.7595079744,"value":165.7595079744,"DemBarE":0,"DemBarP":0,"BarRetP":0},{"id":138,"time":154,"name":"Florida110","marginal_cost":165.1446153743,"value":165.1446153743,"DemBarE":0,"DemBarP":0,"BarRetP":0},{"id":138,"time":155,"name":"Florida110","marginal_cost":165.1446153743,"value":165.1446153743,"DemBarE":0,"DemBarP":0,"BarRetP":0},{"id":138,"time":156,"name":"Florida110","marginal_cost":166.3854282119,"value":166.3854282119,"DemBarE":0,"DemBarP":0,"BarRetP":0},{"id":138,"time":157,"name":"Florida110","marginal_cost":166.8650638136,"value":166.8650638136,"DemBarE":0,"DemBarP":0,"BarRetP":0},{"id":138,"time":158,"name":"Florida110","marginal_cost":166.8650638136,"value":166.8650638136,"DemBarE":0,"DemBarP":0,"BarRetP":0},{"id":138,"time":159,"name":"Florida110","marginal_cost":166.8650638136,"value":166.8650638136,"DemBarE":0,"DemBarP":0,"BarRetP":0},{"id":138,"time":160,"name":"Florida110","marginal_cost":166.5520247653,"value":166.5520247653,"DemBarE":0,"DemBarP":0,"BarRetP":0},{"id":138,"time":161,"name":"Florida110","marginal_cost":166.5520247653,"value":166.5520247653,"DemBarE":0,"DemBarP":0,"BarRetP":0},{"id":138,"time":162,"name":"Florida110","marginal_cost":167.5466073356,"value":167.5466073356,"DemBarE":0,"DemBarP":0,"BarRetP":0},{"id":138,"time":163,"name":"Florida110","marginal_cost":170.7512889826,"value":170.7512889826,"DemBarE":0,"DemBarP":0,"BarRetP":0},{"id":138,"time":164,"name":"Florida110","marginal_cost":170.7512889826,"value":170.7512889826,"DemBarE":0,"DemBarP":0,"BarRetP":0},{"id":138,"time":165,"name":"Florida110","marginal_cost":170.7512889826,"value":170.7512889826,"DemBarE":0,"DemBarP":0,"BarRetP":0},{"id":138,"time":166,"name":"Florida110","marginal_cost":170.7512889826,"value":170.7512889826,"DemBarE":0,"DemBarP":0,"BarRetP":0},{"id":138,"time":167,"name":"Florida110","marginal_cost":168.9876665059,"value":168.9876665059,"DemBarE":0,"DemBarP":0,"BarRetP":0},{"id":138,"time":168,"name":"Florida110","marginal_cost":168.0993045685,"value":168.0993045685,"DemBarE":0,"DemBarP":0,"BarRetP":0}]