[{"id":57,"time":1,"name":"Mejillones110","marginal_cost":130.4783434386,"value":130.4783434386,"DemBarE":0,"DemBarP":0,"BarRetP":0},{"id":57,"time":2,"name":"Mejillones110","marginal_cost":127.1513070963,"value":127.1513070963,"DemBarE":0,"DemBarP":0,"BarRetP":0},{"id":57,"time":3,"name":"Mejillones110","marginal_cost":128.1940652638,"value":128.1940652638,"DemBarE":0,"DemBarP":0,"BarRetP":0},{"id":57,"time":4,"name":"Mejillones110","marginal_cost":128.9090861044,"value":128.9090861044,"DemBarE":0,"DemBarP":0,"BarRetP":0},{"id":57,"time":5,"name":"Mejillones110","marginal_cost":129.0771718256,"value":129.0771718256,"DemBarE":0,"DemBarP":0,"BarRetP":0},{"id":57,"time":6,"name":"Mejillones110","marginal_cost":95.4566728794,"value":95.4566728794,"DemBarE":0,"DemBarP":0,"BarRetP":0},{"id":57,"time":7,"name":"Mejillones110","marginal_cost":129.9500965252,"value":129.9500965252,"DemBarE":0,"DemBarP":0,"BarRetP":0},{"id":57,"time":8,"name":"Mejillones110","marginal_cost":155.7926719067,"value":155.7926719067,"DemBarE":0,"DemBarP":0,"BarRetP":0},{"id":57,"time":9,"name":"Mejillones110","marginal_cost":113.6197986131,"value":113.6197986131,"DemBarE":0,"DemBarP":0,"BarRetP":0},{"id":57,"time":10,"name":"Mejillones110","marginal_cost":79.7773767022,"value":79.7773767022,"DemBarE":0,"DemBarP":0,"BarRetP":0},{"id":57,"time":11,"name":"Mejillones110","marginal_cost":76.7452613352,"value":76.7452613352,"DemBarE":0,"DemBarP":0,"BarRetP":0},{"id":57,"time":12,"name":"Mejillones110","marginal_cost":67.7421814089,"value":67.7421814089,"DemBarE":0,"DemBarP":0,"BarRetP":0},{"id":57,"time":13,"name":"Mejillones110","marginal_cost":46.3824408241,"value":46.3824408241,"DemBarE":0,"DemBarP":0,"BarRetP":0},{"id":57,"time":14,"name":"Mejillones110","marginal_cost":-1.8508974945,"value":-1.8508974945,"DemBarE":0,"DemBarP":0,"BarRetP":0},{"id":57,"time":15,"name":"Mejillones110","marginal_cost":-1.5207990006,"value":-1.5207990006,"DemBarE":0,"DemBarP":0,"BarRetP":0},{"id":57,"time":16,"name":"Mejillones110","marginal_cost":-1.521216794,"value":-1.521216794,"DemBarE":0,"DemBarP":0,"BarRetP":0},{"id":57,"time":17,"name":"Mejillones110","marginal_cost":97.808793771,"value":97.808793771,"DemBarE":0,"DemBarP":0,"BarRetP":0},{"id":57,"time":18,"name":"Mejillones110","marginal_cost":131.9084269503,"value":131.9084269503,"DemBarE":0,"DemBarP":0,"BarRetP":0},{"id":57,"time":19,"name":"Mejillones110","marginal_cost":166.3947009549,"value":166.3947009549,"DemBarE":0,"DemBarP":0,"BarRetP":0},{"id":57,"time":20,"name":"Mejillones110","marginal_cost":167.0238561018,"value":167.0238561018,"DemBarE":0,"DemBarP":0,"BarRetP":0},{"id":57,"time":21,"name":"Mejillones110","marginal_cost":162.5764974128,"value":162.5764974128,"DemBarE":0,"DemBarP":0,"BarRetP":0},{"id":57,"time":22,"name":"Mejillones110","marginal_cost":155.9565201479,"value":155.9565201479,"DemBarE":0,"DemBarP":0,"BarRetP":0},{"id":57,"time":23,"name":"Mejillones110","marginal_cost":153.2490875293,"value":153.2490875293,"DemBarE":0,"DemBarP":0,"BarRetP":0},{"id":57,"time":24,"name":"Mejillones110","marginal_cost":152.4710486347,"value":152.4710486347,"DemBarE":0,"DemBarP":0,"BarRetP":0},{"id":57,"time":25,"name":"Mejillones110","marginal_cost":152.6553832386,"value":152.6553832386,"DemBarE":0,"DemBarP":0,"BarRetP":0},{"id":57,"time":26,"name":"Mejillones110","marginal_cost":150.6625095628,"value":150.6625095628,"DemBarE":0,"DemBarP":0,"BarRetP":0},{"id":57,"time":27,"name":"Mejillones110","marginal_cost":151.4976879126,"value":151.4976879126,"DemBarE":0,"DemBarP":0,"BarRetP":0},{"id":57,"time":28,"name":"Mejillones110","marginal_cost":151.4933901498,"value":151.4933901498,"DemBarE":0,"DemBarP":0,"BarRetP":0},{"id":57,"time":29,"name":"Mejillones110","marginal_cost":150.1788151515,"value":150.1788151515,"DemBarE":0,"DemBarP":0,"BarRetP":0},{"id":57,"time":30,"name":"Mejillones110","marginal_cost":150.8850500646,"value":150.8850500646,"DemBarE":0,"DemBarP":0,"BarRetP":0},{"id":57,"time":31,"name":"Mejillones110","marginal_cost":158.5778839946,"value":158.5778839946,"DemBarE":0,"DemBarP":0,"BarRetP":0},{"id":57,"time":32,"name":"Mejillones110","marginal_cost":154.47194158,"value":154.47194158,"DemBarE":0,"DemBarP":0,"BarRetP":0},{"id":57,"time":33,"name":"Mejillones110","marginal_cost":125.9177044919,"value":125.9177044919,"DemBarE":0,"DemBarP":0,"BarRetP":0},{"id":57,"time":34,"name":"Mejillones110","marginal_cost":86.5846207825,"value":86.5846207825,"DemBarE":0,"DemBarP":0,"BarRetP":0},{"id":57,"time":35,"name":"Mejillones110","marginal_cost":82.9546810494,"value":82.9546810494,"DemBarE":0,"DemBarP":0,"BarRetP":0},{"id":57,"time":36,"name":"Mejillones110","marginal_cost":82.9961965862,"value":82.9961965862,"DemBarE":0,"DemBarP":0,"BarRetP":0},{"id":57,"time":37,"name":"Mejillones110","marginal_cost":81.5145214372,"value":81.5145214372,"DemBarE":0,"DemBarP":0,"BarRetP":0},{"id":57,"time":38,"name":"Mejillones110","marginal_cost":81.5145214372,"value":81.5145214372,"DemBarE":0,"DemBarP":0,"BarRetP":0},{"id":57,"time":39,"name":"Mejillones110","marginal_cost":81.5145214372,"value":81.5145214372,"DemBarE":0,"DemBarP":0,"BarRetP":0},{"id":57,"time":40,"name":"Mejillones110","marginal_cost":81.5145214372,"value":81.5145214372,"DemBarE":0,"DemBarP":0,"BarRetP":0},{"id":57,"time":41,"name":"Mejillones110","marginal_cost":100.4835727506,"value":100.4835727506,"DemBarE":0,"DemBarP":0,"BarRetP":0},{"id":57,"time":42,"name":"Mejillones110","marginal_cost":134.8686714856,"value":134.8686714856,"DemBarE":0,"DemBarP":0,"BarRetP":0},{"id":57,"time":43,"name":"Mejillones110","marginal_cost":157.4577334772,"value":157.4577334772,"DemBarE":0,"DemBarP":0,"BarRetP":0},{"id":57,"time":44,"name":"Mejillones110","marginal_cost":157.4577334772,"value":157.4577334772,"DemBarE":0,"DemBarP":0,"BarRetP":0},{"id":57,"time":45,"name":"Mejillones110","marginal_cost":158.942534081,"value":158.942534081,"DemBarE":0,"DemBarP":0,"BarRetP":0},{"id":57,"time":46,"name":"Mejillones110","marginal_cost":158.0273775477,"value":158.0273775477,"DemBarE":0,"DemBarP":0,"BarRetP":0},{"id":57,"time":47,"name":"Mejillones110","marginal_cost":154.742722645,"value":154.742722645,"DemBarE":0,"DemBarP":0,"BarRetP":0},{"id":57,"time":48,"name":"Mejillones110","marginal_cost":152.0230152544,"value":152.0230152544,"DemBarE":0,"DemBarP":0,"BarRetP":0},{"id":57,"time":49,"name":"Mejillones110","marginal_cost":145.424532321,"value":145.424532321,"DemBarE":0,"DemBarP":0,"BarRetP":0},{"id":57,"time":50,"name":"Mejillones110","marginal_cost":148.0725369891,"value":148.0725369891,"DemBarE":0,"DemBarP":0,"BarRetP":0},{"id":57,"time":51,"name":"Mejillones110","marginal_cost":150.1613072925,"value":150.1613072925,"DemBarE":0,"DemBarP":0,"BarRetP":0},{"id":57,"time":52,"name":"Mejillones110","marginal_cost":134.7458734249,"value":134.7458734249,"DemBarE":0,"DemBarP":0,"BarRetP":0},{"id":57,"time":53,"name":"Mejillones110","marginal_cost":134.7458734249,"value":134.7458734249,"DemBarE":0,"DemBarP":0,"BarRetP":0},{"id":57,"time":54,"name":"Mejillones110","marginal_cost":133.6594847853,"value":133.6594847853,"DemBarE":0,"DemBarP":0,"BarRetP":0},{"id":57,"time":55,"name":"Mejillones110","marginal_cost":133.0335424337,"value":133.0335424337,"DemBarE":0,"DemBarP":0,"BarRetP":0},{"id":57,"time":56,"name":"Mejillones110","marginal_cost":129.2480389404,"value":129.2480389404,"DemBarE":0,"DemBarP":0,"BarRetP":0},{"id":57,"time":57,"name":"Mejillones110","marginal_cost":105.6715028344,"value":105.6715028344,"DemBarE":0,"DemBarP":0,"BarRetP":0},{"id":57,"time":58,"name":"Mejillones110","marginal_cost":84.1578345005,"value":84.1578345005,"DemBarE":0,"DemBarP":0,"BarRetP":0},{"id":57,"time":59,"name":"Mejillones110","marginal_cost":82.5964594769,"value":82.5964594769,"DemBarE":0,"DemBarP":0,"BarRetP":0},{"id":57,"time":60,"name":"Mejillones110","marginal_cost":81.7947521566,"value":81.7947521566,"DemBarE":0,"DemBarP":0,"BarRetP":0},{"id":57,"time":61,"name":"Mejillones110","marginal_cost":-2.1715632441,"value":-2.1715632441,"DemBarE":0,"DemBarP":0,"BarRetP":0},{"id":57,"time":62,"name":"Mejillones110","marginal_cost":-2.1715632441,"value":-2.1715632441,"DemBarE":0,"DemBarP":0,"BarRetP":0},{"id":57,"time":63,"name":"Mejillones110","marginal_cost":-1.847518956,"value":-1.847518956,"DemBarE":0,"DemBarP":0,"BarRetP":0},{"id":57,"time":64,"name":"Mejillones110","marginal_cost":-1.2570781964,"value":-1.2570781964,"DemBarE":0,"DemBarP":0,"BarRetP":0},{"id":57,"time":65,"name":"Mejillones110","marginal_cost":114.6324488679,"value":114.6324488679,"DemBarE":0,"DemBarP":0,"BarRetP":0},{"id":57,"time":66,"name":"Mejillones110","marginal_cost":114.6324488679,"value":114.6324488679,"DemBarE":0,"DemBarP":0,"BarRetP":0},{"id":57,"time":67,"name":"Mejillones110","marginal_cost":158.5943767683,"value":158.5943767683,"DemBarE":0,"DemBarP":0,"BarRetP":0},{"id":57,"time":68,"name":"Mejillones110","marginal_cost":154.7820906088,"value":154.7820906088,"DemBarE":0,"DemBarP":0,"BarRetP":0},{"id":57,"time":69,"name":"Mejillones110","marginal_cost":154.7820906088,"value":154.7820906088,"DemBarE":0,"DemBarP":0,"BarRetP":0},{"id":57,"time":70,"name":"Mejillones110","marginal_cost":155.5278593208,"value":155.5278593208,"DemBarE":0,"DemBarP":0,"BarRetP":0},{"id":57,"time":71,"name":"Mejillones110","marginal_cost":148.0120702365,"value":148.0120702365,"DemBarE":0,"DemBarP":0,"BarRetP":0},{"id":57,"time":72,"name":"Mejillones110","marginal_cost":146.1533758473,"value":146.1533758473,"DemBarE":0,"DemBarP":0,"BarRetP":0},{"id":57,"time":73,"name":"Mejillones110","marginal_cost":144.7070325288,"value":144.7070325288,"DemBarE":0,"DemBarP":0,"BarRetP":0},{"id":57,"time":74,"name":"Mejillones110","marginal_cost":145.1529378105,"value":145.1529378105,"DemBarE":0,"DemBarP":0,"BarRetP":0},{"id":57,"time":75,"name":"Mejillones110","marginal_cost":132.8046408055,"value":132.8046408055,"DemBarE":0,"DemBarP":0,"BarRetP":0},{"id":57,"time":76,"name":"Mejillones110","marginal_cost":132.8046408055,"value":132.8046408055,"DemBarE":0,"DemBarP":0,"BarRetP":0},{"id":57,"time":77,"name":"Mejillones110","marginal_cost":132.8046408055,"value":132.8046408055,"DemBarE":0,"DemBarP":0,"BarRetP":0},{"id":57,"time":78,"name":"Mejillones110","marginal_cost":132.8046408055,"value":132.8046408055,"DemBarE":0,"DemBarP":0,"BarRetP":0},{"id":57,"time":79,"name":"Mejillones110","marginal_cost":132.8046408055,"value":132.8046408055,"DemBarE":0,"DemBarP":0,"BarRetP":0},{"id":57,"time":80,"name":"Mejillones110","marginal_cost":122.4285401816,"value":122.4285401816,"DemBarE":0,"DemBarP":0,"BarRetP":0},{"id":57,"time":81,"name":"Mejillones110","marginal_cost":122.4285401816,"value":122.4285401816,"DemBarE":0,"DemBarP":0,"BarRetP":0},{"id":57,"time":82,"name":"Mejillones110","marginal_cost":82.8263366233,"value":82.8263366233,"DemBarE":0,"DemBarP":0,"BarRetP":0},{"id":57,"time":83,"name":"Mejillones110","marginal_cost":82.8263366233,"value":82.8263366233,"DemBarE":0,"DemBarP":0,"BarRetP":0},{"id":57,"time":84,"name":"Mejillones110","marginal_cost":78.9177694965,"value":78.9177694965,"DemBarE":0,"DemBarP":0,"BarRetP":0},{"id":57,"time":85,"name":"Mejillones110","marginal_cost":78.9177694965,"value":78.9177694965,"DemBarE":0,"DemBarP":0,"BarRetP":0},{"id":57,"time":86,"name":"Mejillones110","marginal_cost":81.2840362097,"value":81.2840362097,"DemBarE":0,"DemBarP":0,"BarRetP":0},{"id":57,"time":87,"name":"Mejillones110","marginal_cost":81.2840362097,"value":81.2840362097,"DemBarE":0,"DemBarP":0,"BarRetP":0},{"id":57,"time":88,"name":"Mejillones110","marginal_cost":81.2840362097,"value":81.2840362097,"DemBarE":0,"DemBarP":0,"BarRetP":0},{"id":57,"time":89,"name":"Mejillones110","marginal_cost":81.2840362097,"value":81.2840362097,"DemBarE":0,"DemBarP":0,"BarRetP":0},{"id":57,"time":90,"name":"Mejillones110","marginal_cost":81.2840362097,"value":81.2840362097,"DemBarE":0,"DemBarP":0,"BarRetP":0},{"id":57,"time":91,"name":"Mejillones110","marginal_cost":142.878043462,"value":142.878043462,"DemBarE":0,"DemBarP":0,"BarRetP":0},{"id":57,"time":92,"name":"Mejillones110","marginal_cost":142.878043462,"value":142.878043462,"DemBarE":0,"DemBarP":0,"BarRetP":0},{"id":57,"time":93,"name":"Mejillones110","marginal_cost":146.654275174,"value":146.654275174,"DemBarE":0,"DemBarP":0,"BarRetP":0},{"id":57,"time":94,"name":"Mejillones110","marginal_cost":145.0728758105,"value":145.0728758105,"DemBarE":0,"DemBarP":0,"BarRetP":0},{"id":57,"time":95,"name":"Mejillones110","marginal_cost":143.9493382966,"value":143.9493382966,"DemBarE":0,"DemBarP":0,"BarRetP":0},{"id":57,"time":96,"name":"Mejillones110","marginal_cost":144.5318272216,"value":144.5318272216,"DemBarE":0,"DemBarP":0,"BarRetP":0},{"id":57,"time":97,"name":"Mejillones110","marginal_cost":144.900556147,"value":144.900556147,"DemBarE":0,"DemBarP":0,"BarRetP":0},{"id":57,"time":98,"name":"Mejillones110","marginal_cost":141.8131421277,"value":141.8131421277,"DemBarE":0,"DemBarP":0,"BarRetP":0},{"id":57,"time":99,"name":"Mejillones110","marginal_cost":144.2977330903,"value":144.2977330903,"DemBarE":0,"DemBarP":0,"BarRetP":0},{"id":57,"time":100,"name":"Mejillones110","marginal_cost":145.3063778109,"value":145.3063778109,"DemBarE":0,"DemBarP":0,"BarRetP":0},{"id":57,"time":101,"name":"Mejillones110","marginal_cost":145.3063778109,"value":145.3063778109,"DemBarE":0,"DemBarP":0,"BarRetP":0},{"id":57,"time":102,"name":"Mejillones110","marginal_cost":145.3063778109,"value":145.3063778109,"DemBarE":0,"DemBarP":0,"BarRetP":0},{"id":57,"time":103,"name":"Mejillones110","marginal_cost":146.3410552953,"value":146.3410552953,"DemBarE":0,"DemBarP":0,"BarRetP":0},{"id":57,"time":104,"name":"Mejillones110","marginal_cost":127.1013304743,"value":127.1013304743,"DemBarE":0,"DemBarP":0,"BarRetP":0},{"id":57,"time":105,"name":"Mejillones110","marginal_cost":127.1013304743,"value":127.1013304743,"DemBarE":0,"DemBarP":0,"BarRetP":0},{"id":57,"time":106,"name":"Mejillones110","marginal_cost":85.0688583406,"value":85.0688583406,"DemBarE":0,"DemBarP":0,"BarRetP":0},{"id":57,"time":107,"name":"Mejillones110","marginal_cost":84.9783343643,"value":84.9783343643,"DemBarE":0,"DemBarP":0,"BarRetP":0},{"id":57,"time":108,"name":"Mejillones110","marginal_cost":84.2753611405,"value":84.2753611405,"DemBarE":0,"DemBarP":0,"BarRetP":0},{"id":57,"time":109,"name":"Mejillones110","marginal_cost":84.2753611405,"value":84.2753611405,"DemBarE":0,"DemBarP":0,"BarRetP":0},{"id":57,"time":110,"name":"Mejillones110","marginal_cost":84.4872380288,"value":84.4872380288,"DemBarE":0,"DemBarP":0,"BarRetP":0},{"id":57,"time":111,"name":"Mejillones110","marginal_cost":84.3018791102,"value":84.3018791102,"DemBarE":0,"DemBarP":0,"BarRetP":0},{"id":57,"time":112,"name":"Mejillones110","marginal_cost":84.3018791102,"value":84.3018791102,"DemBarE":0,"DemBarP":0,"BarRetP":0},{"id":57,"time":113,"name":"Mejillones110","marginal_cost":128.6319442572,"value":128.6319442572,"DemBarE":0,"DemBarP":0,"BarRetP":0},{"id":57,"time":114,"name":"Mejillones110","marginal_cost":128.6319442572,"value":128.6319442572,"DemBarE":0,"DemBarP":0,"BarRetP":0},{"id":57,"time":115,"name":"Mejillones110","marginal_cost":128.6319442572,"value":128.6319442572,"DemBarE":0,"DemBarP":0,"BarRetP":0},{"id":57,"time":116,"name":"Mejillones110","marginal_cost":149.7301784699,"value":149.7301784699,"DemBarE":0,"DemBarP":0,"BarRetP":0},{"id":57,"time":117,"name":"Mejillones110","marginal_cost":149.7301784699,"value":149.7301784699,"DemBarE":0,"DemBarP":0,"BarRetP":0},{"id":57,"time":118,"name":"Mejillones110","marginal_cost":149.7301784699,"value":149.7301784699,"DemBarE":0,"DemBarP":0,"BarRetP":0},{"id":57,"time":119,"name":"Mejillones110","marginal_cost":150.0720996304,"value":150.0720996304,"DemBarE":0,"DemBarP":0,"BarRetP":0},{"id":57,"time":120,"name":"Mejillones110","marginal_cost":147.005446837,"value":147.005446837,"DemBarE":0,"DemBarP":0,"BarRetP":0},{"id":57,"time":121,"name":"Mejillones110","marginal_cost":147.5073255175,"value":147.5073255175,"DemBarE":0,"DemBarP":0,"BarRetP":0},{"id":57,"time":122,"name":"Mejillones110","marginal_cost":147.9942736733,"value":147.9942736733,"DemBarE":0,"DemBarP":0,"BarRetP":0},{"id":57,"time":123,"name":"Mejillones110","marginal_cost":141.2001146999,"value":141.2001146999,"DemBarE":0,"DemBarP":0,"BarRetP":0},{"id":57,"time":124,"name":"Mejillones110","marginal_cost":141.2001146999,"value":141.2001146999,"DemBarE":0,"DemBarP":0,"BarRetP":0},{"id":57,"time":125,"name":"Mejillones110","marginal_cost":141.2001146999,"value":141.2001146999,"DemBarE":0,"DemBarP":0,"BarRetP":0},{"id":57,"time":126,"name":"Mejillones110","marginal_cost":141.2001146999,"value":141.2001146999,"DemBarE":0,"DemBarP":0,"BarRetP":0},{"id":57,"time":127,"name":"Mejillones110","marginal_cost":142.5862790684,"value":142.5862790684,"DemBarE":0,"DemBarP":0,"BarRetP":0},{"id":57,"time":128,"name":"Mejillones110","marginal_cost":141.8856803497,"value":141.8856803497,"DemBarE":0,"DemBarP":0,"BarRetP":0},{"id":57,"time":129,"name":"Mejillones110","marginal_cost":123.317474503,"value":123.317474503,"DemBarE":0,"DemBarP":0,"BarRetP":0},{"id":57,"time":130,"name":"Mejillones110","marginal_cost":100.2039811671,"value":100.2039811671,"DemBarE":0,"DemBarP":0,"BarRetP":0},{"id":57,"time":131,"name":"Mejillones110","marginal_cost":83.4129977956,"value":83.4129977956,"DemBarE":0,"DemBarP":0,"BarRetP":0},{"id":57,"time":132,"name":"Mejillones110","marginal_cost":85.0865118998,"value":85.0865118998,"DemBarE":0,"DemBarP":0,"BarRetP":0},{"id":57,"time":133,"name":"Mejillones110","marginal_cost":85.0025555307,"value":85.0025555307,"DemBarE":0,"DemBarP":0,"BarRetP":0},{"id":57,"time":134,"name":"Mejillones110","marginal_cost":85.0025555307,"value":85.0025555307,"DemBarE":0,"DemBarP":0,"BarRetP":0},{"id":57,"time":135,"name":"Mejillones110","marginal_cost":85.0025555307,"value":85.0025555307,"DemBarE":0,"DemBarP":0,"BarRetP":0},{"id":57,"time":136,"name":"Mejillones110","marginal_cost":85.0025555307,"value":85.0025555307,"DemBarE":0,"DemBarP":0,"BarRetP":0},{"id":57,"time":137,"name":"Mejillones110","marginal_cost":141.4314145234,"value":141.4314145234,"DemBarE":0,"DemBarP":0,"BarRetP":0},{"id":57,"time":138,"name":"Mejillones110","marginal_cost":141.4314145234,"value":141.4314145234,"DemBarE":0,"DemBarP":0,"BarRetP":0},{"id":57,"time":139,"name":"Mejillones110","marginal_cost":141.4314145234,"value":141.4314145234,"DemBarE":0,"DemBarP":0,"BarRetP":0},{"id":57,"time":140,"name":"Mejillones110","marginal_cost":141.4314145234,"value":141.4314145234,"DemBarE":0,"DemBarP":0,"BarRetP":0},{"id":57,"time":141,"name":"Mejillones110","marginal_cost":141.4314145234,"value":141.4314145234,"DemBarE":0,"DemBarP":0,"BarRetP":0},{"id":57,"time":142,"name":"Mejillones110","marginal_cost":141.4314145234,"value":141.4314145234,"DemBarE":0,"DemBarP":0,"BarRetP":0},{"id":57,"time":143,"name":"Mejillones110","marginal_cost":147.2368309967,"value":147.2368309967,"DemBarE":0,"DemBarP":0,"BarRetP":0},{"id":57,"time":144,"name":"Mejillones110","marginal_cost":146.6800083185,"value":146.6800083185,"DemBarE":0,"DemBarP":0,"BarRetP":0},{"id":57,"time":145,"name":"Mejillones110","marginal_cost":147.7892724742,"value":147.7892724742,"DemBarE":0,"DemBarP":0,"BarRetP":0},{"id":57,"time":146,"name":"Mejillones110","marginal_cost":144.6180090613,"value":144.6180090613,"DemBarE":0,"DemBarP":0,"BarRetP":0},{"id":57,"time":147,"name":"Mejillones110","marginal_cost":144.3129718143,"value":144.3129718143,"DemBarE":0,"DemBarP":0,"BarRetP":0},{"id":57,"time":148,"name":"Mejillones110","marginal_cost":144.3129718143,"value":144.3129718143,"DemBarE":0,"DemBarP":0,"BarRetP":0},{"id":57,"time":149,"name":"Mejillones110","marginal_cost":144.3129718143,"value":144.3129718143,"DemBarE":0,"DemBarP":0,"BarRetP":0},{"id":57,"time":150,"name":"Mejillones110","marginal_cost":144.3129718143,"value":144.3129718143,"DemBarE":0,"DemBarP":0,"BarRetP":0},{"id":57,"time":151,"name":"Mejillones110","marginal_cost":144.180852472,"value":144.180852472,"DemBarE":0,"DemBarP":0,"BarRetP":0},{"id":57,"time":152,"name":"Mejillones110","marginal_cost":128.4725886733,"value":128.4725886733,"DemBarE":0,"DemBarP":0,"BarRetP":0},{"id":57,"time":153,"name":"Mejillones110","marginal_cost":128.4725886733,"value":128.4725886733,"DemBarE":0,"DemBarP":0,"BarRetP":0},{"id":57,"time":154,"name":"Mejillones110","marginal_cost":99.7138022113,"value":99.7138022113,"DemBarE":0,"DemBarP":0,"BarRetP":0},{"id":57,"time":155,"name":"Mejillones110","marginal_cost":99.7138022113,"value":99.7138022113,"DemBarE":0,"DemBarP":0,"BarRetP":0},{"id":57,"time":156,"name":"Mejillones110","marginal_cost":99.74677724,"value":99.74677724,"DemBarE":0,"DemBarP":0,"BarRetP":0},{"id":57,"time":157,"name":"Mejillones110","marginal_cost":85.6651604556,"value":85.6651604556,"DemBarE":0,"DemBarP":0,"BarRetP":0},{"id":57,"time":158,"name":"Mejillones110","marginal_cost":85.6651604556,"value":85.6651604556,"DemBarE":0,"DemBarP":0,"BarRetP":0},{"id":57,"time":159,"name":"Mejillones110","marginal_cost":85.6651604556,"value":85.6651604556,"DemBarE":0,"DemBarP":0,"BarRetP":0},{"id":57,"time":160,"name":"Mejillones110","marginal_cost":100.5926104167,"value":100.5926104167,"DemBarE":0,"DemBarP":0,"BarRetP":0},{"id":57,"time":161,"name":"Mejillones110","marginal_cost":100.5926104167,"value":100.5926104167,"DemBarE":0,"DemBarP":0,"BarRetP":0},{"id":57,"time":162,"name":"Mejillones110","marginal_cost":129.945656853,"value":129.945656853,"DemBarE":0,"DemBarP":0,"BarRetP":0},{"id":57,"time":163,"name":"Mejillones110","marginal_cost":147.6866695841,"value":147.6866695841,"DemBarE":0,"DemBarP":0,"BarRetP":0},{"id":57,"time":164,"name":"Mejillones110","marginal_cost":147.6866695841,"value":147.6866695841,"DemBarE":0,"DemBarP":0,"BarRetP":0},{"id":57,"time":165,"name":"Mejillones110","marginal_cost":147.6866695841,"value":147.6866695841,"DemBarE":0,"DemBarP":0,"BarRetP":0},{"id":57,"time":166,"name":"Mejillones110","marginal_cost":147.6866695841,"value":147.6866695841,"DemBarE":0,"DemBarP":0,"BarRetP":0},{"id":57,"time":167,"name":"Mejillones110","marginal_cost":146.3024497449,"value":146.3024497449,"DemBarE":0,"DemBarP":0,"BarRetP":0},{"id":57,"time":168,"name":"Mejillones110","marginal_cost":146.1620833994,"value":146.1620833994,"DemBarE":0,"DemBarP":0,"BarRetP":0}]