[{"id":157,"time":1,"name":"Molinos110","marginal_cost":156.0530937636,"value":156.0530937636,"DemBarE":0,"DemBarP":0,"BarRetP":0},{"id":157,"time":2,"name":"Molinos110","marginal_cost":155.7563399723,"value":155.7563399723,"DemBarE":0,"DemBarP":0,"BarRetP":0},{"id":157,"time":3,"name":"Molinos110","marginal_cost":152.7931451104,"value":152.7931451104,"DemBarE":0,"DemBarP":0,"BarRetP":0},{"id":157,"time":4,"name":"Molinos110","marginal_cost":150.5612943692,"value":150.5612943692,"DemBarE":0,"DemBarP":0,"BarRetP":0},{"id":157,"time":5,"name":"Molinos110","marginal_cost":134.7718755556,"value":134.7718755556,"DemBarE":0,"DemBarP":0,"BarRetP":0},{"id":157,"time":6,"name":"Molinos110","marginal_cost":119.5570509571,"value":119.5570509571,"DemBarE":0,"DemBarP":0,"BarRetP":0},{"id":157,"time":7,"name":"Molinos110","marginal_cost":165.8149656729,"value":165.8149656729,"DemBarE":0,"DemBarP":0,"BarRetP":0},{"id":157,"time":8,"name":"Molinos110","marginal_cost":179.3673977062,"value":179.3673977062,"DemBarE":0,"DemBarP":0,"BarRetP":0},{"id":157,"time":9,"name":"Molinos110","marginal_cost":200.2500114273,"value":200.2500114273,"DemBarE":0,"DemBarP":0,"BarRetP":0},{"id":157,"time":10,"name":"Molinos110","marginal_cost":230.3963769429,"value":230.3963769429,"DemBarE":0,"DemBarP":0,"BarRetP":0},{"id":157,"time":11,"name":"Molinos110","marginal_cost":230.4614045509,"value":230.4614045509,"DemBarE":0,"DemBarP":0,"BarRetP":0},{"id":157,"time":12,"name":"Molinos110","marginal_cost":231.0611842872,"value":231.0611842872,"DemBarE":0,"DemBarP":0,"BarRetP":0},{"id":157,"time":13,"name":"Molinos110","marginal_cost":230.5676513581,"value":230.5676513581,"DemBarE":0,"DemBarP":0,"BarRetP":0},{"id":157,"time":14,"name":"Molinos110","marginal_cost":249.3339633544,"value":249.3339633544,"DemBarE":0,"DemBarP":0,"BarRetP":0},{"id":157,"time":15,"name":"Molinos110","marginal_cost":230.4540202952,"value":230.4540202952,"DemBarE":0,"DemBarP":0,"BarRetP":0},{"id":157,"time":16,"name":"Molinos110","marginal_cost":230.4483484049,"value":230.4483484049,"DemBarE":0,"DemBarP":0,"BarRetP":0},{"id":157,"time":17,"name":"Molinos110","marginal_cost":230.8089289597,"value":230.8089289597,"DemBarE":0,"DemBarP":0,"BarRetP":0},{"id":157,"time":18,"name":"Molinos110","marginal_cost":232.3481560832,"value":232.3481560832,"DemBarE":0,"DemBarP":0,"BarRetP":0},{"id":157,"time":19,"name":"Molinos110","marginal_cost":199.1505726043,"value":199.1505726043,"DemBarE":0,"DemBarP":0,"BarRetP":0},{"id":157,"time":20,"name":"Molinos110","marginal_cost":198.834957936,"value":198.834957936,"DemBarE":0,"DemBarP":0,"BarRetP":0},{"id":157,"time":21,"name":"Molinos110","marginal_cost":183.5019374064,"value":183.5019374064,"DemBarE":0,"DemBarP":0,"BarRetP":0},{"id":157,"time":22,"name":"Molinos110","marginal_cost":178.7022173099,"value":178.7022173099,"DemBarE":0,"DemBarP":0,"BarRetP":0},{"id":157,"time":23,"name":"Molinos110","marginal_cost":175.5753902011,"value":175.5753902011,"DemBarE":0,"DemBarP":0,"BarRetP":0},{"id":157,"time":24,"name":"Molinos110","marginal_cost":173.1360164612,"value":173.1360164612,"DemBarE":0,"DemBarP":0,"BarRetP":0},{"id":157,"time":25,"name":"Molinos110","marginal_cost":160.9289679319,"value":160.9289679319,"DemBarE":0,"DemBarP":0,"BarRetP":0},{"id":157,"time":26,"name":"Molinos110","marginal_cost":159.984205403,"value":159.984205403,"DemBarE":0,"DemBarP":0,"BarRetP":0},{"id":157,"time":27,"name":"Molinos110","marginal_cost":157.1824298446,"value":157.1824298446,"DemBarE":0,"DemBarP":0,"BarRetP":0},{"id":157,"time":28,"name":"Molinos110","marginal_cost":153.2474665119,"value":153.2474665119,"DemBarE":0,"DemBarP":0,"BarRetP":0},{"id":157,"time":29,"name":"Molinos110","marginal_cost":151.0460924983,"value":151.0460924983,"DemBarE":0,"DemBarP":0,"BarRetP":0},{"id":157,"time":30,"name":"Molinos110","marginal_cost":152.5275474129,"value":152.5275474129,"DemBarE":0,"DemBarP":0,"BarRetP":0},{"id":157,"time":31,"name":"Molinos110","marginal_cost":159.4338633273,"value":159.4338633273,"DemBarE":0,"DemBarP":0,"BarRetP":0},{"id":157,"time":32,"name":"Molinos110","marginal_cost":171.4243826351,"value":171.4243826351,"DemBarE":0,"DemBarP":0,"BarRetP":0},{"id":157,"time":33,"name":"Molinos110","marginal_cost":164.7858326898,"value":164.7858326898,"DemBarE":0,"DemBarP":0,"BarRetP":0},{"id":157,"time":34,"name":"Molinos110","marginal_cost":167.6402485333,"value":167.6402485333,"DemBarE":0,"DemBarP":0,"BarRetP":0},{"id":157,"time":35,"name":"Molinos110","marginal_cost":165.9575938411,"value":165.9575938411,"DemBarE":0,"DemBarP":0,"BarRetP":0},{"id":157,"time":36,"name":"Molinos110","marginal_cost":165.1131069766,"value":165.1131069766,"DemBarE":0,"DemBarP":0,"BarRetP":0},{"id":157,"time":37,"name":"Molinos110","marginal_cost":155.1140370876,"value":155.1140370876,"DemBarE":0,"DemBarP":0,"BarRetP":0},{"id":157,"time":38,"name":"Molinos110","marginal_cost":155.1140370876,"value":155.1140370876,"DemBarE":0,"DemBarP":0,"BarRetP":0},{"id":157,"time":39,"name":"Molinos110","marginal_cost":155.1140370876,"value":155.1140370876,"DemBarE":0,"DemBarP":0,"BarRetP":0},{"id":157,"time":40,"name":"Molinos110","marginal_cost":155.1140370876,"value":155.1140370876,"DemBarE":0,"DemBarP":0,"BarRetP":0},{"id":157,"time":41,"name":"Molinos110","marginal_cost":152.7934929754,"value":152.7934929754,"DemBarE":0,"DemBarP":0,"BarRetP":0},{"id":157,"time":42,"name":"Molinos110","marginal_cost":146.0287223219,"value":146.0287223219,"DemBarE":0,"DemBarP":0,"BarRetP":0},{"id":157,"time":43,"name":"Molinos110","marginal_cost":143.9330298524,"value":143.9330298524,"DemBarE":0,"DemBarP":0,"BarRetP":0},{"id":157,"time":44,"name":"Molinos110","marginal_cost":143.9330298524,"value":143.9330298524,"DemBarE":0,"DemBarP":0,"BarRetP":0},{"id":157,"time":45,"name":"Molinos110","marginal_cost":140.0455622489,"value":140.0455622489,"DemBarE":0,"DemBarP":0,"BarRetP":0},{"id":157,"time":46,"name":"Molinos110","marginal_cost":138.3404876081,"value":138.3404876081,"DemBarE":0,"DemBarP":0,"BarRetP":0},{"id":157,"time":47,"name":"Molinos110","marginal_cost":101.2401528662,"value":101.2401528662,"DemBarE":0,"DemBarP":0,"BarRetP":0},{"id":157,"time":48,"name":"Molinos110","marginal_cost":123.6120391148,"value":123.6120391148,"DemBarE":0,"DemBarP":0,"BarRetP":0},{"id":157,"time":49,"name":"Molinos110","marginal_cost":105.3126413868,"value":105.3126413868,"DemBarE":0,"DemBarP":0,"BarRetP":0},{"id":157,"time":50,"name":"Molinos110","marginal_cost":138.843147764,"value":138.843147764,"DemBarE":0,"DemBarP":0,"BarRetP":0},{"id":157,"time":51,"name":"Molinos110","marginal_cost":91.9368641936,"value":91.9368641936,"DemBarE":0,"DemBarP":0,"BarRetP":0},{"id":157,"time":52,"name":"Molinos110","marginal_cost":62.9706351682,"value":62.9706351682,"DemBarE":0,"DemBarP":0,"BarRetP":0},{"id":157,"time":53,"name":"Molinos110","marginal_cost":62.9706351682,"value":62.9706351682,"DemBarE":0,"DemBarP":0,"BarRetP":0},{"id":157,"time":54,"name":"Molinos110","marginal_cost":37.877207482,"value":37.877207482,"DemBarE":0,"DemBarP":0,"BarRetP":0},{"id":157,"time":55,"name":"Molinos110","marginal_cost":64.1968669634,"value":64.1968669634,"DemBarE":0,"DemBarP":0,"BarRetP":0},{"id":157,"time":56,"name":"Molinos110","marginal_cost":127.7892958782,"value":127.7892958782,"DemBarE":0,"DemBarP":0,"BarRetP":0},{"id":157,"time":57,"name":"Molinos110","marginal_cost":120.8923046903,"value":120.8923046903,"DemBarE":0,"DemBarP":0,"BarRetP":0},{"id":157,"time":58,"name":"Molinos110","marginal_cost":139.5911363256,"value":139.5911363256,"DemBarE":0,"DemBarP":0,"BarRetP":0},{"id":157,"time":59,"name":"Molinos110","marginal_cost":113.8340665084,"value":113.8340665084,"DemBarE":0,"DemBarP":0,"BarRetP":0},{"id":157,"time":60,"name":"Molinos110","marginal_cost":145.1390370952,"value":145.1390370952,"DemBarE":0,"DemBarP":0,"BarRetP":0},{"id":157,"time":61,"name":"Molinos110","marginal_cost":140.5364530173,"value":140.5364530173,"DemBarE":0,"DemBarP":0,"BarRetP":0},{"id":157,"time":62,"name":"Molinos110","marginal_cost":140.5364530173,"value":140.5364530173,"DemBarE":0,"DemBarP":0,"BarRetP":0},{"id":157,"time":63,"name":"Molinos110","marginal_cost":126.0263188318,"value":126.0263188318,"DemBarE":0,"DemBarP":0,"BarRetP":0},{"id":157,"time":64,"name":"Molinos110","marginal_cost":145.6080497543,"value":145.6080497543,"DemBarE":0,"DemBarP":0,"BarRetP":0},{"id":157,"time":65,"name":"Molinos110","marginal_cost":161.9818971981,"value":161.9818971981,"DemBarE":0,"DemBarP":0,"BarRetP":0},{"id":157,"time":66,"name":"Molinos110","marginal_cost":161.9818971981,"value":161.9818971981,"DemBarE":0,"DemBarP":0,"BarRetP":0},{"id":157,"time":67,"name":"Molinos110","marginal_cost":181.003020967,"value":181.003020967,"DemBarE":0,"DemBarP":0,"BarRetP":0},{"id":157,"time":68,"name":"Molinos110","marginal_cost":171.8944012274,"value":171.8944012274,"DemBarE":0,"DemBarP":0,"BarRetP":0},{"id":157,"time":69,"name":"Molinos110","marginal_cost":171.8944012274,"value":171.8944012274,"DemBarE":0,"DemBarP":0,"BarRetP":0},{"id":157,"time":70,"name":"Molinos110","marginal_cost":167.6781598437,"value":167.6781598437,"DemBarE":0,"DemBarP":0,"BarRetP":0},{"id":157,"time":71,"name":"Molinos110","marginal_cost":162.1834515921,"value":162.1834515921,"DemBarE":0,"DemBarP":0,"BarRetP":0},{"id":157,"time":72,"name":"Molinos110","marginal_cost":158.4883752407,"value":158.4883752407,"DemBarE":0,"DemBarP":0,"BarRetP":0},{"id":157,"time":73,"name":"Molinos110","marginal_cost":154.1041943184,"value":154.1041943184,"DemBarE":0,"DemBarP":0,"BarRetP":0},{"id":157,"time":74,"name":"Molinos110","marginal_cost":147.3604153887,"value":147.3604153887,"DemBarE":0,"DemBarP":0,"BarRetP":0},{"id":157,"time":75,"name":"Molinos110","marginal_cost":126.0522264499,"value":126.0522264499,"DemBarE":0,"DemBarP":0,"BarRetP":0},{"id":157,"time":76,"name":"Molinos110","marginal_cost":126.0522264499,"value":126.0522264499,"DemBarE":0,"DemBarP":0,"BarRetP":0},{"id":157,"time":77,"name":"Molinos110","marginal_cost":126.0522264499,"value":126.0522264499,"DemBarE":0,"DemBarP":0,"BarRetP":0},{"id":157,"time":78,"name":"Molinos110","marginal_cost":126.0522264499,"value":126.0522264499,"DemBarE":0,"DemBarP":0,"BarRetP":0},{"id":157,"time":79,"name":"Molinos110","marginal_cost":126.0522264499,"value":126.0522264499,"DemBarE":0,"DemBarP":0,"BarRetP":0},{"id":157,"time":80,"name":"Molinos110","marginal_cost":113.3608105467,"value":113.3608105467,"DemBarE":0,"DemBarP":0,"BarRetP":0},{"id":157,"time":81,"name":"Molinos110","marginal_cost":113.3608105467,"value":113.3608105467,"DemBarE":0,"DemBarP":0,"BarRetP":0},{"id":157,"time":82,"name":"Molinos110","marginal_cost":89.576270889,"value":89.576270889,"DemBarE":0,"DemBarP":0,"BarRetP":0},{"id":157,"time":83,"name":"Molinos110","marginal_cost":89.576270889,"value":89.576270889,"DemBarE":0,"DemBarP":0,"BarRetP":0},{"id":157,"time":84,"name":"Molinos110","marginal_cost":118.4703485237,"value":118.4703485237,"DemBarE":0,"DemBarP":0,"BarRetP":0},{"id":157,"time":85,"name":"Molinos110","marginal_cost":118.4703485237,"value":118.4703485237,"DemBarE":0,"DemBarP":0,"BarRetP":0},{"id":157,"time":86,"name":"Molinos110","marginal_cost":135.6598453327,"value":135.6598453327,"DemBarE":0,"DemBarP":0,"BarRetP":0},{"id":157,"time":87,"name":"Molinos110","marginal_cost":135.6598453327,"value":135.6598453327,"DemBarE":0,"DemBarP":0,"BarRetP":0},{"id":157,"time":88,"name":"Molinos110","marginal_cost":135.6598453327,"value":135.6598453327,"DemBarE":0,"DemBarP":0,"BarRetP":0},{"id":157,"time":89,"name":"Molinos110","marginal_cost":135.6598453327,"value":135.6598453327,"DemBarE":0,"DemBarP":0,"BarRetP":0},{"id":157,"time":90,"name":"Molinos110","marginal_cost":135.6598453327,"value":135.6598453327,"DemBarE":0,"DemBarP":0,"BarRetP":0},{"id":157,"time":91,"name":"Molinos110","marginal_cost":159.67504713,"value":159.67504713,"DemBarE":0,"DemBarP":0,"BarRetP":0},{"id":157,"time":92,"name":"Molinos110","marginal_cost":159.67504713,"value":159.67504713,"DemBarE":0,"DemBarP":0,"BarRetP":0},{"id":157,"time":93,"name":"Molinos110","marginal_cost":161.4631256489,"value":161.4631256489,"DemBarE":0,"DemBarP":0,"BarRetP":0},{"id":157,"time":94,"name":"Molinos110","marginal_cost":161.915987565,"value":161.915987565,"DemBarE":0,"DemBarP":0,"BarRetP":0},{"id":157,"time":95,"name":"Molinos110","marginal_cost":161.6673856907,"value":161.6673856907,"DemBarE":0,"DemBarP":0,"BarRetP":0},{"id":157,"time":96,"name":"Molinos110","marginal_cost":158.9836278538,"value":158.9836278538,"DemBarE":0,"DemBarP":0,"BarRetP":0},{"id":157,"time":97,"name":"Molinos110","marginal_cost":148.2160535345,"value":148.2160535345,"DemBarE":0,"DemBarP":0,"BarRetP":0},{"id":157,"time":98,"name":"Molinos110","marginal_cost":148.7622979985,"value":148.7622979985,"DemBarE":0,"DemBarP":0,"BarRetP":0},{"id":157,"time":99,"name":"Molinos110","marginal_cost":150.8798642061,"value":150.8798642061,"DemBarE":0,"DemBarP":0,"BarRetP":0},{"id":157,"time":100,"name":"Molinos110","marginal_cost":151.9276317973,"value":151.9276317973,"DemBarE":0,"DemBarP":0,"BarRetP":0},{"id":157,"time":101,"name":"Molinos110","marginal_cost":151.9276317973,"value":151.9276317973,"DemBarE":0,"DemBarP":0,"BarRetP":0},{"id":157,"time":102,"name":"Molinos110","marginal_cost":151.9276317973,"value":151.9276317973,"DemBarE":0,"DemBarP":0,"BarRetP":0},{"id":157,"time":103,"name":"Molinos110","marginal_cost":164.4307651694,"value":164.4307651694,"DemBarE":0,"DemBarP":0,"BarRetP":0},{"id":157,"time":104,"name":"Molinos110","marginal_cost":172.7650587203,"value":172.7650587203,"DemBarE":0,"DemBarP":0,"BarRetP":0},{"id":157,"time":105,"name":"Molinos110","marginal_cost":172.7650587203,"value":172.7650587203,"DemBarE":0,"DemBarP":0,"BarRetP":0},{"id":157,"time":106,"name":"Molinos110","marginal_cost":193.2160221725,"value":193.2160221725,"DemBarE":0,"DemBarP":0,"BarRetP":0},{"id":157,"time":107,"name":"Molinos110","marginal_cost":200.9703364765,"value":200.9703364765,"DemBarE":0,"DemBarP":0,"BarRetP":0},{"id":157,"time":108,"name":"Molinos110","marginal_cost":227.5395747867,"value":227.5395747867,"DemBarE":0,"DemBarP":0,"BarRetP":0},{"id":157,"time":109,"name":"Molinos110","marginal_cost":227.5395747867,"value":227.5395747867,"DemBarE":0,"DemBarP":0,"BarRetP":0},{"id":157,"time":110,"name":"Molinos110","marginal_cost":227.6768384413,"value":227.6768384413,"DemBarE":0,"DemBarP":0,"BarRetP":0},{"id":157,"time":111,"name":"Molinos110","marginal_cost":226.711947263,"value":226.711947263,"DemBarE":0,"DemBarP":0,"BarRetP":0},{"id":157,"time":112,"name":"Molinos110","marginal_cost":226.711947263,"value":226.711947263,"DemBarE":0,"DemBarP":0,"BarRetP":0},{"id":157,"time":113,"name":"Molinos110","marginal_cost":174.4908588813,"value":174.4908588813,"DemBarE":0,"DemBarP":0,"BarRetP":0},{"id":157,"time":114,"name":"Molinos110","marginal_cost":174.4908588813,"value":174.4908588813,"DemBarE":0,"DemBarP":0,"BarRetP":0},{"id":157,"time":115,"name":"Molinos110","marginal_cost":174.4908588813,"value":174.4908588813,"DemBarE":0,"DemBarP":0,"BarRetP":0},{"id":157,"time":116,"name":"Molinos110","marginal_cost":166.2494787312,"value":166.2494787312,"DemBarE":0,"DemBarP":0,"BarRetP":0},{"id":157,"time":117,"name":"Molinos110","marginal_cost":166.2494787312,"value":166.2494787312,"DemBarE":0,"DemBarP":0,"BarRetP":0},{"id":157,"time":118,"name":"Molinos110","marginal_cost":166.2494787312,"value":166.2494787312,"DemBarE":0,"DemBarP":0,"BarRetP":0},{"id":157,"time":119,"name":"Molinos110","marginal_cost":159.1705026474,"value":159.1705026474,"DemBarE":0,"DemBarP":0,"BarRetP":0},{"id":157,"time":120,"name":"Molinos110","marginal_cost":152.5730044565,"value":152.5730044565,"DemBarE":0,"DemBarP":0,"BarRetP":0},{"id":157,"time":121,"name":"Molinos110","marginal_cost":152.736719457,"value":152.736719457,"DemBarE":0,"DemBarP":0,"BarRetP":0},{"id":157,"time":122,"name":"Molinos110","marginal_cost":151.9408667859,"value":151.9408667859,"DemBarE":0,"DemBarP":0,"BarRetP":0},{"id":157,"time":123,"name":"Molinos110","marginal_cost":146.0813172636,"value":146.0813172636,"DemBarE":0,"DemBarP":0,"BarRetP":0},{"id":157,"time":124,"name":"Molinos110","marginal_cost":146.0813172636,"value":146.0813172636,"DemBarE":0,"DemBarP":0,"BarRetP":0},{"id":157,"time":125,"name":"Molinos110","marginal_cost":146.0813172636,"value":146.0813172636,"DemBarE":0,"DemBarP":0,"BarRetP":0},{"id":157,"time":126,"name":"Molinos110","marginal_cost":146.0813172636,"value":146.0813172636,"DemBarE":0,"DemBarP":0,"BarRetP":0},{"id":157,"time":127,"name":"Molinos110","marginal_cost":160.1470918662,"value":160.1470918662,"DemBarE":0,"DemBarP":0,"BarRetP":0},{"id":157,"time":128,"name":"Molinos110","marginal_cost":173.3541097253,"value":173.3541097253,"DemBarE":0,"DemBarP":0,"BarRetP":0},{"id":157,"time":129,"name":"Molinos110","marginal_cost":175.4682260637,"value":175.4682260637,"DemBarE":0,"DemBarP":0,"BarRetP":0},{"id":157,"time":130,"name":"Molinos110","marginal_cost":225.9525678961,"value":225.9525678961,"DemBarE":0,"DemBarP":0,"BarRetP":0},{"id":157,"time":131,"name":"Molinos110","marginal_cost":229.2759249256,"value":229.2759249256,"DemBarE":0,"DemBarP":0,"BarRetP":0},{"id":157,"time":132,"name":"Molinos110","marginal_cost":226.8490054558,"value":226.8490054558,"DemBarE":0,"DemBarP":0,"BarRetP":0},{"id":157,"time":133,"name":"Molinos110","marginal_cost":226.6468131924,"value":226.6468131924,"DemBarE":0,"DemBarP":0,"BarRetP":0},{"id":157,"time":134,"name":"Molinos110","marginal_cost":226.6468131924,"value":226.6468131924,"DemBarE":0,"DemBarP":0,"BarRetP":0},{"id":157,"time":135,"name":"Molinos110","marginal_cost":226.6468131924,"value":226.6468131924,"DemBarE":0,"DemBarP":0,"BarRetP":0},{"id":157,"time":136,"name":"Molinos110","marginal_cost":226.6468131924,"value":226.6468131924,"DemBarE":0,"DemBarP":0,"BarRetP":0},{"id":157,"time":137,"name":"Molinos110","marginal_cost":177.7731134629,"value":177.7731134629,"DemBarE":0,"DemBarP":0,"BarRetP":0},{"id":157,"time":138,"name":"Molinos110","marginal_cost":177.7731134629,"value":177.7731134629,"DemBarE":0,"DemBarP":0,"BarRetP":0},{"id":157,"time":139,"name":"Molinos110","marginal_cost":177.7731134629,"value":177.7731134629,"DemBarE":0,"DemBarP":0,"BarRetP":0},{"id":157,"time":140,"name":"Molinos110","marginal_cost":177.7731134629,"value":177.7731134629,"DemBarE":0,"DemBarP":0,"BarRetP":0},{"id":157,"time":141,"name":"Molinos110","marginal_cost":177.7731134629,"value":177.7731134629,"DemBarE":0,"DemBarP":0,"BarRetP":0},{"id":157,"time":142,"name":"Molinos110","marginal_cost":177.7731134629,"value":177.7731134629,"DemBarE":0,"DemBarP":0,"BarRetP":0},{"id":157,"time":143,"name":"Molinos110","marginal_cost":170.524837835,"value":170.524837835,"DemBarE":0,"DemBarP":0,"BarRetP":0},{"id":157,"time":144,"name":"Molinos110","marginal_cost":169.7044724217,"value":169.7044724217,"DemBarE":0,"DemBarP":0,"BarRetP":0},{"id":157,"time":145,"name":"Molinos110","marginal_cost":167.450528099,"value":167.450528099,"DemBarE":0,"DemBarP":0,"BarRetP":0},{"id":157,"time":146,"name":"Molinos110","marginal_cost":163.603934296,"value":163.603934296,"DemBarE":0,"DemBarP":0,"BarRetP":0},{"id":157,"time":147,"name":"Molinos110","marginal_cost":157.0776410001,"value":157.0776410001,"DemBarE":0,"DemBarP":0,"BarRetP":0},{"id":157,"time":148,"name":"Molinos110","marginal_cost":157.0776410001,"value":157.0776410001,"DemBarE":0,"DemBarP":0,"BarRetP":0},{"id":157,"time":149,"name":"Molinos110","marginal_cost":157.0776410001,"value":157.0776410001,"DemBarE":0,"DemBarP":0,"BarRetP":0},{"id":157,"time":150,"name":"Molinos110","marginal_cost":157.0776410001,"value":157.0776410001,"DemBarE":0,"DemBarP":0,"BarRetP":0},{"id":157,"time":151,"name":"Molinos110","marginal_cost":166.1979909492,"value":166.1979909492,"DemBarE":0,"DemBarP":0,"BarRetP":0},{"id":157,"time":152,"name":"Molinos110","marginal_cost":179.6756321599,"value":179.6756321599,"DemBarE":0,"DemBarP":0,"BarRetP":0},{"id":157,"time":153,"name":"Molinos110","marginal_cost":179.6756321599,"value":179.6756321599,"DemBarE":0,"DemBarP":0,"BarRetP":0},{"id":157,"time":154,"name":"Molinos110","marginal_cost":230.9883930363,"value":230.9883930363,"DemBarE":0,"DemBarP":0,"BarRetP":0},{"id":157,"time":155,"name":"Molinos110","marginal_cost":230.9883930363,"value":230.9883930363,"DemBarE":0,"DemBarP":0,"BarRetP":0},{"id":157,"time":156,"name":"Molinos110","marginal_cost":231.6320698004,"value":231.6320698004,"DemBarE":0,"DemBarP":0,"BarRetP":0},{"id":157,"time":157,"name":"Molinos110","marginal_cost":232.2017835464,"value":232.2017835464,"DemBarE":0,"DemBarP":0,"BarRetP":0},{"id":157,"time":158,"name":"Molinos110","marginal_cost":232.2017835464,"value":232.2017835464,"DemBarE":0,"DemBarP":0,"BarRetP":0},{"id":157,"time":159,"name":"Molinos110","marginal_cost":232.2017835464,"value":232.2017835464,"DemBarE":0,"DemBarP":0,"BarRetP":0},{"id":157,"time":160,"name":"Molinos110","marginal_cost":227.1976479576,"value":227.1976479576,"DemBarE":0,"DemBarP":0,"BarRetP":0},{"id":157,"time":161,"name":"Molinos110","marginal_cost":227.1976479576,"value":227.1976479576,"DemBarE":0,"DemBarP":0,"BarRetP":0},{"id":157,"time":162,"name":"Molinos110","marginal_cost":237.7758129273,"value":237.7758129273,"DemBarE":0,"DemBarP":0,"BarRetP":0},{"id":157,"time":163,"name":"Molinos110","marginal_cost":178.2897834247,"value":178.2897834247,"DemBarE":0,"DemBarP":0,"BarRetP":0},{"id":157,"time":164,"name":"Molinos110","marginal_cost":178.2897834247,"value":178.2897834247,"DemBarE":0,"DemBarP":0,"BarRetP":0},{"id":157,"time":165,"name":"Molinos110","marginal_cost":178.2897834247,"value":178.2897834247,"DemBarE":0,"DemBarP":0,"BarRetP":0},{"id":157,"time":166,"name":"Molinos110","marginal_cost":178.2897834247,"value":178.2897834247,"DemBarE":0,"DemBarP":0,"BarRetP":0},{"id":157,"time":167,"name":"Molinos110","marginal_cost":176.0105446839,"value":176.0105446839,"DemBarE":0,"DemBarP":0,"BarRetP":0},{"id":157,"time":168,"name":"Molinos110","marginal_cost":172.3853304613,"value":172.3853304613,"DemBarE":0,"DemBarP":0,"BarRetP":0}]