[{"id":3,"time":1,"name":"Andes345","marginal_cost":0.0,"value":0.0,"DemBarE":0,"DemBarP":0,"BarRetP":0},{"id":3,"time":2,"name":"Andes345","marginal_cost":0.0,"value":0.0,"DemBarE":0,"DemBarP":0,"BarRetP":0},{"id":3,"time":3,"name":"Andes345","marginal_cost":0.0,"value":0.0,"DemBarE":0,"DemBarP":0,"BarRetP":0},{"id":3,"time":4,"name":"Andes345","marginal_cost":0.0,"value":0.0,"DemBarE":0,"DemBarP":0,"BarRetP":0},{"id":3,"time":5,"name":"Andes345","marginal_cost":0.0,"value":0.0,"DemBarE":0,"DemBarP":0,"BarRetP":0},{"id":3,"time":6,"name":"Andes345","marginal_cost":0.0,"value":0.0,"DemBarE":0,"DemBarP":0,"BarRetP":0},{"id":3,"time":7,"name":"Andes345","marginal_cost":0.0,"value":0.0,"DemBarE":0,"DemBarP":0,"BarRetP":0},{"id":3,"time":8,"name":"Andes345","marginal_cost":0.0,"value":0.0,"DemBarE":0,"DemBarP":0,"BarRetP":0},{"id":3,"time":9,"name":"Andes345","marginal_cost":0.0,"value":0.0,"DemBarE":0,"DemBarP":0,"BarRetP":0},{"id":3,"time":10,"name":"Andes345","marginal_cost":0.0,"value":0.0,"DemBarE":0,"DemBarP":0,"BarRetP":0},{"id":3,"time":11,"name":"Andes345","marginal_cost":0.0,"value":0.0,"DemBarE":0,"DemBarP":0,"BarRetP":0},{"id":3,"time":12,"name":"Andes345","marginal_cost":0.0,"value":0.0,"DemBarE":0,"DemBarP":0,"BarRetP":0},{"id":3,"time":13,"name":"Andes345","marginal_cost":0.0,"value":0.0,"DemBarE":0,"DemBarP":0,"BarRetP":0},{"id":3,"time":14,"name":"Andes345","marginal_cost":0.0,"value":0.0,"DemBarE":0,"DemBarP":0,"BarRetP":0},{"id":3,"time":15,"name":"Andes345","marginal_cost":0.0,"value":0.0,"DemBarE":0,"DemBarP":0,"BarRetP":0},{"id":3,"time":16,"name":"Andes345","marginal_cost":0.0,"value":0.0,"DemBarE":0,"DemBarP":0,"BarRetP":0},{"id":3,"time":17,"name":"Andes345","marginal_cost":0.0,"value":0.0,"DemBarE":0,"DemBarP":0,"BarRetP":0},{"id":3,"time":18,"name":"Andes345","marginal_cost":0.0,"value":0.0,"DemBarE":0,"DemBarP":0,"BarRetP":0},{"id":3,"time":19,"name":"Andes345","marginal_cost":0.0,"value":0.0,"DemBarE":0,"DemBarP":0,"BarRetP":0},{"id":3,"time":20,"name":"Andes345","marginal_cost":0.0,"value":0.0,"DemBarE":0,"DemBarP":0,"BarRetP":0},{"id":3,"time":21,"name":"Andes345","marginal_cost":0.0,"value":0.0,"DemBarE":0,"DemBarP":0,"BarRetP":0},{"id":3,"time":22,"name":"Andes345","marginal_cost":0.0,"value":0.0,"DemBarE":0,"DemBarP":0,"BarRetP":0},{"id":3,"time":23,"name":"Andes345","marginal_cost":0.0,"value":0.0,"DemBarE":0,"DemBarP":0,"BarRetP":0},{"id":3,"time":24,"name":"Andes345","marginal_cost":0.0,"value":0.0,"DemBarE":0,"DemBarP":0,"BarRetP":0},{"id":3,"time":25,"name":"Andes345","marginal_cost":0.0,"value":0.0,"DemBarE":0,"DemBarP":0,"BarRetP":0},{"id":3,"time":26,"name":"Andes345","marginal_cost":0.0,"value":0.0,"DemBarE":0,"DemBarP":0,"BarRetP":0},{"id":3,"time":27,"name":"Andes345","marginal_cost":0.0,"value":0.0,"DemBarE":0,"DemBarP":0,"BarRetP":0},{"id":3,"time":28,"name":"Andes345","marginal_cost":0.0,"value":0.0,"DemBarE":0,"DemBarP":0,"BarRetP":0},{"id":3,"time":29,"name":"Andes345","marginal_cost":0.0,"value":0.0,"DemBarE":0,"DemBarP":0,"BarRetP":0},{"id":3,"time":30,"name":"Andes345","marginal_cost":0.0,"value":0.0,"DemBarE":0,"DemBarP":0,"BarRetP":0},{"id":3,"time":31,"name":"Andes345","marginal_cost":0.0,"value":0.0,"DemBarE":0,"DemBarP":0,"BarRetP":0},{"id":3,"time":32,"name":"Andes345","marginal_cost":0.0,"value":0.0,"DemBarE":0,"DemBarP":0,"BarRetP":0},{"id":3,"time":33,"name":"Andes345","marginal_cost":0.0,"value":0.0,"DemBarE":0,"DemBarP":0,"BarRetP":0},{"id":3,"time":34,"name":"Andes345","marginal_cost":0.0,"value":0.0,"DemBarE":0,"DemBarP":0,"BarRetP":0},{"id":3,"time":35,"name":"Andes345","marginal_cost":0.0,"value":0.0,"DemBarE":0,"DemBarP":0,"BarRetP":0},{"id":3,"time":36,"name":"Andes345","marginal_cost":0.0,"value":0.0,"DemBarE":0,"DemBarP":0,"BarRetP":0},{"id":3,"time":37,"name":"Andes345","marginal_cost":0.0,"value":0.0,"DemBarE":0,"DemBarP":0,"BarRetP":0},{"id":3,"time":38,"name":"Andes345","marginal_cost":0.0,"value":0.0,"DemBarE":0,"DemBarP":0,"BarRetP":0},{"id":3,"time":39,"name":"Andes345","marginal_cost":0.0,"value":0.0,"DemBarE":0,"DemBarP":0,"BarRetP":0},{"id":3,"time":40,"name":"Andes345","marginal_cost":0.0,"value":0.0,"DemBarE":0,"DemBarP":0,"BarRetP":0},{"id":3,"time":41,"name":"Andes345","marginal_cost":0.0,"value":0.0,"DemBarE":0,"DemBarP":0,"BarRetP":0},{"id":3,"time":42,"name":"Andes345","marginal_cost":0.0,"value":0.0,"DemBarE":0,"DemBarP":0,"BarRetP":0},{"id":3,"time":43,"name":"Andes345","marginal_cost":0.0,"value":0.0,"DemBarE":0,"DemBarP":0,"BarRetP":0},{"id":3,"time":44,"name":"Andes345","marginal_cost":0.0,"value":0.0,"DemBarE":0,"DemBarP":0,"BarRetP":0},{"id":3,"time":45,"name":"Andes345","marginal_cost":0.0,"value":0.0,"DemBarE":0,"DemBarP":0,"BarRetP":0},{"id":3,"time":46,"name":"Andes345","marginal_cost":0.0,"value":0.0,"DemBarE":0,"DemBarP":0,"BarRetP":0},{"id":3,"time":47,"name":"Andes345","marginal_cost":0.0,"value":0.0,"DemBarE":0,"DemBarP":0,"BarRetP":0},{"id":3,"time":48,"name":"Andes345","marginal_cost":0.0,"value":0.0,"DemBarE":0,"DemBarP":0,"BarRetP":0},{"id":3,"time":49,"name":"Andes345","marginal_cost":0.0,"value":0.0,"DemBarE":0,"DemBarP":0,"BarRetP":0},{"id":3,"time":50,"name":"Andes345","marginal_cost":0.0,"value":0.0,"DemBarE":0,"DemBarP":0,"BarRetP":0},{"id":3,"time":51,"name":"Andes345","marginal_cost":0.0,"value":0.0,"DemBarE":0,"DemBarP":0,"BarRetP":0},{"id":3,"time":52,"name":"Andes345","marginal_cost":0.0,"value":0.0,"DemBarE":0,"DemBarP":0,"BarRetP":0},{"id":3,"time":53,"name":"Andes345","marginal_cost":0.0,"value":0.0,"DemBarE":0,"DemBarP":0,"BarRetP":0},{"id":3,"time":54,"name":"Andes345","marginal_cost":0.0,"value":0.0,"DemBarE":0,"DemBarP":0,"BarRetP":0},{"id":3,"time":55,"name":"Andes345","marginal_cost":0.0,"value":0.0,"DemBarE":0,"DemBarP":0,"BarRetP":0},{"id":3,"time":56,"name":"Andes345","marginal_cost":0.0,"value":0.0,"DemBarE":0,"DemBarP":0,"BarRetP":0},{"id":3,"time":57,"name":"Andes345","marginal_cost":0.0,"value":0.0,"DemBarE":0,"DemBarP":0,"BarRetP":0},{"id":3,"time":58,"name":"Andes345","marginal_cost":0.0,"value":0.0,"DemBarE":0,"DemBarP":0,"BarRetP":0},{"id":3,"time":59,"name":"Andes345","marginal_cost":0.0,"value":0.0,"DemBarE":0,"DemBarP":0,"BarRetP":0},{"id":3,"time":60,"name":"Andes345","marginal_cost":0.0,"value":0.0,"DemBarE":0,"DemBarP":0,"BarRetP":0},{"id":3,"time":61,"name":"Andes345","marginal_cost":0.0,"value":0.0,"DemBarE":0,"DemBarP":0,"BarRetP":0},{"id":3,"time":62,"name":"Andes345","marginal_cost":0.0,"value":0.0,"DemBarE":0,"DemBarP":0,"BarRetP":0},{"id":3,"time":63,"name":"Andes345","marginal_cost":0.0,"value":0.0,"DemBarE":0,"DemBarP":0,"BarRetP":0},{"id":3,"time":64,"name":"Andes345","marginal_cost":0.0,"value":0.0,"DemBarE":0,"DemBarP":0,"BarRetP":0},{"id":3,"time":65,"name":"Andes345","marginal_cost":0.0,"value":0.0,"DemBarE":0,"DemBarP":0,"BarRetP":0},{"id":3,"time":66,"name":"Andes345","marginal_cost":0.0,"value":0.0,"DemBarE":0,"DemBarP":0,"BarRetP":0},{"id":3,"time":67,"name":"Andes345","marginal_cost":0.0,"value":0.0,"DemBarE":0,"DemBarP":0,"BarRetP":0},{"id":3,"time":68,"name":"Andes345","marginal_cost":0.0,"value":0.0,"DemBarE":0,"DemBarP":0,"BarRetP":0},{"id":3,"time":69,"name":"Andes345","marginal_cost":0.0,"value":0.0,"DemBarE":0,"DemBarP":0,"BarRetP":0},{"id":3,"time":70,"name":"Andes345","marginal_cost":0.0,"value":0.0,"DemBarE":0,"DemBarP":0,"BarRetP":0},{"id":3,"time":71,"name":"Andes345","marginal_cost":0.0,"value":0.0,"DemBarE":0,"DemBarP":0,"BarRetP":0},{"id":3,"time":72,"name":"Andes345","marginal_cost":0.0,"value":0.0,"DemBarE":0,"DemBarP":0,"BarRetP":0},{"id":3,"time":73,"name":"Andes345","marginal_cost":0.0,"value":0.0,"DemBarE":0,"DemBarP":0,"BarRetP":0},{"id":3,"time":74,"name":"Andes345","marginal_cost":0.0,"value":0.0,"DemBarE":0,"DemBarP":0,"BarRetP":0},{"id":3,"time":75,"name":"Andes345","marginal_cost":0.0,"value":0.0,"DemBarE":0,"DemBarP":0,"BarRetP":0},{"id":3,"time":76,"name":"Andes345","marginal_cost":0.0,"value":0.0,"DemBarE":0,"DemBarP":0,"BarRetP":0},{"id":3,"time":77,"name":"Andes345","marginal_cost":0.0,"value":0.0,"DemBarE":0,"DemBarP":0,"BarRetP":0},{"id":3,"time":78,"name":"Andes345","marginal_cost":0.0,"value":0.0,"DemBarE":0,"DemBarP":0,"BarRetP":0},{"id":3,"time":79,"name":"Andes345","marginal_cost":0.0,"value":0.0,"DemBarE":0,"DemBarP":0,"BarRetP":0},{"id":3,"time":80,"name":"Andes345","marginal_cost":0.0,"value":0.0,"DemBarE":0,"DemBarP":0,"BarRetP":0},{"id":3,"time":81,"name":"Andes345","marginal_cost":0.0,"value":0.0,"DemBarE":0,"DemBarP":0,"BarRetP":0},{"id":3,"time":82,"name":"Andes345","marginal_cost":0.0,"value":0.0,"DemBarE":0,"DemBarP":0,"BarRetP":0},{"id":3,"time":83,"name":"Andes345","marginal_cost":0.0,"value":0.0,"DemBarE":0,"DemBarP":0,"BarRetP":0},{"id":3,"time":84,"name":"Andes345","marginal_cost":0.0,"value":0.0,"DemBarE":0,"DemBarP":0,"BarRetP":0},{"id":3,"time":85,"name":"Andes345","marginal_cost":0.0,"value":0.0,"DemBarE":0,"DemBarP":0,"BarRetP":0},{"id":3,"time":86,"name":"Andes345","marginal_cost":0.0,"value":0.0,"DemBarE":0,"DemBarP":0,"BarRetP":0},{"id":3,"time":87,"name":"Andes345","marginal_cost":0.0,"value":0.0,"DemBarE":0,"DemBarP":0,"BarRetP":0},{"id":3,"time":88,"name":"Andes345","marginal_cost":0.0,"value":0.0,"DemBarE":0,"DemBarP":0,"BarRetP":0},{"id":3,"time":89,"name":"Andes345","marginal_cost":0.0,"value":0.0,"DemBarE":0,"DemBarP":0,"BarRetP":0},{"id":3,"time":90,"name":"Andes345","marginal_cost":0.0,"value":0.0,"DemBarE":0,"DemBarP":0,"BarRetP":0},{"id":3,"time":91,"name":"Andes345","marginal_cost":0.0,"value":0.0,"DemBarE":0,"DemBarP":0,"BarRetP":0},{"id":3,"time":92,"name":"Andes345","marginal_cost":0.0,"value":0.0,"DemBarE":0,"DemBarP":0,"BarRetP":0},{"id":3,"time":93,"name":"Andes345","marginal_cost":0.0,"value":0.0,"DemBarE":0,"DemBarP":0,"BarRetP":0},{"id":3,"time":94,"name":"Andes345","marginal_cost":0.0,"value":0.0,"DemBarE":0,"DemBarP":0,"BarRetP":0},{"id":3,"time":95,"name":"Andes345","marginal_cost":0.0,"value":0.0,"DemBarE":0,"DemBarP":0,"BarRetP":0},{"id":3,"time":96,"name":"Andes345","marginal_cost":0.0,"value":0.0,"DemBarE":0,"DemBarP":0,"BarRetP":0},{"id":3,"time":97,"name":"Andes345","marginal_cost":0.0,"value":0.0,"DemBarE":0,"DemBarP":0,"BarRetP":0},{"id":3,"time":98,"name":"Andes345","marginal_cost":0.0,"value":0.0,"DemBarE":0,"DemBarP":0,"BarRetP":0},{"id":3,"time":99,"name":"Andes345","marginal_cost":0.0,"value":0.0,"DemBarE":0,"DemBarP":0,"BarRetP":0},{"id":3,"time":100,"name":"Andes345","marginal_cost":0.0,"value":0.0,"DemBarE":0,"DemBarP":0,"BarRetP":0},{"id":3,"time":101,"name":"Andes345","marginal_cost":0.0,"value":0.0,"DemBarE":0,"DemBarP":0,"BarRetP":0},{"id":3,"time":102,"name":"Andes345","marginal_cost":0.0,"value":0.0,"DemBarE":0,"DemBarP":0,"BarRetP":0},{"id":3,"time":103,"name":"Andes345","marginal_cost":0.0,"value":0.0,"DemBarE":0,"DemBarP":0,"BarRetP":0},{"id":3,"time":104,"name":"Andes345","marginal_cost":0.0,"value":0.0,"DemBarE":0,"DemBarP":0,"BarRetP":0},{"id":3,"time":105,"name":"Andes345","marginal_cost":0.0,"value":0.0,"DemBarE":0,"DemBarP":0,"BarRetP":0},{"id":3,"time":106,"name":"Andes345","marginal_cost":0.0,"value":0.0,"DemBarE":0,"DemBarP":0,"BarRetP":0},{"id":3,"time":107,"name":"Andes345","marginal_cost":0.0,"value":0.0,"DemBarE":0,"DemBarP":0,"BarRetP":0},{"id":3,"time":108,"name":"Andes345","marginal_cost":0.0,"value":0.0,"DemBarE":0,"DemBarP":0,"BarRetP":0},{"id":3,"time":109,"name":"Andes345","marginal_cost":0.0,"value":0.0,"DemBarE":0,"DemBarP":0,"BarRetP":0},{"id":3,"time":110,"name":"Andes345","marginal_cost":0.0,"value":0.0,"DemBarE":0,"DemBarP":0,"BarRetP":0},{"id":3,"time":111,"name":"Andes345","marginal_cost":0.0,"value":0.0,"DemBarE":0,"DemBarP":0,"BarRetP":0},{"id":3,"time":112,"name":"Andes345","marginal_cost":0.0,"value":0.0,"DemBarE":0,"DemBarP":0,"BarRetP":0},{"id":3,"time":113,"name":"Andes345","marginal_cost":0.0,"value":0.0,"DemBarE":0,"DemBarP":0,"BarRetP":0},{"id":3,"time":114,"name":"Andes345","marginal_cost":0.0,"value":0.0,"DemBarE":0,"DemBarP":0,"BarRetP":0},{"id":3,"time":115,"name":"Andes345","marginal_cost":0.0,"value":0.0,"DemBarE":0,"DemBarP":0,"BarRetP":0},{"id":3,"time":116,"name":"Andes345","marginal_cost":0.0,"value":0.0,"DemBarE":0,"DemBarP":0,"BarRetP":0},{"id":3,"time":117,"name":"Andes345","marginal_cost":0.0,"value":0.0,"DemBarE":0,"DemBarP":0,"BarRetP":0},{"id":3,"time":118,"name":"Andes345","marginal_cost":0.0,"value":0.0,"DemBarE":0,"DemBarP":0,"BarRetP":0},{"id":3,"time":119,"name":"Andes345","marginal_cost":0.0,"value":0.0,"DemBarE":0,"DemBarP":0,"BarRetP":0},{"id":3,"time":120,"name":"Andes345","marginal_cost":0.0,"value":0.0,"DemBarE":0,"DemBarP":0,"BarRetP":0},{"id":3,"time":121,"name":"Andes345","marginal_cost":0.0,"value":0.0,"DemBarE":0,"DemBarP":0,"BarRetP":0},{"id":3,"time":122,"name":"Andes345","marginal_cost":0.0,"value":0.0,"DemBarE":0,"DemBarP":0,"BarRetP":0},{"id":3,"time":123,"name":"Andes345","marginal_cost":0.0,"value":0.0,"DemBarE":0,"DemBarP":0,"BarRetP":0},{"id":3,"time":124,"name":"Andes345","marginal_cost":0.0,"value":0.0,"DemBarE":0,"DemBarP":0,"BarRetP":0},{"id":3,"time":125,"name":"Andes345","marginal_cost":0.0,"value":0.0,"DemBarE":0,"DemBarP":0,"BarRetP":0},{"id":3,"time":126,"name":"Andes345","marginal_cost":0.0,"value":0.0,"DemBarE":0,"DemBarP":0,"BarRetP":0},{"id":3,"time":127,"name":"Andes345","marginal_cost":0.0,"value":0.0,"DemBarE":0,"DemBarP":0,"BarRetP":0},{"id":3,"time":128,"name":"Andes345","marginal_cost":0.0,"value":0.0,"DemBarE":0,"DemBarP":0,"BarRetP":0},{"id":3,"time":129,"name":"Andes345","marginal_cost":0.0,"value":0.0,"DemBarE":0,"DemBarP":0,"BarRetP":0},{"id":3,"time":130,"name":"Andes345","marginal_cost":0.0,"value":0.0,"DemBarE":0,"DemBarP":0,"BarRetP":0},{"id":3,"time":131,"name":"Andes345","marginal_cost":0.0,"value":0.0,"DemBarE":0,"DemBarP":0,"BarRetP":0},{"id":3,"time":132,"name":"Andes345","marginal_cost":0.0,"value":0.0,"DemBarE":0,"DemBarP":0,"BarRetP":0},{"id":3,"time":133,"name":"Andes345","marginal_cost":0.0,"value":0.0,"DemBarE":0,"DemBarP":0,"BarRetP":0},{"id":3,"time":134,"name":"Andes345","marginal_cost":0.0,"value":0.0,"DemBarE":0,"DemBarP":0,"BarRetP":0},{"id":3,"time":135,"name":"Andes345","marginal_cost":0.0,"value":0.0,"DemBarE":0,"DemBarP":0,"BarRetP":0},{"id":3,"time":136,"name":"Andes345","marginal_cost":0.0,"value":0.0,"DemBarE":0,"DemBarP":0,"BarRetP":0},{"id":3,"time":137,"name":"Andes345","marginal_cost":0.0,"value":0.0,"DemBarE":0,"DemBarP":0,"BarRetP":0},{"id":3,"time":138,"name":"Andes345","marginal_cost":0.0,"value":0.0,"DemBarE":0,"DemBarP":0,"BarRetP":0},{"id":3,"time":139,"name":"Andes345","marginal_cost":0.0,"value":0.0,"DemBarE":0,"DemBarP":0,"BarRetP":0},{"id":3,"time":140,"name":"Andes345","marginal_cost":0.0,"value":0.0,"DemBarE":0,"DemBarP":0,"BarRetP":0},{"id":3,"time":141,"name":"Andes345","marginal_cost":0.0,"value":0.0,"DemBarE":0,"DemBarP":0,"BarRetP":0},{"id":3,"time":142,"name":"Andes345","marginal_cost":0.0,"value":0.0,"DemBarE":0,"DemBarP":0,"BarRetP":0},{"id":3,"time":143,"name":"Andes345","marginal_cost":0.0,"value":0.0,"DemBarE":0,"DemBarP":0,"BarRetP":0},{"id":3,"time":144,"name":"Andes345","marginal_cost":0.0,"value":0.0,"DemBarE":0,"DemBarP":0,"BarRetP":0},{"id":3,"time":145,"name":"Andes345","marginal_cost":0.0,"value":0.0,"DemBarE":0,"DemBarP":0,"BarRetP":0},{"id":3,"time":146,"name":"Andes345","marginal_cost":0.0,"value":0.0,"DemBarE":0,"DemBarP":0,"BarRetP":0},{"id":3,"time":147,"name":"Andes345","marginal_cost":0.0,"value":0.0,"DemBarE":0,"DemBarP":0,"BarRetP":0},{"id":3,"time":148,"name":"Andes345","marginal_cost":0.0,"value":0.0,"DemBarE":0,"DemBarP":0,"BarRetP":0},{"id":3,"time":149,"name":"Andes345","marginal_cost":0.0,"value":0.0,"DemBarE":0,"DemBarP":0,"BarRetP":0},{"id":3,"time":150,"name":"Andes345","marginal_cost":0.0,"value":0.0,"DemBarE":0,"DemBarP":0,"BarRetP":0},{"id":3,"time":151,"name":"Andes345","marginal_cost":0.0,"value":0.0,"DemBarE":0,"DemBarP":0,"BarRetP":0},{"id":3,"time":152,"name":"Andes345","marginal_cost":0.0,"value":0.0,"DemBarE":0,"DemBarP":0,"BarRetP":0},{"id":3,"time":153,"name":"Andes345","marginal_cost":0.0,"value":0.0,"DemBarE":0,"DemBarP":0,"BarRetP":0},{"id":3,"time":154,"name":"Andes345","marginal_cost":0.0,"value":0.0,"DemBarE":0,"DemBarP":0,"BarRetP":0},{"id":3,"time":155,"name":"Andes345","marginal_cost":0.0,"value":0.0,"DemBarE":0,"DemBarP":0,"BarRetP":0},{"id":3,"time":156,"name":"Andes345","marginal_cost":0.0,"value":0.0,"DemBarE":0,"DemBarP":0,"BarRetP":0},{"id":3,"time":157,"name":"Andes345","marginal_cost":0.0,"value":0.0,"DemBarE":0,"DemBarP":0,"BarRetP":0},{"id":3,"time":158,"name":"Andes345","marginal_cost":0.0,"value":0.0,"DemBarE":0,"DemBarP":0,"BarRetP":0},{"id":3,"time":159,"name":"Andes345","marginal_cost":0.0,"value":0.0,"DemBarE":0,"DemBarP":0,"BarRetP":0},{"id":3,"time":160,"name":"Andes345","marginal_cost":0.0,"value":0.0,"DemBarE":0,"DemBarP":0,"BarRetP":0},{"id":3,"time":161,"name":"Andes345","marginal_cost":0.0,"value":0.0,"DemBarE":0,"DemBarP":0,"BarRetP":0},{"id":3,"time":162,"name":"Andes345","marginal_cost":0.0,"value":0.0,"DemBarE":0,"DemBarP":0,"BarRetP":0},{"id":3,"time":163,"name":"Andes345","marginal_cost":0.0,"value":0.0,"DemBarE":0,"DemBarP":0,"BarRetP":0},{"id":3,"time":164,"name":"Andes345","marginal_cost":0.0,"value":0.0,"DemBarE":0,"DemBarP":0,"BarRetP":0},{"id":3,"time":165,"name":"Andes345","marginal_cost":0.0,"value":0.0,"DemBarE":0,"DemBarP":0,"BarRetP":0},{"id":3,"time":166,"name":"Andes345","marginal_cost":0.0,"value":0.0,"DemBarE":0,"DemBarP":0,"BarRetP":0},{"id":3,"time":167,"name":"Andes345","marginal_cost":0.0,"value":0.0,"DemBarE":0,"DemBarP":0,"BarRetP":0},{"id":3,"time":168,"name":"Andes345","marginal_cost":0.0,"value":0.0,"DemBarE":0,"DemBarP":0,"BarRetP":0}]