[{"id":35,"time":1,"name":"ElPenon110","marginal_cost":136.6521412423,"value":136.6521412423,"DemBarE":0,"DemBarP":0,"BarRetP":0},{"id":35,"time":2,"name":"ElPenon110","marginal_cost":132.7638073277,"value":132.7638073277,"DemBarE":0,"DemBarP":0,"BarRetP":0},{"id":35,"time":3,"name":"ElPenon110","marginal_cost":134.1402900366,"value":134.1402900366,"DemBarE":0,"DemBarP":0,"BarRetP":0},{"id":35,"time":4,"name":"ElPenon110","marginal_cost":133.983577644,"value":133.983577644,"DemBarE":0,"DemBarP":0,"BarRetP":0},{"id":35,"time":5,"name":"ElPenon110","marginal_cost":134.4997433793,"value":134.4997433793,"DemBarE":0,"DemBarP":0,"BarRetP":0},{"id":35,"time":6,"name":"ElPenon110","marginal_cost":100.1896456973,"value":100.1896456973,"DemBarE":0,"DemBarP":0,"BarRetP":0},{"id":35,"time":7,"name":"ElPenon110","marginal_cost":136.7692452652,"value":136.7692452652,"DemBarE":0,"DemBarP":0,"BarRetP":0},{"id":35,"time":8,"name":"ElPenon110","marginal_cost":168.8868379721,"value":168.8868379721,"DemBarE":0,"DemBarP":0,"BarRetP":0},{"id":35,"time":9,"name":"ElPenon110","marginal_cost":133.6448385295,"value":133.6448385295,"DemBarE":0,"DemBarP":0,"BarRetP":0},{"id":35,"time":10,"name":"ElPenon110","marginal_cost":90.7020515316,"value":90.7020515316,"DemBarE":0,"DemBarP":0,"BarRetP":0},{"id":35,"time":11,"name":"ElPenon110","marginal_cost":85.1324541623,"value":85.1324541623,"DemBarE":0,"DemBarP":0,"BarRetP":0},{"id":35,"time":12,"name":"ElPenon110","marginal_cost":74.8648773683,"value":74.8648773683,"DemBarE":0,"DemBarP":0,"BarRetP":0},{"id":35,"time":13,"name":"ElPenon110","marginal_cost":51.085763553,"value":51.085763553,"DemBarE":0,"DemBarP":0,"BarRetP":0},{"id":35,"time":14,"name":"ElPenon110","marginal_cost":-2.0394755172,"value":-2.0394755172,"DemBarE":0,"DemBarP":0,"BarRetP":0},{"id":35,"time":15,"name":"ElPenon110","marginal_cost":-1.6793692708,"value":-1.6793692708,"DemBarE":0,"DemBarP":0,"BarRetP":0},{"id":35,"time":16,"name":"ElPenon110","marginal_cost":-1.6776076995,"value":-1.6776076995,"DemBarE":0,"DemBarP":0,"BarRetP":0},{"id":35,"time":17,"name":"ElPenon110","marginal_cost":110.3536742878,"value":110.3536742878,"DemBarE":0,"DemBarP":0,"BarRetP":0},{"id":35,"time":18,"name":"ElPenon110","marginal_cost":154.5139688596,"value":154.5139688596,"DemBarE":0,"DemBarP":0,"BarRetP":0},{"id":35,"time":19,"name":"ElPenon110","marginal_cost":180.7438900863,"value":180.7438900863,"DemBarE":0,"DemBarP":0,"BarRetP":0},{"id":35,"time":20,"name":"ElPenon110","marginal_cost":182.7370639492,"value":182.7370639492,"DemBarE":0,"DemBarP":0,"BarRetP":0},{"id":35,"time":21,"name":"ElPenon110","marginal_cost":174.2263209579,"value":174.2263209579,"DemBarE":0,"DemBarP":0,"BarRetP":0},{"id":35,"time":22,"name":"ElPenon110","marginal_cost":170.8345452013,"value":170.8345452013,"DemBarE":0,"DemBarP":0,"BarRetP":0},{"id":35,"time":23,"name":"ElPenon110","marginal_cost":168.3803381613,"value":168.3803381613,"DemBarE":0,"DemBarP":0,"BarRetP":0},{"id":35,"time":24,"name":"ElPenon110","marginal_cost":167.5516323838,"value":167.5516323838,"DemBarE":0,"DemBarP":0,"BarRetP":0},{"id":35,"time":25,"name":"ElPenon110","marginal_cost":160.3033045827,"value":160.3033045827,"DemBarE":0,"DemBarP":0,"BarRetP":0},{"id":35,"time":26,"name":"ElPenon110","marginal_cost":159.4963777893,"value":159.4963777893,"DemBarE":0,"DemBarP":0,"BarRetP":0},{"id":35,"time":27,"name":"ElPenon110","marginal_cost":159.4661414237,"value":159.4661414237,"DemBarE":0,"DemBarP":0,"BarRetP":0},{"id":35,"time":28,"name":"ElPenon110","marginal_cost":159.2081889209,"value":159.2081889209,"DemBarE":0,"DemBarP":0,"BarRetP":0},{"id":35,"time":29,"name":"ElPenon110","marginal_cost":157.9823245586,"value":157.9823245586,"DemBarE":0,"DemBarP":0,"BarRetP":0},{"id":35,"time":30,"name":"ElPenon110","marginal_cost":159.5304466704,"value":159.5304466704,"DemBarE":0,"DemBarP":0,"BarRetP":0},{"id":35,"time":31,"name":"ElPenon110","marginal_cost":166.3138271854,"value":166.3138271854,"DemBarE":0,"DemBarP":0,"BarRetP":0},{"id":35,"time":32,"name":"ElPenon110","marginal_cost":169.7673361431,"value":169.7673361431,"DemBarE":0,"DemBarP":0,"BarRetP":0},{"id":35,"time":33,"name":"ElPenon110","marginal_cost":150.5105094479,"value":150.5105094479,"DemBarE":0,"DemBarP":0,"BarRetP":0},{"id":35,"time":34,"name":"ElPenon110","marginal_cost":97.6333735833,"value":97.6333735833,"DemBarE":0,"DemBarP":0,"BarRetP":0},{"id":35,"time":35,"name":"ElPenon110","marginal_cost":92.4885627845,"value":92.4885627845,"DemBarE":0,"DemBarP":0,"BarRetP":0},{"id":35,"time":36,"name":"ElPenon110","marginal_cost":92.2491440416,"value":92.2491440416,"DemBarE":0,"DemBarP":0,"BarRetP":0},{"id":35,"time":37,"name":"ElPenon110","marginal_cost":91.4515583998,"value":91.4515583998,"DemBarE":0,"DemBarP":0,"BarRetP":0},{"id":35,"time":38,"name":"ElPenon110","marginal_cost":91.4515583998,"value":91.4515583998,"DemBarE":0,"DemBarP":0,"BarRetP":0},{"id":35,"time":39,"name":"ElPenon110","marginal_cost":91.4515583998,"value":91.4515583998,"DemBarE":0,"DemBarP":0,"BarRetP":0},{"id":35,"time":40,"name":"ElPenon110","marginal_cost":91.4515583998,"value":91.4515583998,"DemBarE":0,"DemBarP":0,"BarRetP":0},{"id":35,"time":41,"name":"ElPenon110","marginal_cost":114.0404924077,"value":114.0404924077,"DemBarE":0,"DemBarP":0,"BarRetP":0},{"id":35,"time":42,"name":"ElPenon110","marginal_cost":154.6555270918,"value":154.6555270918,"DemBarE":0,"DemBarP":0,"BarRetP":0},{"id":35,"time":43,"name":"ElPenon110","marginal_cost":166.9034163655,"value":166.9034163655,"DemBarE":0,"DemBarP":0,"BarRetP":0},{"id":35,"time":44,"name":"ElPenon110","marginal_cost":166.9034163655,"value":166.9034163655,"DemBarE":0,"DemBarP":0,"BarRetP":0},{"id":35,"time":45,"name":"ElPenon110","marginal_cost":166.8877865286,"value":166.8877865286,"DemBarE":0,"DemBarP":0,"BarRetP":0},{"id":35,"time":46,"name":"ElPenon110","marginal_cost":165.4919873414,"value":165.4919873414,"DemBarE":0,"DemBarP":0,"BarRetP":0},{"id":35,"time":47,"name":"ElPenon110","marginal_cost":162.7148419618,"value":162.7148419618,"DemBarE":0,"DemBarP":0,"BarRetP":0},{"id":35,"time":48,"name":"ElPenon110","marginal_cost":160.4391074571,"value":160.4391074571,"DemBarE":0,"DemBarP":0,"BarRetP":0},{"id":35,"time":49,"name":"ElPenon110","marginal_cost":152.754224699,"value":152.754224699,"DemBarE":0,"DemBarP":0,"BarRetP":0},{"id":35,"time":50,"name":"ElPenon110","marginal_cost":155.3476815005,"value":155.3476815005,"DemBarE":0,"DemBarP":0,"BarRetP":0},{"id":35,"time":51,"name":"ElPenon110","marginal_cost":156.0739561682,"value":156.0739561682,"DemBarE":0,"DemBarP":0,"BarRetP":0},{"id":35,"time":52,"name":"ElPenon110","marginal_cost":138.3332159285,"value":138.3332159285,"DemBarE":0,"DemBarP":0,"BarRetP":0},{"id":35,"time":53,"name":"ElPenon110","marginal_cost":138.3332159285,"value":138.3332159285,"DemBarE":0,"DemBarP":0,"BarRetP":0},{"id":35,"time":54,"name":"ElPenon110","marginal_cost":138.2676662865,"value":138.2676662865,"DemBarE":0,"DemBarP":0,"BarRetP":0},{"id":35,"time":55,"name":"ElPenon110","marginal_cost":138.6104054665,"value":138.6104054665,"DemBarE":0,"DemBarP":0,"BarRetP":0},{"id":35,"time":56,"name":"ElPenon110","marginal_cost":137.3140127985,"value":137.3140127985,"DemBarE":0,"DemBarP":0,"BarRetP":0},{"id":35,"time":57,"name":"ElPenon110","marginal_cost":119.2605837538,"value":119.2605837538,"DemBarE":0,"DemBarP":0,"BarRetP":0},{"id":35,"time":58,"name":"ElPenon110","marginal_cost":93.608147137,"value":93.608147137,"DemBarE":0,"DemBarP":0,"BarRetP":0},{"id":35,"time":59,"name":"ElPenon110","marginal_cost":90.701943096,"value":90.701943096,"DemBarE":0,"DemBarP":0,"BarRetP":0},{"id":35,"time":60,"name":"ElPenon110","marginal_cost":88.7296140541,"value":88.7296140541,"DemBarE":0,"DemBarP":0,"BarRetP":0},{"id":35,"time":61,"name":"ElPenon110","marginal_cost":-2.3064483349,"value":-2.3064483349,"DemBarE":0,"DemBarP":0,"BarRetP":0},{"id":35,"time":62,"name":"ElPenon110","marginal_cost":-2.3064483349,"value":-2.3064483349,"DemBarE":0,"DemBarP":0,"BarRetP":0},{"id":35,"time":63,"name":"ElPenon110","marginal_cost":-1.9523135395,"value":-1.9523135395,"DemBarE":0,"DemBarP":0,"BarRetP":0},{"id":35,"time":64,"name":"ElPenon110","marginal_cost":-1.3320534009,"value":-1.3320534009,"DemBarE":0,"DemBarP":0,"BarRetP":0},{"id":35,"time":65,"name":"ElPenon110","marginal_cost":124.8821973261,"value":124.8821973261,"DemBarE":0,"DemBarP":0,"BarRetP":0},{"id":35,"time":66,"name":"ElPenon110","marginal_cost":124.8821973261,"value":124.8821973261,"DemBarE":0,"DemBarP":0,"BarRetP":0},{"id":35,"time":67,"name":"ElPenon110","marginal_cost":168.9881551433,"value":168.9881551433,"DemBarE":0,"DemBarP":0,"BarRetP":0},{"id":35,"time":68,"name":"ElPenon110","marginal_cost":163.5862191894,"value":163.5862191894,"DemBarE":0,"DemBarP":0,"BarRetP":0},{"id":35,"time":69,"name":"ElPenon110","marginal_cost":163.5862191894,"value":163.5862191894,"DemBarE":0,"DemBarP":0,"BarRetP":0},{"id":35,"time":70,"name":"ElPenon110","marginal_cost":163.3069432952,"value":163.3069432952,"DemBarE":0,"DemBarP":0,"BarRetP":0},{"id":35,"time":71,"name":"ElPenon110","marginal_cost":155.5749913379,"value":155.5749913379,"DemBarE":0,"DemBarP":0,"BarRetP":0},{"id":35,"time":72,"name":"ElPenon110","marginal_cost":154.2156490159,"value":154.2156490159,"DemBarE":0,"DemBarP":0,"BarRetP":0},{"id":35,"time":73,"name":"ElPenon110","marginal_cost":153.6845219829,"value":153.6845219829,"DemBarE":0,"DemBarP":0,"BarRetP":0},{"id":35,"time":74,"name":"ElPenon110","marginal_cost":152.1603261703,"value":152.1603261703,"DemBarE":0,"DemBarP":0,"BarRetP":0},{"id":35,"time":75,"name":"ElPenon110","marginal_cost":137.4281682227,"value":137.4281682227,"DemBarE":0,"DemBarP":0,"BarRetP":0},{"id":35,"time":76,"name":"ElPenon110","marginal_cost":137.4281682227,"value":137.4281682227,"DemBarE":0,"DemBarP":0,"BarRetP":0},{"id":35,"time":77,"name":"ElPenon110","marginal_cost":137.4281682227,"value":137.4281682227,"DemBarE":0,"DemBarP":0,"BarRetP":0},{"id":35,"time":78,"name":"ElPenon110","marginal_cost":137.4281682227,"value":137.4281682227,"DemBarE":0,"DemBarP":0,"BarRetP":0},{"id":35,"time":79,"name":"ElPenon110","marginal_cost":137.4281682227,"value":137.4281682227,"DemBarE":0,"DemBarP":0,"BarRetP":0},{"id":35,"time":80,"name":"ElPenon110","marginal_cost":125.825577979,"value":125.825577979,"DemBarE":0,"DemBarP":0,"BarRetP":0},{"id":35,"time":81,"name":"ElPenon110","marginal_cost":125.825577979,"value":125.825577979,"DemBarE":0,"DemBarP":0,"BarRetP":0},{"id":35,"time":82,"name":"ElPenon110","marginal_cost":90.274455842,"value":90.274455842,"DemBarE":0,"DemBarP":0,"BarRetP":0},{"id":35,"time":83,"name":"ElPenon110","marginal_cost":90.274455842,"value":90.274455842,"DemBarE":0,"DemBarP":0,"BarRetP":0},{"id":35,"time":84,"name":"ElPenon110","marginal_cost":84.570789803,"value":84.570789803,"DemBarE":0,"DemBarP":0,"BarRetP":0},{"id":35,"time":85,"name":"ElPenon110","marginal_cost":84.570789803,"value":84.570789803,"DemBarE":0,"DemBarP":0,"BarRetP":0},{"id":35,"time":86,"name":"ElPenon110","marginal_cost":86.9338826415,"value":86.9338826415,"DemBarE":0,"DemBarP":0,"BarRetP":0},{"id":35,"time":87,"name":"ElPenon110","marginal_cost":86.9338826415,"value":86.9338826415,"DemBarE":0,"DemBarP":0,"BarRetP":0},{"id":35,"time":88,"name":"ElPenon110","marginal_cost":86.9338826415,"value":86.9338826415,"DemBarE":0,"DemBarP":0,"BarRetP":0},{"id":35,"time":89,"name":"ElPenon110","marginal_cost":86.9338826415,"value":86.9338826415,"DemBarE":0,"DemBarP":0,"BarRetP":0},{"id":35,"time":90,"name":"ElPenon110","marginal_cost":86.9338826415,"value":86.9338826415,"DemBarE":0,"DemBarP":0,"BarRetP":0},{"id":35,"time":91,"name":"ElPenon110","marginal_cost":155.2793537567,"value":155.2793537567,"DemBarE":0,"DemBarP":0,"BarRetP":0},{"id":35,"time":92,"name":"ElPenon110","marginal_cost":155.2793537567,"value":155.2793537567,"DemBarE":0,"DemBarP":0,"BarRetP":0},{"id":35,"time":93,"name":"ElPenon110","marginal_cost":158.2804497904,"value":158.2804497904,"DemBarE":0,"DemBarP":0,"BarRetP":0},{"id":35,"time":94,"name":"ElPenon110","marginal_cost":155.5109793698,"value":155.5109793698,"DemBarE":0,"DemBarP":0,"BarRetP":0},{"id":35,"time":95,"name":"ElPenon110","marginal_cost":154.0125306298,"value":154.0125306298,"DemBarE":0,"DemBarP":0,"BarRetP":0},{"id":35,"time":96,"name":"ElPenon110","marginal_cost":154.0079522068,"value":154.0079522068,"DemBarE":0,"DemBarP":0,"BarRetP":0},{"id":35,"time":97,"name":"ElPenon110","marginal_cost":153.8318490544,"value":153.8318490544,"DemBarE":0,"DemBarP":0,"BarRetP":0},{"id":35,"time":98,"name":"ElPenon110","marginal_cost":149.3636855781,"value":149.3636855781,"DemBarE":0,"DemBarP":0,"BarRetP":0},{"id":35,"time":99,"name":"ElPenon110","marginal_cost":149.6987146866,"value":149.6987146866,"DemBarE":0,"DemBarP":0,"BarRetP":0},{"id":35,"time":100,"name":"ElPenon110","marginal_cost":149.9795581984,"value":149.9795581984,"DemBarE":0,"DemBarP":0,"BarRetP":0},{"id":35,"time":101,"name":"ElPenon110","marginal_cost":149.9795581984,"value":149.9795581984,"DemBarE":0,"DemBarP":0,"BarRetP":0},{"id":35,"time":102,"name":"ElPenon110","marginal_cost":149.9795581984,"value":149.9795581984,"DemBarE":0,"DemBarP":0,"BarRetP":0},{"id":35,"time":103,"name":"ElPenon110","marginal_cost":156.445791641,"value":156.445791641,"DemBarE":0,"DemBarP":0,"BarRetP":0},{"id":35,"time":104,"name":"ElPenon110","marginal_cost":149.7726195591,"value":149.7726195591,"DemBarE":0,"DemBarP":0,"BarRetP":0},{"id":35,"time":105,"name":"ElPenon110","marginal_cost":149.7726195591,"value":149.7726195591,"DemBarE":0,"DemBarP":0,"BarRetP":0},{"id":35,"time":106,"name":"ElPenon110","marginal_cost":92.3393692049,"value":92.3393692049,"DemBarE":0,"DemBarP":0,"BarRetP":0},{"id":35,"time":107,"name":"ElPenon110","marginal_cost":92.0130850121,"value":92.0130850121,"DemBarE":0,"DemBarP":0,"BarRetP":0},{"id":35,"time":108,"name":"ElPenon110","marginal_cost":91.4635897087,"value":91.4635897087,"DemBarE":0,"DemBarP":0,"BarRetP":0},{"id":35,"time":109,"name":"ElPenon110","marginal_cost":91.4635897087,"value":91.4635897087,"DemBarE":0,"DemBarP":0,"BarRetP":0},{"id":35,"time":110,"name":"ElPenon110","marginal_cost":92.4332084619,"value":92.4332084619,"DemBarE":0,"DemBarP":0,"BarRetP":0},{"id":35,"time":111,"name":"ElPenon110","marginal_cost":92.3036610493,"value":92.3036610493,"DemBarE":0,"DemBarP":0,"BarRetP":0},{"id":35,"time":112,"name":"ElPenon110","marginal_cost":92.3036610493,"value":92.3036610493,"DemBarE":0,"DemBarP":0,"BarRetP":0},{"id":35,"time":113,"name":"ElPenon110","marginal_cost":151.4261705368,"value":151.4261705368,"DemBarE":0,"DemBarP":0,"BarRetP":0},{"id":35,"time":114,"name":"ElPenon110","marginal_cost":151.4261705368,"value":151.4261705368,"DemBarE":0,"DemBarP":0,"BarRetP":0},{"id":35,"time":115,"name":"ElPenon110","marginal_cost":151.4261705368,"value":151.4261705368,"DemBarE":0,"DemBarP":0,"BarRetP":0},{"id":35,"time":116,"name":"ElPenon110","marginal_cost":162.7202095575,"value":162.7202095575,"DemBarE":0,"DemBarP":0,"BarRetP":0},{"id":35,"time":117,"name":"ElPenon110","marginal_cost":162.7202095575,"value":162.7202095575,"DemBarE":0,"DemBarP":0,"BarRetP":0},{"id":35,"time":118,"name":"ElPenon110","marginal_cost":162.7202095575,"value":162.7202095575,"DemBarE":0,"DemBarP":0,"BarRetP":0},{"id":35,"time":119,"name":"ElPenon110","marginal_cost":162.7837790014,"value":162.7837790014,"DemBarE":0,"DemBarP":0,"BarRetP":0},{"id":35,"time":120,"name":"ElPenon110","marginal_cost":159.790313186,"value":159.790313186,"DemBarE":0,"DemBarP":0,"BarRetP":0},{"id":35,"time":121,"name":"ElPenon110","marginal_cost":156.682260263,"value":156.682260263,"DemBarE":0,"DemBarP":0,"BarRetP":0},{"id":35,"time":122,"name":"ElPenon110","marginal_cost":156.4658491086,"value":156.4658491086,"DemBarE":0,"DemBarP":0,"BarRetP":0},{"id":35,"time":123,"name":"ElPenon110","marginal_cost":151.0612780434,"value":151.0612780434,"DemBarE":0,"DemBarP":0,"BarRetP":0},{"id":35,"time":124,"name":"ElPenon110","marginal_cost":151.0612780434,"value":151.0612780434,"DemBarE":0,"DemBarP":0,"BarRetP":0},{"id":35,"time":125,"name":"ElPenon110","marginal_cost":151.0612780434,"value":151.0612780434,"DemBarE":0,"DemBarP":0,"BarRetP":0},{"id":35,"time":126,"name":"ElPenon110","marginal_cost":151.0612780434,"value":151.0612780434,"DemBarE":0,"DemBarP":0,"BarRetP":0},{"id":35,"time":127,"name":"ElPenon110","marginal_cost":156.9232079262,"value":156.9232079262,"DemBarE":0,"DemBarP":0,"BarRetP":0},{"id":35,"time":128,"name":"ElPenon110","marginal_cost":160.5974029885,"value":160.5974029885,"DemBarE":0,"DemBarP":0,"BarRetP":0},{"id":35,"time":129,"name":"ElPenon110","marginal_cost":143.550557001,"value":143.550557001,"DemBarE":0,"DemBarP":0,"BarRetP":0},{"id":35,"time":130,"name":"ElPenon110","marginal_cost":111.5206195714,"value":111.5206195714,"DemBarE":0,"DemBarP":0,"BarRetP":0},{"id":35,"time":131,"name":"ElPenon110","marginal_cost":90.9076529541,"value":90.9076529541,"DemBarE":0,"DemBarP":0,"BarRetP":0},{"id":35,"time":132,"name":"ElPenon110","marginal_cost":92.6397689842,"value":92.6397689842,"DemBarE":0,"DemBarP":0,"BarRetP":0},{"id":35,"time":133,"name":"ElPenon110","marginal_cost":93.1693296175,"value":93.1693296175,"DemBarE":0,"DemBarP":0,"BarRetP":0},{"id":35,"time":134,"name":"ElPenon110","marginal_cost":93.1693296175,"value":93.1693296175,"DemBarE":0,"DemBarP":0,"BarRetP":0},{"id":35,"time":135,"name":"ElPenon110","marginal_cost":93.1693296175,"value":93.1693296175,"DemBarE":0,"DemBarP":0,"BarRetP":0},{"id":35,"time":136,"name":"ElPenon110","marginal_cost":93.1693296175,"value":93.1693296175,"DemBarE":0,"DemBarP":0,"BarRetP":0},{"id":35,"time":137,"name":"ElPenon110","marginal_cost":160.8966586728,"value":160.8966586728,"DemBarE":0,"DemBarP":0,"BarRetP":0},{"id":35,"time":138,"name":"ElPenon110","marginal_cost":160.8966586728,"value":160.8966586728,"DemBarE":0,"DemBarP":0,"BarRetP":0},{"id":35,"time":139,"name":"ElPenon110","marginal_cost":160.8966586728,"value":160.8966586728,"DemBarE":0,"DemBarP":0,"BarRetP":0},{"id":35,"time":140,"name":"ElPenon110","marginal_cost":160.8966586728,"value":160.8966586728,"DemBarE":0,"DemBarP":0,"BarRetP":0},{"id":35,"time":141,"name":"ElPenon110","marginal_cost":160.8966586728,"value":160.8966586728,"DemBarE":0,"DemBarP":0,"BarRetP":0},{"id":35,"time":142,"name":"ElPenon110","marginal_cost":160.8966586728,"value":160.8966586728,"DemBarE":0,"DemBarP":0,"BarRetP":0},{"id":35,"time":143,"name":"ElPenon110","marginal_cost":162.2580657695,"value":162.2580657695,"DemBarE":0,"DemBarP":0,"BarRetP":0},{"id":35,"time":144,"name":"ElPenon110","marginal_cost":162.0648240961,"value":162.0648240961,"DemBarE":0,"DemBarP":0,"BarRetP":0},{"id":35,"time":145,"name":"ElPenon110","marginal_cost":160.1341654217,"value":160.1341654217,"DemBarE":0,"DemBarP":0,"BarRetP":0},{"id":35,"time":146,"name":"ElPenon110","marginal_cost":158.3133017221,"value":158.3133017221,"DemBarE":0,"DemBarP":0,"BarRetP":0},{"id":35,"time":147,"name":"ElPenon110","marginal_cost":155.9897360864,"value":155.9897360864,"DemBarE":0,"DemBarP":0,"BarRetP":0},{"id":35,"time":148,"name":"ElPenon110","marginal_cost":155.9897360864,"value":155.9897360864,"DemBarE":0,"DemBarP":0,"BarRetP":0},{"id":35,"time":149,"name":"ElPenon110","marginal_cost":155.9897360864,"value":155.9897360864,"DemBarE":0,"DemBarP":0,"BarRetP":0},{"id":35,"time":150,"name":"ElPenon110","marginal_cost":155.9897360864,"value":155.9897360864,"DemBarE":0,"DemBarP":0,"BarRetP":0},{"id":35,"time":151,"name":"ElPenon110","marginal_cost":159.097858312,"value":159.097858312,"DemBarE":0,"DemBarP":0,"BarRetP":0},{"id":35,"time":152,"name":"ElPenon110","marginal_cost":154.2714816556,"value":154.2714816556,"DemBarE":0,"DemBarP":0,"BarRetP":0},{"id":35,"time":153,"name":"ElPenon110","marginal_cost":154.2714816556,"value":154.2714816556,"DemBarE":0,"DemBarP":0,"BarRetP":0},{"id":35,"time":154,"name":"ElPenon110","marginal_cost":110.1088904461,"value":110.1088904461,"DemBarE":0,"DemBarP":0,"BarRetP":0},{"id":35,"time":155,"name":"ElPenon110","marginal_cost":110.1088904461,"value":110.1088904461,"DemBarE":0,"DemBarP":0,"BarRetP":0},{"id":35,"time":156,"name":"ElPenon110","marginal_cost":108.91246461,"value":108.91246461,"DemBarE":0,"DemBarP":0,"BarRetP":0},{"id":35,"time":157,"name":"ElPenon110","marginal_cost":93.4448789047,"value":93.4448789047,"DemBarE":0,"DemBarP":0,"BarRetP":0},{"id":35,"time":158,"name":"ElPenon110","marginal_cost":93.4448789047,"value":93.4448789047,"DemBarE":0,"DemBarP":0,"BarRetP":0},{"id":35,"time":159,"name":"ElPenon110","marginal_cost":93.4448789047,"value":93.4448789047,"DemBarE":0,"DemBarP":0,"BarRetP":0},{"id":35,"time":160,"name":"ElPenon110","marginal_cost":111.7861867932,"value":111.7861867932,"DemBarE":0,"DemBarP":0,"BarRetP":0},{"id":35,"time":161,"name":"ElPenon110","marginal_cost":111.7861867932,"value":111.7861867932,"DemBarE":0,"DemBarP":0,"BarRetP":0},{"id":35,"time":162,"name":"ElPenon110","marginal_cost":155.8341187959,"value":155.8341187959,"DemBarE":0,"DemBarP":0,"BarRetP":0},{"id":35,"time":163,"name":"ElPenon110","marginal_cost":164.3725257402,"value":164.3725257402,"DemBarE":0,"DemBarP":0,"BarRetP":0},{"id":35,"time":164,"name":"ElPenon110","marginal_cost":164.3725257402,"value":164.3725257402,"DemBarE":0,"DemBarP":0,"BarRetP":0},{"id":35,"time":165,"name":"ElPenon110","marginal_cost":164.3725257402,"value":164.3725257402,"DemBarE":0,"DemBarP":0,"BarRetP":0},{"id":35,"time":166,"name":"ElPenon110","marginal_cost":164.3725257402,"value":164.3725257402,"DemBarE":0,"DemBarP":0,"BarRetP":0},{"id":35,"time":167,"name":"ElPenon110","marginal_cost":162.733759763,"value":162.733759763,"DemBarE":0,"DemBarP":0,"BarRetP":0},{"id":35,"time":168,"name":"ElPenon110","marginal_cost":162.2036055731,"value":162.2036055731,"DemBarE":0,"DemBarP":0,"BarRetP":0}]