[{"id":79,"time":1,"name":"S-AA100","marginal_cost":140.6197044625,"value":140.6197044625,"DemBarE":0,"DemBarP":0,"BarRetP":0},{"id":79,"time":2,"name":"S-AA100","marginal_cost":136.7976698482,"value":136.7976698482,"DemBarE":0,"DemBarP":0,"BarRetP":0},{"id":79,"time":3,"name":"S-AA100","marginal_cost":137.6954800354,"value":137.6954800354,"DemBarE":0,"DemBarP":0,"BarRetP":0},{"id":79,"time":4,"name":"S-AA100","marginal_cost":138.0270230066,"value":138.0270230066,"DemBarE":0,"DemBarP":0,"BarRetP":0},{"id":79,"time":5,"name":"S-AA100","marginal_cost":138.0973779775,"value":138.0973779775,"DemBarE":0,"DemBarP":0,"BarRetP":0},{"id":79,"time":6,"name":"S-AA100","marginal_cost":102.2452134619,"value":102.2452134619,"DemBarE":0,"DemBarP":0,"BarRetP":0},{"id":79,"time":7,"name":"S-AA100","marginal_cost":139.0811382087,"value":139.0811382087,"DemBarE":0,"DemBarP":0,"BarRetP":0},{"id":79,"time":8,"name":"S-AA100","marginal_cost":162.7598076752,"value":162.7598076752,"DemBarE":0,"DemBarP":0,"BarRetP":0},{"id":79,"time":9,"name":"S-AA100","marginal_cost":111.0202374938,"value":111.0202374938,"DemBarE":0,"DemBarP":0,"BarRetP":0},{"id":79,"time":10,"name":"S-AA100","marginal_cost":76.1572324418,"value":76.1572324418,"DemBarE":0,"DemBarP":0,"BarRetP":0},{"id":79,"time":11,"name":"S-AA100","marginal_cost":74.6594361748,"value":74.6594361748,"DemBarE":0,"DemBarP":0,"BarRetP":0},{"id":79,"time":12,"name":"S-AA100","marginal_cost":65.9148161021,"value":65.9148161021,"DemBarE":0,"DemBarP":0,"BarRetP":0},{"id":79,"time":13,"name":"S-AA100","marginal_cost":45.1971415992,"value":45.1971415992,"DemBarE":0,"DemBarP":0,"BarRetP":0},{"id":79,"time":14,"name":"S-AA100","marginal_cost":-1.8038744994,"value":-1.8038744994,"DemBarE":0,"DemBarP":0,"BarRetP":0},{"id":79,"time":15,"name":"S-AA100","marginal_cost":-1.4835729088,"value":-1.4835729088,"DemBarE":0,"DemBarP":0,"BarRetP":0},{"id":79,"time":16,"name":"S-AA100","marginal_cost":-1.489912332,"value":-1.489912332,"DemBarE":0,"DemBarP":0,"BarRetP":0},{"id":79,"time":17,"name":"S-AA100","marginal_cost":94.6539805925,"value":94.6539805925,"DemBarE":0,"DemBarP":0,"BarRetP":0},{"id":79,"time":18,"name":"S-AA100","marginal_cost":137.4829117213,"value":137.4829117213,"DemBarE":0,"DemBarP":0,"BarRetP":0},{"id":79,"time":19,"name":"S-AA100","marginal_cost":177.7259849198,"value":177.7259849198,"DemBarE":0,"DemBarP":0,"BarRetP":0},{"id":79,"time":20,"name":"S-AA100","marginal_cost":177.8249723078,"value":177.8249723078,"DemBarE":0,"DemBarP":0,"BarRetP":0},{"id":79,"time":21,"name":"S-AA100","marginal_cost":172.5039920178,"value":172.5039920178,"DemBarE":0,"DemBarP":0,"BarRetP":0},{"id":79,"time":22,"name":"S-AA100","marginal_cost":167.0804106843,"value":167.0804106843,"DemBarE":0,"DemBarP":0,"BarRetP":0},{"id":79,"time":23,"name":"S-AA100","marginal_cost":162.9161025062,"value":162.9161025062,"DemBarE":0,"DemBarP":0,"BarRetP":0},{"id":79,"time":24,"name":"S-AA100","marginal_cost":161.769581122,"value":161.769581122,"DemBarE":0,"DemBarP":0,"BarRetP":0},{"id":79,"time":25,"name":"S-AA100","marginal_cost":161.4003348996,"value":161.4003348996,"DemBarE":0,"DemBarP":0,"BarRetP":0},{"id":79,"time":26,"name":"S-AA100","marginal_cost":159.0100900355,"value":159.0100900355,"DemBarE":0,"DemBarP":0,"BarRetP":0},{"id":79,"time":27,"name":"S-AA100","marginal_cost":160.3203987762,"value":160.3203987762,"DemBarE":0,"DemBarP":0,"BarRetP":0},{"id":79,"time":28,"name":"S-AA100","marginal_cost":159.460089419,"value":159.460089419,"DemBarE":0,"DemBarP":0,"BarRetP":0},{"id":79,"time":29,"name":"S-AA100","marginal_cost":158.0322980727,"value":158.0322980727,"DemBarE":0,"DemBarP":0,"BarRetP":0},{"id":79,"time":30,"name":"S-AA100","marginal_cost":158.8785371595,"value":158.8785371595,"DemBarE":0,"DemBarP":0,"BarRetP":0},{"id":79,"time":31,"name":"S-AA100","marginal_cost":166.2697094831,"value":166.2697094831,"DemBarE":0,"DemBarP":0,"BarRetP":0},{"id":79,"time":32,"name":"S-AA100","marginal_cost":160.2174373449,"value":160.2174373449,"DemBarE":0,"DemBarP":0,"BarRetP":0},{"id":79,"time":33,"name":"S-AA100","marginal_cost":124.86905352,"value":124.86905352,"DemBarE":0,"DemBarP":0,"BarRetP":0},{"id":79,"time":34,"name":"S-AA100","marginal_cost":83.0320989502,"value":83.0320989502,"DemBarE":0,"DemBarP":0,"BarRetP":0},{"id":79,"time":35,"name":"S-AA100","marginal_cost":79.3870975054,"value":79.3870975054,"DemBarE":0,"DemBarP":0,"BarRetP":0},{"id":79,"time":36,"name":"S-AA100","marginal_cost":79.2803840597,"value":79.2803840597,"DemBarE":0,"DemBarP":0,"BarRetP":0},{"id":79,"time":37,"name":"S-AA100","marginal_cost":77.4612056407,"value":77.4612056407,"DemBarE":0,"DemBarP":0,"BarRetP":0},{"id":79,"time":38,"name":"S-AA100","marginal_cost":77.4612056407,"value":77.4612056407,"DemBarE":0,"DemBarP":0,"BarRetP":0},{"id":79,"time":39,"name":"S-AA100","marginal_cost":77.4612056407,"value":77.4612056407,"DemBarE":0,"DemBarP":0,"BarRetP":0},{"id":79,"time":40,"name":"S-AA100","marginal_cost":77.4612056407,"value":77.4612056407,"DemBarE":0,"DemBarP":0,"BarRetP":0},{"id":79,"time":41,"name":"S-AA100","marginal_cost":97.7544280395,"value":97.7544280395,"DemBarE":0,"DemBarP":0,"BarRetP":0},{"id":79,"time":42,"name":"S-AA100","marginal_cost":141.8622417406,"value":141.8622417406,"DemBarE":0,"DemBarP":0,"BarRetP":0},{"id":79,"time":43,"name":"S-AA100","marginal_cost":169.3227713754,"value":169.3227713754,"DemBarE":0,"DemBarP":0,"BarRetP":0},{"id":79,"time":44,"name":"S-AA100","marginal_cost":169.3227713754,"value":169.3227713754,"DemBarE":0,"DemBarP":0,"BarRetP":0},{"id":79,"time":45,"name":"S-AA100","marginal_cost":171.2229816906,"value":171.2229816906,"DemBarE":0,"DemBarP":0,"BarRetP":0},{"id":79,"time":46,"name":"S-AA100","marginal_cost":170.2079710165,"value":170.2079710165,"DemBarE":0,"DemBarP":0,"BarRetP":0},{"id":79,"time":47,"name":"S-AA100","marginal_cost":166.2191251668,"value":166.2191251668,"DemBarE":0,"DemBarP":0,"BarRetP":0},{"id":79,"time":48,"name":"S-AA100","marginal_cost":162.7702233247,"value":162.7702233247,"DemBarE":0,"DemBarP":0,"BarRetP":0},{"id":79,"time":49,"name":"S-AA100","marginal_cost":155.4830177701,"value":155.4830177701,"DemBarE":0,"DemBarP":0,"BarRetP":0},{"id":79,"time":50,"name":"S-AA100","marginal_cost":158.2299536938,"value":158.2299536938,"DemBarE":0,"DemBarP":0,"BarRetP":0},{"id":79,"time":51,"name":"S-AA100","marginal_cost":160.6816772796,"value":160.6816772796,"DemBarE":0,"DemBarP":0,"BarRetP":0},{"id":79,"time":52,"name":"S-AA100","marginal_cost":144.6251183371,"value":144.6251183371,"DemBarE":0,"DemBarP":0,"BarRetP":0},{"id":79,"time":53,"name":"S-AA100","marginal_cost":144.6251183371,"value":144.6251183371,"DemBarE":0,"DemBarP":0,"BarRetP":0},{"id":79,"time":54,"name":"S-AA100","marginal_cost":143.2674474112,"value":143.2674474112,"DemBarE":0,"DemBarP":0,"BarRetP":0},{"id":79,"time":55,"name":"S-AA100","marginal_cost":142.200783417,"value":142.200783417,"DemBarE":0,"DemBarP":0,"BarRetP":0},{"id":79,"time":56,"name":"S-AA100","marginal_cost":137.3019925702,"value":137.3019925702,"DemBarE":0,"DemBarP":0,"BarRetP":0},{"id":79,"time":57,"name":"S-AA100","marginal_cost":102.8854895197,"value":102.8854895197,"DemBarE":0,"DemBarP":0,"BarRetP":0},{"id":79,"time":58,"name":"S-AA100","marginal_cost":80.4375765636,"value":80.4375765636,"DemBarE":0,"DemBarP":0,"BarRetP":0},{"id":79,"time":59,"name":"S-AA100","marginal_cost":79.0660787422,"value":79.0660787422,"DemBarE":0,"DemBarP":0,"BarRetP":0},{"id":79,"time":60,"name":"S-AA100","marginal_cost":78.3670886862,"value":78.3670886862,"DemBarE":0,"DemBarP":0,"BarRetP":0},{"id":79,"time":61,"name":"S-AA100","marginal_cost":-2.1090576823,"value":-2.1090576823,"DemBarE":0,"DemBarP":0,"BarRetP":0},{"id":79,"time":62,"name":"S-AA100","marginal_cost":-2.1090576823,"value":-2.1090576823,"DemBarE":0,"DemBarP":0,"BarRetP":0},{"id":79,"time":63,"name":"S-AA100","marginal_cost":-1.8106102113,"value":-1.8106102113,"DemBarE":0,"DemBarP":0,"BarRetP":0},{"id":79,"time":64,"name":"S-AA100","marginal_cost":-1.2341018781,"value":-1.2341018781,"DemBarE":0,"DemBarP":0,"BarRetP":0},{"id":79,"time":65,"name":"S-AA100","marginal_cost":115.3331576314,"value":115.3331576314,"DemBarE":0,"DemBarP":0,"BarRetP":0},{"id":79,"time":66,"name":"S-AA100","marginal_cost":115.3331576314,"value":115.3331576314,"DemBarE":0,"DemBarP":0,"BarRetP":0},{"id":79,"time":67,"name":"S-AA100","marginal_cost":170.091645559,"value":170.091645559,"DemBarE":0,"DemBarP":0,"BarRetP":0},{"id":79,"time":68,"name":"S-AA100","marginal_cost":166.6002078009,"value":166.6002078009,"DemBarE":0,"DemBarP":0,"BarRetP":0},{"id":79,"time":69,"name":"S-AA100","marginal_cost":166.6002078009,"value":166.6002078009,"DemBarE":0,"DemBarP":0,"BarRetP":0},{"id":79,"time":70,"name":"S-AA100","marginal_cost":167.7092099394,"value":167.7092099394,"DemBarE":0,"DemBarP":0,"BarRetP":0},{"id":79,"time":71,"name":"S-AA100","marginal_cost":159.3050297978,"value":159.3050297978,"DemBarE":0,"DemBarP":0,"BarRetP":0},{"id":79,"time":72,"name":"S-AA100","marginal_cost":156.8364712546,"value":156.8364712546,"DemBarE":0,"DemBarP":0,"BarRetP":0},{"id":79,"time":73,"name":"S-AA100","marginal_cost":154.8186777987,"value":154.8186777987,"DemBarE":0,"DemBarP":0,"BarRetP":0},{"id":79,"time":74,"name":"S-AA100","marginal_cost":155.2948366931,"value":155.2948366931,"DemBarE":0,"DemBarP":0,"BarRetP":0},{"id":79,"time":75,"name":"S-AA100","marginal_cost":142.5954268667,"value":142.5954268667,"DemBarE":0,"DemBarP":0,"BarRetP":0},{"id":79,"time":76,"name":"S-AA100","marginal_cost":142.5954268667,"value":142.5954268667,"DemBarE":0,"DemBarP":0,"BarRetP":0},{"id":79,"time":77,"name":"S-AA100","marginal_cost":142.5954268667,"value":142.5954268667,"DemBarE":0,"DemBarP":0,"BarRetP":0},{"id":79,"time":78,"name":"S-AA100","marginal_cost":142.5954268667,"value":142.5954268667,"DemBarE":0,"DemBarP":0,"BarRetP":0},{"id":79,"time":79,"name":"S-AA100","marginal_cost":142.5954268667,"value":142.5954268667,"DemBarE":0,"DemBarP":0,"BarRetP":0},{"id":79,"time":80,"name":"S-AA100","marginal_cost":123.8656000684,"value":123.8656000684,"DemBarE":0,"DemBarP":0,"BarRetP":0},{"id":79,"time":81,"name":"S-AA100","marginal_cost":123.8656000684,"value":123.8656000684,"DemBarE":0,"DemBarP":0,"BarRetP":0},{"id":79,"time":82,"name":"S-AA100","marginal_cost":79.9393476966,"value":79.9393476966,"DemBarE":0,"DemBarP":0,"BarRetP":0},{"id":79,"time":83,"name":"S-AA100","marginal_cost":79.9393476966,"value":79.9393476966,"DemBarE":0,"DemBarP":0,"BarRetP":0},{"id":79,"time":84,"name":"S-AA100","marginal_cost":76.677082718,"value":76.677082718,"DemBarE":0,"DemBarP":0,"BarRetP":0},{"id":79,"time":85,"name":"S-AA100","marginal_cost":76.677082718,"value":76.677082718,"DemBarE":0,"DemBarP":0,"BarRetP":0},{"id":79,"time":86,"name":"S-AA100","marginal_cost":79.1508980893,"value":79.1508980893,"DemBarE":0,"DemBarP":0,"BarRetP":0},{"id":79,"time":87,"name":"S-AA100","marginal_cost":79.1508980893,"value":79.1508980893,"DemBarE":0,"DemBarP":0,"BarRetP":0},{"id":79,"time":88,"name":"S-AA100","marginal_cost":79.1508980893,"value":79.1508980893,"DemBarE":0,"DemBarP":0,"BarRetP":0},{"id":79,"time":89,"name":"S-AA100","marginal_cost":79.1508980893,"value":79.1508980893,"DemBarE":0,"DemBarP":0,"BarRetP":0},{"id":79,"time":90,"name":"S-AA100","marginal_cost":79.1508980893,"value":79.1508980893,"DemBarE":0,"DemBarP":0,"BarRetP":0},{"id":79,"time":91,"name":"S-AA100","marginal_cost":152.5406265282,"value":152.5406265282,"DemBarE":0,"DemBarP":0,"BarRetP":0},{"id":79,"time":92,"name":"S-AA100","marginal_cost":152.5406265282,"value":152.5406265282,"DemBarE":0,"DemBarP":0,"BarRetP":0},{"id":79,"time":93,"name":"S-AA100","marginal_cost":157.0149807073,"value":157.0149807073,"DemBarE":0,"DemBarP":0,"BarRetP":0},{"id":79,"time":94,"name":"S-AA100","marginal_cost":155.3915018337,"value":155.3915018337,"DemBarE":0,"DemBarP":0,"BarRetP":0},{"id":79,"time":95,"name":"S-AA100","marginal_cost":154.0157202793,"value":154.0157202793,"DemBarE":0,"DemBarP":0,"BarRetP":0},{"id":79,"time":96,"name":"S-AA100","marginal_cost":154.6546487944,"value":154.6546487944,"DemBarE":0,"DemBarP":0,"BarRetP":0},{"id":79,"time":97,"name":"S-AA100","marginal_cost":154.2431536,"value":154.2431536,"DemBarE":0,"DemBarP":0,"BarRetP":0},{"id":79,"time":98,"name":"S-AA100","marginal_cost":151.2893570432,"value":151.2893570432,"DemBarE":0,"DemBarP":0,"BarRetP":0},{"id":79,"time":99,"name":"S-AA100","marginal_cost":154.2433628812,"value":154.2433628812,"DemBarE":0,"DemBarP":0,"BarRetP":0},{"id":79,"time":100,"name":"S-AA100","marginal_cost":155.6321195932,"value":155.6321195932,"DemBarE":0,"DemBarP":0,"BarRetP":0},{"id":79,"time":101,"name":"S-AA100","marginal_cost":155.6321195932,"value":155.6321195932,"DemBarE":0,"DemBarP":0,"BarRetP":0},{"id":79,"time":102,"name":"S-AA100","marginal_cost":155.6321195932,"value":155.6321195932,"DemBarE":0,"DemBarP":0,"BarRetP":0},{"id":79,"time":103,"name":"S-AA100","marginal_cost":154.9604800532,"value":154.9604800532,"DemBarE":0,"DemBarP":0,"BarRetP":0},{"id":79,"time":104,"name":"S-AA100","marginal_cost":130.0668570283,"value":130.0668570283,"DemBarE":0,"DemBarP":0,"BarRetP":0},{"id":79,"time":105,"name":"S-AA100","marginal_cost":130.0668570283,"value":130.0668570283,"DemBarE":0,"DemBarP":0,"BarRetP":0},{"id":79,"time":106,"name":"S-AA100","marginal_cost":81.7784500406,"value":81.7784500406,"DemBarE":0,"DemBarP":0,"BarRetP":0},{"id":79,"time":107,"name":"S-AA100","marginal_cost":81.1938129311,"value":81.1938129311,"DemBarE":0,"DemBarP":0,"BarRetP":0},{"id":79,"time":108,"name":"S-AA100","marginal_cost":80.1047563803,"value":80.1047563803,"DemBarE":0,"DemBarP":0,"BarRetP":0},{"id":79,"time":109,"name":"S-AA100","marginal_cost":80.1047563803,"value":80.1047563803,"DemBarE":0,"DemBarP":0,"BarRetP":0},{"id":79,"time":110,"name":"S-AA100","marginal_cost":79.6896636209,"value":79.6896636209,"DemBarE":0,"DemBarP":0,"BarRetP":0},{"id":79,"time":111,"name":"S-AA100","marginal_cost":79.7037719028,"value":79.7037719028,"DemBarE":0,"DemBarP":0,"BarRetP":0},{"id":79,"time":112,"name":"S-AA100","marginal_cost":79.7037719028,"value":79.7037719028,"DemBarE":0,"DemBarP":0,"BarRetP":0},{"id":79,"time":113,"name":"S-AA100","marginal_cost":133.1846447639,"value":133.1846447639,"DemBarE":0,"DemBarP":0,"BarRetP":0},{"id":79,"time":114,"name":"S-AA100","marginal_cost":133.1846447639,"value":133.1846447639,"DemBarE":0,"DemBarP":0,"BarRetP":0},{"id":79,"time":115,"name":"S-AA100","marginal_cost":133.1846447639,"value":133.1846447639,"DemBarE":0,"DemBarP":0,"BarRetP":0},{"id":79,"time":116,"name":"S-AA100","marginal_cost":160.3591515266,"value":160.3591515266,"DemBarE":0,"DemBarP":0,"BarRetP":0},{"id":79,"time":117,"name":"S-AA100","marginal_cost":160.3591515266,"value":160.3591515266,"DemBarE":0,"DemBarP":0,"BarRetP":0},{"id":79,"time":118,"name":"S-AA100","marginal_cost":160.3591515266,"value":160.3591515266,"DemBarE":0,"DemBarP":0,"BarRetP":0},{"id":79,"time":119,"name":"S-AA100","marginal_cost":160.6123182635,"value":160.6123182635,"DemBarE":0,"DemBarP":0,"BarRetP":0},{"id":79,"time":120,"name":"S-AA100","marginal_cost":156.9304209303,"value":156.9304209303,"DemBarE":0,"DemBarP":0,"BarRetP":0},{"id":79,"time":121,"name":"S-AA100","marginal_cost":156.8574074285,"value":156.8574074285,"DemBarE":0,"DemBarP":0,"BarRetP":0},{"id":79,"time":122,"name":"S-AA100","marginal_cost":157.0239946964,"value":157.0239946964,"DemBarE":0,"DemBarP":0,"BarRetP":0},{"id":79,"time":123,"name":"S-AA100","marginal_cost":149.3316026605,"value":149.3316026605,"DemBarE":0,"DemBarP":0,"BarRetP":0},{"id":79,"time":124,"name":"S-AA100","marginal_cost":149.3316026605,"value":149.3316026605,"DemBarE":0,"DemBarP":0,"BarRetP":0},{"id":79,"time":125,"name":"S-AA100","marginal_cost":149.3316026605,"value":149.3316026605,"DemBarE":0,"DemBarP":0,"BarRetP":0},{"id":79,"time":126,"name":"S-AA100","marginal_cost":149.3316026605,"value":149.3316026605,"DemBarE":0,"DemBarP":0,"BarRetP":0},{"id":79,"time":127,"name":"S-AA100","marginal_cost":149.6822254365,"value":149.6822254365,"DemBarE":0,"DemBarP":0,"BarRetP":0},{"id":79,"time":128,"name":"S-AA100","marginal_cost":147.2646966352,"value":147.2646966352,"DemBarE":0,"DemBarP":0,"BarRetP":0},{"id":79,"time":129,"name":"S-AA100","marginal_cost":126.7443703926,"value":126.7443703926,"DemBarE":0,"DemBarP":0,"BarRetP":0},{"id":79,"time":130,"name":"S-AA100","marginal_cost":96.3600124339,"value":96.3600124339,"DemBarE":0,"DemBarP":0,"BarRetP":0},{"id":79,"time":131,"name":"S-AA100","marginal_cost":80.0333992883,"value":80.0333992883,"DemBarE":0,"DemBarP":0,"BarRetP":0},{"id":79,"time":132,"name":"S-AA100","marginal_cost":81.3556636063,"value":81.3556636063,"DemBarE":0,"DemBarP":0,"BarRetP":0},{"id":79,"time":133,"name":"S-AA100","marginal_cost":80.4173675337,"value":80.4173675337,"DemBarE":0,"DemBarP":0,"BarRetP":0},{"id":79,"time":134,"name":"S-AA100","marginal_cost":80.4173675337,"value":80.4173675337,"DemBarE":0,"DemBarP":0,"BarRetP":0},{"id":79,"time":135,"name":"S-AA100","marginal_cost":80.4173675337,"value":80.4173675337,"DemBarE":0,"DemBarP":0,"BarRetP":0},{"id":79,"time":136,"name":"S-AA100","marginal_cost":80.4173675337,"value":80.4173675337,"DemBarE":0,"DemBarP":0,"BarRetP":0},{"id":79,"time":137,"name":"S-AA100","marginal_cost":148.6513881024,"value":148.6513881024,"DemBarE":0,"DemBarP":0,"BarRetP":0},{"id":79,"time":138,"name":"S-AA100","marginal_cost":148.6513881024,"value":148.6513881024,"DemBarE":0,"DemBarP":0,"BarRetP":0},{"id":79,"time":139,"name":"S-AA100","marginal_cost":148.6513881024,"value":148.6513881024,"DemBarE":0,"DemBarP":0,"BarRetP":0},{"id":79,"time":140,"name":"S-AA100","marginal_cost":148.6513881024,"value":148.6513881024,"DemBarE":0,"DemBarP":0,"BarRetP":0},{"id":79,"time":141,"name":"S-AA100","marginal_cost":148.6513881024,"value":148.6513881024,"DemBarE":0,"DemBarP":0,"BarRetP":0},{"id":79,"time":142,"name":"S-AA100","marginal_cost":148.6513881024,"value":148.6513881024,"DemBarE":0,"DemBarP":0,"BarRetP":0},{"id":79,"time":143,"name":"S-AA100","marginal_cost":156.4297078159,"value":156.4297078159,"DemBarE":0,"DemBarP":0,"BarRetP":0},{"id":79,"time":144,"name":"S-AA100","marginal_cost":155.4152121534,"value":155.4152121534,"DemBarE":0,"DemBarP":0,"BarRetP":0},{"id":79,"time":145,"name":"S-AA100","marginal_cost":156.3238275579,"value":156.3238275579,"DemBarE":0,"DemBarP":0,"BarRetP":0},{"id":79,"time":146,"name":"S-AA100","marginal_cost":152.8053207001,"value":152.8053207001,"DemBarE":0,"DemBarP":0,"BarRetP":0},{"id":79,"time":147,"name":"S-AA100","marginal_cost":151.8235495405,"value":151.8235495405,"DemBarE":0,"DemBarP":0,"BarRetP":0},{"id":79,"time":148,"name":"S-AA100","marginal_cost":151.8235495405,"value":151.8235495405,"DemBarE":0,"DemBarP":0,"BarRetP":0},{"id":79,"time":149,"name":"S-AA100","marginal_cost":151.8235495405,"value":151.8235495405,"DemBarE":0,"DemBarP":0,"BarRetP":0},{"id":79,"time":150,"name":"S-AA100","marginal_cost":151.8235495405,"value":151.8235495405,"DemBarE":0,"DemBarP":0,"BarRetP":0},{"id":79,"time":151,"name":"S-AA100","marginal_cost":151.7410508187,"value":151.7410508187,"DemBarE":0,"DemBarP":0,"BarRetP":0},{"id":79,"time":152,"name":"S-AA100","marginal_cost":130.2496361229,"value":130.2496361229,"DemBarE":0,"DemBarP":0,"BarRetP":0},{"id":79,"time":153,"name":"S-AA100","marginal_cost":130.2496361229,"value":130.2496361229,"DemBarE":0,"DemBarP":0,"BarRetP":0},{"id":79,"time":154,"name":"S-AA100","marginal_cost":95.9686206684,"value":95.9686206684,"DemBarE":0,"DemBarP":0,"BarRetP":0},{"id":79,"time":155,"name":"S-AA100","marginal_cost":95.9686206684,"value":95.9686206684,"DemBarE":0,"DemBarP":0,"BarRetP":0},{"id":79,"time":156,"name":"S-AA100","marginal_cost":94.96107505,"value":94.96107505,"DemBarE":0,"DemBarP":0,"BarRetP":0},{"id":79,"time":157,"name":"S-AA100","marginal_cost":80.6235848202,"value":80.6235848202,"DemBarE":0,"DemBarP":0,"BarRetP":0},{"id":79,"time":158,"name":"S-AA100","marginal_cost":80.6235848202,"value":80.6235848202,"DemBarE":0,"DemBarP":0,"BarRetP":0},{"id":79,"time":159,"name":"S-AA100","marginal_cost":80.6235848202,"value":80.6235848202,"DemBarE":0,"DemBarP":0,"BarRetP":0},{"id":79,"time":160,"name":"S-AA100","marginal_cost":96.1967482428,"value":96.1967482428,"DemBarE":0,"DemBarP":0,"BarRetP":0},{"id":79,"time":161,"name":"S-AA100","marginal_cost":96.1967482428,"value":96.1967482428,"DemBarE":0,"DemBarP":0,"BarRetP":0},{"id":79,"time":162,"name":"S-AA100","marginal_cost":132.7898217629,"value":132.7898217629,"DemBarE":0,"DemBarP":0,"BarRetP":0},{"id":79,"time":163,"name":"S-AA100","marginal_cost":156.4801030518,"value":156.4801030518,"DemBarE":0,"DemBarP":0,"BarRetP":0},{"id":79,"time":164,"name":"S-AA100","marginal_cost":156.4801030518,"value":156.4801030518,"DemBarE":0,"DemBarP":0,"BarRetP":0},{"id":79,"time":165,"name":"S-AA100","marginal_cost":156.4801030518,"value":156.4801030518,"DemBarE":0,"DemBarP":0,"BarRetP":0},{"id":79,"time":166,"name":"S-AA100","marginal_cost":156.4801030518,"value":156.4801030518,"DemBarE":0,"DemBarP":0,"BarRetP":0},{"id":79,"time":167,"name":"S-AA100","marginal_cost":155.5575987735,"value":155.5575987735,"DemBarE":0,"DemBarP":0,"BarRetP":0},{"id":79,"time":168,"name":"S-AA100","marginal_cost":155.1608070602,"value":155.1608070602,"DemBarE":0,"DemBarP":0,"BarRetP":0}]