[{"id":76,"time":1,"name":"PColorada220","marginal_cost":131.1325156692,"value":131.1325156692,"DemBarE":0,"DemBarP":0,"BarRetP":0},{"id":76,"time":2,"name":"PColorada220","marginal_cost":127.7099659393,"value":127.7099659393,"DemBarE":0,"DemBarP":0,"BarRetP":0},{"id":76,"time":3,"name":"PColorada220","marginal_cost":129.135763109,"value":129.135763109,"DemBarE":0,"DemBarP":0,"BarRetP":0},{"id":76,"time":4,"name":"PColorada220","marginal_cost":129.3506611329,"value":129.3506611329,"DemBarE":0,"DemBarP":0,"BarRetP":0},{"id":76,"time":5,"name":"PColorada220","marginal_cost":129.9564933345,"value":129.9564933345,"DemBarE":0,"DemBarP":0,"BarRetP":0},{"id":76,"time":6,"name":"PColorada220","marginal_cost":96.6748561685,"value":96.6748561685,"DemBarE":0,"DemBarP":0,"BarRetP":0},{"id":76,"time":7,"name":"PColorada220","marginal_cost":131.9101020571,"value":131.9101020571,"DemBarE":0,"DemBarP":0,"BarRetP":0},{"id":76,"time":8,"name":"PColorada220","marginal_cost":162.1213341331,"value":162.1213341331,"DemBarE":0,"DemBarP":0,"BarRetP":0},{"id":76,"time":9,"name":"PColorada220","marginal_cost":126.7502012978,"value":126.7502012978,"DemBarE":0,"DemBarP":0,"BarRetP":0},{"id":76,"time":10,"name":"PColorada220","marginal_cost":87.7621676537,"value":87.7621676537,"DemBarE":0,"DemBarP":0,"BarRetP":0},{"id":76,"time":11,"name":"PColorada220","marginal_cost":82.7454222575,"value":82.7454222575,"DemBarE":0,"DemBarP":0,"BarRetP":0},{"id":76,"time":12,"name":"PColorada220","marginal_cost":72.7294088493,"value":72.7294088493,"DemBarE":0,"DemBarP":0,"BarRetP":0},{"id":76,"time":13,"name":"PColorada220","marginal_cost":49.5977955983,"value":49.5977955983,"DemBarE":0,"DemBarP":0,"BarRetP":0},{"id":76,"time":14,"name":"PColorada220","marginal_cost":-1.9821376195,"value":-1.9821376195,"DemBarE":0,"DemBarP":0,"BarRetP":0},{"id":76,"time":15,"name":"PColorada220","marginal_cost":-1.6360034714,"value":-1.6360034714,"DemBarE":0,"DemBarP":0,"BarRetP":0},{"id":76,"time":16,"name":"PColorada220","marginal_cost":-1.6355476004,"value":-1.6355476004,"DemBarE":0,"DemBarP":0,"BarRetP":0},{"id":76,"time":17,"name":"PColorada220","marginal_cost":106.3985515944,"value":106.3985515944,"DemBarE":0,"DemBarP":0,"BarRetP":0},{"id":76,"time":18,"name":"PColorada220","marginal_cost":146.417078716,"value":146.417078716,"DemBarE":0,"DemBarP":0,"BarRetP":0},{"id":76,"time":19,"name":"PColorada220","marginal_cost":172.0311006883,"value":172.0311006883,"DemBarE":0,"DemBarP":0,"BarRetP":0},{"id":76,"time":20,"name":"PColorada220","marginal_cost":173.8114253839,"value":173.8114253839,"DemBarE":0,"DemBarP":0,"BarRetP":0},{"id":76,"time":21,"name":"PColorada220","marginal_cost":166.2867103989,"value":166.2867103989,"DemBarE":0,"DemBarP":0,"BarRetP":0},{"id":76,"time":22,"name":"PColorada220","marginal_cost":162.9356495354,"value":162.9356495354,"DemBarE":0,"DemBarP":0,"BarRetP":0},{"id":76,"time":23,"name":"PColorada220","marginal_cost":160.5751999675,"value":160.5751999675,"DemBarE":0,"DemBarP":0,"BarRetP":0},{"id":76,"time":24,"name":"PColorada220","marginal_cost":160.1723844932,"value":160.1723844932,"DemBarE":0,"DemBarP":0,"BarRetP":0},{"id":76,"time":25,"name":"PColorada220","marginal_cost":154.2142237045,"value":154.2142237045,"DemBarE":0,"DemBarP":0,"BarRetP":0},{"id":76,"time":26,"name":"PColorada220","marginal_cost":153.573768674,"value":153.573768674,"DemBarE":0,"DemBarP":0,"BarRetP":0},{"id":76,"time":27,"name":"PColorada220","marginal_cost":153.7140188469,"value":153.7140188469,"DemBarE":0,"DemBarP":0,"BarRetP":0},{"id":76,"time":28,"name":"PColorada220","marginal_cost":153.5756445723,"value":153.5756445723,"DemBarE":0,"DemBarP":0,"BarRetP":0},{"id":76,"time":29,"name":"PColorada220","marginal_cost":152.4896699113,"value":152.4896699113,"DemBarE":0,"DemBarP":0,"BarRetP":0},{"id":76,"time":30,"name":"PColorada220","marginal_cost":153.8344509367,"value":153.8344509367,"DemBarE":0,"DemBarP":0,"BarRetP":0},{"id":76,"time":31,"name":"PColorada220","marginal_cost":160.2690625829,"value":160.2690625829,"DemBarE":0,"DemBarP":0,"BarRetP":0},{"id":76,"time":32,"name":"PColorada220","marginal_cost":162.5279553307,"value":162.5279553307,"DemBarE":0,"DemBarP":0,"BarRetP":0},{"id":76,"time":33,"name":"PColorada220","marginal_cost":142.646088984,"value":142.646088984,"DemBarE":0,"DemBarP":0,"BarRetP":0},{"id":76,"time":34,"name":"PColorada220","marginal_cost":93.6580317764,"value":93.6580317764,"DemBarE":0,"DemBarP":0,"BarRetP":0},{"id":76,"time":35,"name":"PColorada220","marginal_cost":89.2873266184,"value":89.2873266184,"DemBarE":0,"DemBarP":0,"BarRetP":0},{"id":76,"time":36,"name":"PColorada220","marginal_cost":89.1068187548,"value":89.1068187548,"DemBarE":0,"DemBarP":0,"BarRetP":0},{"id":76,"time":37,"name":"PColorada220","marginal_cost":88.4616585898,"value":88.4616585898,"DemBarE":0,"DemBarP":0,"BarRetP":0},{"id":76,"time":38,"name":"PColorada220","marginal_cost":88.4616585898,"value":88.4616585898,"DemBarE":0,"DemBarP":0,"BarRetP":0},{"id":76,"time":39,"name":"PColorada220","marginal_cost":88.4616585898,"value":88.4616585898,"DemBarE":0,"DemBarP":0,"BarRetP":0},{"id":76,"time":40,"name":"PColorada220","marginal_cost":88.4616585898,"value":88.4616585898,"DemBarE":0,"DemBarP":0,"BarRetP":0},{"id":76,"time":41,"name":"PColorada220","marginal_cost":109.4810601166,"value":109.4810601166,"DemBarE":0,"DemBarP":0,"BarRetP":0},{"id":76,"time":42,"name":"PColorada220","marginal_cost":146.9790938628,"value":146.9790938628,"DemBarE":0,"DemBarP":0,"BarRetP":0},{"id":76,"time":43,"name":"PColorada220","marginal_cost":159.1976772939,"value":159.1976772939,"DemBarE":0,"DemBarP":0,"BarRetP":0},{"id":76,"time":44,"name":"PColorada220","marginal_cost":159.1976772939,"value":159.1976772939,"DemBarE":0,"DemBarP":0,"BarRetP":0},{"id":76,"time":45,"name":"PColorada220","marginal_cost":159.4770560837,"value":159.4770560837,"DemBarE":0,"DemBarP":0,"BarRetP":0},{"id":76,"time":46,"name":"PColorada220","marginal_cost":158.3263169895,"value":158.3263169895,"DemBarE":0,"DemBarP":0,"BarRetP":0},{"id":76,"time":47,"name":"PColorada220","marginal_cost":155.5789578445,"value":155.5789578445,"DemBarE":0,"DemBarP":0,"BarRetP":0},{"id":76,"time":48,"name":"PColorada220","marginal_cost":153.5988526675,"value":153.5988526675,"DemBarE":0,"DemBarP":0,"BarRetP":0},{"id":76,"time":49,"name":"PColorada220","marginal_cost":146.3543563216,"value":146.3543563216,"DemBarE":0,"DemBarP":0,"BarRetP":0},{"id":76,"time":50,"name":"PColorada220","marginal_cost":149.0681631901,"value":149.0681631901,"DemBarE":0,"DemBarP":0,"BarRetP":0},{"id":76,"time":51,"name":"PColorada220","marginal_cost":150.1506444002,"value":150.1506444002,"DemBarE":0,"DemBarP":0,"BarRetP":0},{"id":76,"time":52,"name":"PColorada220","marginal_cost":133.3866832368,"value":133.3866832368,"DemBarE":0,"DemBarP":0,"BarRetP":0},{"id":76,"time":53,"name":"PColorada220","marginal_cost":133.3866832368,"value":133.3866832368,"DemBarE":0,"DemBarP":0,"BarRetP":0},{"id":76,"time":54,"name":"PColorada220","marginal_cost":133.0665633031,"value":133.0665633031,"DemBarE":0,"DemBarP":0,"BarRetP":0},{"id":76,"time":55,"name":"PColorada220","marginal_cost":133.2670814269,"value":133.2670814269,"DemBarE":0,"DemBarP":0,"BarRetP":0},{"id":76,"time":56,"name":"PColorada220","marginal_cost":131.6643719432,"value":131.6643719432,"DemBarE":0,"DemBarP":0,"BarRetP":0},{"id":76,"time":57,"name":"PColorada220","marginal_cost":112.9912633511,"value":112.9912633511,"DemBarE":0,"DemBarP":0,"BarRetP":0},{"id":76,"time":58,"name":"PColorada220","marginal_cost":89.0204507995,"value":89.0204507995,"DemBarE":0,"DemBarP":0,"BarRetP":0},{"id":76,"time":59,"name":"PColorada220","marginal_cost":87.4178992742,"value":87.4178992742,"DemBarE":0,"DemBarP":0,"BarRetP":0},{"id":76,"time":60,"name":"PColorada220","marginal_cost":86.0731843218,"value":86.0731843218,"DemBarE":0,"DemBarP":0,"BarRetP":0},{"id":76,"time":61,"name":"PColorada220","marginal_cost":-2.2345935453,"value":-2.2345935453,"DemBarE":0,"DemBarP":0,"BarRetP":0},{"id":76,"time":62,"name":"PColorada220","marginal_cost":-2.2345935453,"value":-2.2345935453,"DemBarE":0,"DemBarP":0,"BarRetP":0},{"id":76,"time":63,"name":"PColorada220","marginal_cost":-1.890173334,"value":-1.890173334,"DemBarE":0,"DemBarP":0,"BarRetP":0},{"id":76,"time":64,"name":"PColorada220","marginal_cost":-1.2924555835,"value":-1.2924555835,"DemBarE":0,"DemBarP":0,"BarRetP":0},{"id":76,"time":65,"name":"PColorada220","marginal_cost":112.9450543051,"value":112.9450543051,"DemBarE":0,"DemBarP":0,"BarRetP":0},{"id":76,"time":66,"name":"PColorada220","marginal_cost":112.9450543051,"value":112.9450543051,"DemBarE":0,"DemBarP":0,"BarRetP":0},{"id":76,"time":67,"name":"PColorada220","marginal_cost":159.0464886815,"value":159.0464886815,"DemBarE":0,"DemBarP":0,"BarRetP":0},{"id":76,"time":68,"name":"PColorada220","marginal_cost":153.9170972667,"value":153.9170972667,"DemBarE":0,"DemBarP":0,"BarRetP":0},{"id":76,"time":69,"name":"PColorada220","marginal_cost":153.9170972667,"value":153.9170972667,"DemBarE":0,"DemBarP":0,"BarRetP":0},{"id":76,"time":70,"name":"PColorada220","marginal_cost":154.0780586988,"value":154.0780586988,"DemBarE":0,"DemBarP":0,"BarRetP":0},{"id":76,"time":71,"name":"PColorada220","marginal_cost":147.0117320734,"value":147.0117320734,"DemBarE":0,"DemBarP":0,"BarRetP":0},{"id":76,"time":72,"name":"PColorada220","marginal_cost":145.9951267279,"value":145.9951267279,"DemBarE":0,"DemBarP":0,"BarRetP":0},{"id":76,"time":73,"name":"PColorada220","marginal_cost":145.8363627914,"value":145.8363627914,"DemBarE":0,"DemBarP":0,"BarRetP":0},{"id":76,"time":74,"name":"PColorada220","marginal_cost":144.8620160059,"value":144.8620160059,"DemBarE":0,"DemBarP":0,"BarRetP":0},{"id":76,"time":75,"name":"PColorada220","marginal_cost":131.5973185679,"value":131.5973185679,"DemBarE":0,"DemBarP":0,"BarRetP":0},{"id":76,"time":76,"name":"PColorada220","marginal_cost":131.5973185679,"value":131.5973185679,"DemBarE":0,"DemBarP":0,"BarRetP":0},{"id":76,"time":77,"name":"PColorada220","marginal_cost":131.5973185679,"value":131.5973185679,"DemBarE":0,"DemBarP":0,"BarRetP":0},{"id":76,"time":78,"name":"PColorada220","marginal_cost":131.5973185679,"value":131.5973185679,"DemBarE":0,"DemBarP":0,"BarRetP":0},{"id":76,"time":79,"name":"PColorada220","marginal_cost":131.5973185679,"value":131.5973185679,"DemBarE":0,"DemBarP":0,"BarRetP":0},{"id":76,"time":80,"name":"PColorada220","marginal_cost":120.5662748748,"value":120.5662748748,"DemBarE":0,"DemBarP":0,"BarRetP":0},{"id":76,"time":81,"name":"PColorada220","marginal_cost":120.5662748748,"value":120.5662748748,"DemBarE":0,"DemBarP":0,"BarRetP":0},{"id":76,"time":82,"name":"PColorada220","marginal_cost":87.0967191288,"value":87.0967191288,"DemBarE":0,"DemBarP":0,"BarRetP":0},{"id":76,"time":83,"name":"PColorada220","marginal_cost":87.0967191288,"value":87.0967191288,"DemBarE":0,"DemBarP":0,"BarRetP":0},{"id":76,"time":84,"name":"PColorada220","marginal_cost":82.0827361569,"value":82.0827361569,"DemBarE":0,"DemBarP":0,"BarRetP":0},{"id":76,"time":85,"name":"PColorada220","marginal_cost":82.0827361569,"value":82.0827361569,"DemBarE":0,"DemBarP":0,"BarRetP":0},{"id":76,"time":86,"name":"PColorada220","marginal_cost":83.6187017311,"value":83.6187017311,"DemBarE":0,"DemBarP":0,"BarRetP":0},{"id":76,"time":87,"name":"PColorada220","marginal_cost":83.6187017311,"value":83.6187017311,"DemBarE":0,"DemBarP":0,"BarRetP":0},{"id":76,"time":88,"name":"PColorada220","marginal_cost":83.6187017311,"value":83.6187017311,"DemBarE":0,"DemBarP":0,"BarRetP":0},{"id":76,"time":89,"name":"PColorada220","marginal_cost":83.6187017311,"value":83.6187017311,"DemBarE":0,"DemBarP":0,"BarRetP":0},{"id":76,"time":90,"name":"PColorada220","marginal_cost":83.6187017311,"value":83.6187017311,"DemBarE":0,"DemBarP":0,"BarRetP":0},{"id":76,"time":91,"name":"PColorada220","marginal_cost":145.9553982352,"value":145.9553982352,"DemBarE":0,"DemBarP":0,"BarRetP":0},{"id":76,"time":92,"name":"PColorada220","marginal_cost":145.9553982352,"value":145.9553982352,"DemBarE":0,"DemBarP":0,"BarRetP":0},{"id":76,"time":93,"name":"PColorada220","marginal_cost":149.0553975771,"value":149.0553975771,"DemBarE":0,"DemBarP":0,"BarRetP":0},{"id":76,"time":94,"name":"PColorada220","marginal_cost":147.0039947536,"value":147.0039947536,"DemBarE":0,"DemBarP":0,"BarRetP":0},{"id":76,"time":95,"name":"PColorada220","marginal_cost":146.00225748,"value":146.00225748,"DemBarE":0,"DemBarP":0,"BarRetP":0},{"id":76,"time":96,"name":"PColorada220","marginal_cost":146.6171123665,"value":146.6171123665,"DemBarE":0,"DemBarP":0,"BarRetP":0},{"id":76,"time":97,"name":"PColorada220","marginal_cost":147.1019771527,"value":147.1019771527,"DemBarE":0,"DemBarP":0,"BarRetP":0},{"id":76,"time":98,"name":"PColorada220","marginal_cost":142.96740174,"value":142.96740174,"DemBarE":0,"DemBarP":0,"BarRetP":0},{"id":76,"time":99,"name":"PColorada220","marginal_cost":143.7586143492,"value":143.7586143492,"DemBarE":0,"DemBarP":0,"BarRetP":0},{"id":76,"time":100,"name":"PColorada220","marginal_cost":144.5051858731,"value":144.5051858731,"DemBarE":0,"DemBarP":0,"BarRetP":0},{"id":76,"time":101,"name":"PColorada220","marginal_cost":144.5051858731,"value":144.5051858731,"DemBarE":0,"DemBarP":0,"BarRetP":0},{"id":76,"time":102,"name":"PColorada220","marginal_cost":144.5051858731,"value":144.5051858731,"DemBarE":0,"DemBarP":0,"BarRetP":0},{"id":76,"time":103,"name":"PColorada220","marginal_cost":149.9553647982,"value":149.9553647982,"DemBarE":0,"DemBarP":0,"BarRetP":0},{"id":76,"time":104,"name":"PColorada220","marginal_cost":142.3694108119,"value":142.3694108119,"DemBarE":0,"DemBarP":0,"BarRetP":0},{"id":76,"time":105,"name":"PColorada220","marginal_cost":142.3694108119,"value":142.3694108119,"DemBarE":0,"DemBarP":0,"BarRetP":0},{"id":76,"time":106,"name":"PColorada220","marginal_cost":89.1856771709,"value":89.1856771709,"DemBarE":0,"DemBarP":0,"BarRetP":0},{"id":76,"time":107,"name":"PColorada220","marginal_cost":88.8219632066,"value":88.8219632066,"DemBarE":0,"DemBarP":0,"BarRetP":0},{"id":76,"time":108,"name":"PColorada220","marginal_cost":88.1473840241,"value":88.1473840241,"DemBarE":0,"DemBarP":0,"BarRetP":0},{"id":76,"time":109,"name":"PColorada220","marginal_cost":88.1473840241,"value":88.1473840241,"DemBarE":0,"DemBarP":0,"BarRetP":0},{"id":76,"time":110,"name":"PColorada220","marginal_cost":89.1290052737,"value":89.1290052737,"DemBarE":0,"DemBarP":0,"BarRetP":0},{"id":76,"time":111,"name":"PColorada220","marginal_cost":89.3505041938,"value":89.3505041938,"DemBarE":0,"DemBarP":0,"BarRetP":0},{"id":76,"time":112,"name":"PColorada220","marginal_cost":89.3505041938,"value":89.3505041938,"DemBarE":0,"DemBarP":0,"BarRetP":0},{"id":76,"time":113,"name":"PColorada220","marginal_cost":143.2918260935,"value":143.2918260935,"DemBarE":0,"DemBarP":0,"BarRetP":0},{"id":76,"time":114,"name":"PColorada220","marginal_cost":143.2918260935,"value":143.2918260935,"DemBarE":0,"DemBarP":0,"BarRetP":0},{"id":76,"time":115,"name":"PColorada220","marginal_cost":143.2918260935,"value":143.2918260935,"DemBarE":0,"DemBarP":0,"BarRetP":0},{"id":76,"time":116,"name":"PColorada220","marginal_cost":154.5692745862,"value":154.5692745862,"DemBarE":0,"DemBarP":0,"BarRetP":0},{"id":76,"time":117,"name":"PColorada220","marginal_cost":154.5692745862,"value":154.5692745862,"DemBarE":0,"DemBarP":0,"BarRetP":0},{"id":76,"time":118,"name":"PColorada220","marginal_cost":154.5692745862,"value":154.5692745862,"DemBarE":0,"DemBarP":0,"BarRetP":0},{"id":76,"time":119,"name":"PColorada220","marginal_cost":155.1241732558,"value":155.1241732558,"DemBarE":0,"DemBarP":0,"BarRetP":0},{"id":76,"time":120,"name":"PColorada220","marginal_cost":152.6166992125,"value":152.6166992125,"DemBarE":0,"DemBarP":0,"BarRetP":0},{"id":76,"time":121,"name":"PColorada220","marginal_cost":150.2230219851,"value":150.2230219851,"DemBarE":0,"DemBarP":0,"BarRetP":0},{"id":76,"time":122,"name":"PColorada220","marginal_cost":150.3283785513,"value":150.3283785513,"DemBarE":0,"DemBarP":0,"BarRetP":0},{"id":76,"time":123,"name":"PColorada220","marginal_cost":145.1760582933,"value":145.1760582933,"DemBarE":0,"DemBarP":0,"BarRetP":0},{"id":76,"time":124,"name":"PColorada220","marginal_cost":145.1760582933,"value":145.1760582933,"DemBarE":0,"DemBarP":0,"BarRetP":0},{"id":76,"time":125,"name":"PColorada220","marginal_cost":145.1760582933,"value":145.1760582933,"DemBarE":0,"DemBarP":0,"BarRetP":0},{"id":76,"time":126,"name":"PColorada220","marginal_cost":145.1760582933,"value":145.1760582933,"DemBarE":0,"DemBarP":0,"BarRetP":0},{"id":76,"time":127,"name":"PColorada220","marginal_cost":150.2504639727,"value":150.2504639727,"DemBarE":0,"DemBarP":0,"BarRetP":0},{"id":76,"time":128,"name":"PColorada220","marginal_cost":153.0226265757,"value":153.0226265757,"DemBarE":0,"DemBarP":0,"BarRetP":0},{"id":76,"time":129,"name":"PColorada220","marginal_cost":135.9803031544,"value":135.9803031544,"DemBarE":0,"DemBarP":0,"BarRetP":0},{"id":76,"time":130,"name":"PColorada220","marginal_cost":106.5622962386,"value":106.5622962386,"DemBarE":0,"DemBarP":0,"BarRetP":0},{"id":76,"time":131,"name":"PColorada220","marginal_cost":87.2464844624,"value":87.2464844624,"DemBarE":0,"DemBarP":0,"BarRetP":0},{"id":76,"time":132,"name":"PColorada220","marginal_cost":88.8319750296,"value":88.8319750296,"DemBarE":0,"DemBarP":0,"BarRetP":0},{"id":76,"time":133,"name":"PColorada220","marginal_cost":89.2331310435,"value":89.2331310435,"DemBarE":0,"DemBarP":0,"BarRetP":0},{"id":76,"time":134,"name":"PColorada220","marginal_cost":89.2331310435,"value":89.2331310435,"DemBarE":0,"DemBarP":0,"BarRetP":0},{"id":76,"time":135,"name":"PColorada220","marginal_cost":89.2331310435,"value":89.2331310435,"DemBarE":0,"DemBarP":0,"BarRetP":0},{"id":76,"time":136,"name":"PColorada220","marginal_cost":89.2331310435,"value":89.2331310435,"DemBarE":0,"DemBarP":0,"BarRetP":0},{"id":76,"time":137,"name":"PColorada220","marginal_cost":152.157858435,"value":152.157858435,"DemBarE":0,"DemBarP":0,"BarRetP":0},{"id":76,"time":138,"name":"PColorada220","marginal_cost":152.157858435,"value":152.157858435,"DemBarE":0,"DemBarP":0,"BarRetP":0},{"id":76,"time":139,"name":"PColorada220","marginal_cost":152.157858435,"value":152.157858435,"DemBarE":0,"DemBarP":0,"BarRetP":0},{"id":76,"time":140,"name":"PColorada220","marginal_cost":152.157858435,"value":152.157858435,"DemBarE":0,"DemBarP":0,"BarRetP":0},{"id":76,"time":141,"name":"PColorada220","marginal_cost":152.157858435,"value":152.157858435,"DemBarE":0,"DemBarP":0,"BarRetP":0},{"id":76,"time":142,"name":"PColorada220","marginal_cost":152.157858435,"value":152.157858435,"DemBarE":0,"DemBarP":0,"BarRetP":0},{"id":76,"time":143,"name":"PColorada220","marginal_cost":154.0871140825,"value":154.0871140825,"DemBarE":0,"DemBarP":0,"BarRetP":0},{"id":76,"time":144,"name":"PColorada220","marginal_cost":154.1493004639,"value":154.1493004639,"DemBarE":0,"DemBarP":0,"BarRetP":0},{"id":76,"time":145,"name":"PColorada220","marginal_cost":153.0713447194,"value":153.0713447194,"DemBarE":0,"DemBarP":0,"BarRetP":0},{"id":76,"time":146,"name":"PColorada220","marginal_cost":151.4185346226,"value":151.4185346226,"DemBarE":0,"DemBarP":0,"BarRetP":0},{"id":76,"time":147,"name":"PColorada220","marginal_cost":149.6127696976,"value":149.6127696976,"DemBarE":0,"DemBarP":0,"BarRetP":0},{"id":76,"time":148,"name":"PColorada220","marginal_cost":149.6127696976,"value":149.6127696976,"DemBarE":0,"DemBarP":0,"BarRetP":0},{"id":76,"time":149,"name":"PColorada220","marginal_cost":149.6127696976,"value":149.6127696976,"DemBarE":0,"DemBarP":0,"BarRetP":0},{"id":76,"time":150,"name":"PColorada220","marginal_cost":149.6127696976,"value":149.6127696976,"DemBarE":0,"DemBarP":0,"BarRetP":0},{"id":76,"time":151,"name":"PColorada220","marginal_cost":152.1269275925,"value":152.1269275925,"DemBarE":0,"DemBarP":0,"BarRetP":0},{"id":76,"time":152,"name":"PColorada220","marginal_cost":145.9955447253,"value":145.9955447253,"DemBarE":0,"DemBarP":0,"BarRetP":0},{"id":76,"time":153,"name":"PColorada220","marginal_cost":145.9955447253,"value":145.9955447253,"DemBarE":0,"DemBarP":0,"BarRetP":0},{"id":76,"time":154,"name":"PColorada220","marginal_cost":106.2291252635,"value":106.2291252635,"DemBarE":0,"DemBarP":0,"BarRetP":0},{"id":76,"time":155,"name":"PColorada220","marginal_cost":106.2291252635,"value":106.2291252635,"DemBarE":0,"DemBarP":0,"BarRetP":0},{"id":76,"time":156,"name":"PColorada220","marginal_cost":105.1384856699,"value":105.1384856699,"DemBarE":0,"DemBarP":0,"BarRetP":0},{"id":76,"time":157,"name":"PColorada220","marginal_cost":90.3266102808,"value":90.3266102808,"DemBarE":0,"DemBarP":0,"BarRetP":0},{"id":76,"time":158,"name":"PColorada220","marginal_cost":90.3266102808,"value":90.3266102808,"DemBarE":0,"DemBarP":0,"BarRetP":0},{"id":76,"time":159,"name":"PColorada220","marginal_cost":90.3266102808,"value":90.3266102808,"DemBarE":0,"DemBarP":0,"BarRetP":0},{"id":76,"time":160,"name":"PColorada220","marginal_cost":107.4665110208,"value":107.4665110208,"DemBarE":0,"DemBarP":0,"BarRetP":0},{"id":76,"time":161,"name":"PColorada220","marginal_cost":107.4665110208,"value":107.4665110208,"DemBarE":0,"DemBarP":0,"BarRetP":0},{"id":76,"time":162,"name":"PColorada220","marginal_cost":146.8006541967,"value":146.8006541967,"DemBarE":0,"DemBarP":0,"BarRetP":0},{"id":76,"time":163,"name":"PColorada220","marginal_cost":155.5169091578,"value":155.5169091578,"DemBarE":0,"DemBarP":0,"BarRetP":0},{"id":76,"time":164,"name":"PColorada220","marginal_cost":155.5169091578,"value":155.5169091578,"DemBarE":0,"DemBarP":0,"BarRetP":0},{"id":76,"time":165,"name":"PColorada220","marginal_cost":155.5169091578,"value":155.5169091578,"DemBarE":0,"DemBarP":0,"BarRetP":0},{"id":76,"time":166,"name":"PColorada220","marginal_cost":155.5169091578,"value":155.5169091578,"DemBarE":0,"DemBarP":0,"BarRetP":0},{"id":76,"time":167,"name":"PColorada220","marginal_cost":154.2442256116,"value":154.2442256116,"DemBarE":0,"DemBarP":0,"BarRetP":0},{"id":76,"time":168,"name":"PColorada220","marginal_cost":154.0389185209,"value":154.0389185209,"DemBarE":0,"DemBarP":0,"BarRetP":0}]