[{"id":103,"time":1,"name":"ASanta110","marginal_cost":156.1329871791,"value":156.1329871791,"DemBarE":0,"DemBarP":0,"BarRetP":0},{"id":103,"time":2,"name":"ASanta110","marginal_cost":156.03803941,"value":156.03803941,"DemBarE":0,"DemBarP":0,"BarRetP":0},{"id":103,"time":3,"name":"ASanta110","marginal_cost":154.898059243,"value":154.898059243,"DemBarE":0,"DemBarP":0,"BarRetP":0},{"id":103,"time":4,"name":"ASanta110","marginal_cost":153.8771080615,"value":153.8771080615,"DemBarE":0,"DemBarP":0,"BarRetP":0},{"id":103,"time":5,"name":"ASanta110","marginal_cost":136.327403505,"value":136.327403505,"DemBarE":0,"DemBarP":0,"BarRetP":0},{"id":103,"time":6,"name":"ASanta110","marginal_cost":119.2863287619,"value":119.2863287619,"DemBarE":0,"DemBarP":0,"BarRetP":0},{"id":103,"time":7,"name":"ASanta110","marginal_cost":162.9351231424,"value":162.9351231424,"DemBarE":0,"DemBarP":0,"BarRetP":0},{"id":103,"time":8,"name":"ASanta110","marginal_cost":166.478833354,"value":166.478833354,"DemBarE":0,"DemBarP":0,"BarRetP":0},{"id":103,"time":9,"name":"ASanta110","marginal_cost":156.1189342389,"value":156.1189342389,"DemBarE":0,"DemBarP":0,"BarRetP":0},{"id":103,"time":10,"name":"ASanta110","marginal_cost":155.0350989814,"value":155.0350989814,"DemBarE":0,"DemBarP":0,"BarRetP":0},{"id":103,"time":11,"name":"ASanta110","marginal_cost":155.1642228009,"value":155.1642228009,"DemBarE":0,"DemBarP":0,"BarRetP":0},{"id":103,"time":12,"name":"ASanta110","marginal_cost":155.7347854695,"value":155.7347854695,"DemBarE":0,"DemBarP":0,"BarRetP":0},{"id":103,"time":13,"name":"ASanta110","marginal_cost":155.3662613067,"value":155.3662613067,"DemBarE":0,"DemBarP":0,"BarRetP":0},{"id":103,"time":14,"name":"ASanta110","marginal_cost":154.8887071002,"value":154.8887071002,"DemBarE":0,"DemBarP":0,"BarRetP":0},{"id":103,"time":15,"name":"ASanta110","marginal_cost":155.1690068961,"value":155.1690068961,"DemBarE":0,"DemBarP":0,"BarRetP":0},{"id":103,"time":16,"name":"ASanta110","marginal_cost":154.7292231373,"value":154.7292231373,"DemBarE":0,"DemBarP":0,"BarRetP":0},{"id":103,"time":17,"name":"ASanta110","marginal_cost":155.5496105457,"value":155.5496105457,"DemBarE":0,"DemBarP":0,"BarRetP":0},{"id":103,"time":18,"name":"ASanta110","marginal_cost":156.9852107694,"value":156.9852107694,"DemBarE":0,"DemBarP":0,"BarRetP":0},{"id":103,"time":19,"name":"ASanta110","marginal_cost":176.5799339007,"value":176.5799339007,"DemBarE":0,"DemBarP":0,"BarRetP":0},{"id":103,"time":20,"name":"ASanta110","marginal_cost":178.4154496064,"value":178.4154496064,"DemBarE":0,"DemBarP":0,"BarRetP":0},{"id":103,"time":21,"name":"ASanta110","marginal_cost":169.5847334865,"value":169.5847334865,"DemBarE":0,"DemBarP":0,"BarRetP":0},{"id":103,"time":22,"name":"ASanta110","marginal_cost":167.525180293,"value":167.525180293,"DemBarE":0,"DemBarP":0,"BarRetP":0},{"id":103,"time":23,"name":"ASanta110","marginal_cost":165.168211625,"value":165.168211625,"DemBarE":0,"DemBarP":0,"BarRetP":0},{"id":103,"time":24,"name":"ASanta110","marginal_cost":164.795900049,"value":164.795900049,"DemBarE":0,"DemBarP":0,"BarRetP":0},{"id":103,"time":25,"name":"ASanta110","marginal_cost":155.4018896581,"value":155.4018896581,"DemBarE":0,"DemBarP":0,"BarRetP":0},{"id":103,"time":26,"name":"ASanta110","marginal_cost":155.0138456447,"value":155.0138456447,"DemBarE":0,"DemBarP":0,"BarRetP":0},{"id":103,"time":27,"name":"ASanta110","marginal_cost":154.7967242759,"value":154.7967242759,"DemBarE":0,"DemBarP":0,"BarRetP":0},{"id":103,"time":28,"name":"ASanta110","marginal_cost":154.6835146506,"value":154.6835146506,"DemBarE":0,"DemBarP":0,"BarRetP":0},{"id":103,"time":29,"name":"ASanta110","marginal_cost":153.7102768134,"value":153.7102768134,"DemBarE":0,"DemBarP":0,"BarRetP":0},{"id":103,"time":30,"name":"ASanta110","marginal_cost":155.1415086857,"value":155.1415086857,"DemBarE":0,"DemBarP":0,"BarRetP":0},{"id":103,"time":31,"name":"ASanta110","marginal_cost":160.770341983,"value":160.770341983,"DemBarE":0,"DemBarP":0,"BarRetP":0},{"id":103,"time":32,"name":"ASanta110","marginal_cost":166.035430958,"value":166.035430958,"DemBarE":0,"DemBarP":0,"BarRetP":0},{"id":103,"time":33,"name":"ASanta110","marginal_cost":155.1367659081,"value":155.1367659081,"DemBarE":0,"DemBarP":0,"BarRetP":0},{"id":103,"time":34,"name":"ASanta110","marginal_cost":155.8222756317,"value":155.8222756317,"DemBarE":0,"DemBarP":0,"BarRetP":0},{"id":103,"time":35,"name":"ASanta110","marginal_cost":156.0612344079,"value":156.0612344079,"DemBarE":0,"DemBarP":0,"BarRetP":0},{"id":103,"time":36,"name":"ASanta110","marginal_cost":156.1077724061,"value":156.1077724061,"DemBarE":0,"DemBarP":0,"BarRetP":0},{"id":103,"time":37,"name":"ASanta110","marginal_cost":155.6547994432,"value":155.6547994432,"DemBarE":0,"DemBarP":0,"BarRetP":0},{"id":103,"time":38,"name":"ASanta110","marginal_cost":155.6547994432,"value":155.6547994432,"DemBarE":0,"DemBarP":0,"BarRetP":0},{"id":103,"time":39,"name":"ASanta110","marginal_cost":155.6547994432,"value":155.6547994432,"DemBarE":0,"DemBarP":0,"BarRetP":0},{"id":103,"time":40,"name":"ASanta110","marginal_cost":155.6547994432,"value":155.6547994432,"DemBarE":0,"DemBarP":0,"BarRetP":0},{"id":103,"time":41,"name":"ASanta110","marginal_cost":155.6868349352,"value":155.6868349352,"DemBarE":0,"DemBarP":0,"BarRetP":0},{"id":103,"time":42,"name":"ASanta110","marginal_cost":155.7648329108,"value":155.7648329108,"DemBarE":0,"DemBarP":0,"BarRetP":0},{"id":103,"time":43,"name":"ASanta110","marginal_cost":161.3546522235,"value":161.3546522235,"DemBarE":0,"DemBarP":0,"BarRetP":0},{"id":103,"time":44,"name":"ASanta110","marginal_cost":161.3546522235,"value":161.3546522235,"DemBarE":0,"DemBarP":0,"BarRetP":0},{"id":103,"time":45,"name":"ASanta110","marginal_cost":161.3407848449,"value":161.3407848449,"DemBarE":0,"DemBarP":0,"BarRetP":0},{"id":103,"time":46,"name":"ASanta110","marginal_cost":160.4301468997,"value":160.4301468997,"DemBarE":0,"DemBarP":0,"BarRetP":0},{"id":103,"time":47,"name":"ASanta110","marginal_cost":158.1831126692,"value":158.1831126692,"DemBarE":0,"DemBarP":0,"BarRetP":0},{"id":103,"time":48,"name":"ASanta110","marginal_cost":155.985989393,"value":155.985989393,"DemBarE":0,"DemBarP":0,"BarRetP":0},{"id":103,"time":49,"name":"ASanta110","marginal_cost":147.8311701031,"value":147.8311701031,"DemBarE":0,"DemBarP":0,"BarRetP":0},{"id":103,"time":50,"name":"ASanta110","marginal_cost":150.2724053128,"value":150.2724053128,"DemBarE":0,"DemBarP":0,"BarRetP":0},{"id":103,"time":51,"name":"ASanta110","marginal_cost":151.1334326715,"value":151.1334326715,"DemBarE":0,"DemBarP":0,"BarRetP":0},{"id":103,"time":52,"name":"ASanta110","marginal_cost":133.6662820005,"value":133.6662820005,"DemBarE":0,"DemBarP":0,"BarRetP":0},{"id":103,"time":53,"name":"ASanta110","marginal_cost":133.6662820005,"value":133.6662820005,"DemBarE":0,"DemBarP":0,"BarRetP":0},{"id":103,"time":54,"name":"ASanta110","marginal_cost":133.8321984486,"value":133.8321984486,"DemBarE":0,"DemBarP":0,"BarRetP":0},{"id":103,"time":55,"name":"ASanta110","marginal_cost":134.4232799113,"value":134.4232799113,"DemBarE":0,"DemBarP":0,"BarRetP":0},{"id":103,"time":56,"name":"ASanta110","marginal_cost":134.3356673439,"value":134.3356673439,"DemBarE":0,"DemBarP":0,"BarRetP":0},{"id":103,"time":57,"name":"ASanta110","marginal_cost":122.4238215688,"value":122.4238215688,"DemBarE":0,"DemBarP":0,"BarRetP":0},{"id":103,"time":58,"name":"ASanta110","marginal_cost":135.9823191326,"value":135.9823191326,"DemBarE":0,"DemBarP":0,"BarRetP":0},{"id":103,"time":59,"name":"ASanta110","marginal_cost":106.1241049179,"value":106.1241049179,"DemBarE":0,"DemBarP":0,"BarRetP":0},{"id":103,"time":60,"name":"ASanta110","marginal_cost":134.0871649762,"value":134.0871649762,"DemBarE":0,"DemBarP":0,"BarRetP":0},{"id":103,"time":61,"name":"ASanta110","marginal_cost":133.5422463856,"value":133.5422463856,"DemBarE":0,"DemBarP":0,"BarRetP":0},{"id":103,"time":62,"name":"ASanta110","marginal_cost":133.5422463856,"value":133.5422463856,"DemBarE":0,"DemBarP":0,"BarRetP":0},{"id":103,"time":63,"name":"ASanta110","marginal_cost":117.5729892325,"value":117.5729892325,"DemBarE":0,"DemBarP":0,"BarRetP":0},{"id":103,"time":64,"name":"ASanta110","marginal_cost":134.5344796571,"value":134.5344796571,"DemBarE":0,"DemBarP":0,"BarRetP":0},{"id":103,"time":65,"name":"ASanta110","marginal_cost":134.5244472597,"value":134.5244472597,"DemBarE":0,"DemBarP":0,"BarRetP":0},{"id":103,"time":66,"name":"ASanta110","marginal_cost":134.5244472597,"value":134.5244472597,"DemBarE":0,"DemBarP":0,"BarRetP":0},{"id":103,"time":67,"name":"ASanta110","marginal_cost":166.9303348627,"value":166.9303348627,"DemBarE":0,"DemBarP":0,"BarRetP":0},{"id":103,"time":68,"name":"ASanta110","marginal_cost":161.4471205037,"value":161.4471205037,"DemBarE":0,"DemBarP":0,"BarRetP":0},{"id":103,"time":69,"name":"ASanta110","marginal_cost":161.4471205037,"value":161.4471205037,"DemBarE":0,"DemBarP":0,"BarRetP":0},{"id":103,"time":70,"name":"ASanta110","marginal_cost":161.0519101915,"value":161.0519101915,"DemBarE":0,"DemBarP":0,"BarRetP":0},{"id":103,"time":71,"name":"ASanta110","marginal_cost":153.5510725304,"value":153.5510725304,"DemBarE":0,"DemBarP":0,"BarRetP":0},{"id":103,"time":72,"name":"ASanta110","marginal_cost":151.9969993728,"value":151.9969993728,"DemBarE":0,"DemBarP":0,"BarRetP":0},{"id":103,"time":73,"name":"ASanta110","marginal_cost":152.237308399,"value":152.237308399,"DemBarE":0,"DemBarP":0,"BarRetP":0},{"id":103,"time":74,"name":"ASanta110","marginal_cost":150.7752334057,"value":150.7752334057,"DemBarE":0,"DemBarP":0,"BarRetP":0},{"id":103,"time":75,"name":"ASanta110","marginal_cost":135.127075122,"value":135.127075122,"DemBarE":0,"DemBarP":0,"BarRetP":0},{"id":103,"time":76,"name":"ASanta110","marginal_cost":135.127075122,"value":135.127075122,"DemBarE":0,"DemBarP":0,"BarRetP":0},{"id":103,"time":77,"name":"ASanta110","marginal_cost":135.127075122,"value":135.127075122,"DemBarE":0,"DemBarP":0,"BarRetP":0},{"id":103,"time":78,"name":"ASanta110","marginal_cost":135.127075122,"value":135.127075122,"DemBarE":0,"DemBarP":0,"BarRetP":0},{"id":103,"time":79,"name":"ASanta110","marginal_cost":135.127075122,"value":135.127075122,"DemBarE":0,"DemBarP":0,"BarRetP":0},{"id":103,"time":80,"name":"ASanta110","marginal_cost":125.2849845543,"value":125.2849845543,"DemBarE":0,"DemBarP":0,"BarRetP":0},{"id":103,"time":81,"name":"ASanta110","marginal_cost":125.2849845543,"value":125.2849845543,"DemBarE":0,"DemBarP":0,"BarRetP":0},{"id":103,"time":82,"name":"ASanta110","marginal_cost":98.5025206329,"value":98.5025206329,"DemBarE":0,"DemBarP":0,"BarRetP":0},{"id":103,"time":83,"name":"ASanta110","marginal_cost":98.5025206329,"value":98.5025206329,"DemBarE":0,"DemBarP":0,"BarRetP":0},{"id":103,"time":84,"name":"ASanta110","marginal_cost":123.584829576,"value":123.584829576,"DemBarE":0,"DemBarP":0,"BarRetP":0},{"id":103,"time":85,"name":"ASanta110","marginal_cost":123.584829576,"value":123.584829576,"DemBarE":0,"DemBarP":0,"BarRetP":0},{"id":103,"time":86,"name":"ASanta110","marginal_cost":133.4041732523,"value":133.4041732523,"DemBarE":0,"DemBarP":0,"BarRetP":0},{"id":103,"time":87,"name":"ASanta110","marginal_cost":133.4041732523,"value":133.4041732523,"DemBarE":0,"DemBarP":0,"BarRetP":0},{"id":103,"time":88,"name":"ASanta110","marginal_cost":133.4041732523,"value":133.4041732523,"DemBarE":0,"DemBarP":0,"BarRetP":0},{"id":103,"time":89,"name":"ASanta110","marginal_cost":133.4041732523,"value":133.4041732523,"DemBarE":0,"DemBarP":0,"BarRetP":0},{"id":103,"time":90,"name":"ASanta110","marginal_cost":133.4041732523,"value":133.4041732523,"DemBarE":0,"DemBarP":0,"BarRetP":0},{"id":103,"time":91,"name":"ASanta110","marginal_cost":155.6863224968,"value":155.6863224968,"DemBarE":0,"DemBarP":0,"BarRetP":0},{"id":103,"time":92,"name":"ASanta110","marginal_cost":155.6863224968,"value":155.6863224968,"DemBarE":0,"DemBarP":0,"BarRetP":0},{"id":103,"time":93,"name":"ASanta110","marginal_cost":158.4105783625,"value":158.4105783625,"DemBarE":0,"DemBarP":0,"BarRetP":0},{"id":103,"time":94,"name":"ASanta110","marginal_cost":155.2177302697,"value":155.2177302697,"DemBarE":0,"DemBarP":0,"BarRetP":0},{"id":103,"time":95,"name":"ASanta110","marginal_cost":153.5463861363,"value":153.5463861363,"DemBarE":0,"DemBarP":0,"BarRetP":0},{"id":103,"time":96,"name":"ASanta110","marginal_cost":153.3522948164,"value":153.3522948164,"DemBarE":0,"DemBarP":0,"BarRetP":0},{"id":103,"time":97,"name":"ASanta110","marginal_cost":153.1350007328,"value":153.1350007328,"DemBarE":0,"DemBarP":0,"BarRetP":0},{"id":103,"time":98,"name":"ASanta110","marginal_cost":147.5803361554,"value":147.5803361554,"DemBarE":0,"DemBarP":0,"BarRetP":0},{"id":103,"time":99,"name":"ASanta110","marginal_cost":147.0851290109,"value":147.0851290109,"DemBarE":0,"DemBarP":0,"BarRetP":0},{"id":103,"time":100,"name":"ASanta110","marginal_cost":147.2970586565,"value":147.2970586565,"DemBarE":0,"DemBarP":0,"BarRetP":0},{"id":103,"time":101,"name":"ASanta110","marginal_cost":147.2970586565,"value":147.2970586565,"DemBarE":0,"DemBarP":0,"BarRetP":0},{"id":103,"time":102,"name":"ASanta110","marginal_cost":147.2970586565,"value":147.2970586565,"DemBarE":0,"DemBarP":0,"BarRetP":0},{"id":103,"time":103,"name":"ASanta110","marginal_cost":155.1079337839,"value":155.1079337839,"DemBarE":0,"DemBarP":0,"BarRetP":0},{"id":103,"time":104,"name":"ASanta110","marginal_cost":155.1383931887,"value":155.1383931887,"DemBarE":0,"DemBarP":0,"BarRetP":0},{"id":103,"time":105,"name":"ASanta110","marginal_cost":155.1383931887,"value":155.1383931887,"DemBarE":0,"DemBarP":0,"BarRetP":0},{"id":103,"time":106,"name":"ASanta110","marginal_cost":152.8094612578,"value":152.8094612578,"DemBarE":0,"DemBarP":0,"BarRetP":0},{"id":103,"time":107,"name":"ASanta110","marginal_cost":153.0185165362,"value":153.0185165362,"DemBarE":0,"DemBarP":0,"BarRetP":0},{"id":103,"time":108,"name":"ASanta110","marginal_cost":153.5182026649,"value":153.5182026649,"DemBarE":0,"DemBarP":0,"BarRetP":0},{"id":103,"time":109,"name":"ASanta110","marginal_cost":153.5182026649,"value":153.5182026649,"DemBarE":0,"DemBarP":0,"BarRetP":0},{"id":103,"time":110,"name":"ASanta110","marginal_cost":153.7963674822,"value":153.7963674822,"DemBarE":0,"DemBarP":0,"BarRetP":0},{"id":103,"time":111,"name":"ASanta110","marginal_cost":153.7879754122,"value":153.7879754122,"DemBarE":0,"DemBarP":0,"BarRetP":0},{"id":103,"time":112,"name":"ASanta110","marginal_cost":153.7879754122,"value":153.7879754122,"DemBarE":0,"DemBarP":0,"BarRetP":0},{"id":103,"time":113,"name":"ASanta110","marginal_cost":156.877618192,"value":156.877618192,"DemBarE":0,"DemBarP":0,"BarRetP":0},{"id":103,"time":114,"name":"ASanta110","marginal_cost":156.877618192,"value":156.877618192,"DemBarE":0,"DemBarP":0,"BarRetP":0},{"id":103,"time":115,"name":"ASanta110","marginal_cost":156.877618192,"value":156.877618192,"DemBarE":0,"DemBarP":0,"BarRetP":0},{"id":103,"time":116,"name":"ASanta110","marginal_cost":160.4947275953,"value":160.4947275953,"DemBarE":0,"DemBarP":0,"BarRetP":0},{"id":103,"time":117,"name":"ASanta110","marginal_cost":160.4947275953,"value":160.4947275953,"DemBarE":0,"DemBarP":0,"BarRetP":0},{"id":103,"time":118,"name":"ASanta110","marginal_cost":160.4947275953,"value":160.4947275953,"DemBarE":0,"DemBarP":0,"BarRetP":0},{"id":103,"time":119,"name":"ASanta110","marginal_cost":160.3492456919,"value":160.3492456919,"DemBarE":0,"DemBarP":0,"BarRetP":0},{"id":103,"time":120,"name":"ASanta110","marginal_cost":158.1148777032,"value":158.1148777032,"DemBarE":0,"DemBarP":0,"BarRetP":0},{"id":103,"time":121,"name":"ASanta110","marginal_cost":153.9389491291,"value":153.9389491291,"DemBarE":0,"DemBarP":0,"BarRetP":0},{"id":103,"time":122,"name":"ASanta110","marginal_cost":153.352897497,"value":153.352897497,"DemBarE":0,"DemBarP":0,"BarRetP":0},{"id":103,"time":123,"name":"ASanta110","marginal_cost":149.0390295945,"value":149.0390295945,"DemBarE":0,"DemBarP":0,"BarRetP":0},{"id":103,"time":124,"name":"ASanta110","marginal_cost":149.0390295945,"value":149.0390295945,"DemBarE":0,"DemBarP":0,"BarRetP":0},{"id":103,"time":125,"name":"ASanta110","marginal_cost":149.0390295945,"value":149.0390295945,"DemBarE":0,"DemBarP":0,"BarRetP":0},{"id":103,"time":126,"name":"ASanta110","marginal_cost":149.0390295945,"value":149.0390295945,"DemBarE":0,"DemBarP":0,"BarRetP":0},{"id":103,"time":127,"name":"ASanta110","marginal_cost":155.8204386092,"value":155.8204386092,"DemBarE":0,"DemBarP":0,"BarRetP":0},{"id":103,"time":128,"name":"ASanta110","marginal_cost":160.0247411182,"value":160.0247411182,"DemBarE":0,"DemBarP":0,"BarRetP":0},{"id":103,"time":129,"name":"ASanta110","marginal_cost":155.7337636702,"value":155.7337636702,"DemBarE":0,"DemBarP":0,"BarRetP":0},{"id":103,"time":130,"name":"ASanta110","marginal_cost":158.6910948606,"value":158.6910948606,"DemBarE":0,"DemBarP":0,"BarRetP":0},{"id":103,"time":131,"name":"ASanta110","marginal_cost":158.0470340605,"value":158.0470340605,"DemBarE":0,"DemBarP":0,"BarRetP":0},{"id":103,"time":132,"name":"ASanta110","marginal_cost":159.7055732224,"value":159.7055732224,"DemBarE":0,"DemBarP":0,"BarRetP":0},{"id":103,"time":133,"name":"ASanta110","marginal_cost":159.0582089354,"value":159.0582089354,"DemBarE":0,"DemBarP":0,"BarRetP":0},{"id":103,"time":134,"name":"ASanta110","marginal_cost":159.0582089354,"value":159.0582089354,"DemBarE":0,"DemBarP":0,"BarRetP":0},{"id":103,"time":135,"name":"ASanta110","marginal_cost":159.0582089354,"value":159.0582089354,"DemBarE":0,"DemBarP":0,"BarRetP":0},{"id":103,"time":136,"name":"ASanta110","marginal_cost":159.0582089354,"value":159.0582089354,"DemBarE":0,"DemBarP":0,"BarRetP":0},{"id":103,"time":137,"name":"ASanta110","marginal_cost":161.2160672008,"value":161.2160672008,"DemBarE":0,"DemBarP":0,"BarRetP":0},{"id":103,"time":138,"name":"ASanta110","marginal_cost":161.2160672008,"value":161.2160672008,"DemBarE":0,"DemBarP":0,"BarRetP":0},{"id":103,"time":139,"name":"ASanta110","marginal_cost":161.2160672008,"value":161.2160672008,"DemBarE":0,"DemBarP":0,"BarRetP":0},{"id":103,"time":140,"name":"ASanta110","marginal_cost":161.2160672008,"value":161.2160672008,"DemBarE":0,"DemBarP":0,"BarRetP":0},{"id":103,"time":141,"name":"ASanta110","marginal_cost":161.2160672008,"value":161.2160672008,"DemBarE":0,"DemBarP":0,"BarRetP":0},{"id":103,"time":142,"name":"ASanta110","marginal_cost":161.2160672008,"value":161.2160672008,"DemBarE":0,"DemBarP":0,"BarRetP":0},{"id":103,"time":143,"name":"ASanta110","marginal_cost":160.4217468723,"value":160.4217468723,"DemBarE":0,"DemBarP":0,"BarRetP":0},{"id":103,"time":144,"name":"ASanta110","marginal_cost":160.1375108937,"value":160.1375108937,"DemBarE":0,"DemBarP":0,"BarRetP":0},{"id":103,"time":145,"name":"ASanta110","marginal_cost":157.6905723699,"value":157.6905723699,"DemBarE":0,"DemBarP":0,"BarRetP":0},{"id":103,"time":146,"name":"ASanta110","marginal_cost":157.1727294643,"value":157.1727294643,"DemBarE":0,"DemBarP":0,"BarRetP":0},{"id":103,"time":147,"name":"ASanta110","marginal_cost":154.3910848929,"value":154.3910848929,"DemBarE":0,"DemBarP":0,"BarRetP":0},{"id":103,"time":148,"name":"ASanta110","marginal_cost":154.3910848929,"value":154.3910848929,"DemBarE":0,"DemBarP":0,"BarRetP":0},{"id":103,"time":149,"name":"ASanta110","marginal_cost":154.3910848929,"value":154.3910848929,"DemBarE":0,"DemBarP":0,"BarRetP":0},{"id":103,"time":150,"name":"ASanta110","marginal_cost":154.3910848929,"value":154.3910848929,"DemBarE":0,"DemBarP":0,"BarRetP":0},{"id":103,"time":151,"name":"ASanta110","marginal_cost":158.3911772632,"value":158.3911772632,"DemBarE":0,"DemBarP":0,"BarRetP":0},{"id":103,"time":152,"name":"ASanta110","marginal_cost":158.0867501069,"value":158.0867501069,"DemBarE":0,"DemBarP":0,"BarRetP":0},{"id":103,"time":153,"name":"ASanta110","marginal_cost":158.0867501069,"value":158.0867501069,"DemBarE":0,"DemBarP":0,"BarRetP":0},{"id":103,"time":154,"name":"ASanta110","marginal_cost":157.6303808101,"value":157.6303808101,"DemBarE":0,"DemBarP":0,"BarRetP":0},{"id":103,"time":155,"name":"ASanta110","marginal_cost":157.6303808101,"value":157.6303808101,"DemBarE":0,"DemBarP":0,"BarRetP":0},{"id":103,"time":156,"name":"ASanta110","marginal_cost":158.1640453353,"value":158.1640453353,"DemBarE":0,"DemBarP":0,"BarRetP":0},{"id":103,"time":157,"name":"ASanta110","marginal_cost":158.7340671349,"value":158.7340671349,"DemBarE":0,"DemBarP":0,"BarRetP":0},{"id":103,"time":158,"name":"ASanta110","marginal_cost":158.7340671349,"value":158.7340671349,"DemBarE":0,"DemBarP":0,"BarRetP":0},{"id":103,"time":159,"name":"ASanta110","marginal_cost":158.7340671349,"value":158.7340671349,"DemBarE":0,"DemBarP":0,"BarRetP":0},{"id":103,"time":160,"name":"ASanta110","marginal_cost":158.6991627307,"value":158.6991627307,"DemBarE":0,"DemBarP":0,"BarRetP":0},{"id":103,"time":161,"name":"ASanta110","marginal_cost":158.6991627307,"value":158.6991627307,"DemBarE":0,"DemBarP":0,"BarRetP":0},{"id":103,"time":162,"name":"ASanta110","marginal_cost":160.0786537683,"value":160.0786537683,"DemBarE":0,"DemBarP":0,"BarRetP":0},{"id":103,"time":163,"name":"ASanta110","marginal_cost":162.5465008551,"value":162.5465008551,"DemBarE":0,"DemBarP":0,"BarRetP":0},{"id":103,"time":164,"name":"ASanta110","marginal_cost":162.5465008551,"value":162.5465008551,"DemBarE":0,"DemBarP":0,"BarRetP":0},{"id":103,"time":165,"name":"ASanta110","marginal_cost":162.5465008551,"value":162.5465008551,"DemBarE":0,"DemBarP":0,"BarRetP":0},{"id":103,"time":166,"name":"ASanta110","marginal_cost":162.5465008551,"value":162.5465008551,"DemBarE":0,"DemBarP":0,"BarRetP":0},{"id":103,"time":167,"name":"ASanta110","marginal_cost":161.3754726594,"value":161.3754726594,"DemBarE":0,"DemBarP":0,"BarRetP":0},{"id":103,"time":168,"name":"ASanta110","marginal_cost":160.9055593113,"value":160.9055593113,"DemBarE":0,"DemBarP":0,"BarRetP":0}]