[{"id":86,"time":1,"name":"Tarapaca220","marginal_cost":143.3737976359,"value":143.3737976359,"DemBarE":0,"DemBarP":0,"BarRetP":0},{"id":86,"time":2,"name":"Tarapaca220","marginal_cost":139.6832053221,"value":139.6832053221,"DemBarE":0,"DemBarP":0,"BarRetP":0},{"id":86,"time":3,"name":"Tarapaca220","marginal_cost":140.6744815107,"value":140.6744815107,"DemBarE":0,"DemBarP":0,"BarRetP":0},{"id":86,"time":4,"name":"Tarapaca220","marginal_cost":141.0429833831,"value":141.0429833831,"DemBarE":0,"DemBarP":0,"BarRetP":0},{"id":86,"time":5,"name":"Tarapaca220","marginal_cost":141.19993007,"value":141.19993007,"DemBarE":0,"DemBarP":0,"BarRetP":0},{"id":86,"time":6,"name":"Tarapaca220","marginal_cost":104.5401325846,"value":104.5401325846,"DemBarE":0,"DemBarP":0,"BarRetP":0},{"id":86,"time":7,"name":"Tarapaca220","marginal_cost":142.3436649377,"value":142.3436649377,"DemBarE":0,"DemBarP":0,"BarRetP":0},{"id":86,"time":8,"name":"Tarapaca220","marginal_cost":166.3390638869,"value":166.3390638869,"DemBarE":0,"DemBarP":0,"BarRetP":0},{"id":86,"time":9,"name":"Tarapaca220","marginal_cost":111.9237351315,"value":111.9237351315,"DemBarE":0,"DemBarP":0,"BarRetP":0},{"id":86,"time":10,"name":"Tarapaca220","marginal_cost":75.5576082207,"value":75.5576082207,"DemBarE":0,"DemBarP":0,"BarRetP":0},{"id":86,"time":11,"name":"Tarapaca220","marginal_cost":73.7780774813,"value":73.7780774813,"DemBarE":0,"DemBarP":0,"BarRetP":0},{"id":86,"time":12,"name":"Tarapaca220","marginal_cost":65.1135098327,"value":65.1135098327,"DemBarE":0,"DemBarP":0,"BarRetP":0},{"id":86,"time":13,"name":"Tarapaca220","marginal_cost":44.7345356572,"value":44.7345356572,"DemBarE":0,"DemBarP":0,"BarRetP":0},{"id":86,"time":14,"name":"Tarapaca220","marginal_cost":-1.7878523773,"value":-1.7878523773,"DemBarE":0,"DemBarP":0,"BarRetP":0},{"id":86,"time":15,"name":"Tarapaca220","marginal_cost":-1.4712116544,"value":-1.4712116544,"DemBarE":0,"DemBarP":0,"BarRetP":0},{"id":86,"time":16,"name":"Tarapaca220","marginal_cost":-1.4785653746,"value":-1.4785653746,"DemBarE":0,"DemBarP":0,"BarRetP":0},{"id":86,"time":17,"name":"Tarapaca220","marginal_cost":95.1315101515,"value":95.1315101515,"DemBarE":0,"DemBarP":0,"BarRetP":0},{"id":86,"time":18,"name":"Tarapaca220","marginal_cost":140.5514753965,"value":140.5514753965,"DemBarE":0,"DemBarP":0,"BarRetP":0},{"id":86,"time":19,"name":"Tarapaca220","marginal_cost":181.6610811082,"value":181.6610811082,"DemBarE":0,"DemBarP":0,"BarRetP":0},{"id":86,"time":20,"name":"Tarapaca220","marginal_cost":181.4474629448,"value":181.4474629448,"DemBarE":0,"DemBarP":0,"BarRetP":0},{"id":86,"time":21,"name":"Tarapaca220","marginal_cost":175.8749125854,"value":175.8749125854,"DemBarE":0,"DemBarP":0,"BarRetP":0},{"id":86,"time":22,"name":"Tarapaca220","marginal_cost":170.3763228897,"value":170.3763228897,"DemBarE":0,"DemBarP":0,"BarRetP":0},{"id":86,"time":23,"name":"Tarapaca220","marginal_cost":166.196544275,"value":166.196544275,"DemBarE":0,"DemBarP":0,"BarRetP":0},{"id":86,"time":24,"name":"Tarapaca220","marginal_cost":165.0314984053,"value":165.0314984053,"DemBarE":0,"DemBarP":0,"BarRetP":0},{"id":86,"time":25,"name":"Tarapaca220","marginal_cost":164.705915221,"value":164.705915221,"DemBarE":0,"DemBarP":0,"BarRetP":0},{"id":86,"time":26,"name":"Tarapaca220","marginal_cost":162.6042770087,"value":162.6042770087,"DemBarE":0,"DemBarP":0,"BarRetP":0},{"id":86,"time":27,"name":"Tarapaca220","marginal_cost":163.9312629179,"value":163.9312629179,"DemBarE":0,"DemBarP":0,"BarRetP":0},{"id":86,"time":28,"name":"Tarapaca220","marginal_cost":163.1366371649,"value":163.1366371649,"DemBarE":0,"DemBarP":0,"BarRetP":0},{"id":86,"time":29,"name":"Tarapaca220","marginal_cost":161.7657933297,"value":161.7657933297,"DemBarE":0,"DemBarP":0,"BarRetP":0},{"id":86,"time":30,"name":"Tarapaca220","marginal_cost":162.6004515731,"value":162.6004515731,"DemBarE":0,"DemBarP":0,"BarRetP":0},{"id":86,"time":31,"name":"Tarapaca220","marginal_cost":170.233589127,"value":170.233589127,"DemBarE":0,"DemBarP":0,"BarRetP":0},{"id":86,"time":32,"name":"Tarapaca220","marginal_cost":163.8041816901,"value":163.8041816901,"DemBarE":0,"DemBarP":0,"BarRetP":0},{"id":86,"time":33,"name":"Tarapaca220","marginal_cost":125.7265088802,"value":125.7265088802,"DemBarE":0,"DemBarP":0,"BarRetP":0},{"id":86,"time":34,"name":"Tarapaca220","marginal_cost":82.3265174817,"value":82.3265174817,"DemBarE":0,"DemBarP":0,"BarRetP":0},{"id":86,"time":35,"name":"Tarapaca220","marginal_cost":78.4837259118,"value":78.4837259118,"DemBarE":0,"DemBarP":0,"BarRetP":0},{"id":86,"time":36,"name":"Tarapaca220","marginal_cost":78.3676823244,"value":78.3676823244,"DemBarE":0,"DemBarP":0,"BarRetP":0},{"id":86,"time":37,"name":"Tarapaca220","marginal_cost":76.812651985,"value":76.812651985,"DemBarE":0,"DemBarP":0,"BarRetP":0},{"id":86,"time":38,"name":"Tarapaca220","marginal_cost":76.812651985,"value":76.812651985,"DemBarE":0,"DemBarP":0,"BarRetP":0},{"id":86,"time":39,"name":"Tarapaca220","marginal_cost":76.812651985,"value":76.812651985,"DemBarE":0,"DemBarP":0,"BarRetP":0},{"id":86,"time":40,"name":"Tarapaca220","marginal_cost":76.812651985,"value":76.812651985,"DemBarE":0,"DemBarP":0,"BarRetP":0},{"id":86,"time":41,"name":"Tarapaca220","marginal_cost":98.2555102784,"value":98.2555102784,"DemBarE":0,"DemBarP":0,"BarRetP":0},{"id":86,"time":42,"name":"Tarapaca220","marginal_cost":145.0189044328,"value":145.0189044328,"DemBarE":0,"DemBarP":0,"BarRetP":0},{"id":86,"time":43,"name":"Tarapaca220","marginal_cost":172.8601145009,"value":172.8601145009,"DemBarE":0,"DemBarP":0,"BarRetP":0},{"id":86,"time":44,"name":"Tarapaca220","marginal_cost":172.8601145009,"value":172.8601145009,"DemBarE":0,"DemBarP":0,"BarRetP":0},{"id":86,"time":45,"name":"Tarapaca220","marginal_cost":174.322284141,"value":174.322284141,"DemBarE":0,"DemBarP":0,"BarRetP":0},{"id":86,"time":46,"name":"Tarapaca220","marginal_cost":173.380755113,"value":173.380755113,"DemBarE":0,"DemBarP":0,"BarRetP":0},{"id":86,"time":47,"name":"Tarapaca220","marginal_cost":169.3269269713,"value":169.3269269713,"DemBarE":0,"DemBarP":0,"BarRetP":0},{"id":86,"time":48,"name":"Tarapaca220","marginal_cost":165.7504403732,"value":165.7504403732,"DemBarE":0,"DemBarP":0,"BarRetP":0},{"id":86,"time":49,"name":"Tarapaca220","marginal_cost":158.6336320067,"value":158.6336320067,"DemBarE":0,"DemBarP":0,"BarRetP":0},{"id":86,"time":50,"name":"Tarapaca220","marginal_cost":161.5701960326,"value":161.5701960326,"DemBarE":0,"DemBarP":0,"BarRetP":0},{"id":86,"time":51,"name":"Tarapaca220","marginal_cost":164.1289453084,"value":164.1289453084,"DemBarE":0,"DemBarP":0,"BarRetP":0},{"id":86,"time":52,"name":"Tarapaca220","marginal_cost":147.8266836491,"value":147.8266836491,"DemBarE":0,"DemBarP":0,"BarRetP":0},{"id":86,"time":53,"name":"Tarapaca220","marginal_cost":147.8266836491,"value":147.8266836491,"DemBarE":0,"DemBarP":0,"BarRetP":0},{"id":86,"time":54,"name":"Tarapaca220","marginal_cost":146.5782805168,"value":146.5782805168,"DemBarE":0,"DemBarP":0,"BarRetP":0},{"id":86,"time":55,"name":"Tarapaca220","marginal_cost":145.7014620747,"value":145.7014620747,"DemBarE":0,"DemBarP":0,"BarRetP":0},{"id":86,"time":56,"name":"Tarapaca220","marginal_cost":140.3716917597,"value":140.3716917597,"DemBarE":0,"DemBarP":0,"BarRetP":0},{"id":86,"time":57,"name":"Tarapaca220","marginal_cost":103.809823313,"value":103.809823313,"DemBarE":0,"DemBarP":0,"BarRetP":0},{"id":86,"time":58,"name":"Tarapaca220","marginal_cost":-0.8797320298,"value":-0.8797320298,"DemBarE":0,"DemBarP":0,"BarRetP":0},{"id":86,"time":59,"name":"Tarapaca220","marginal_cost":-1.1098268826,"value":-1.1098268826,"DemBarE":0,"DemBarP":0,"BarRetP":0},{"id":86,"time":60,"name":"Tarapaca220","marginal_cost":-1.5716271667,"value":-1.5716271667,"DemBarE":0,"DemBarP":0,"BarRetP":0},{"id":86,"time":61,"name":"Tarapaca220","marginal_cost":-2.1108105487,"value":-2.1108105487,"DemBarE":0,"DemBarP":0,"BarRetP":0},{"id":86,"time":62,"name":"Tarapaca220","marginal_cost":-2.1108105487,"value":-2.1108105487,"DemBarE":0,"DemBarP":0,"BarRetP":0},{"id":86,"time":63,"name":"Tarapaca220","marginal_cost":-1.8075609901,"value":-1.8075609901,"DemBarE":0,"DemBarP":0,"BarRetP":0},{"id":86,"time":64,"name":"Tarapaca220","marginal_cost":-1.2389710864,"value":-1.2389710864,"DemBarE":0,"DemBarP":0,"BarRetP":0},{"id":86,"time":65,"name":"Tarapaca220","marginal_cost":117.0398111149,"value":117.0398111149,"DemBarE":0,"DemBarP":0,"BarRetP":0},{"id":86,"time":66,"name":"Tarapaca220","marginal_cost":117.0398111149,"value":117.0398111149,"DemBarE":0,"DemBarP":0,"BarRetP":0},{"id":86,"time":67,"name":"Tarapaca220","marginal_cost":174.2441628418,"value":174.2441628418,"DemBarE":0,"DemBarP":0,"BarRetP":0},{"id":86,"time":68,"name":"Tarapaca220","marginal_cost":170.2539626637,"value":170.2539626637,"DemBarE":0,"DemBarP":0,"BarRetP":0},{"id":86,"time":69,"name":"Tarapaca220","marginal_cost":170.2539626637,"value":170.2539626637,"DemBarE":0,"DemBarP":0,"BarRetP":0},{"id":86,"time":70,"name":"Tarapaca220","marginal_cost":171.2449400669,"value":171.2449400669,"DemBarE":0,"DemBarP":0,"BarRetP":0},{"id":86,"time":71,"name":"Tarapaca220","marginal_cost":162.6402498999,"value":162.6402498999,"DemBarE":0,"DemBarP":0,"BarRetP":0},{"id":86,"time":72,"name":"Tarapaca220","marginal_cost":160.1097135072,"value":160.1097135072,"DemBarE":0,"DemBarP":0,"BarRetP":0},{"id":86,"time":73,"name":"Tarapaca220","marginal_cost":158.2384870782,"value":158.2384870782,"DemBarE":0,"DemBarP":0,"BarRetP":0},{"id":86,"time":74,"name":"Tarapaca220","marginal_cost":158.8838190999,"value":158.8838190999,"DemBarE":0,"DemBarP":0,"BarRetP":0},{"id":86,"time":75,"name":"Tarapaca220","marginal_cost":145.8749945769,"value":145.8749945769,"DemBarE":0,"DemBarP":0,"BarRetP":0},{"id":86,"time":76,"name":"Tarapaca220","marginal_cost":145.8749945769,"value":145.8749945769,"DemBarE":0,"DemBarP":0,"BarRetP":0},{"id":86,"time":77,"name":"Tarapaca220","marginal_cost":145.8749945769,"value":145.8749945769,"DemBarE":0,"DemBarP":0,"BarRetP":0},{"id":86,"time":78,"name":"Tarapaca220","marginal_cost":145.8749945769,"value":145.8749945769,"DemBarE":0,"DemBarP":0,"BarRetP":0},{"id":86,"time":79,"name":"Tarapaca220","marginal_cost":145.8749945769,"value":145.8749945769,"DemBarE":0,"DemBarP":0,"BarRetP":0},{"id":86,"time":80,"name":"Tarapaca220","marginal_cost":125.6282856516,"value":125.6282856516,"DemBarE":0,"DemBarP":0,"BarRetP":0},{"id":86,"time":81,"name":"Tarapaca220","marginal_cost":125.6282856516,"value":125.6282856516,"DemBarE":0,"DemBarP":0,"BarRetP":0},{"id":86,"time":82,"name":"Tarapaca220","marginal_cost":-0.3299343597,"value":-0.3299343597,"DemBarE":0,"DemBarP":0,"BarRetP":0},{"id":86,"time":83,"name":"Tarapaca220","marginal_cost":-0.3299343597,"value":-0.3299343597,"DemBarE":0,"DemBarP":0,"BarRetP":0},{"id":86,"time":84,"name":"Tarapaca220","marginal_cost":-1.0617689836,"value":-1.0617689836,"DemBarE":0,"DemBarP":0,"BarRetP":0},{"id":86,"time":85,"name":"Tarapaca220","marginal_cost":-1.0617689836,"value":-1.0617689836,"DemBarE":0,"DemBarP":0,"BarRetP":0},{"id":86,"time":86,"name":"Tarapaca220","marginal_cost":79.374858285,"value":79.374858285,"DemBarE":0,"DemBarP":0,"BarRetP":0},{"id":86,"time":87,"name":"Tarapaca220","marginal_cost":79.374858285,"value":79.374858285,"DemBarE":0,"DemBarP":0,"BarRetP":0},{"id":86,"time":88,"name":"Tarapaca220","marginal_cost":79.374858285,"value":79.374858285,"DemBarE":0,"DemBarP":0,"BarRetP":0},{"id":86,"time":89,"name":"Tarapaca220","marginal_cost":79.374858285,"value":79.374858285,"DemBarE":0,"DemBarP":0,"BarRetP":0},{"id":86,"time":90,"name":"Tarapaca220","marginal_cost":79.374858285,"value":79.374858285,"DemBarE":0,"DemBarP":0,"BarRetP":0},{"id":86,"time":91,"name":"Tarapaca220","marginal_cost":156.1408530147,"value":156.1408530147,"DemBarE":0,"DemBarP":0,"BarRetP":0},{"id":86,"time":92,"name":"Tarapaca220","marginal_cost":156.1408530147,"value":156.1408530147,"DemBarE":0,"DemBarP":0,"BarRetP":0},{"id":86,"time":93,"name":"Tarapaca220","marginal_cost":160.4108359454,"value":160.4108359454,"DemBarE":0,"DemBarP":0,"BarRetP":0},{"id":86,"time":94,"name":"Tarapaca220","marginal_cost":158.7068117436,"value":158.7068117436,"DemBarE":0,"DemBarP":0,"BarRetP":0},{"id":86,"time":95,"name":"Tarapaca220","marginal_cost":157.241671044,"value":157.241671044,"DemBarE":0,"DemBarP":0,"BarRetP":0},{"id":86,"time":96,"name":"Tarapaca220","marginal_cost":157.8398345234,"value":157.8398345234,"DemBarE":0,"DemBarP":0,"BarRetP":0},{"id":86,"time":97,"name":"Tarapaca220","marginal_cost":157.5832563555,"value":157.5832563555,"DemBarE":0,"DemBarP":0,"BarRetP":0},{"id":86,"time":98,"name":"Tarapaca220","marginal_cost":154.6605279747,"value":154.6605279747,"DemBarE":0,"DemBarP":0,"BarRetP":0},{"id":86,"time":99,"name":"Tarapaca220","marginal_cost":157.6520317546,"value":157.6520317546,"DemBarE":0,"DemBarP":0,"BarRetP":0},{"id":86,"time":100,"name":"Tarapaca220","marginal_cost":159.1711565687,"value":159.1711565687,"DemBarE":0,"DemBarP":0,"BarRetP":0},{"id":86,"time":101,"name":"Tarapaca220","marginal_cost":159.1711565687,"value":159.1711565687,"DemBarE":0,"DemBarP":0,"BarRetP":0},{"id":86,"time":102,"name":"Tarapaca220","marginal_cost":159.1711565687,"value":159.1711565687,"DemBarE":0,"DemBarP":0,"BarRetP":0},{"id":86,"time":103,"name":"Tarapaca220","marginal_cost":158.8050513319,"value":158.8050513319,"DemBarE":0,"DemBarP":0,"BarRetP":0},{"id":86,"time":104,"name":"Tarapaca220","marginal_cost":132.3055297955,"value":132.3055297955,"DemBarE":0,"DemBarP":0,"BarRetP":0},{"id":86,"time":105,"name":"Tarapaca220","marginal_cost":132.3055297955,"value":132.3055297955,"DemBarE":0,"DemBarP":0,"BarRetP":0},{"id":86,"time":106,"name":"Tarapaca220","marginal_cost":81.153087135,"value":81.153087135,"DemBarE":0,"DemBarP":0,"BarRetP":0},{"id":86,"time":107,"name":"Tarapaca220","marginal_cost":80.2663110964,"value":80.2663110964,"DemBarE":0,"DemBarP":0,"BarRetP":0},{"id":86,"time":108,"name":"Tarapaca220","marginal_cost":79.3125217044,"value":79.3125217044,"DemBarE":0,"DemBarP":0,"BarRetP":0},{"id":86,"time":109,"name":"Tarapaca220","marginal_cost":79.3125217044,"value":79.3125217044,"DemBarE":0,"DemBarP":0,"BarRetP":0},{"id":86,"time":110,"name":"Tarapaca220","marginal_cost":79.0356438097,"value":79.0356438097,"DemBarE":0,"DemBarP":0,"BarRetP":0},{"id":86,"time":111,"name":"Tarapaca220","marginal_cost":79.1168810477,"value":79.1168810477,"DemBarE":0,"DemBarP":0,"BarRetP":0},{"id":86,"time":112,"name":"Tarapaca220","marginal_cost":79.1168810477,"value":79.1168810477,"DemBarE":0,"DemBarP":0,"BarRetP":0},{"id":86,"time":113,"name":"Tarapaca220","marginal_cost":135.9837642064,"value":135.9837642064,"DemBarE":0,"DemBarP":0,"BarRetP":0},{"id":86,"time":114,"name":"Tarapaca220","marginal_cost":135.9837642064,"value":135.9837642064,"DemBarE":0,"DemBarP":0,"BarRetP":0},{"id":86,"time":115,"name":"Tarapaca220","marginal_cost":135.9837642064,"value":135.9837642064,"DemBarE":0,"DemBarP":0,"BarRetP":0},{"id":86,"time":116,"name":"Tarapaca220","marginal_cost":163.5711758784,"value":163.5711758784,"DemBarE":0,"DemBarP":0,"BarRetP":0},{"id":86,"time":117,"name":"Tarapaca220","marginal_cost":163.5711758784,"value":163.5711758784,"DemBarE":0,"DemBarP":0,"BarRetP":0},{"id":86,"time":118,"name":"Tarapaca220","marginal_cost":163.5711758784,"value":163.5711758784,"DemBarE":0,"DemBarP":0,"BarRetP":0},{"id":86,"time":119,"name":"Tarapaca220","marginal_cost":163.7401176979,"value":163.7401176979,"DemBarE":0,"DemBarP":0,"BarRetP":0},{"id":86,"time":120,"name":"Tarapaca220","marginal_cost":159.9275053231,"value":159.9275053231,"DemBarE":0,"DemBarP":0,"BarRetP":0},{"id":86,"time":121,"name":"Tarapaca220","marginal_cost":159.9873238909,"value":159.9873238909,"DemBarE":0,"DemBarP":0,"BarRetP":0},{"id":86,"time":122,"name":"Tarapaca220","marginal_cost":160.3581040771,"value":160.3581040771,"DemBarE":0,"DemBarP":0,"BarRetP":0},{"id":86,"time":123,"name":"Tarapaca220","marginal_cost":152.7062612231,"value":152.7062612231,"DemBarE":0,"DemBarP":0,"BarRetP":0},{"id":86,"time":124,"name":"Tarapaca220","marginal_cost":152.7062612231,"value":152.7062612231,"DemBarE":0,"DemBarP":0,"BarRetP":0},{"id":86,"time":125,"name":"Tarapaca220","marginal_cost":152.7062612231,"value":152.7062612231,"DemBarE":0,"DemBarP":0,"BarRetP":0},{"id":86,"time":126,"name":"Tarapaca220","marginal_cost":152.7062612231,"value":152.7062612231,"DemBarE":0,"DemBarP":0,"BarRetP":0},{"id":86,"time":127,"name":"Tarapaca220","marginal_cost":153.3900785243,"value":153.3900785243,"DemBarE":0,"DemBarP":0,"BarRetP":0},{"id":86,"time":128,"name":"Tarapaca220","marginal_cost":150.6429725313,"value":150.6429725313,"DemBarE":0,"DemBarP":0,"BarRetP":0},{"id":86,"time":129,"name":"Tarapaca220","marginal_cost":127.5146918574,"value":127.5146918574,"DemBarE":0,"DemBarP":0,"BarRetP":0},{"id":86,"time":130,"name":"Tarapaca220","marginal_cost":95.7645884136,"value":95.7645884136,"DemBarE":0,"DemBarP":0,"BarRetP":0},{"id":86,"time":131,"name":"Tarapaca220","marginal_cost":79.2729042712,"value":79.2729042712,"DemBarE":0,"DemBarP":0,"BarRetP":0},{"id":86,"time":132,"name":"Tarapaca220","marginal_cost":80.6215342497,"value":80.6215342497,"DemBarE":0,"DemBarP":0,"BarRetP":0},{"id":86,"time":133,"name":"Tarapaca220","marginal_cost":79.9314998534,"value":79.9314998534,"DemBarE":0,"DemBarP":0,"BarRetP":0},{"id":86,"time":134,"name":"Tarapaca220","marginal_cost":79.9314998534,"value":79.9314998534,"DemBarE":0,"DemBarP":0,"BarRetP":0},{"id":86,"time":135,"name":"Tarapaca220","marginal_cost":79.9314998534,"value":79.9314998534,"DemBarE":0,"DemBarP":0,"BarRetP":0},{"id":86,"time":136,"name":"Tarapaca220","marginal_cost":79.9314998534,"value":79.9314998534,"DemBarE":0,"DemBarP":0,"BarRetP":0},{"id":86,"time":137,"name":"Tarapaca220","marginal_cost":152.0563372836,"value":152.0563372836,"DemBarE":0,"DemBarP":0,"BarRetP":0},{"id":86,"time":138,"name":"Tarapaca220","marginal_cost":152.0563372836,"value":152.0563372836,"DemBarE":0,"DemBarP":0,"BarRetP":0},{"id":86,"time":139,"name":"Tarapaca220","marginal_cost":152.0563372836,"value":152.0563372836,"DemBarE":0,"DemBarP":0,"BarRetP":0},{"id":86,"time":140,"name":"Tarapaca220","marginal_cost":152.0563372836,"value":152.0563372836,"DemBarE":0,"DemBarP":0,"BarRetP":0},{"id":86,"time":141,"name":"Tarapaca220","marginal_cost":152.0563372836,"value":152.0563372836,"DemBarE":0,"DemBarP":0,"BarRetP":0},{"id":86,"time":142,"name":"Tarapaca220","marginal_cost":152.0563372836,"value":152.0563372836,"DemBarE":0,"DemBarP":0,"BarRetP":0},{"id":86,"time":143,"name":"Tarapaca220","marginal_cost":159.5598401832,"value":159.5598401832,"DemBarE":0,"DemBarP":0,"BarRetP":0},{"id":86,"time":144,"name":"Tarapaca220","marginal_cost":158.4968791736,"value":158.4968791736,"DemBarE":0,"DemBarP":0,"BarRetP":0},{"id":86,"time":145,"name":"Tarapaca220","marginal_cost":159.5256960219,"value":159.5256960219,"DemBarE":0,"DemBarP":0,"BarRetP":0},{"id":86,"time":146,"name":"Tarapaca220","marginal_cost":156.2114345697,"value":156.2114345697,"DemBarE":0,"DemBarP":0,"BarRetP":0},{"id":86,"time":147,"name":"Tarapaca220","marginal_cost":155.3245389046,"value":155.3245389046,"DemBarE":0,"DemBarP":0,"BarRetP":0},{"id":86,"time":148,"name":"Tarapaca220","marginal_cost":155.3245389046,"value":155.3245389046,"DemBarE":0,"DemBarP":0,"BarRetP":0},{"id":86,"time":149,"name":"Tarapaca220","marginal_cost":155.3245389046,"value":155.3245389046,"DemBarE":0,"DemBarP":0,"BarRetP":0},{"id":86,"time":150,"name":"Tarapaca220","marginal_cost":155.3245389046,"value":155.3245389046,"DemBarE":0,"DemBarP":0,"BarRetP":0},{"id":86,"time":151,"name":"Tarapaca220","marginal_cost":155.475489217,"value":155.475489217,"DemBarE":0,"DemBarP":0,"BarRetP":0},{"id":86,"time":152,"name":"Tarapaca220","marginal_cost":132.4195425874,"value":132.4195425874,"DemBarE":0,"DemBarP":0,"BarRetP":0},{"id":86,"time":153,"name":"Tarapaca220","marginal_cost":132.4195425874,"value":132.4195425874,"DemBarE":0,"DemBarP":0,"BarRetP":0},{"id":86,"time":154,"name":"Tarapaca220","marginal_cost":95.1345016889,"value":95.1345016889,"DemBarE":0,"DemBarP":0,"BarRetP":0},{"id":86,"time":155,"name":"Tarapaca220","marginal_cost":95.1345016889,"value":95.1345016889,"DemBarE":0,"DemBarP":0,"BarRetP":0},{"id":86,"time":156,"name":"Tarapaca220","marginal_cost":94.0737046917,"value":94.0737046917,"DemBarE":0,"DemBarP":0,"BarRetP":0},{"id":86,"time":157,"name":"Tarapaca220","marginal_cost":80.0155995043,"value":80.0155995043,"DemBarE":0,"DemBarP":0,"BarRetP":0},{"id":86,"time":158,"name":"Tarapaca220","marginal_cost":80.0155995043,"value":80.0155995043,"DemBarE":0,"DemBarP":0,"BarRetP":0},{"id":86,"time":159,"name":"Tarapaca220","marginal_cost":80.0155995043,"value":80.0155995043,"DemBarE":0,"DemBarP":0,"BarRetP":0},{"id":86,"time":160,"name":"Tarapaca220","marginal_cost":96.1869628334,"value":96.1869628334,"DemBarE":0,"DemBarP":0,"BarRetP":0},{"id":86,"time":161,"name":"Tarapaca220","marginal_cost":96.1869628334,"value":96.1869628334,"DemBarE":0,"DemBarP":0,"BarRetP":0},{"id":86,"time":162,"name":"Tarapaca220","marginal_cost":136.1691892193,"value":136.1691892193,"DemBarE":0,"DemBarP":0,"BarRetP":0},{"id":86,"time":163,"name":"Tarapaca220","marginal_cost":160.0037591888,"value":160.0037591888,"DemBarE":0,"DemBarP":0,"BarRetP":0},{"id":86,"time":164,"name":"Tarapaca220","marginal_cost":160.0037591888,"value":160.0037591888,"DemBarE":0,"DemBarP":0,"BarRetP":0},{"id":86,"time":165,"name":"Tarapaca220","marginal_cost":160.0037591888,"value":160.0037591888,"DemBarE":0,"DemBarP":0,"BarRetP":0},{"id":86,"time":166,"name":"Tarapaca220","marginal_cost":160.0037591888,"value":160.0037591888,"DemBarE":0,"DemBarP":0,"BarRetP":0},{"id":86,"time":167,"name":"Tarapaca220","marginal_cost":158.7707837162,"value":158.7707837162,"DemBarE":0,"DemBarP":0,"BarRetP":0},{"id":86,"time":168,"name":"Tarapaca220","marginal_cost":158.2217070528,"value":158.2217070528,"DemBarE":0,"DemBarP":0,"BarRetP":0}]