[{"id":100,"time":1,"name":"Angostura220","marginal_cost":149.8063594649,"value":149.8063594649,"DemBarE":0,"DemBarP":0,"BarRetP":0},{"id":100,"time":2,"name":"Angostura220","marginal_cost":150.4282761866,"value":150.4282761866,"DemBarE":0,"DemBarP":0,"BarRetP":0},{"id":100,"time":3,"name":"Angostura220","marginal_cost":150.2953712348,"value":150.2953712348,"DemBarE":0,"DemBarP":0,"BarRetP":0},{"id":100,"time":4,"name":"Angostura220","marginal_cost":148.4046900019,"value":148.4046900019,"DemBarE":0,"DemBarP":0,"BarRetP":0},{"id":100,"time":5,"name":"Angostura220","marginal_cost":133.2566680637,"value":133.2566680637,"DemBarE":0,"DemBarP":0,"BarRetP":0},{"id":100,"time":6,"name":"Angostura220","marginal_cost":116.4112566731,"value":116.4112566731,"DemBarE":0,"DemBarP":0,"BarRetP":0},{"id":100,"time":7,"name":"Angostura220","marginal_cost":156.8405425131,"value":156.8405425131,"DemBarE":0,"DemBarP":0,"BarRetP":0},{"id":100,"time":8,"name":"Angostura220","marginal_cost":162.8312637814,"value":162.8312637814,"DemBarE":0,"DemBarP":0,"BarRetP":0},{"id":100,"time":9,"name":"Angostura220","marginal_cost":155.0603536774,"value":155.0603536774,"DemBarE":0,"DemBarP":0,"BarRetP":0},{"id":100,"time":10,"name":"Angostura220","marginal_cost":154.7731527512,"value":154.7731527512,"DemBarE":0,"DemBarP":0,"BarRetP":0},{"id":100,"time":11,"name":"Angostura220","marginal_cost":155.3271829511,"value":155.3271829511,"DemBarE":0,"DemBarP":0,"BarRetP":0},{"id":100,"time":12,"name":"Angostura220","marginal_cost":156.3182688449,"value":156.3182688449,"DemBarE":0,"DemBarP":0,"BarRetP":0},{"id":100,"time":13,"name":"Angostura220","marginal_cost":155.9847179767,"value":155.9847179767,"DemBarE":0,"DemBarP":0,"BarRetP":0},{"id":100,"time":14,"name":"Angostura220","marginal_cost":156.3674531313,"value":156.3674531313,"DemBarE":0,"DemBarP":0,"BarRetP":0},{"id":100,"time":15,"name":"Angostura220","marginal_cost":157.2642258459,"value":157.2642258459,"DemBarE":0,"DemBarP":0,"BarRetP":0},{"id":100,"time":16,"name":"Angostura220","marginal_cost":156.4665241268,"value":156.4665241268,"DemBarE":0,"DemBarP":0,"BarRetP":0},{"id":100,"time":17,"name":"Angostura220","marginal_cost":154.7656470577,"value":154.7656470577,"DemBarE":0,"DemBarP":0,"BarRetP":0},{"id":100,"time":18,"name":"Angostura220","marginal_cost":154.8209496368,"value":154.8209496368,"DemBarE":0,"DemBarP":0,"BarRetP":0},{"id":100,"time":19,"name":"Angostura220","marginal_cost":171.6549788259,"value":171.6549788259,"DemBarE":0,"DemBarP":0,"BarRetP":0},{"id":100,"time":20,"name":"Angostura220","marginal_cost":173.7816980281,"value":173.7816980281,"DemBarE":0,"DemBarP":0,"BarRetP":0},{"id":100,"time":21,"name":"Angostura220","marginal_cost":162.5684350187,"value":162.5684350187,"DemBarE":0,"DemBarP":0,"BarRetP":0},{"id":100,"time":22,"name":"Angostura220","marginal_cost":161.1225241363,"value":161.1225241363,"DemBarE":0,"DemBarP":0,"BarRetP":0},{"id":100,"time":23,"name":"Angostura220","marginal_cost":158.9829799539,"value":158.9829799539,"DemBarE":0,"DemBarP":0,"BarRetP":0},{"id":100,"time":24,"name":"Angostura220","marginal_cost":158.2439440964,"value":158.2439440964,"DemBarE":0,"DemBarP":0,"BarRetP":0},{"id":100,"time":25,"name":"Angostura220","marginal_cost":149.8025186741,"value":149.8025186741,"DemBarE":0,"DemBarP":0,"BarRetP":0},{"id":100,"time":26,"name":"Angostura220","marginal_cost":150.3348273778,"value":150.3348273778,"DemBarE":0,"DemBarP":0,"BarRetP":0},{"id":100,"time":27,"name":"Angostura220","marginal_cost":149.6119528816,"value":149.6119528816,"DemBarE":0,"DemBarP":0,"BarRetP":0},{"id":100,"time":28,"name":"Angostura220","marginal_cost":149.8920226976,"value":149.8920226976,"DemBarE":0,"DemBarP":0,"BarRetP":0},{"id":100,"time":29,"name":"Angostura220","marginal_cost":149.1539760523,"value":149.1539760523,"DemBarE":0,"DemBarP":0,"BarRetP":0},{"id":100,"time":30,"name":"Angostura220","marginal_cost":150.3545157099,"value":150.3545157099,"DemBarE":0,"DemBarP":0,"BarRetP":0},{"id":100,"time":31,"name":"Angostura220","marginal_cost":154.9349766196,"value":154.9349766196,"DemBarE":0,"DemBarP":0,"BarRetP":0},{"id":100,"time":32,"name":"Angostura220","marginal_cost":161.8758049822,"value":161.8758049822,"DemBarE":0,"DemBarP":0,"BarRetP":0},{"id":100,"time":33,"name":"Angostura220","marginal_cost":154.2826972657,"value":154.2826972657,"DemBarE":0,"DemBarP":0,"BarRetP":0},{"id":100,"time":34,"name":"Angostura220","marginal_cost":153.9817893796,"value":153.9817893796,"DemBarE":0,"DemBarP":0,"BarRetP":0},{"id":100,"time":35,"name":"Angostura220","marginal_cost":153.5149410773,"value":153.5149410773,"DemBarE":0,"DemBarP":0,"BarRetP":0},{"id":100,"time":36,"name":"Angostura220","marginal_cost":153.2995675507,"value":153.2995675507,"DemBarE":0,"DemBarP":0,"BarRetP":0},{"id":100,"time":37,"name":"Angostura220","marginal_cost":151.9774921389,"value":151.9774921389,"DemBarE":0,"DemBarP":0,"BarRetP":0},{"id":100,"time":38,"name":"Angostura220","marginal_cost":151.9774921389,"value":151.9774921389,"DemBarE":0,"DemBarP":0,"BarRetP":0},{"id":100,"time":39,"name":"Angostura220","marginal_cost":151.9774921389,"value":151.9774921389,"DemBarE":0,"DemBarP":0,"BarRetP":0},{"id":100,"time":40,"name":"Angostura220","marginal_cost":151.9774921389,"value":151.9774921389,"DemBarE":0,"DemBarP":0,"BarRetP":0},{"id":100,"time":41,"name":"Angostura220","marginal_cost":149.9316020605,"value":149.9316020605,"DemBarE":0,"DemBarP":0,"BarRetP":0},{"id":100,"time":42,"name":"Angostura220","marginal_cost":146.9188774842,"value":146.9188774842,"DemBarE":0,"DemBarP":0,"BarRetP":0},{"id":100,"time":43,"name":"Angostura220","marginal_cost":149.4452459176,"value":149.4452459176,"DemBarE":0,"DemBarP":0,"BarRetP":0},{"id":100,"time":44,"name":"Angostura220","marginal_cost":149.4452459176,"value":149.4452459176,"DemBarE":0,"DemBarP":0,"BarRetP":0},{"id":100,"time":45,"name":"Angostura220","marginal_cost":148.1804735032,"value":148.1804735032,"DemBarE":0,"DemBarP":0,"BarRetP":0},{"id":100,"time":46,"name":"Angostura220","marginal_cost":146.9591684917,"value":146.9591684917,"DemBarE":0,"DemBarP":0,"BarRetP":0},{"id":100,"time":47,"name":"Angostura220","marginal_cost":98.001290551,"value":98.001290551,"DemBarE":0,"DemBarP":0,"BarRetP":0},{"id":100,"time":48,"name":"Angostura220","marginal_cost":126.054414859,"value":126.054414859,"DemBarE":0,"DemBarP":0,"BarRetP":0},{"id":100,"time":49,"name":"Angostura220","marginal_cost":101.230473439,"value":101.230473439,"DemBarE":0,"DemBarP":0,"BarRetP":0},{"id":100,"time":50,"name":"Angostura220","marginal_cost":141.0879326775,"value":141.0879326775,"DemBarE":0,"DemBarP":0,"BarRetP":0},{"id":100,"time":51,"name":"Angostura220","marginal_cost":82.7167595593,"value":82.7167595593,"DemBarE":0,"DemBarP":0,"BarRetP":0},{"id":100,"time":52,"name":"Angostura220","marginal_cost":48.9254964606,"value":48.9254964606,"DemBarE":0,"DemBarP":0,"BarRetP":0},{"id":100,"time":53,"name":"Angostura220","marginal_cost":48.9254964606,"value":48.9254964606,"DemBarE":0,"DemBarP":0,"BarRetP":0},{"id":100,"time":54,"name":"Angostura220","marginal_cost":16.9666465387,"value":16.9666465387,"DemBarE":0,"DemBarP":0,"BarRetP":0},{"id":100,"time":55,"name":"Angostura220","marginal_cost":48.3547425014,"value":48.3547425014,"DemBarE":0,"DemBarP":0,"BarRetP":0},{"id":100,"time":56,"name":"Angostura220","marginal_cost":125.9503238679,"value":125.9503238679,"DemBarE":0,"DemBarP":0,"BarRetP":0},{"id":100,"time":57,"name":"Angostura220","marginal_cost":117.5548042354,"value":117.5548042354,"DemBarE":0,"DemBarP":0,"BarRetP":0},{"id":100,"time":58,"name":"Angostura220","marginal_cost":131.718456583,"value":131.718456583,"DemBarE":0,"DemBarP":0,"BarRetP":0},{"id":100,"time":59,"name":"Angostura220","marginal_cost":103.7452448426,"value":103.7452448426,"DemBarE":0,"DemBarP":0,"BarRetP":0},{"id":100,"time":60,"name":"Angostura220","marginal_cost":131.934046024,"value":131.934046024,"DemBarE":0,"DemBarP":0,"BarRetP":0},{"id":100,"time":61,"name":"Angostura220","marginal_cost":131.6982783346,"value":131.6982783346,"DemBarE":0,"DemBarP":0,"BarRetP":0},{"id":100,"time":62,"name":"Angostura220","marginal_cost":131.6982783346,"value":131.6982783346,"DemBarE":0,"DemBarP":0,"BarRetP":0},{"id":100,"time":63,"name":"Angostura220","marginal_cost":115.968726387,"value":115.968726387,"DemBarE":0,"DemBarP":0,"BarRetP":0},{"id":100,"time":64,"name":"Angostura220","marginal_cost":132.2058025818,"value":132.2058025818,"DemBarE":0,"DemBarP":0,"BarRetP":0},{"id":100,"time":65,"name":"Angostura220","marginal_cost":131.674136258,"value":131.674136258,"DemBarE":0,"DemBarP":0,"BarRetP":0},{"id":100,"time":66,"name":"Angostura220","marginal_cost":131.674136258,"value":131.674136258,"DemBarE":0,"DemBarP":0,"BarRetP":0},{"id":100,"time":67,"name":"Angostura220","marginal_cost":161.20402494,"value":161.20402494,"DemBarE":0,"DemBarP":0,"BarRetP":0},{"id":100,"time":68,"name":"Angostura220","marginal_cost":153.8674547258,"value":153.8674547258,"DemBarE":0,"DemBarP":0,"BarRetP":0},{"id":100,"time":69,"name":"Angostura220","marginal_cost":153.8674547258,"value":153.8674547258,"DemBarE":0,"DemBarP":0,"BarRetP":0},{"id":100,"time":70,"name":"Angostura220","marginal_cost":153.2860424118,"value":153.2860424118,"DemBarE":0,"DemBarP":0,"BarRetP":0},{"id":100,"time":71,"name":"Angostura220","marginal_cost":149.0465885192,"value":149.0465885192,"DemBarE":0,"DemBarP":0,"BarRetP":0},{"id":100,"time":72,"name":"Angostura220","marginal_cost":146.9035158216,"value":146.9035158216,"DemBarE":0,"DemBarP":0,"BarRetP":0},{"id":100,"time":73,"name":"Angostura220","marginal_cost":147.007615048,"value":147.007615048,"DemBarE":0,"DemBarP":0,"BarRetP":0},{"id":100,"time":74,"name":"Angostura220","marginal_cost":143.8793700543,"value":143.8793700543,"DemBarE":0,"DemBarP":0,"BarRetP":0},{"id":100,"time":75,"name":"Angostura220","marginal_cost":131.9583743566,"value":131.9583743566,"DemBarE":0,"DemBarP":0,"BarRetP":0},{"id":100,"time":76,"name":"Angostura220","marginal_cost":131.9583743566,"value":131.9583743566,"DemBarE":0,"DemBarP":0,"BarRetP":0},{"id":100,"time":77,"name":"Angostura220","marginal_cost":131.9583743566,"value":131.9583743566,"DemBarE":0,"DemBarP":0,"BarRetP":0},{"id":100,"time":78,"name":"Angostura220","marginal_cost":131.9583743566,"value":131.9583743566,"DemBarE":0,"DemBarP":0,"BarRetP":0},{"id":100,"time":79,"name":"Angostura220","marginal_cost":131.9583743566,"value":131.9583743566,"DemBarE":0,"DemBarP":0,"BarRetP":0},{"id":100,"time":80,"name":"Angostura220","marginal_cost":123.1258471964,"value":123.1258471964,"DemBarE":0,"DemBarP":0,"BarRetP":0},{"id":100,"time":81,"name":"Angostura220","marginal_cost":123.1258471964,"value":123.1258471964,"DemBarE":0,"DemBarP":0,"BarRetP":0},{"id":100,"time":82,"name":"Angostura220","marginal_cost":95.0346215314,"value":95.0346215314,"DemBarE":0,"DemBarP":0,"BarRetP":0},{"id":100,"time":83,"name":"Angostura220","marginal_cost":95.0346215314,"value":95.0346215314,"DemBarE":0,"DemBarP":0,"BarRetP":0},{"id":100,"time":84,"name":"Angostura220","marginal_cost":121.7570932003,"value":121.7570932003,"DemBarE":0,"DemBarP":0,"BarRetP":0},{"id":100,"time":85,"name":"Angostura220","marginal_cost":121.7570932003,"value":121.7570932003,"DemBarE":0,"DemBarP":0,"BarRetP":0},{"id":100,"time":86,"name":"Angostura220","marginal_cost":133.4254481911,"value":133.4254481911,"DemBarE":0,"DemBarP":0,"BarRetP":0},{"id":100,"time":87,"name":"Angostura220","marginal_cost":133.4254481911,"value":133.4254481911,"DemBarE":0,"DemBarP":0,"BarRetP":0},{"id":100,"time":88,"name":"Angostura220","marginal_cost":133.4254481911,"value":133.4254481911,"DemBarE":0,"DemBarP":0,"BarRetP":0},{"id":100,"time":89,"name":"Angostura220","marginal_cost":133.4254481911,"value":133.4254481911,"DemBarE":0,"DemBarP":0,"BarRetP":0},{"id":100,"time":90,"name":"Angostura220","marginal_cost":133.4254481911,"value":133.4254481911,"DemBarE":0,"DemBarP":0,"BarRetP":0},{"id":100,"time":91,"name":"Angostura220","marginal_cost":150.1343699799,"value":150.1343699799,"DemBarE":0,"DemBarP":0,"BarRetP":0},{"id":100,"time":92,"name":"Angostura220","marginal_cost":150.1343699799,"value":150.1343699799,"DemBarE":0,"DemBarP":0,"BarRetP":0},{"id":100,"time":93,"name":"Angostura220","marginal_cost":149.9953888253,"value":149.9953888253,"DemBarE":0,"DemBarP":0,"BarRetP":0},{"id":100,"time":94,"name":"Angostura220","marginal_cost":147.9624223826,"value":147.9624223826,"DemBarE":0,"DemBarP":0,"BarRetP":0},{"id":100,"time":95,"name":"Angostura220","marginal_cost":147.778588484,"value":147.778588484,"DemBarE":0,"DemBarP":0,"BarRetP":0},{"id":100,"time":96,"name":"Angostura220","marginal_cost":148.4408635697,"value":148.4408635697,"DemBarE":0,"DemBarP":0,"BarRetP":0},{"id":100,"time":97,"name":"Angostura220","marginal_cost":150.1234252048,"value":150.1234252048,"DemBarE":0,"DemBarP":0,"BarRetP":0},{"id":100,"time":98,"name":"Angostura220","marginal_cost":145.1053104012,"value":145.1053104012,"DemBarE":0,"DemBarP":0,"BarRetP":0},{"id":100,"time":99,"name":"Angostura220","marginal_cost":144.5460960896,"value":144.5460960896,"DemBarE":0,"DemBarP":0,"BarRetP":0},{"id":100,"time":100,"name":"Angostura220","marginal_cost":144.4757561253,"value":144.4757561253,"DemBarE":0,"DemBarP":0,"BarRetP":0},{"id":100,"time":101,"name":"Angostura220","marginal_cost":144.4757561253,"value":144.4757561253,"DemBarE":0,"DemBarP":0,"BarRetP":0},{"id":100,"time":102,"name":"Angostura220","marginal_cost":144.4757561253,"value":144.4757561253,"DemBarE":0,"DemBarP":0,"BarRetP":0},{"id":100,"time":103,"name":"Angostura220","marginal_cost":151.6276871196,"value":151.6276871196,"DemBarE":0,"DemBarP":0,"BarRetP":0},{"id":100,"time":104,"name":"Angostura220","marginal_cost":154.2458142788,"value":154.2458142788,"DemBarE":0,"DemBarP":0,"BarRetP":0},{"id":100,"time":105,"name":"Angostura220","marginal_cost":154.2458142788,"value":154.2458142788,"DemBarE":0,"DemBarP":0,"BarRetP":0},{"id":100,"time":106,"name":"Angostura220","marginal_cost":152.1710993866,"value":152.1710993866,"DemBarE":0,"DemBarP":0,"BarRetP":0},{"id":100,"time":107,"name":"Angostura220","marginal_cost":152.9173466682,"value":152.9173466682,"DemBarE":0,"DemBarP":0,"BarRetP":0},{"id":100,"time":108,"name":"Angostura220","marginal_cost":152.6439525275,"value":152.6439525275,"DemBarE":0,"DemBarP":0,"BarRetP":0},{"id":100,"time":109,"name":"Angostura220","marginal_cost":152.6439525275,"value":152.6439525275,"DemBarE":0,"DemBarP":0,"BarRetP":0},{"id":100,"time":110,"name":"Angostura220","marginal_cost":152.3124230952,"value":152.3124230952,"DemBarE":0,"DemBarP":0,"BarRetP":0},{"id":100,"time":111,"name":"Angostura220","marginal_cost":152.3773739118,"value":152.3773739118,"DemBarE":0,"DemBarP":0,"BarRetP":0},{"id":100,"time":112,"name":"Angostura220","marginal_cost":152.3773739118,"value":152.3773739118,"DemBarE":0,"DemBarP":0,"BarRetP":0},{"id":100,"time":113,"name":"Angostura220","marginal_cost":153.7836749267,"value":153.7836749267,"DemBarE":0,"DemBarP":0,"BarRetP":0},{"id":100,"time":114,"name":"Angostura220","marginal_cost":153.7836749267,"value":153.7836749267,"DemBarE":0,"DemBarP":0,"BarRetP":0},{"id":100,"time":115,"name":"Angostura220","marginal_cost":153.7836749267,"value":153.7836749267,"DemBarE":0,"DemBarP":0,"BarRetP":0},{"id":100,"time":116,"name":"Angostura220","marginal_cost":153.7270499813,"value":153.7270499813,"DemBarE":0,"DemBarP":0,"BarRetP":0},{"id":100,"time":117,"name":"Angostura220","marginal_cost":153.7270499813,"value":153.7270499813,"DemBarE":0,"DemBarP":0,"BarRetP":0},{"id":100,"time":118,"name":"Angostura220","marginal_cost":153.7270499813,"value":153.7270499813,"DemBarE":0,"DemBarP":0,"BarRetP":0},{"id":100,"time":119,"name":"Angostura220","marginal_cost":153.9676706461,"value":153.9676706461,"DemBarE":0,"DemBarP":0,"BarRetP":0},{"id":100,"time":120,"name":"Angostura220","marginal_cost":149.8969747225,"value":149.8969747225,"DemBarE":0,"DemBarP":0,"BarRetP":0},{"id":100,"time":121,"name":"Angostura220","marginal_cost":146.5281491171,"value":146.5281491171,"DemBarE":0,"DemBarP":0,"BarRetP":0},{"id":100,"time":122,"name":"Angostura220","marginal_cost":147.8222789872,"value":147.8222789872,"DemBarE":0,"DemBarP":0,"BarRetP":0},{"id":100,"time":123,"name":"Angostura220","marginal_cost":143.994957409,"value":143.994957409,"DemBarE":0,"DemBarP":0,"BarRetP":0},{"id":100,"time":124,"name":"Angostura220","marginal_cost":143.994957409,"value":143.994957409,"DemBarE":0,"DemBarP":0,"BarRetP":0},{"id":100,"time":125,"name":"Angostura220","marginal_cost":143.994957409,"value":143.994957409,"DemBarE":0,"DemBarP":0,"BarRetP":0},{"id":100,"time":126,"name":"Angostura220","marginal_cost":143.994957409,"value":143.994957409,"DemBarE":0,"DemBarP":0,"BarRetP":0},{"id":100,"time":127,"name":"Angostura220","marginal_cost":151.5601185037,"value":151.5601185037,"DemBarE":0,"DemBarP":0,"BarRetP":0},{"id":100,"time":128,"name":"Angostura220","marginal_cost":158.3207422529,"value":158.3207422529,"DemBarE":0,"DemBarP":0,"BarRetP":0},{"id":100,"time":129,"name":"Angostura220","marginal_cost":154.4723741888,"value":154.4723741888,"DemBarE":0,"DemBarP":0,"BarRetP":0},{"id":100,"time":130,"name":"Angostura220","marginal_cost":159.2917967957,"value":159.2917967957,"DemBarE":0,"DemBarP":0,"BarRetP":0},{"id":100,"time":131,"name":"Angostura220","marginal_cost":158.9371009997,"value":158.9371009997,"DemBarE":0,"DemBarP":0,"BarRetP":0},{"id":100,"time":132,"name":"Angostura220","marginal_cost":160.4029097565,"value":160.4029097565,"DemBarE":0,"DemBarP":0,"BarRetP":0},{"id":100,"time":133,"name":"Angostura220","marginal_cost":159.0293719471,"value":159.0293719471,"DemBarE":0,"DemBarP":0,"BarRetP":0},{"id":100,"time":134,"name":"Angostura220","marginal_cost":159.0293719471,"value":159.0293719471,"DemBarE":0,"DemBarP":0,"BarRetP":0},{"id":100,"time":135,"name":"Angostura220","marginal_cost":159.0293719471,"value":159.0293719471,"DemBarE":0,"DemBarP":0,"BarRetP":0},{"id":100,"time":136,"name":"Angostura220","marginal_cost":159.0293719471,"value":159.0293719471,"DemBarE":0,"DemBarP":0,"BarRetP":0},{"id":100,"time":137,"name":"Angostura220","marginal_cost":158.6285548372,"value":158.6285548372,"DemBarE":0,"DemBarP":0,"BarRetP":0},{"id":100,"time":138,"name":"Angostura220","marginal_cost":158.6285548372,"value":158.6285548372,"DemBarE":0,"DemBarP":0,"BarRetP":0},{"id":100,"time":139,"name":"Angostura220","marginal_cost":158.6285548372,"value":158.6285548372,"DemBarE":0,"DemBarP":0,"BarRetP":0},{"id":100,"time":140,"name":"Angostura220","marginal_cost":158.6285548372,"value":158.6285548372,"DemBarE":0,"DemBarP":0,"BarRetP":0},{"id":100,"time":141,"name":"Angostura220","marginal_cost":158.6285548372,"value":158.6285548372,"DemBarE":0,"DemBarP":0,"BarRetP":0},{"id":100,"time":142,"name":"Angostura220","marginal_cost":158.6285548372,"value":158.6285548372,"DemBarE":0,"DemBarP":0,"BarRetP":0},{"id":100,"time":143,"name":"Angostura220","marginal_cost":156.6145156107,"value":156.6145156107,"DemBarE":0,"DemBarP":0,"BarRetP":0},{"id":100,"time":144,"name":"Angostura220","marginal_cost":157.1515103105,"value":157.1515103105,"DemBarE":0,"DemBarP":0,"BarRetP":0},{"id":100,"time":145,"name":"Angostura220","marginal_cost":155.9851970215,"value":155.9851970215,"DemBarE":0,"DemBarP":0,"BarRetP":0},{"id":100,"time":146,"name":"Angostura220","marginal_cost":154.4763916824,"value":154.4763916824,"DemBarE":0,"DemBarP":0,"BarRetP":0},{"id":100,"time":147,"name":"Angostura220","marginal_cost":152.0368973108,"value":152.0368973108,"DemBarE":0,"DemBarP":0,"BarRetP":0},{"id":100,"time":148,"name":"Angostura220","marginal_cost":152.0368973108,"value":152.0368973108,"DemBarE":0,"DemBarP":0,"BarRetP":0},{"id":100,"time":149,"name":"Angostura220","marginal_cost":152.0368973108,"value":152.0368973108,"DemBarE":0,"DemBarP":0,"BarRetP":0},{"id":100,"time":150,"name":"Angostura220","marginal_cost":152.0368973108,"value":152.0368973108,"DemBarE":0,"DemBarP":0,"BarRetP":0},{"id":100,"time":151,"name":"Angostura220","marginal_cost":155.319566708,"value":155.319566708,"DemBarE":0,"DemBarP":0,"BarRetP":0},{"id":100,"time":152,"name":"Angostura220","marginal_cost":159.8242448311,"value":159.8242448311,"DemBarE":0,"DemBarP":0,"BarRetP":0},{"id":100,"time":153,"name":"Angostura220","marginal_cost":159.8242448311,"value":159.8242448311,"DemBarE":0,"DemBarP":0,"BarRetP":0},{"id":100,"time":154,"name":"Angostura220","marginal_cost":159.2222644905,"value":159.2222644905,"DemBarE":0,"DemBarP":0,"BarRetP":0},{"id":100,"time":155,"name":"Angostura220","marginal_cost":159.2222644905,"value":159.2222644905,"DemBarE":0,"DemBarP":0,"BarRetP":0},{"id":100,"time":156,"name":"Angostura220","marginal_cost":160.7310918057,"value":160.7310918057,"DemBarE":0,"DemBarP":0,"BarRetP":0},{"id":100,"time":157,"name":"Angostura220","marginal_cost":160.9190513918,"value":160.9190513918,"DemBarE":0,"DemBarP":0,"BarRetP":0},{"id":100,"time":158,"name":"Angostura220","marginal_cost":160.9190513918,"value":160.9190513918,"DemBarE":0,"DemBarP":0,"BarRetP":0},{"id":100,"time":159,"name":"Angostura220","marginal_cost":160.9190513918,"value":160.9190513918,"DemBarE":0,"DemBarP":0,"BarRetP":0},{"id":100,"time":160,"name":"Angostura220","marginal_cost":160.1786692327,"value":160.1786692327,"DemBarE":0,"DemBarP":0,"BarRetP":0},{"id":100,"time":161,"name":"Angostura220","marginal_cost":160.1786692327,"value":160.1786692327,"DemBarE":0,"DemBarP":0,"BarRetP":0},{"id":100,"time":162,"name":"Angostura220","marginal_cost":160.0355459529,"value":160.0355459529,"DemBarE":0,"DemBarP":0,"BarRetP":0},{"id":100,"time":163,"name":"Angostura220","marginal_cost":159.3769340606,"value":159.3769340606,"DemBarE":0,"DemBarP":0,"BarRetP":0},{"id":100,"time":164,"name":"Angostura220","marginal_cost":159.3769340606,"value":159.3769340606,"DemBarE":0,"DemBarP":0,"BarRetP":0},{"id":100,"time":165,"name":"Angostura220","marginal_cost":159.3769340606,"value":159.3769340606,"DemBarE":0,"DemBarP":0,"BarRetP":0},{"id":100,"time":166,"name":"Angostura220","marginal_cost":159.3769340606,"value":159.3769340606,"DemBarE":0,"DemBarP":0,"BarRetP":0},{"id":100,"time":167,"name":"Angostura220","marginal_cost":160.5951528619,"value":160.5951528619,"DemBarE":0,"DemBarP":0,"BarRetP":0},{"id":100,"time":168,"name":"Angostura220","marginal_cost":157.7446132208,"value":157.7446132208,"DemBarE":0,"DemBarP":0,"BarRetP":0}]