[{"id":109,"time":1,"name":"Canutillar220","marginal_cost":148.7149998952,"value":148.7149998952,"DemBarE":0,"DemBarP":0,"BarRetP":0},{"id":109,"time":2,"name":"Canutillar220","marginal_cost":148.4344839702,"value":148.4344839702,"DemBarE":0,"DemBarP":0,"BarRetP":0},{"id":109,"time":3,"name":"Canutillar220","marginal_cost":145.6985422022,"value":145.6985422022,"DemBarE":0,"DemBarP":0,"BarRetP":0},{"id":109,"time":4,"name":"Canutillar220","marginal_cost":143.6261119719,"value":143.6261119719,"DemBarE":0,"DemBarP":0,"BarRetP":0},{"id":109,"time":5,"name":"Canutillar220","marginal_cost":128.6871519834,"value":128.6871519834,"DemBarE":0,"DemBarP":0,"BarRetP":0},{"id":109,"time":6,"name":"Canutillar220","marginal_cost":114.1364299781,"value":114.1364299781,"DemBarE":0,"DemBarP":0,"BarRetP":0},{"id":109,"time":7,"name":"Canutillar220","marginal_cost":158.4193822208,"value":158.4193822208,"DemBarE":0,"DemBarP":0,"BarRetP":0},{"id":109,"time":8,"name":"Canutillar220","marginal_cost":171.6140793612,"value":171.6140793612,"DemBarE":0,"DemBarP":0,"BarRetP":0},{"id":109,"time":9,"name":"Canutillar220","marginal_cost":191.6972054027,"value":191.6972054027,"DemBarE":0,"DemBarP":0,"BarRetP":0},{"id":109,"time":10,"name":"Canutillar220","marginal_cost":223.6049646209,"value":223.6049646209,"DemBarE":0,"DemBarP":0,"BarRetP":0},{"id":109,"time":11,"name":"Canutillar220","marginal_cost":225.1145798639,"value":225.1145798639,"DemBarE":0,"DemBarP":0,"BarRetP":0},{"id":109,"time":12,"name":"Canutillar220","marginal_cost":225.8012688241,"value":225.8012688241,"DemBarE":0,"DemBarP":0,"BarRetP":0},{"id":109,"time":13,"name":"Canutillar220","marginal_cost":226.5433800628,"value":226.5433800628,"DemBarE":0,"DemBarP":0,"BarRetP":0},{"id":109,"time":14,"name":"Canutillar220","marginal_cost":243.6069326288,"value":243.6069326288,"DemBarE":0,"DemBarP":0,"BarRetP":0},{"id":109,"time":15,"name":"Canutillar220","marginal_cost":224.3508407884,"value":224.3508407884,"DemBarE":0,"DemBarP":0,"BarRetP":0},{"id":109,"time":16,"name":"Canutillar220","marginal_cost":223.9581072909,"value":223.9581072909,"DemBarE":0,"DemBarP":0,"BarRetP":0},{"id":109,"time":17,"name":"Canutillar220","marginal_cost":224.3753612822,"value":224.3753612822,"DemBarE":0,"DemBarP":0,"BarRetP":0},{"id":109,"time":18,"name":"Canutillar220","marginal_cost":224.1857978602,"value":224.1857978602,"DemBarE":0,"DemBarP":0,"BarRetP":0},{"id":109,"time":19,"name":"Canutillar220","marginal_cost":190.5729629445,"value":190.5729629445,"DemBarE":0,"DemBarP":0,"BarRetP":0},{"id":109,"time":20,"name":"Canutillar220","marginal_cost":190.3511598904,"value":190.3511598904,"DemBarE":0,"DemBarP":0,"BarRetP":0},{"id":109,"time":21,"name":"Canutillar220","marginal_cost":175.5178157133,"value":175.5178157133,"DemBarE":0,"DemBarP":0,"BarRetP":0},{"id":109,"time":22,"name":"Canutillar220","marginal_cost":170.85680029,"value":170.85680029,"DemBarE":0,"DemBarP":0,"BarRetP":0},{"id":109,"time":23,"name":"Canutillar220","marginal_cost":167.7800815372,"value":167.7800815372,"DemBarE":0,"DemBarP":0,"BarRetP":0},{"id":109,"time":24,"name":"Canutillar220","marginal_cost":165.427977249,"value":165.427977249,"DemBarE":0,"DemBarP":0,"BarRetP":0},{"id":109,"time":25,"name":"Canutillar220","marginal_cost":153.5293697354,"value":153.5293697354,"DemBarE":0,"DemBarP":0,"BarRetP":0},{"id":109,"time":26,"name":"Canutillar220","marginal_cost":152.5714738705,"value":152.5714738705,"DemBarE":0,"DemBarP":0,"BarRetP":0},{"id":109,"time":27,"name":"Canutillar220","marginal_cost":150.2982201335,"value":150.2982201335,"DemBarE":0,"DemBarP":0,"BarRetP":0},{"id":109,"time":28,"name":"Canutillar220","marginal_cost":146.1435033808,"value":146.1435033808,"DemBarE":0,"DemBarP":0,"BarRetP":0},{"id":109,"time":29,"name":"Canutillar220","marginal_cost":144.07501652,"value":144.07501652,"DemBarE":0,"DemBarP":0,"BarRetP":0},{"id":109,"time":30,"name":"Canutillar220","marginal_cost":145.5522544488,"value":145.5522544488,"DemBarE":0,"DemBarP":0,"BarRetP":0},{"id":109,"time":31,"name":"Canutillar220","marginal_cost":151.9931570791,"value":151.9931570791,"DemBarE":0,"DemBarP":0,"BarRetP":0},{"id":109,"time":32,"name":"Canutillar220","marginal_cost":163.5485400747,"value":163.5485400747,"DemBarE":0,"DemBarP":0,"BarRetP":0},{"id":109,"time":33,"name":"Canutillar220","marginal_cost":157.0918257059,"value":157.0918257059,"DemBarE":0,"DemBarP":0,"BarRetP":0},{"id":109,"time":34,"name":"Canutillar220","marginal_cost":160.0038369194,"value":160.0038369194,"DemBarE":0,"DemBarP":0,"BarRetP":0},{"id":109,"time":35,"name":"Canutillar220","marginal_cost":158.090198363,"value":158.090198363,"DemBarE":0,"DemBarP":0,"BarRetP":0},{"id":109,"time":36,"name":"Canutillar220","marginal_cost":157.2658109662,"value":157.2658109662,"DemBarE":0,"DemBarP":0,"BarRetP":0},{"id":109,"time":37,"name":"Canutillar220","marginal_cost":147.2140369055,"value":147.2140369055,"DemBarE":0,"DemBarP":0,"BarRetP":0},{"id":109,"time":38,"name":"Canutillar220","marginal_cost":147.2140369055,"value":147.2140369055,"DemBarE":0,"DemBarP":0,"BarRetP":0},{"id":109,"time":39,"name":"Canutillar220","marginal_cost":147.2140369055,"value":147.2140369055,"DemBarE":0,"DemBarP":0,"BarRetP":0},{"id":109,"time":40,"name":"Canutillar220","marginal_cost":147.2140369055,"value":147.2140369055,"DemBarE":0,"DemBarP":0,"BarRetP":0},{"id":109,"time":41,"name":"Canutillar220","marginal_cost":144.8780049965,"value":144.8780049965,"DemBarE":0,"DemBarP":0,"BarRetP":0},{"id":109,"time":42,"name":"Canutillar220","marginal_cost":138.2086014171,"value":138.2086014171,"DemBarE":0,"DemBarP":0,"BarRetP":0},{"id":109,"time":43,"name":"Canutillar220","marginal_cost":136.1701544859,"value":136.1701544859,"DemBarE":0,"DemBarP":0,"BarRetP":0},{"id":109,"time":44,"name":"Canutillar220","marginal_cost":136.1701544859,"value":136.1701544859,"DemBarE":0,"DemBarP":0,"BarRetP":0},{"id":109,"time":45,"name":"Canutillar220","marginal_cost":132.4423017959,"value":132.4423017959,"DemBarE":0,"DemBarP":0,"BarRetP":0},{"id":109,"time":46,"name":"Canutillar220","marginal_cost":130.8961663873,"value":130.8961663873,"DemBarE":0,"DemBarP":0,"BarRetP":0},{"id":109,"time":47,"name":"Canutillar220","marginal_cost":95.8986728911,"value":95.8986728911,"DemBarE":0,"DemBarP":0,"BarRetP":0},{"id":109,"time":48,"name":"Canutillar220","marginal_cost":117.1454222528,"value":117.1454222528,"DemBarE":0,"DemBarP":0,"BarRetP":0},{"id":109,"time":49,"name":"Canutillar220","marginal_cost":100.2715946352,"value":100.2715946352,"DemBarE":0,"DemBarP":0,"BarRetP":0},{"id":109,"time":50,"name":"Canutillar220","marginal_cost":132.5998910194,"value":132.5998910194,"DemBarE":0,"DemBarP":0,"BarRetP":0},{"id":109,"time":51,"name":"Canutillar220","marginal_cost":87.6202115485,"value":87.6202115485,"DemBarE":0,"DemBarP":0,"BarRetP":0},{"id":109,"time":52,"name":"Canutillar220","marginal_cost":60.1084484436,"value":60.1084484436,"DemBarE":0,"DemBarP":0,"BarRetP":0},{"id":109,"time":53,"name":"Canutillar220","marginal_cost":60.1084484436,"value":60.1084484436,"DemBarE":0,"DemBarP":0,"BarRetP":0},{"id":109,"time":54,"name":"Canutillar220","marginal_cost":36.0854013099,"value":36.0854013099,"DemBarE":0,"DemBarP":0,"BarRetP":0},{"id":109,"time":55,"name":"Canutillar220","marginal_cost":61.5666848739,"value":61.5666848739,"DemBarE":0,"DemBarP":0,"BarRetP":0},{"id":109,"time":56,"name":"Canutillar220","marginal_cost":122.2189153858,"value":122.2189153858,"DemBarE":0,"DemBarP":0,"BarRetP":0},{"id":109,"time":57,"name":"Canutillar220","marginal_cost":115.5003778305,"value":115.5003778305,"DemBarE":0,"DemBarP":0,"BarRetP":0},{"id":109,"time":58,"name":"Canutillar220","marginal_cost":133.4820091188,"value":133.4820091188,"DemBarE":0,"DemBarP":0,"BarRetP":0},{"id":109,"time":59,"name":"Canutillar220","marginal_cost":109.1212205959,"value":109.1212205959,"DemBarE":0,"DemBarP":0,"BarRetP":0},{"id":109,"time":60,"name":"Canutillar220","marginal_cost":138.9216290674,"value":138.9216290674,"DemBarE":0,"DemBarP":0,"BarRetP":0},{"id":109,"time":61,"name":"Canutillar220","marginal_cost":134.1045687576,"value":134.1045687576,"DemBarE":0,"DemBarP":0,"BarRetP":0},{"id":109,"time":62,"name":"Canutillar220","marginal_cost":134.1045687576,"value":134.1045687576,"DemBarE":0,"DemBarP":0,"BarRetP":0},{"id":109,"time":63,"name":"Canutillar220","marginal_cost":120.5237950075,"value":120.5237950075,"DemBarE":0,"DemBarP":0,"BarRetP":0},{"id":109,"time":64,"name":"Canutillar220","marginal_cost":139.3712496985,"value":139.3712496985,"DemBarE":0,"DemBarP":0,"BarRetP":0},{"id":109,"time":65,"name":"Canutillar220","marginal_cost":155.1644277287,"value":155.1644277287,"DemBarE":0,"DemBarP":0,"BarRetP":0},{"id":109,"time":66,"name":"Canutillar220","marginal_cost":155.1644277287,"value":155.1644277287,"DemBarE":0,"DemBarP":0,"BarRetP":0},{"id":109,"time":67,"name":"Canutillar220","marginal_cost":173.3811152651,"value":173.3811152651,"DemBarE":0,"DemBarP":0,"BarRetP":0},{"id":109,"time":68,"name":"Canutillar220","marginal_cost":164.8137148161,"value":164.8137148161,"DemBarE":0,"DemBarP":0,"BarRetP":0},{"id":109,"time":69,"name":"Canutillar220","marginal_cost":164.8137148161,"value":164.8137148161,"DemBarE":0,"DemBarP":0,"BarRetP":0},{"id":109,"time":70,"name":"Canutillar220","marginal_cost":160.7141806892,"value":160.7141806892,"DemBarE":0,"DemBarP":0,"BarRetP":0},{"id":109,"time":71,"name":"Canutillar220","marginal_cost":155.8210881981,"value":155.8210881981,"DemBarE":0,"DemBarP":0,"BarRetP":0},{"id":109,"time":72,"name":"Canutillar220","marginal_cost":151.8533555479,"value":151.8533555479,"DemBarE":0,"DemBarP":0,"BarRetP":0},{"id":109,"time":73,"name":"Canutillar220","marginal_cost":147.7341624114,"value":147.7341624114,"DemBarE":0,"DemBarP":0,"BarRetP":0},{"id":109,"time":74,"name":"Canutillar220","marginal_cost":141.0722586847,"value":141.0722586847,"DemBarE":0,"DemBarP":0,"BarRetP":0},{"id":109,"time":75,"name":"Canutillar220","marginal_cost":120.7426930342,"value":120.7426930342,"DemBarE":0,"DemBarP":0,"BarRetP":0},{"id":109,"time":76,"name":"Canutillar220","marginal_cost":120.7426930342,"value":120.7426930342,"DemBarE":0,"DemBarP":0,"BarRetP":0},{"id":109,"time":77,"name":"Canutillar220","marginal_cost":120.7426930342,"value":120.7426930342,"DemBarE":0,"DemBarP":0,"BarRetP":0},{"id":109,"time":78,"name":"Canutillar220","marginal_cost":120.7426930342,"value":120.7426930342,"DemBarE":0,"DemBarP":0,"BarRetP":0},{"id":109,"time":79,"name":"Canutillar220","marginal_cost":120.7426930342,"value":120.7426930342,"DemBarE":0,"DemBarP":0,"BarRetP":0},{"id":109,"time":80,"name":"Canutillar220","marginal_cost":108.7632147061,"value":108.7632147061,"DemBarE":0,"DemBarP":0,"BarRetP":0},{"id":109,"time":81,"name":"Canutillar220","marginal_cost":108.7632147061,"value":108.7632147061,"DemBarE":0,"DemBarP":0,"BarRetP":0},{"id":109,"time":82,"name":"Canutillar220","marginal_cost":86.0119762127,"value":86.0119762127,"DemBarE":0,"DemBarP":0,"BarRetP":0},{"id":109,"time":83,"name":"Canutillar220","marginal_cost":86.0119762127,"value":86.0119762127,"DemBarE":0,"DemBarP":0,"BarRetP":0},{"id":109,"time":84,"name":"Canutillar220","marginal_cost":114.364425616,"value":114.364425616,"DemBarE":0,"DemBarP":0,"BarRetP":0},{"id":109,"time":85,"name":"Canutillar220","marginal_cost":114.364425616,"value":114.364425616,"DemBarE":0,"DemBarP":0,"BarRetP":0},{"id":109,"time":86,"name":"Canutillar220","marginal_cost":131.2128545582,"value":131.2128545582,"DemBarE":0,"DemBarP":0,"BarRetP":0},{"id":109,"time":87,"name":"Canutillar220","marginal_cost":131.2128545582,"value":131.2128545582,"DemBarE":0,"DemBarP":0,"BarRetP":0},{"id":109,"time":88,"name":"Canutillar220","marginal_cost":131.2128545582,"value":131.2128545582,"DemBarE":0,"DemBarP":0,"BarRetP":0},{"id":109,"time":89,"name":"Canutillar220","marginal_cost":131.2128545582,"value":131.2128545582,"DemBarE":0,"DemBarP":0,"BarRetP":0},{"id":109,"time":90,"name":"Canutillar220","marginal_cost":131.2128545582,"value":131.2128545582,"DemBarE":0,"DemBarP":0,"BarRetP":0},{"id":109,"time":91,"name":"Canutillar220","marginal_cost":153.8323366896,"value":153.8323366896,"DemBarE":0,"DemBarP":0,"BarRetP":0},{"id":109,"time":92,"name":"Canutillar220","marginal_cost":153.8323366896,"value":153.8323366896,"DemBarE":0,"DemBarP":0,"BarRetP":0},{"id":109,"time":93,"name":"Canutillar220","marginal_cost":155.470798745,"value":155.470798745,"DemBarE":0,"DemBarP":0,"BarRetP":0},{"id":109,"time":94,"name":"Canutillar220","marginal_cost":155.7918052601,"value":155.7918052601,"DemBarE":0,"DemBarP":0,"BarRetP":0},{"id":109,"time":95,"name":"Canutillar220","marginal_cost":155.4499993448,"value":155.4499993448,"DemBarE":0,"DemBarP":0,"BarRetP":0},{"id":109,"time":96,"name":"Canutillar220","marginal_cost":152.8185954719,"value":152.8185954719,"DemBarE":0,"DemBarP":0,"BarRetP":0},{"id":109,"time":97,"name":"Canutillar220","marginal_cost":142.2548715534,"value":142.2548715534,"DemBarE":0,"DemBarP":0,"BarRetP":0},{"id":109,"time":98,"name":"Canutillar220","marginal_cost":142.3727565023,"value":142.3727565023,"DemBarE":0,"DemBarP":0,"BarRetP":0},{"id":109,"time":99,"name":"Canutillar220","marginal_cost":144.1417570337,"value":144.1417570337,"DemBarE":0,"DemBarP":0,"BarRetP":0},{"id":109,"time":100,"name":"Canutillar220","marginal_cost":145.2213097342,"value":145.2213097342,"DemBarE":0,"DemBarP":0,"BarRetP":0},{"id":109,"time":101,"name":"Canutillar220","marginal_cost":145.2213097342,"value":145.2213097342,"DemBarE":0,"DemBarP":0,"BarRetP":0},{"id":109,"time":102,"name":"Canutillar220","marginal_cost":145.2213097342,"value":145.2213097342,"DemBarE":0,"DemBarP":0,"BarRetP":0},{"id":109,"time":103,"name":"Canutillar220","marginal_cost":157.4765824911,"value":157.4765824911,"DemBarE":0,"DemBarP":0,"BarRetP":0},{"id":109,"time":104,"name":"Canutillar220","marginal_cost":165.3945952895,"value":165.3945952895,"DemBarE":0,"DemBarP":0,"BarRetP":0},{"id":109,"time":105,"name":"Canutillar220","marginal_cost":165.3945952895,"value":165.3945952895,"DemBarE":0,"DemBarP":0,"BarRetP":0},{"id":109,"time":106,"name":"Canutillar220","marginal_cost":184.6844296215,"value":184.6844296215,"DemBarE":0,"DemBarP":0,"BarRetP":0},{"id":109,"time":107,"name":"Canutillar220","marginal_cost":192.1584677382,"value":192.1584677382,"DemBarE":0,"DemBarP":0,"BarRetP":0},{"id":109,"time":108,"name":"Canutillar220","marginal_cost":217.4375760217,"value":217.4375760217,"DemBarE":0,"DemBarP":0,"BarRetP":0},{"id":109,"time":109,"name":"Canutillar220","marginal_cost":217.4375760217,"value":217.4375760217,"DemBarE":0,"DemBarP":0,"BarRetP":0},{"id":109,"time":110,"name":"Canutillar220","marginal_cost":217.5707710899,"value":217.5707710899,"DemBarE":0,"DemBarP":0,"BarRetP":0},{"id":109,"time":111,"name":"Canutillar220","marginal_cost":216.5742191978,"value":216.5742191978,"DemBarE":0,"DemBarP":0,"BarRetP":0},{"id":109,"time":112,"name":"Canutillar220","marginal_cost":216.5742191978,"value":216.5742191978,"DemBarE":0,"DemBarP":0,"BarRetP":0},{"id":109,"time":113,"name":"Canutillar220","marginal_cost":166.6487003635,"value":166.6487003635,"DemBarE":0,"DemBarP":0,"BarRetP":0},{"id":109,"time":114,"name":"Canutillar220","marginal_cost":166.6487003635,"value":166.6487003635,"DemBarE":0,"DemBarP":0,"BarRetP":0},{"id":109,"time":115,"name":"Canutillar220","marginal_cost":166.6487003635,"value":166.6487003635,"DemBarE":0,"DemBarP":0,"BarRetP":0},{"id":109,"time":116,"name":"Canutillar220","marginal_cost":158.6915499877,"value":158.6915499877,"DemBarE":0,"DemBarP":0,"BarRetP":0},{"id":109,"time":117,"name":"Canutillar220","marginal_cost":158.6915499877,"value":158.6915499877,"DemBarE":0,"DemBarP":0,"BarRetP":0},{"id":109,"time":118,"name":"Canutillar220","marginal_cost":158.6915499877,"value":158.6915499877,"DemBarE":0,"DemBarP":0,"BarRetP":0},{"id":109,"time":119,"name":"Canutillar220","marginal_cost":151.8354483896,"value":151.8354483896,"DemBarE":0,"DemBarP":0,"BarRetP":0},{"id":109,"time":120,"name":"Canutillar220","marginal_cost":145.3845123402,"value":145.3845123402,"DemBarE":0,"DemBarP":0,"BarRetP":0},{"id":109,"time":121,"name":"Canutillar220","marginal_cost":145.4133404604,"value":145.4133404604,"DemBarE":0,"DemBarP":0,"BarRetP":0},{"id":109,"time":122,"name":"Canutillar220","marginal_cost":144.6143497789,"value":144.6143497789,"DemBarE":0,"DemBarP":0,"BarRetP":0},{"id":109,"time":123,"name":"Canutillar220","marginal_cost":139.251305644,"value":139.251305644,"DemBarE":0,"DemBarP":0,"BarRetP":0},{"id":109,"time":124,"name":"Canutillar220","marginal_cost":139.251305644,"value":139.251305644,"DemBarE":0,"DemBarP":0,"BarRetP":0},{"id":109,"time":125,"name":"Canutillar220","marginal_cost":139.251305644,"value":139.251305644,"DemBarE":0,"DemBarP":0,"BarRetP":0},{"id":109,"time":126,"name":"Canutillar220","marginal_cost":139.251305644,"value":139.251305644,"DemBarE":0,"DemBarP":0,"BarRetP":0},{"id":109,"time":127,"name":"Canutillar220","marginal_cost":152.9503314775,"value":152.9503314775,"DemBarE":0,"DemBarP":0,"BarRetP":0},{"id":109,"time":128,"name":"Canutillar220","marginal_cost":165.7747240441,"value":165.7747240441,"DemBarE":0,"DemBarP":0,"BarRetP":0},{"id":109,"time":129,"name":"Canutillar220","marginal_cost":167.7439350048,"value":167.7439350048,"DemBarE":0,"DemBarP":0,"BarRetP":0},{"id":109,"time":130,"name":"Canutillar220","marginal_cost":215.874621953,"value":215.874621953,"DemBarE":0,"DemBarP":0,"BarRetP":0},{"id":109,"time":131,"name":"Canutillar220","marginal_cost":219.091480453,"value":219.091480453,"DemBarE":0,"DemBarP":0,"BarRetP":0},{"id":109,"time":132,"name":"Canutillar220","marginal_cost":216.8451616379,"value":216.8451616379,"DemBarE":0,"DemBarP":0,"BarRetP":0},{"id":109,"time":133,"name":"Canutillar220","marginal_cost":216.6619232866,"value":216.6619232866,"DemBarE":0,"DemBarP":0,"BarRetP":0},{"id":109,"time":134,"name":"Canutillar220","marginal_cost":216.6619232866,"value":216.6619232866,"DemBarE":0,"DemBarP":0,"BarRetP":0},{"id":109,"time":135,"name":"Canutillar220","marginal_cost":216.6619232866,"value":216.6619232866,"DemBarE":0,"DemBarP":0,"BarRetP":0},{"id":109,"time":136,"name":"Canutillar220","marginal_cost":216.6619232866,"value":216.6619232866,"DemBarE":0,"DemBarP":0,"BarRetP":0},{"id":109,"time":137,"name":"Canutillar220","marginal_cost":169.9381068712,"value":169.9381068712,"DemBarE":0,"DemBarP":0,"BarRetP":0},{"id":109,"time":138,"name":"Canutillar220","marginal_cost":169.9381068712,"value":169.9381068712,"DemBarE":0,"DemBarP":0,"BarRetP":0},{"id":109,"time":139,"name":"Canutillar220","marginal_cost":169.9381068712,"value":169.9381068712,"DemBarE":0,"DemBarP":0,"BarRetP":0},{"id":109,"time":140,"name":"Canutillar220","marginal_cost":169.9381068712,"value":169.9381068712,"DemBarE":0,"DemBarP":0,"BarRetP":0},{"id":109,"time":141,"name":"Canutillar220","marginal_cost":169.9381068712,"value":169.9381068712,"DemBarE":0,"DemBarP":0,"BarRetP":0},{"id":109,"time":142,"name":"Canutillar220","marginal_cost":169.9381068712,"value":169.9381068712,"DemBarE":0,"DemBarP":0,"BarRetP":0},{"id":109,"time":143,"name":"Canutillar220","marginal_cost":162.9273782647,"value":162.9273782647,"DemBarE":0,"DemBarP":0,"BarRetP":0},{"id":109,"time":144,"name":"Canutillar220","marginal_cost":162.1337929228,"value":162.1337929228,"DemBarE":0,"DemBarP":0,"BarRetP":0},{"id":109,"time":145,"name":"Canutillar220","marginal_cost":160.1827426851,"value":160.1827426851,"DemBarE":0,"DemBarP":0,"BarRetP":0},{"id":109,"time":146,"name":"Canutillar220","marginal_cost":156.093476618,"value":156.093476618,"DemBarE":0,"DemBarP":0,"BarRetP":0},{"id":109,"time":147,"name":"Canutillar220","marginal_cost":149.9903845147,"value":149.9903845147,"DemBarE":0,"DemBarP":0,"BarRetP":0},{"id":109,"time":148,"name":"Canutillar220","marginal_cost":149.9903845147,"value":149.9903845147,"DemBarE":0,"DemBarP":0,"BarRetP":0},{"id":109,"time":149,"name":"Canutillar220","marginal_cost":149.9903845147,"value":149.9903845147,"DemBarE":0,"DemBarP":0,"BarRetP":0},{"id":109,"time":150,"name":"Canutillar220","marginal_cost":149.9903845147,"value":149.9903845147,"DemBarE":0,"DemBarP":0,"BarRetP":0},{"id":109,"time":151,"name":"Canutillar220","marginal_cost":158.8820502426,"value":158.8820502426,"DemBarE":0,"DemBarP":0,"BarRetP":0},{"id":109,"time":152,"name":"Canutillar220","marginal_cost":172.0113498764,"value":172.0113498764,"DemBarE":0,"DemBarP":0,"BarRetP":0},{"id":109,"time":153,"name":"Canutillar220","marginal_cost":172.0113498764,"value":172.0113498764,"DemBarE":0,"DemBarP":0,"BarRetP":0},{"id":109,"time":154,"name":"Canutillar220","marginal_cost":220.8286661273,"value":220.8286661273,"DemBarE":0,"DemBarP":0,"BarRetP":0},{"id":109,"time":155,"name":"Canutillar220","marginal_cost":220.8286661273,"value":220.8286661273,"DemBarE":0,"DemBarP":0,"BarRetP":0},{"id":109,"time":156,"name":"Canutillar220","marginal_cost":223.1330394517,"value":223.1330394517,"DemBarE":0,"DemBarP":0,"BarRetP":0},{"id":109,"time":157,"name":"Canutillar220","marginal_cost":223.662930975,"value":223.662930975,"DemBarE":0,"DemBarP":0,"BarRetP":0},{"id":109,"time":158,"name":"Canutillar220","marginal_cost":223.662930975,"value":223.662930975,"DemBarE":0,"DemBarP":0,"BarRetP":0},{"id":109,"time":159,"name":"Canutillar220","marginal_cost":223.662930975,"value":223.662930975,"DemBarE":0,"DemBarP":0,"BarRetP":0},{"id":109,"time":160,"name":"Canutillar220","marginal_cost":217.2997024851,"value":217.2997024851,"DemBarE":0,"DemBarP":0,"BarRetP":0},{"id":109,"time":161,"name":"Canutillar220","marginal_cost":217.2997024851,"value":217.2997024851,"DemBarE":0,"DemBarP":0,"BarRetP":0},{"id":109,"time":162,"name":"Canutillar220","marginal_cost":227.3786513807,"value":227.3786513807,"DemBarE":0,"DemBarP":0,"BarRetP":0},{"id":109,"time":163,"name":"Canutillar220","marginal_cost":170.5413806963,"value":170.5413806963,"DemBarE":0,"DemBarP":0,"BarRetP":0},{"id":109,"time":164,"name":"Canutillar220","marginal_cost":170.5413806963,"value":170.5413806963,"DemBarE":0,"DemBarP":0,"BarRetP":0},{"id":109,"time":165,"name":"Canutillar220","marginal_cost":170.5413806963,"value":170.5413806963,"DemBarE":0,"DemBarP":0,"BarRetP":0},{"id":109,"time":166,"name":"Canutillar220","marginal_cost":170.5413806963,"value":170.5413806963,"DemBarE":0,"DemBarP":0,"BarRetP":0},{"id":109,"time":167,"name":"Canutillar220","marginal_cost":168.3686213244,"value":168.3686213244,"DemBarE":0,"DemBarP":0,"BarRetP":0},{"id":109,"time":168,"name":"Canutillar220","marginal_cost":164.7837417813,"value":164.7837417813,"DemBarE":0,"DemBarP":0,"BarRetP":0}]