[{"id":115,"time":1,"name":"Chena110","marginal_cost":161.0036931363,"value":161.0036931363,"DemBarE":0,"DemBarP":0,"BarRetP":0},{"id":115,"time":2,"name":"Chena110","marginal_cost":161.1208973455,"value":161.1208973455,"DemBarE":0,"DemBarP":0,"BarRetP":0},{"id":115,"time":3,"name":"Chena110","marginal_cost":159.6883886592,"value":159.6883886592,"DemBarE":0,"DemBarP":0,"BarRetP":0},{"id":115,"time":4,"name":"Chena110","marginal_cost":158.5744724838,"value":158.5744724838,"DemBarE":0,"DemBarP":0,"BarRetP":0},{"id":115,"time":5,"name":"Chena110","marginal_cost":140.546253789,"value":140.546253789,"DemBarE":0,"DemBarP":0,"BarRetP":0},{"id":115,"time":6,"name":"Chena110","marginal_cost":122.9266454235,"value":122.9266454235,"DemBarE":0,"DemBarP":0,"BarRetP":0},{"id":115,"time":7,"name":"Chena110","marginal_cost":168.0180468296,"value":168.0180468296,"DemBarE":0,"DemBarP":0,"BarRetP":0},{"id":115,"time":8,"name":"Chena110","marginal_cost":171.832252056,"value":171.832252056,"DemBarE":0,"DemBarP":0,"BarRetP":0},{"id":115,"time":9,"name":"Chena110","marginal_cost":161.7831926868,"value":161.7831926868,"DemBarE":0,"DemBarP":0,"BarRetP":0},{"id":115,"time":10,"name":"Chena110","marginal_cost":160.9355800958,"value":160.9355800958,"DemBarE":0,"DemBarP":0,"BarRetP":0},{"id":115,"time":11,"name":"Chena110","marginal_cost":161.1762059064,"value":161.1762059064,"DemBarE":0,"DemBarP":0,"BarRetP":0},{"id":115,"time":12,"name":"Chena110","marginal_cost":161.8307122073,"value":161.8307122073,"DemBarE":0,"DemBarP":0,"BarRetP":0},{"id":115,"time":13,"name":"Chena110","marginal_cost":161.3417505463,"value":161.3417505463,"DemBarE":0,"DemBarP":0,"BarRetP":0},{"id":115,"time":14,"name":"Chena110","marginal_cost":161.0107740024,"value":161.0107740024,"DemBarE":0,"DemBarP":0,"BarRetP":0},{"id":115,"time":15,"name":"Chena110","marginal_cost":161.5556159036,"value":161.5556159036,"DemBarE":0,"DemBarP":0,"BarRetP":0},{"id":115,"time":16,"name":"Chena110","marginal_cost":161.0787597248,"value":161.0787597248,"DemBarE":0,"DemBarP":0,"BarRetP":0},{"id":115,"time":17,"name":"Chena110","marginal_cost":161.1634674751,"value":161.1634674751,"DemBarE":0,"DemBarP":0,"BarRetP":0},{"id":115,"time":18,"name":"Chena110","marginal_cost":162.4903371682,"value":162.4903371682,"DemBarE":0,"DemBarP":0,"BarRetP":0},{"id":115,"time":19,"name":"Chena110","marginal_cost":182.470583608,"value":182.470583608,"DemBarE":0,"DemBarP":0,"BarRetP":0},{"id":115,"time":20,"name":"Chena110","marginal_cost":184.5842298225,"value":184.5842298225,"DemBarE":0,"DemBarP":0,"BarRetP":0},{"id":115,"time":21,"name":"Chena110","marginal_cost":175.1002508854,"value":175.1002508854,"DemBarE":0,"DemBarP":0,"BarRetP":0},{"id":115,"time":22,"name":"Chena110","marginal_cost":173.4574900973,"value":173.4574900973,"DemBarE":0,"DemBarP":0,"BarRetP":0},{"id":115,"time":23,"name":"Chena110","marginal_cost":170.7025645932,"value":170.7025645932,"DemBarE":0,"DemBarP":0,"BarRetP":0},{"id":115,"time":24,"name":"Chena110","marginal_cost":169.9533949466,"value":169.9533949466,"DemBarE":0,"DemBarP":0,"BarRetP":0},{"id":115,"time":25,"name":"Chena110","marginal_cost":159.9643457985,"value":159.9643457985,"DemBarE":0,"DemBarP":0,"BarRetP":0},{"id":115,"time":26,"name":"Chena110","marginal_cost":159.7549202651,"value":159.7549202651,"DemBarE":0,"DemBarP":0,"BarRetP":0},{"id":115,"time":27,"name":"Chena110","marginal_cost":159.3941456663,"value":159.3941456663,"DemBarE":0,"DemBarP":0,"BarRetP":0},{"id":115,"time":28,"name":"Chena110","marginal_cost":159.244789848,"value":159.244789848,"DemBarE":0,"DemBarP":0,"BarRetP":0},{"id":115,"time":29,"name":"Chena110","marginal_cost":158.2283715239,"value":158.2283715239,"DemBarE":0,"DemBarP":0,"BarRetP":0},{"id":115,"time":30,"name":"Chena110","marginal_cost":159.8045046786,"value":159.8045046786,"DemBarE":0,"DemBarP":0,"BarRetP":0},{"id":115,"time":31,"name":"Chena110","marginal_cost":166.2770624335,"value":166.2770624335,"DemBarE":0,"DemBarP":0,"BarRetP":0},{"id":115,"time":32,"name":"Chena110","marginal_cost":172.7565925266,"value":172.7565925266,"DemBarE":0,"DemBarP":0,"BarRetP":0},{"id":115,"time":33,"name":"Chena110","marginal_cost":161.1849820023,"value":161.1849820023,"DemBarE":0,"DemBarP":0,"BarRetP":0},{"id":115,"time":34,"name":"Chena110","marginal_cost":161.7235393305,"value":161.7235393305,"DemBarE":0,"DemBarP":0,"BarRetP":0},{"id":115,"time":35,"name":"Chena110","marginal_cost":162.0105222255,"value":162.0105222255,"DemBarE":0,"DemBarP":0,"BarRetP":0},{"id":115,"time":36,"name":"Chena110","marginal_cost":162.1216877428,"value":162.1216877428,"DemBarE":0,"DemBarP":0,"BarRetP":0},{"id":115,"time":37,"name":"Chena110","marginal_cost":161.705820787,"value":161.705820787,"DemBarE":0,"DemBarP":0,"BarRetP":0},{"id":115,"time":38,"name":"Chena110","marginal_cost":161.705820787,"value":161.705820787,"DemBarE":0,"DemBarP":0,"BarRetP":0},{"id":115,"time":39,"name":"Chena110","marginal_cost":161.705820787,"value":161.705820787,"DemBarE":0,"DemBarP":0,"BarRetP":0},{"id":115,"time":40,"name":"Chena110","marginal_cost":161.705820787,"value":161.705820787,"DemBarE":0,"DemBarP":0,"BarRetP":0},{"id":115,"time":41,"name":"Chena110","marginal_cost":161.2277690235,"value":161.2277690235,"DemBarE":0,"DemBarP":0,"BarRetP":0},{"id":115,"time":42,"name":"Chena110","marginal_cost":160.571516781,"value":160.571516781,"DemBarE":0,"DemBarP":0,"BarRetP":0},{"id":115,"time":43,"name":"Chena110","marginal_cost":166.0056743027,"value":166.0056743027,"DemBarE":0,"DemBarP":0,"BarRetP":0},{"id":115,"time":44,"name":"Chena110","marginal_cost":166.0056743027,"value":166.0056743027,"DemBarE":0,"DemBarP":0,"BarRetP":0},{"id":115,"time":45,"name":"Chena110","marginal_cost":166.306687258,"value":166.306687258,"DemBarE":0,"DemBarP":0,"BarRetP":0},{"id":115,"time":46,"name":"Chena110","marginal_cost":164.8611395269,"value":164.8611395269,"DemBarE":0,"DemBarP":0,"BarRetP":0},{"id":115,"time":47,"name":"Chena110","marginal_cost":162.0401362217,"value":162.0401362217,"DemBarE":0,"DemBarP":0,"BarRetP":0},{"id":115,"time":48,"name":"Chena110","marginal_cost":160.1194953444,"value":160.1194953444,"DemBarE":0,"DemBarP":0,"BarRetP":0},{"id":115,"time":49,"name":"Chena110","marginal_cost":151.7953803402,"value":151.7953803402,"DemBarE":0,"DemBarP":0,"BarRetP":0},{"id":115,"time":50,"name":"Chena110","marginal_cost":154.4796422901,"value":154.4796422901,"DemBarE":0,"DemBarP":0,"BarRetP":0},{"id":115,"time":51,"name":"Chena110","marginal_cost":155.0368021642,"value":155.0368021642,"DemBarE":0,"DemBarP":0,"BarRetP":0},{"id":115,"time":52,"name":"Chena110","marginal_cost":137.0218658331,"value":137.0218658331,"DemBarE":0,"DemBarP":0,"BarRetP":0},{"id":115,"time":53,"name":"Chena110","marginal_cost":137.0218658331,"value":137.0218658331,"DemBarE":0,"DemBarP":0,"BarRetP":0},{"id":115,"time":54,"name":"Chena110","marginal_cost":137.1061735536,"value":137.1061735536,"DemBarE":0,"DemBarP":0,"BarRetP":0},{"id":115,"time":55,"name":"Chena110","marginal_cost":137.9430748117,"value":137.9430748117,"DemBarE":0,"DemBarP":0,"BarRetP":0},{"id":115,"time":56,"name":"Chena110","marginal_cost":138.1312547642,"value":138.1312547642,"DemBarE":0,"DemBarP":0,"BarRetP":0},{"id":115,"time":57,"name":"Chena110","marginal_cost":125.3595329363,"value":125.3595329363,"DemBarE":0,"DemBarP":0,"BarRetP":0},{"id":115,"time":58,"name":"Chena110","marginal_cost":139.2117008309,"value":139.2117008309,"DemBarE":0,"DemBarP":0,"BarRetP":0},{"id":115,"time":59,"name":"Chena110","marginal_cost":108.8900184327,"value":108.8900184327,"DemBarE":0,"DemBarP":0,"BarRetP":0},{"id":115,"time":60,"name":"Chena110","marginal_cost":138.191270096,"value":138.191270096,"DemBarE":0,"DemBarP":0,"BarRetP":0},{"id":115,"time":61,"name":"Chena110","marginal_cost":137.754840494,"value":137.754840494,"DemBarE":0,"DemBarP":0,"BarRetP":0},{"id":115,"time":62,"name":"Chena110","marginal_cost":137.754840494,"value":137.754840494,"DemBarE":0,"DemBarP":0,"BarRetP":0},{"id":115,"time":63,"name":"Chena110","marginal_cost":121.0846121612,"value":121.0846121612,"DemBarE":0,"DemBarP":0,"BarRetP":0},{"id":115,"time":64,"name":"Chena110","marginal_cost":138.531311608,"value":138.531311608,"DemBarE":0,"DemBarP":0,"BarRetP":0},{"id":115,"time":65,"name":"Chena110","marginal_cost":138.551707284,"value":138.551707284,"DemBarE":0,"DemBarP":0,"BarRetP":0},{"id":115,"time":66,"name":"Chena110","marginal_cost":138.551707284,"value":138.551707284,"DemBarE":0,"DemBarP":0,"BarRetP":0},{"id":115,"time":67,"name":"Chena110","marginal_cost":171.9181181562,"value":171.9181181562,"DemBarE":0,"DemBarP":0,"BarRetP":0},{"id":115,"time":68,"name":"Chena110","marginal_cost":165.9922063911,"value":165.9922063911,"DemBarE":0,"DemBarP":0,"BarRetP":0},{"id":115,"time":69,"name":"Chena110","marginal_cost":165.9922063911,"value":165.9922063911,"DemBarE":0,"DemBarP":0,"BarRetP":0},{"id":115,"time":70,"name":"Chena110","marginal_cost":165.6462097353,"value":165.6462097353,"DemBarE":0,"DemBarP":0,"BarRetP":0},{"id":115,"time":71,"name":"Chena110","marginal_cost":157.9159497425,"value":157.9159497425,"DemBarE":0,"DemBarP":0,"BarRetP":0},{"id":115,"time":72,"name":"Chena110","marginal_cost":156.5017540401,"value":156.5017540401,"DemBarE":0,"DemBarP":0,"BarRetP":0},{"id":115,"time":73,"name":"Chena110","marginal_cost":156.1172040226,"value":156.1172040226,"DemBarE":0,"DemBarP":0,"BarRetP":0},{"id":115,"time":74,"name":"Chena110","marginal_cost":153.4181967068,"value":153.4181967068,"DemBarE":0,"DemBarP":0,"BarRetP":0},{"id":115,"time":75,"name":"Chena110","marginal_cost":138.4371111088,"value":138.4371111088,"DemBarE":0,"DemBarP":0,"BarRetP":0},{"id":115,"time":76,"name":"Chena110","marginal_cost":138.4371111088,"value":138.4371111088,"DemBarE":0,"DemBarP":0,"BarRetP":0},{"id":115,"time":77,"name":"Chena110","marginal_cost":138.4371111088,"value":138.4371111088,"DemBarE":0,"DemBarP":0,"BarRetP":0},{"id":115,"time":78,"name":"Chena110","marginal_cost":138.4371111088,"value":138.4371111088,"DemBarE":0,"DemBarP":0,"BarRetP":0},{"id":115,"time":79,"name":"Chena110","marginal_cost":138.4371111088,"value":138.4371111088,"DemBarE":0,"DemBarP":0,"BarRetP":0},{"id":115,"time":80,"name":"Chena110","marginal_cost":128.7758762412,"value":128.7758762412,"DemBarE":0,"DemBarP":0,"BarRetP":0},{"id":115,"time":81,"name":"Chena110","marginal_cost":128.7758762412,"value":128.7758762412,"DemBarE":0,"DemBarP":0,"BarRetP":0},{"id":115,"time":82,"name":"Chena110","marginal_cost":98.8852735075,"value":98.8852735075,"DemBarE":0,"DemBarP":0,"BarRetP":0},{"id":115,"time":83,"name":"Chena110","marginal_cost":98.8852735075,"value":98.8852735075,"DemBarE":0,"DemBarP":0,"BarRetP":0},{"id":115,"time":84,"name":"Chena110","marginal_cost":126.2853284218,"value":126.2853284218,"DemBarE":0,"DemBarP":0,"BarRetP":0},{"id":115,"time":85,"name":"Chena110","marginal_cost":126.2853284218,"value":126.2853284218,"DemBarE":0,"DemBarP":0,"BarRetP":0},{"id":115,"time":86,"name":"Chena110","marginal_cost":137.87640324,"value":137.87640324,"DemBarE":0,"DemBarP":0,"BarRetP":0},{"id":115,"time":87,"name":"Chena110","marginal_cost":137.87640324,"value":137.87640324,"DemBarE":0,"DemBarP":0,"BarRetP":0},{"id":115,"time":88,"name":"Chena110","marginal_cost":137.87640324,"value":137.87640324,"DemBarE":0,"DemBarP":0,"BarRetP":0},{"id":115,"time":89,"name":"Chena110","marginal_cost":137.87640324,"value":137.87640324,"DemBarE":0,"DemBarP":0,"BarRetP":0},{"id":115,"time":90,"name":"Chena110","marginal_cost":137.87640324,"value":137.87640324,"DemBarE":0,"DemBarP":0,"BarRetP":0},{"id":115,"time":91,"name":"Chena110","marginal_cost":160.4649728388,"value":160.4649728388,"DemBarE":0,"DemBarP":0,"BarRetP":0},{"id":115,"time":92,"name":"Chena110","marginal_cost":160.4649728388,"value":160.4649728388,"DemBarE":0,"DemBarP":0,"BarRetP":0},{"id":115,"time":93,"name":"Chena110","marginal_cost":163.174816867,"value":163.174816867,"DemBarE":0,"DemBarP":0,"BarRetP":0},{"id":115,"time":94,"name":"Chena110","marginal_cost":159.9952979831,"value":159.9952979831,"DemBarE":0,"DemBarP":0,"BarRetP":0},{"id":115,"time":95,"name":"Chena110","marginal_cost":158.1630240898,"value":158.1630240898,"DemBarE":0,"DemBarP":0,"BarRetP":0},{"id":115,"time":96,"name":"Chena110","marginal_cost":157.988826856,"value":157.988826856,"DemBarE":0,"DemBarP":0,"BarRetP":0},{"id":115,"time":97,"name":"Chena110","marginal_cost":157.815944156,"value":157.815944156,"DemBarE":0,"DemBarP":0,"BarRetP":0},{"id":115,"time":98,"name":"Chena110","marginal_cost":151.9735581697,"value":151.9735581697,"DemBarE":0,"DemBarP":0,"BarRetP":0},{"id":115,"time":99,"name":"Chena110","marginal_cost":151.3013065409,"value":151.3013065409,"DemBarE":0,"DemBarP":0,"BarRetP":0},{"id":115,"time":100,"name":"Chena110","marginal_cost":151.4315721691,"value":151.4315721691,"DemBarE":0,"DemBarP":0,"BarRetP":0},{"id":115,"time":101,"name":"Chena110","marginal_cost":151.4315721691,"value":151.4315721691,"DemBarE":0,"DemBarP":0,"BarRetP":0},{"id":115,"time":102,"name":"Chena110","marginal_cost":151.4315721691,"value":151.4315721691,"DemBarE":0,"DemBarP":0,"BarRetP":0},{"id":115,"time":103,"name":"Chena110","marginal_cost":159.5557108773,"value":159.5557108773,"DemBarE":0,"DemBarP":0,"BarRetP":0},{"id":115,"time":104,"name":"Chena110","marginal_cost":160.3784125041,"value":160.3784125041,"DemBarE":0,"DemBarP":0,"BarRetP":0},{"id":115,"time":105,"name":"Chena110","marginal_cost":160.3784125041,"value":160.3784125041,"DemBarE":0,"DemBarP":0,"BarRetP":0},{"id":115,"time":106,"name":"Chena110","marginal_cost":157.9142384391,"value":157.9142384391,"DemBarE":0,"DemBarP":0,"BarRetP":0},{"id":115,"time":107,"name":"Chena110","marginal_cost":158.1719702729,"value":158.1719702729,"DemBarE":0,"DemBarP":0,"BarRetP":0},{"id":115,"time":108,"name":"Chena110","marginal_cost":158.8030280441,"value":158.8030280441,"DemBarE":0,"DemBarP":0,"BarRetP":0},{"id":115,"time":109,"name":"Chena110","marginal_cost":158.8030280441,"value":158.8030280441,"DemBarE":0,"DemBarP":0,"BarRetP":0},{"id":115,"time":110,"name":"Chena110","marginal_cost":159.3047921715,"value":159.3047921715,"DemBarE":0,"DemBarP":0,"BarRetP":0},{"id":115,"time":111,"name":"Chena110","marginal_cost":159.4215556435,"value":159.4215556435,"DemBarE":0,"DemBarP":0,"BarRetP":0},{"id":115,"time":112,"name":"Chena110","marginal_cost":159.4215556435,"value":159.4215556435,"DemBarE":0,"DemBarP":0,"BarRetP":0},{"id":115,"time":113,"name":"Chena110","marginal_cost":162.0866896308,"value":162.0866896308,"DemBarE":0,"DemBarP":0,"BarRetP":0},{"id":115,"time":114,"name":"Chena110","marginal_cost":162.0866896308,"value":162.0866896308,"DemBarE":0,"DemBarP":0,"BarRetP":0},{"id":115,"time":115,"name":"Chena110","marginal_cost":162.0866896308,"value":162.0866896308,"DemBarE":0,"DemBarP":0,"BarRetP":0},{"id":115,"time":116,"name":"Chena110","marginal_cost":166.0643132916,"value":166.0643132916,"DemBarE":0,"DemBarP":0,"BarRetP":0},{"id":115,"time":117,"name":"Chena110","marginal_cost":166.0643132916,"value":166.0643132916,"DemBarE":0,"DemBarP":0,"BarRetP":0},{"id":115,"time":118,"name":"Chena110","marginal_cost":166.0643132916,"value":166.0643132916,"DemBarE":0,"DemBarP":0,"BarRetP":0},{"id":115,"time":119,"name":"Chena110","marginal_cost":165.826747063,"value":165.826747063,"DemBarE":0,"DemBarP":0,"BarRetP":0},{"id":115,"time":120,"name":"Chena110","marginal_cost":162.8141782357,"value":162.8141782357,"DemBarE":0,"DemBarP":0,"BarRetP":0},{"id":115,"time":121,"name":"Chena110","marginal_cost":158.1913026091,"value":158.1913026091,"DemBarE":0,"DemBarP":0,"BarRetP":0},{"id":115,"time":122,"name":"Chena110","marginal_cost":157.7947744226,"value":157.7947744226,"DemBarE":0,"DemBarP":0,"BarRetP":0},{"id":115,"time":123,"name":"Chena110","marginal_cost":153.0296314539,"value":153.0296314539,"DemBarE":0,"DemBarP":0,"BarRetP":0},{"id":115,"time":124,"name":"Chena110","marginal_cost":153.0296314539,"value":153.0296314539,"DemBarE":0,"DemBarP":0,"BarRetP":0},{"id":115,"time":125,"name":"Chena110","marginal_cost":153.0296314539,"value":153.0296314539,"DemBarE":0,"DemBarP":0,"BarRetP":0},{"id":115,"time":126,"name":"Chena110","marginal_cost":153.0296314539,"value":153.0296314539,"DemBarE":0,"DemBarP":0,"BarRetP":0},{"id":115,"time":127,"name":"Chena110","marginal_cost":160.6646141466,"value":160.6646141466,"DemBarE":0,"DemBarP":0,"BarRetP":0},{"id":115,"time":128,"name":"Chena110","marginal_cost":166.1468032665,"value":166.1468032665,"DemBarE":0,"DemBarP":0,"BarRetP":0},{"id":115,"time":129,"name":"Chena110","marginal_cost":161.8437976842,"value":161.8437976842,"DemBarE":0,"DemBarP":0,"BarRetP":0},{"id":115,"time":130,"name":"Chena110","marginal_cost":165.0467920908,"value":165.0467920908,"DemBarE":0,"DemBarP":0,"BarRetP":0},{"id":115,"time":131,"name":"Chena110","marginal_cost":164.4676718117,"value":164.4676718117,"DemBarE":0,"DemBarP":0,"BarRetP":0},{"id":115,"time":132,"name":"Chena110","marginal_cost":166.205661147,"value":166.205661147,"DemBarE":0,"DemBarP":0,"BarRetP":0},{"id":115,"time":133,"name":"Chena110","marginal_cost":165.7112015282,"value":165.7112015282,"DemBarE":0,"DemBarP":0,"BarRetP":0},{"id":115,"time":134,"name":"Chena110","marginal_cost":165.7112015282,"value":165.7112015282,"DemBarE":0,"DemBarP":0,"BarRetP":0},{"id":115,"time":135,"name":"Chena110","marginal_cost":165.7112015282,"value":165.7112015282,"DemBarE":0,"DemBarP":0,"BarRetP":0},{"id":115,"time":136,"name":"Chena110","marginal_cost":165.7112015282,"value":165.7112015282,"DemBarE":0,"DemBarP":0,"BarRetP":0},{"id":115,"time":137,"name":"Chena110","marginal_cost":167.0674207301,"value":167.0674207301,"DemBarE":0,"DemBarP":0,"BarRetP":0},{"id":115,"time":138,"name":"Chena110","marginal_cost":167.0674207301,"value":167.0674207301,"DemBarE":0,"DemBarP":0,"BarRetP":0},{"id":115,"time":139,"name":"Chena110","marginal_cost":167.0674207301,"value":167.0674207301,"DemBarE":0,"DemBarP":0,"BarRetP":0},{"id":115,"time":140,"name":"Chena110","marginal_cost":167.0674207301,"value":167.0674207301,"DemBarE":0,"DemBarP":0,"BarRetP":0},{"id":115,"time":141,"name":"Chena110","marginal_cost":167.0674207301,"value":167.0674207301,"DemBarE":0,"DemBarP":0,"BarRetP":0},{"id":115,"time":142,"name":"Chena110","marginal_cost":167.0674207301,"value":167.0674207301,"DemBarE":0,"DemBarP":0,"BarRetP":0},{"id":115,"time":143,"name":"Chena110","marginal_cost":166.0441625197,"value":166.0441625197,"DemBarE":0,"DemBarP":0,"BarRetP":0},{"id":115,"time":144,"name":"Chena110","marginal_cost":166.108081831,"value":166.108081831,"DemBarE":0,"DemBarP":0,"BarRetP":0},{"id":115,"time":145,"name":"Chena110","marginal_cost":163.2694360245,"value":163.2694360245,"DemBarE":0,"DemBarP":0,"BarRetP":0},{"id":115,"time":146,"name":"Chena110","marginal_cost":162.0464524524,"value":162.0464524524,"DemBarE":0,"DemBarP":0,"BarRetP":0},{"id":115,"time":147,"name":"Chena110","marginal_cost":158.9885682973,"value":158.9885682973,"DemBarE":0,"DemBarP":0,"BarRetP":0},{"id":115,"time":148,"name":"Chena110","marginal_cost":158.9885682973,"value":158.9885682973,"DemBarE":0,"DemBarP":0,"BarRetP":0},{"id":115,"time":149,"name":"Chena110","marginal_cost":158.9885682973,"value":158.9885682973,"DemBarE":0,"DemBarP":0,"BarRetP":0},{"id":115,"time":150,"name":"Chena110","marginal_cost":158.9885682973,"value":158.9885682973,"DemBarE":0,"DemBarP":0,"BarRetP":0},{"id":115,"time":151,"name":"Chena110","marginal_cost":163.4338243735,"value":163.4338243735,"DemBarE":0,"DemBarP":0,"BarRetP":0},{"id":115,"time":152,"name":"Chena110","marginal_cost":164.5559750435,"value":164.5559750435,"DemBarE":0,"DemBarP":0,"BarRetP":0},{"id":115,"time":153,"name":"Chena110","marginal_cost":164.5559750435,"value":164.5559750435,"DemBarE":0,"DemBarP":0,"BarRetP":0},{"id":115,"time":154,"name":"Chena110","marginal_cost":163.8685779114,"value":163.8685779114,"DemBarE":0,"DemBarP":0,"BarRetP":0},{"id":115,"time":155,"name":"Chena110","marginal_cost":163.8685779114,"value":163.8685779114,"DemBarE":0,"DemBarP":0,"BarRetP":0},{"id":115,"time":156,"name":"Chena110","marginal_cost":164.9522899156,"value":164.9522899156,"DemBarE":0,"DemBarP":0,"BarRetP":0},{"id":115,"time":157,"name":"Chena110","marginal_cost":165.3920036206,"value":165.3920036206,"DemBarE":0,"DemBarP":0,"BarRetP":0},{"id":115,"time":158,"name":"Chena110","marginal_cost":165.3920036206,"value":165.3920036206,"DemBarE":0,"DemBarP":0,"BarRetP":0},{"id":115,"time":159,"name":"Chena110","marginal_cost":165.3920036206,"value":165.3920036206,"DemBarE":0,"DemBarP":0,"BarRetP":0},{"id":115,"time":160,"name":"Chena110","marginal_cost":165.1317928596,"value":165.1317928596,"DemBarE":0,"DemBarP":0,"BarRetP":0},{"id":115,"time":161,"name":"Chena110","marginal_cost":165.1317928596,"value":165.1317928596,"DemBarE":0,"DemBarP":0,"BarRetP":0},{"id":115,"time":162,"name":"Chena110","marginal_cost":166.0589122498,"value":166.0589122498,"DemBarE":0,"DemBarP":0,"BarRetP":0},{"id":115,"time":163,"name":"Chena110","marginal_cost":168.7496692916,"value":168.7496692916,"DemBarE":0,"DemBarP":0,"BarRetP":0},{"id":115,"time":164,"name":"Chena110","marginal_cost":168.7496692916,"value":168.7496692916,"DemBarE":0,"DemBarP":0,"BarRetP":0},{"id":115,"time":165,"name":"Chena110","marginal_cost":168.7496692916,"value":168.7496692916,"DemBarE":0,"DemBarP":0,"BarRetP":0},{"id":115,"time":166,"name":"Chena110","marginal_cost":168.7496692916,"value":168.7496692916,"DemBarE":0,"DemBarP":0,"BarRetP":0},{"id":115,"time":167,"name":"Chena110","marginal_cost":167.1477932594,"value":167.1477932594,"DemBarE":0,"DemBarP":0,"BarRetP":0},{"id":115,"time":168,"name":"Chena110","marginal_cost":166.570210859,"value":166.570210859,"DemBarE":0,"DemBarP":0,"BarRetP":0}]