[{"id":194,"time":1,"name":"Sauzal154","marginal_cost":161.8545967951,"value":161.8545967951,"DemBarE":0,"DemBarP":0,"BarRetP":0},{"id":194,"time":2,"name":"Sauzal154","marginal_cost":163.0364224634,"value":163.0364224634,"DemBarE":0,"DemBarP":0,"BarRetP":0},{"id":194,"time":3,"name":"Sauzal154","marginal_cost":161.5446046893,"value":161.5446046893,"DemBarE":0,"DemBarP":0,"BarRetP":0},{"id":194,"time":4,"name":"Sauzal154","marginal_cost":160.3461549973,"value":160.3461549973,"DemBarE":0,"DemBarP":0,"BarRetP":0},{"id":194,"time":5,"name":"Sauzal154","marginal_cost":142.2588550354,"value":142.2588550354,"DemBarE":0,"DemBarP":0,"BarRetP":0},{"id":194,"time":6,"name":"Sauzal154","marginal_cost":124.7759666761,"value":124.7759666761,"DemBarE":0,"DemBarP":0,"BarRetP":0},{"id":194,"time":7,"name":"Sauzal154","marginal_cost":170.3816055337,"value":170.3816055337,"DemBarE":0,"DemBarP":0,"BarRetP":0},{"id":194,"time":8,"name":"Sauzal154","marginal_cost":175.590313941,"value":175.590313941,"DemBarE":0,"DemBarP":0,"BarRetP":0},{"id":194,"time":9,"name":"Sauzal154","marginal_cost":165.7896798776,"value":165.7896798776,"DemBarE":0,"DemBarP":0,"BarRetP":0},{"id":194,"time":10,"name":"Sauzal154","marginal_cost":164.3828724692,"value":164.3828724692,"DemBarE":0,"DemBarP":0,"BarRetP":0},{"id":194,"time":11,"name":"Sauzal154","marginal_cost":164.5814421331,"value":164.5814421331,"DemBarE":0,"DemBarP":0,"BarRetP":0},{"id":194,"time":12,"name":"Sauzal154","marginal_cost":164.5542007645,"value":164.5542007645,"DemBarE":0,"DemBarP":0,"BarRetP":0},{"id":194,"time":13,"name":"Sauzal154","marginal_cost":163.6311333401,"value":163.6311333401,"DemBarE":0,"DemBarP":0,"BarRetP":0},{"id":194,"time":14,"name":"Sauzal154","marginal_cost":162.8467339872,"value":162.8467339872,"DemBarE":0,"DemBarP":0,"BarRetP":0},{"id":194,"time":15,"name":"Sauzal154","marginal_cost":163.2224037439,"value":163.2224037439,"DemBarE":0,"DemBarP":0,"BarRetP":0},{"id":194,"time":16,"name":"Sauzal154","marginal_cost":162.831409252,"value":162.831409252,"DemBarE":0,"DemBarP":0,"BarRetP":0},{"id":194,"time":17,"name":"Sauzal154","marginal_cost":161.8626364855,"value":161.8626364855,"DemBarE":0,"DemBarP":0,"BarRetP":0},{"id":194,"time":18,"name":"Sauzal154","marginal_cost":160.2235935979,"value":160.2235935979,"DemBarE":0,"DemBarP":0,"BarRetP":0},{"id":194,"time":19,"name":"Sauzal154","marginal_cost":179.77959628,"value":179.77959628,"DemBarE":0,"DemBarP":0,"BarRetP":0},{"id":194,"time":20,"name":"Sauzal154","marginal_cost":183.5904867873,"value":183.5904867873,"DemBarE":0,"DemBarP":0,"BarRetP":0},{"id":194,"time":21,"name":"Sauzal154","marginal_cost":173.396398265,"value":173.396398265,"DemBarE":0,"DemBarP":0,"BarRetP":0},{"id":194,"time":22,"name":"Sauzal154","marginal_cost":171.6744256761,"value":171.6744256761,"DemBarE":0,"DemBarP":0,"BarRetP":0},{"id":194,"time":23,"name":"Sauzal154","marginal_cost":169.3256112838,"value":169.3256112838,"DemBarE":0,"DemBarP":0,"BarRetP":0},{"id":194,"time":24,"name":"Sauzal154","marginal_cost":169.8010162735,"value":169.8010162735,"DemBarE":0,"DemBarP":0,"BarRetP":0},{"id":194,"time":25,"name":"Sauzal154","marginal_cost":160.5773694841,"value":160.5773694841,"DemBarE":0,"DemBarP":0,"BarRetP":0},{"id":194,"time":26,"name":"Sauzal154","marginal_cost":161.4729419463,"value":161.4729419463,"DemBarE":0,"DemBarP":0,"BarRetP":0},{"id":194,"time":27,"name":"Sauzal154","marginal_cost":161.0765080663,"value":161.0765080663,"DemBarE":0,"DemBarP":0,"BarRetP":0},{"id":194,"time":28,"name":"Sauzal154","marginal_cost":161.0403882703,"value":161.0403882703,"DemBarE":0,"DemBarP":0,"BarRetP":0},{"id":194,"time":29,"name":"Sauzal154","marginal_cost":159.9748465054,"value":159.9748465054,"DemBarE":0,"DemBarP":0,"BarRetP":0},{"id":194,"time":30,"name":"Sauzal154","marginal_cost":161.9764568059,"value":161.9764568059,"DemBarE":0,"DemBarP":0,"BarRetP":0},{"id":194,"time":31,"name":"Sauzal154","marginal_cost":168.7442969808,"value":168.7442969808,"DemBarE":0,"DemBarP":0,"BarRetP":0},{"id":194,"time":32,"name":"Sauzal154","marginal_cost":176.5134343292,"value":176.5134343292,"DemBarE":0,"DemBarP":0,"BarRetP":0},{"id":194,"time":33,"name":"Sauzal154","marginal_cost":165.0219792827,"value":165.0219792827,"DemBarE":0,"DemBarP":0,"BarRetP":0},{"id":194,"time":34,"name":"Sauzal154","marginal_cost":165.3362427073,"value":165.3362427073,"DemBarE":0,"DemBarP":0,"BarRetP":0},{"id":194,"time":35,"name":"Sauzal154","marginal_cost":165.3827490659,"value":165.3827490659,"DemBarE":0,"DemBarP":0,"BarRetP":0},{"id":194,"time":36,"name":"Sauzal154","marginal_cost":165.1897941763,"value":165.1897941763,"DemBarE":0,"DemBarP":0,"BarRetP":0},{"id":194,"time":37,"name":"Sauzal154","marginal_cost":163.9684234961,"value":163.9684234961,"DemBarE":0,"DemBarP":0,"BarRetP":0},{"id":194,"time":38,"name":"Sauzal154","marginal_cost":163.9684234961,"value":163.9684234961,"DemBarE":0,"DemBarP":0,"BarRetP":0},{"id":194,"time":39,"name":"Sauzal154","marginal_cost":163.9684234961,"value":163.9684234961,"DemBarE":0,"DemBarP":0,"BarRetP":0},{"id":194,"time":40,"name":"Sauzal154","marginal_cost":163.9684234961,"value":163.9684234961,"DemBarE":0,"DemBarP":0,"BarRetP":0},{"id":194,"time":41,"name":"Sauzal154","marginal_cost":162.1925760776,"value":162.1925760776,"DemBarE":0,"DemBarP":0,"BarRetP":0},{"id":194,"time":42,"name":"Sauzal154","marginal_cost":158.0719980468,"value":158.0719980468,"DemBarE":0,"DemBarP":0,"BarRetP":0},{"id":194,"time":43,"name":"Sauzal154","marginal_cost":164.0100535465,"value":164.0100535465,"DemBarE":0,"DemBarP":0,"BarRetP":0},{"id":194,"time":44,"name":"Sauzal154","marginal_cost":164.0100535465,"value":164.0100535465,"DemBarE":0,"DemBarP":0,"BarRetP":0},{"id":194,"time":45,"name":"Sauzal154","marginal_cost":164.1371755427,"value":164.1371755427,"DemBarE":0,"DemBarP":0,"BarRetP":0},{"id":194,"time":46,"name":"Sauzal154","marginal_cost":162.817699822,"value":162.817699822,"DemBarE":0,"DemBarP":0,"BarRetP":0},{"id":194,"time":47,"name":"Sauzal154","marginal_cost":159.9457208807,"value":159.9457208807,"DemBarE":0,"DemBarP":0,"BarRetP":0},{"id":194,"time":48,"name":"Sauzal154","marginal_cost":159.4123670488,"value":159.4123670488,"DemBarE":0,"DemBarP":0,"BarRetP":0},{"id":194,"time":49,"name":"Sauzal154","marginal_cost":152.1569622774,"value":152.1569622774,"DemBarE":0,"DemBarP":0,"BarRetP":0},{"id":194,"time":50,"name":"Sauzal154","marginal_cost":156.3925518032,"value":156.3925518032,"DemBarE":0,"DemBarP":0,"BarRetP":0},{"id":194,"time":51,"name":"Sauzal154","marginal_cost":157.0432280972,"value":157.0432280972,"DemBarE":0,"DemBarP":0,"BarRetP":0},{"id":194,"time":52,"name":"Sauzal154","marginal_cost":138.5773332902,"value":138.5773332902,"DemBarE":0,"DemBarP":0,"BarRetP":0},{"id":194,"time":53,"name":"Sauzal154","marginal_cost":138.5773332902,"value":138.5773332902,"DemBarE":0,"DemBarP":0,"BarRetP":0},{"id":194,"time":54,"name":"Sauzal154","marginal_cost":138.6170854544,"value":138.6170854544,"DemBarE":0,"DemBarP":0,"BarRetP":0},{"id":194,"time":55,"name":"Sauzal154","marginal_cost":139.8267599595,"value":139.8267599595,"DemBarE":0,"DemBarP":0,"BarRetP":0},{"id":194,"time":56,"name":"Sauzal154","marginal_cost":141.1540750634,"value":141.1540750634,"DemBarE":0,"DemBarP":0,"BarRetP":0},{"id":194,"time":57,"name":"Sauzal154","marginal_cost":128.9603122575,"value":128.9603122575,"DemBarE":0,"DemBarP":0,"BarRetP":0},{"id":194,"time":58,"name":"Sauzal154","marginal_cost":143.16691809,"value":143.16691809,"DemBarE":0,"DemBarP":0,"BarRetP":0},{"id":194,"time":59,"name":"Sauzal154","marginal_cost":111.818509105,"value":111.818509105,"DemBarE":0,"DemBarP":0,"BarRetP":0},{"id":194,"time":60,"name":"Sauzal154","marginal_cost":141.3210766133,"value":141.3210766133,"DemBarE":0,"DemBarP":0,"BarRetP":0},{"id":194,"time":61,"name":"Sauzal154","marginal_cost":140.7985177092,"value":140.7985177092,"DemBarE":0,"DemBarP":0,"BarRetP":0},{"id":194,"time":62,"name":"Sauzal154","marginal_cost":140.7985177092,"value":140.7985177092,"DemBarE":0,"DemBarP":0,"BarRetP":0},{"id":194,"time":63,"name":"Sauzal154","marginal_cost":123.1530035598,"value":123.1530035598,"DemBarE":0,"DemBarP":0,"BarRetP":0},{"id":194,"time":64,"name":"Sauzal154","marginal_cost":140.856259177,"value":140.856259177,"DemBarE":0,"DemBarP":0,"BarRetP":0},{"id":194,"time":65,"name":"Sauzal154","marginal_cost":140.372554272,"value":140.372554272,"DemBarE":0,"DemBarP":0,"BarRetP":0},{"id":194,"time":66,"name":"Sauzal154","marginal_cost":140.372554272,"value":140.372554272,"DemBarE":0,"DemBarP":0,"BarRetP":0},{"id":194,"time":67,"name":"Sauzal154","marginal_cost":174.1983563312,"value":174.1983563312,"DemBarE":0,"DemBarP":0,"BarRetP":0},{"id":194,"time":68,"name":"Sauzal154","marginal_cost":168.1897268452,"value":168.1897268452,"DemBarE":0,"DemBarP":0,"BarRetP":0},{"id":194,"time":69,"name":"Sauzal154","marginal_cost":168.1897268452,"value":168.1897268452,"DemBarE":0,"DemBarP":0,"BarRetP":0},{"id":194,"time":70,"name":"Sauzal154","marginal_cost":164.7282415216,"value":164.7282415216,"DemBarE":0,"DemBarP":0,"BarRetP":0},{"id":194,"time":71,"name":"Sauzal154","marginal_cost":157.2732115849,"value":157.2732115849,"DemBarE":0,"DemBarP":0,"BarRetP":0},{"id":194,"time":72,"name":"Sauzal154","marginal_cost":157.096806866,"value":157.096806866,"DemBarE":0,"DemBarP":0,"BarRetP":0},{"id":194,"time":73,"name":"Sauzal154","marginal_cost":157.6203638647,"value":157.6203638647,"DemBarE":0,"DemBarP":0,"BarRetP":0},{"id":194,"time":74,"name":"Sauzal154","marginal_cost":154.1456507157,"value":154.1456507157,"DemBarE":0,"DemBarP":0,"BarRetP":0},{"id":194,"time":75,"name":"Sauzal154","marginal_cost":139.4426984577,"value":139.4426984577,"DemBarE":0,"DemBarP":0,"BarRetP":0},{"id":194,"time":76,"name":"Sauzal154","marginal_cost":139.4426984577,"value":139.4426984577,"DemBarE":0,"DemBarP":0,"BarRetP":0},{"id":194,"time":77,"name":"Sauzal154","marginal_cost":139.4426984577,"value":139.4426984577,"DemBarE":0,"DemBarP":0,"BarRetP":0},{"id":194,"time":78,"name":"Sauzal154","marginal_cost":139.4426984577,"value":139.4426984577,"DemBarE":0,"DemBarP":0,"BarRetP":0},{"id":194,"time":79,"name":"Sauzal154","marginal_cost":139.4426984577,"value":139.4426984577,"DemBarE":0,"DemBarP":0,"BarRetP":0},{"id":194,"time":80,"name":"Sauzal154","marginal_cost":131.0126857836,"value":131.0126857836,"DemBarE":0,"DemBarP":0,"BarRetP":0},{"id":194,"time":81,"name":"Sauzal154","marginal_cost":131.0126857836,"value":131.0126857836,"DemBarE":0,"DemBarP":0,"BarRetP":0},{"id":194,"time":82,"name":"Sauzal154","marginal_cost":99.9418197423,"value":99.9418197423,"DemBarE":0,"DemBarP":0,"BarRetP":0},{"id":194,"time":83,"name":"Sauzal154","marginal_cost":99.9418197423,"value":99.9418197423,"DemBarE":0,"DemBarP":0,"BarRetP":0},{"id":194,"time":84,"name":"Sauzal154","marginal_cost":127.7212147565,"value":127.7212147565,"DemBarE":0,"DemBarP":0,"BarRetP":0},{"id":194,"time":85,"name":"Sauzal154","marginal_cost":127.7212147565,"value":127.7212147565,"DemBarE":0,"DemBarP":0,"BarRetP":0},{"id":194,"time":86,"name":"Sauzal154","marginal_cost":138.9796607794,"value":138.9796607794,"DemBarE":0,"DemBarP":0,"BarRetP":0},{"id":194,"time":87,"name":"Sauzal154","marginal_cost":138.9796607794,"value":138.9796607794,"DemBarE":0,"DemBarP":0,"BarRetP":0},{"id":194,"time":88,"name":"Sauzal154","marginal_cost":138.9796607794,"value":138.9796607794,"DemBarE":0,"DemBarP":0,"BarRetP":0},{"id":194,"time":89,"name":"Sauzal154","marginal_cost":138.9796607794,"value":138.9796607794,"DemBarE":0,"DemBarP":0,"BarRetP":0},{"id":194,"time":90,"name":"Sauzal154","marginal_cost":138.9796607794,"value":138.9796607794,"DemBarE":0,"DemBarP":0,"BarRetP":0},{"id":194,"time":91,"name":"Sauzal154","marginal_cost":161.2766014948,"value":161.2766014948,"DemBarE":0,"DemBarP":0,"BarRetP":0},{"id":194,"time":92,"name":"Sauzal154","marginal_cost":161.2766014948,"value":161.2766014948,"DemBarE":0,"DemBarP":0,"BarRetP":0},{"id":194,"time":93,"name":"Sauzal154","marginal_cost":163.6224466427,"value":163.6224466427,"DemBarE":0,"DemBarP":0,"BarRetP":0},{"id":194,"time":94,"name":"Sauzal154","marginal_cost":160.509710892,"value":160.509710892,"DemBarE":0,"DemBarP":0,"BarRetP":0},{"id":194,"time":95,"name":"Sauzal154","marginal_cost":158.7452110704,"value":158.7452110704,"DemBarE":0,"DemBarP":0,"BarRetP":0},{"id":194,"time":96,"name":"Sauzal154","marginal_cost":159.2017246832,"value":159.2017246832,"DemBarE":0,"DemBarP":0,"BarRetP":0},{"id":194,"time":97,"name":"Sauzal154","marginal_cost":159.4459738395,"value":159.4459738395,"DemBarE":0,"DemBarP":0,"BarRetP":0},{"id":194,"time":98,"name":"Sauzal154","marginal_cost":153.4404572428,"value":153.4404572428,"DemBarE":0,"DemBarP":0,"BarRetP":0},{"id":194,"time":99,"name":"Sauzal154","marginal_cost":152.7378357895,"value":152.7378357895,"DemBarE":0,"DemBarP":0,"BarRetP":0},{"id":194,"time":100,"name":"Sauzal154","marginal_cost":152.5102236687,"value":152.5102236687,"DemBarE":0,"DemBarP":0,"BarRetP":0},{"id":194,"time":101,"name":"Sauzal154","marginal_cost":152.5102236687,"value":152.5102236687,"DemBarE":0,"DemBarP":0,"BarRetP":0},{"id":194,"time":102,"name":"Sauzal154","marginal_cost":152.5102236687,"value":152.5102236687,"DemBarE":0,"DemBarP":0,"BarRetP":0},{"id":194,"time":103,"name":"Sauzal154","marginal_cost":160.4148828237,"value":160.4148828237,"DemBarE":0,"DemBarP":0,"BarRetP":0},{"id":194,"time":104,"name":"Sauzal154","marginal_cost":163.7464143572,"value":163.7464143572,"DemBarE":0,"DemBarP":0,"BarRetP":0},{"id":194,"time":105,"name":"Sauzal154","marginal_cost":163.7464143572,"value":163.7464143572,"DemBarE":0,"DemBarP":0,"BarRetP":0},{"id":194,"time":106,"name":"Sauzal154","marginal_cost":159.8866556046,"value":159.8866556046,"DemBarE":0,"DemBarP":0,"BarRetP":0},{"id":194,"time":107,"name":"Sauzal154","marginal_cost":159.8356693736,"value":159.8356693736,"DemBarE":0,"DemBarP":0,"BarRetP":0},{"id":194,"time":108,"name":"Sauzal154","marginal_cost":159.9990107347,"value":159.9990107347,"DemBarE":0,"DemBarP":0,"BarRetP":0},{"id":194,"time":109,"name":"Sauzal154","marginal_cost":159.9990107347,"value":159.9990107347,"DemBarE":0,"DemBarP":0,"BarRetP":0},{"id":194,"time":110,"name":"Sauzal154","marginal_cost":160.1887081945,"value":160.1887081945,"DemBarE":0,"DemBarP":0,"BarRetP":0},{"id":194,"time":111,"name":"Sauzal154","marginal_cost":160.7052486593,"value":160.7052486593,"DemBarE":0,"DemBarP":0,"BarRetP":0},{"id":194,"time":112,"name":"Sauzal154","marginal_cost":160.7052486593,"value":160.7052486593,"DemBarE":0,"DemBarP":0,"BarRetP":0},{"id":194,"time":113,"name":"Sauzal154","marginal_cost":163.3711904759,"value":163.3711904759,"DemBarE":0,"DemBarP":0,"BarRetP":0},{"id":194,"time":114,"name":"Sauzal154","marginal_cost":163.3711904759,"value":163.3711904759,"DemBarE":0,"DemBarP":0,"BarRetP":0},{"id":194,"time":115,"name":"Sauzal154","marginal_cost":163.3711904759,"value":163.3711904759,"DemBarE":0,"DemBarP":0,"BarRetP":0},{"id":194,"time":116,"name":"Sauzal154","marginal_cost":166.9529484616,"value":166.9529484616,"DemBarE":0,"DemBarP":0,"BarRetP":0},{"id":194,"time":117,"name":"Sauzal154","marginal_cost":166.9529484616,"value":166.9529484616,"DemBarE":0,"DemBarP":0,"BarRetP":0},{"id":194,"time":118,"name":"Sauzal154","marginal_cost":166.9529484616,"value":166.9529484616,"DemBarE":0,"DemBarP":0,"BarRetP":0},{"id":194,"time":119,"name":"Sauzal154","marginal_cost":166.9689522503,"value":166.9689522503,"DemBarE":0,"DemBarP":0,"BarRetP":0},{"id":194,"time":120,"name":"Sauzal154","marginal_cost":164.4196081416,"value":164.4196081416,"DemBarE":0,"DemBarP":0,"BarRetP":0},{"id":194,"time":121,"name":"Sauzal154","marginal_cost":159.661592882,"value":159.661592882,"DemBarE":0,"DemBarP":0,"BarRetP":0},{"id":194,"time":122,"name":"Sauzal154","marginal_cost":159.061294585,"value":159.061294585,"DemBarE":0,"DemBarP":0,"BarRetP":0},{"id":194,"time":123,"name":"Sauzal154","marginal_cost":154.4245357325,"value":154.4245357325,"DemBarE":0,"DemBarP":0,"BarRetP":0},{"id":194,"time":124,"name":"Sauzal154","marginal_cost":154.4245357325,"value":154.4245357325,"DemBarE":0,"DemBarP":0,"BarRetP":0},{"id":194,"time":125,"name":"Sauzal154","marginal_cost":154.4245357325,"value":154.4245357325,"DemBarE":0,"DemBarP":0,"BarRetP":0},{"id":194,"time":126,"name":"Sauzal154","marginal_cost":154.4245357325,"value":154.4245357325,"DemBarE":0,"DemBarP":0,"BarRetP":0},{"id":194,"time":127,"name":"Sauzal154","marginal_cost":162.6346623615,"value":162.6346623615,"DemBarE":0,"DemBarP":0,"BarRetP":0},{"id":194,"time":128,"name":"Sauzal154","marginal_cost":169.4322580323,"value":169.4322580323,"DemBarE":0,"DemBarP":0,"BarRetP":0},{"id":194,"time":129,"name":"Sauzal154","marginal_cost":165.0868407057,"value":165.0868407057,"DemBarE":0,"DemBarP":0,"BarRetP":0},{"id":194,"time":130,"name":"Sauzal154","marginal_cost":168.0040212714,"value":168.0040212714,"DemBarE":0,"DemBarP":0,"BarRetP":0},{"id":194,"time":131,"name":"Sauzal154","marginal_cost":167.4046420761,"value":167.4046420761,"DemBarE":0,"DemBarP":0,"BarRetP":0},{"id":194,"time":132,"name":"Sauzal154","marginal_cost":168.7541753785,"value":168.7541753785,"DemBarE":0,"DemBarP":0,"BarRetP":0},{"id":194,"time":133,"name":"Sauzal154","marginal_cost":167.7110387853,"value":167.7110387853,"DemBarE":0,"DemBarP":0,"BarRetP":0},{"id":194,"time":134,"name":"Sauzal154","marginal_cost":167.7110387853,"value":167.7110387853,"DemBarE":0,"DemBarP":0,"BarRetP":0},{"id":194,"time":135,"name":"Sauzal154","marginal_cost":167.7110387853,"value":167.7110387853,"DemBarE":0,"DemBarP":0,"BarRetP":0},{"id":194,"time":136,"name":"Sauzal154","marginal_cost":167.7110387853,"value":167.7110387853,"DemBarE":0,"DemBarP":0,"BarRetP":0},{"id":194,"time":137,"name":"Sauzal154","marginal_cost":167.989890437,"value":167.989890437,"DemBarE":0,"DemBarP":0,"BarRetP":0},{"id":194,"time":138,"name":"Sauzal154","marginal_cost":167.989890437,"value":167.989890437,"DemBarE":0,"DemBarP":0,"BarRetP":0},{"id":194,"time":139,"name":"Sauzal154","marginal_cost":167.989890437,"value":167.989890437,"DemBarE":0,"DemBarP":0,"BarRetP":0},{"id":194,"time":140,"name":"Sauzal154","marginal_cost":167.989890437,"value":167.989890437,"DemBarE":0,"DemBarP":0,"BarRetP":0},{"id":194,"time":141,"name":"Sauzal154","marginal_cost":167.989890437,"value":167.989890437,"DemBarE":0,"DemBarP":0,"BarRetP":0},{"id":194,"time":142,"name":"Sauzal154","marginal_cost":167.989890437,"value":167.989890437,"DemBarE":0,"DemBarP":0,"BarRetP":0},{"id":194,"time":143,"name":"Sauzal154","marginal_cost":166.7635304366,"value":166.7635304366,"DemBarE":0,"DemBarP":0,"BarRetP":0},{"id":194,"time":144,"name":"Sauzal154","marginal_cost":168.0605035003,"value":168.0605035003,"DemBarE":0,"DemBarP":0,"BarRetP":0},{"id":194,"time":145,"name":"Sauzal154","marginal_cost":165.1860441185,"value":165.1860441185,"DemBarE":0,"DemBarP":0,"BarRetP":0},{"id":194,"time":146,"name":"Sauzal154","marginal_cost":163.7261050316,"value":163.7261050316,"DemBarE":0,"DemBarP":0,"BarRetP":0},{"id":194,"time":147,"name":"Sauzal154","marginal_cost":160.5775567233,"value":160.5775567233,"DemBarE":0,"DemBarP":0,"BarRetP":0},{"id":194,"time":148,"name":"Sauzal154","marginal_cost":160.5775567233,"value":160.5775567233,"DemBarE":0,"DemBarP":0,"BarRetP":0},{"id":194,"time":149,"name":"Sauzal154","marginal_cost":160.5775567233,"value":160.5775567233,"DemBarE":0,"DemBarP":0,"BarRetP":0},{"id":194,"time":150,"name":"Sauzal154","marginal_cost":160.5775567233,"value":160.5775567233,"DemBarE":0,"DemBarP":0,"BarRetP":0},{"id":194,"time":151,"name":"Sauzal154","marginal_cost":165.5642413965,"value":165.5642413965,"DemBarE":0,"DemBarP":0,"BarRetP":0},{"id":194,"time":152,"name":"Sauzal154","marginal_cost":168.1849376016,"value":168.1849376016,"DemBarE":0,"DemBarP":0,"BarRetP":0},{"id":194,"time":153,"name":"Sauzal154","marginal_cost":168.1849376016,"value":168.1849376016,"DemBarE":0,"DemBarP":0,"BarRetP":0},{"id":194,"time":154,"name":"Sauzal154","marginal_cost":166.4240893441,"value":166.4240893441,"DemBarE":0,"DemBarP":0,"BarRetP":0},{"id":194,"time":155,"name":"Sauzal154","marginal_cost":166.4240893441,"value":166.4240893441,"DemBarE":0,"DemBarP":0,"BarRetP":0},{"id":194,"time":156,"name":"Sauzal154","marginal_cost":167.163520578,"value":167.163520578,"DemBarE":0,"DemBarP":0,"BarRetP":0},{"id":194,"time":157,"name":"Sauzal154","marginal_cost":166.7054783621,"value":166.7054783621,"DemBarE":0,"DemBarP":0,"BarRetP":0},{"id":194,"time":158,"name":"Sauzal154","marginal_cost":166.7054783621,"value":166.7054783621,"DemBarE":0,"DemBarP":0,"BarRetP":0},{"id":194,"time":159,"name":"Sauzal154","marginal_cost":166.7054783621,"value":166.7054783621,"DemBarE":0,"DemBarP":0,"BarRetP":0},{"id":194,"time":160,"name":"Sauzal154","marginal_cost":166.427658172,"value":166.427658172,"DemBarE":0,"DemBarP":0,"BarRetP":0},{"id":194,"time":161,"name":"Sauzal154","marginal_cost":166.427658172,"value":166.427658172,"DemBarE":0,"DemBarP":0,"BarRetP":0},{"id":194,"time":162,"name":"Sauzal154","marginal_cost":166.187443273,"value":166.187443273,"DemBarE":0,"DemBarP":0,"BarRetP":0},{"id":194,"time":163,"name":"Sauzal154","marginal_cost":169.7600643581,"value":169.7600643581,"DemBarE":0,"DemBarP":0,"BarRetP":0},{"id":194,"time":164,"name":"Sauzal154","marginal_cost":169.7600643581,"value":169.7600643581,"DemBarE":0,"DemBarP":0,"BarRetP":0},{"id":194,"time":165,"name":"Sauzal154","marginal_cost":169.7600643581,"value":169.7600643581,"DemBarE":0,"DemBarP":0,"BarRetP":0},{"id":194,"time":166,"name":"Sauzal154","marginal_cost":169.7600643581,"value":169.7600643581,"DemBarE":0,"DemBarP":0,"BarRetP":0},{"id":194,"time":167,"name":"Sauzal154","marginal_cost":168.5698549633,"value":168.5698549633,"DemBarE":0,"DemBarP":0,"BarRetP":0},{"id":194,"time":168,"name":"Sauzal154","marginal_cost":169.1597612933,"value":169.1597612933,"DemBarE":0,"DemBarP":0,"BarRetP":0}]