[{"id":184,"time":1,"name":"Rapel220","marginal_cost":163.2549809934,"value":163.2549809934,"DemBarE":0,"DemBarP":0,"BarRetP":0},{"id":184,"time":2,"name":"Rapel220","marginal_cost":163.1294422888,"value":163.1294422888,"DemBarE":0,"DemBarP":0,"BarRetP":0},{"id":184,"time":3,"name":"Rapel220","marginal_cost":161.683215721,"value":161.683215721,"DemBarE":0,"DemBarP":0,"BarRetP":0},{"id":184,"time":4,"name":"Rapel220","marginal_cost":160.5623670736,"value":160.5623670736,"DemBarE":0,"DemBarP":0,"BarRetP":0},{"id":184,"time":5,"name":"Rapel220","marginal_cost":142.3460123878,"value":142.3460123878,"DemBarE":0,"DemBarP":0,"BarRetP":0},{"id":184,"time":6,"name":"Rapel220","marginal_cost":124.5676091814,"value":124.5676091814,"DemBarE":0,"DemBarP":0,"BarRetP":0},{"id":184,"time":7,"name":"Rapel220","marginal_cost":170.4592507308,"value":170.4592507308,"DemBarE":0,"DemBarP":0,"BarRetP":0},{"id":184,"time":8,"name":"Rapel220","marginal_cost":164.3159628783,"value":164.3159628783,"DemBarE":0,"DemBarP":0,"BarRetP":0},{"id":184,"time":9,"name":"Rapel220","marginal_cost":163.716845847,"value":163.716845847,"DemBarE":0,"DemBarP":0,"BarRetP":0},{"id":184,"time":10,"name":"Rapel220","marginal_cost":162.1328727887,"value":162.1328727887,"DemBarE":0,"DemBarP":0,"BarRetP":0},{"id":184,"time":11,"name":"Rapel220","marginal_cost":162.3544739613,"value":162.3544739613,"DemBarE":0,"DemBarP":0,"BarRetP":0},{"id":184,"time":12,"name":"Rapel220","marginal_cost":162.2380234389,"value":162.2380234389,"DemBarE":0,"DemBarP":0,"BarRetP":0},{"id":184,"time":13,"name":"Rapel220","marginal_cost":160.1225425877,"value":160.1225425877,"DemBarE":0,"DemBarP":0,"BarRetP":0},{"id":184,"time":14,"name":"Rapel220","marginal_cost":160.787112322,"value":160.787112322,"DemBarE":0,"DemBarP":0,"BarRetP":0},{"id":184,"time":15,"name":"Rapel220","marginal_cost":161.1188747079,"value":161.1188747079,"DemBarE":0,"DemBarP":0,"BarRetP":0},{"id":184,"time":16,"name":"Rapel220","marginal_cost":160.7111622453,"value":160.7111622453,"DemBarE":0,"DemBarP":0,"BarRetP":0},{"id":184,"time":17,"name":"Rapel220","marginal_cost":161.6110281448,"value":161.6110281448,"DemBarE":0,"DemBarP":0,"BarRetP":0},{"id":184,"time":18,"name":"Rapel220","marginal_cost":163.3254368508,"value":163.3254368508,"DemBarE":0,"DemBarP":0,"BarRetP":0},{"id":184,"time":19,"name":"Rapel220","marginal_cost":170.6047093052,"value":170.6047093052,"DemBarE":0,"DemBarP":0,"BarRetP":0},{"id":184,"time":20,"name":"Rapel220","marginal_cost":173.0915986981,"value":173.0915986981,"DemBarE":0,"DemBarP":0,"BarRetP":0},{"id":184,"time":21,"name":"Rapel220","marginal_cost":163.886804421,"value":163.886804421,"DemBarE":0,"DemBarP":0,"BarRetP":0},{"id":184,"time":22,"name":"Rapel220","marginal_cost":175.4971523696,"value":175.4971523696,"DemBarE":0,"DemBarP":0,"BarRetP":0},{"id":184,"time":23,"name":"Rapel220","marginal_cost":170.1086971635,"value":170.1086971635,"DemBarE":0,"DemBarP":0,"BarRetP":0},{"id":184,"time":24,"name":"Rapel220","marginal_cost":172.3249106699,"value":172.3249106699,"DemBarE":0,"DemBarP":0,"BarRetP":0},{"id":184,"time":25,"name":"Rapel220","marginal_cost":162.3094658269,"value":162.3094658269,"DemBarE":0,"DemBarP":0,"BarRetP":0},{"id":184,"time":26,"name":"Rapel220","marginal_cost":161.8953255145,"value":161.8953255145,"DemBarE":0,"DemBarP":0,"BarRetP":0},{"id":184,"time":27,"name":"Rapel220","marginal_cost":161.6175531066,"value":161.6175531066,"DemBarE":0,"DemBarP":0,"BarRetP":0},{"id":184,"time":28,"name":"Rapel220","marginal_cost":161.5655654381,"value":161.5655654381,"DemBarE":0,"DemBarP":0,"BarRetP":0},{"id":184,"time":29,"name":"Rapel220","marginal_cost":160.5312794252,"value":160.5312794252,"DemBarE":0,"DemBarP":0,"BarRetP":0},{"id":184,"time":30,"name":"Rapel220","marginal_cost":162.3408907246,"value":162.3408907246,"DemBarE":0,"DemBarP":0,"BarRetP":0},{"id":184,"time":31,"name":"Rapel220","marginal_cost":165.9226821944,"value":165.9226821944,"DemBarE":0,"DemBarP":0,"BarRetP":0},{"id":184,"time":32,"name":"Rapel220","marginal_cost":173.4832224414,"value":173.4832224414,"DemBarE":0,"DemBarP":0,"BarRetP":0},{"id":184,"time":33,"name":"Rapel220","marginal_cost":163.6966950465,"value":163.6966950465,"DemBarE":0,"DemBarP":0,"BarRetP":0},{"id":184,"time":34,"name":"Rapel220","marginal_cost":164.2854850727,"value":164.2854850727,"DemBarE":0,"DemBarP":0,"BarRetP":0},{"id":184,"time":35,"name":"Rapel220","marginal_cost":164.3671075036,"value":164.3671075036,"DemBarE":0,"DemBarP":0,"BarRetP":0},{"id":184,"time":36,"name":"Rapel220","marginal_cost":163.760567414,"value":163.760567414,"DemBarE":0,"DemBarP":0,"BarRetP":0},{"id":184,"time":37,"name":"Rapel220","marginal_cost":162.6229130579,"value":162.6229130579,"DemBarE":0,"DemBarP":0,"BarRetP":0},{"id":184,"time":38,"name":"Rapel220","marginal_cost":162.6229130579,"value":162.6229130579,"DemBarE":0,"DemBarP":0,"BarRetP":0},{"id":184,"time":39,"name":"Rapel220","marginal_cost":162.6229130579,"value":162.6229130579,"DemBarE":0,"DemBarP":0,"BarRetP":0},{"id":184,"time":40,"name":"Rapel220","marginal_cost":162.6229130579,"value":162.6229130579,"DemBarE":0,"DemBarP":0,"BarRetP":0},{"id":184,"time":41,"name":"Rapel220","marginal_cost":162.8639942177,"value":162.8639942177,"DemBarE":0,"DemBarP":0,"BarRetP":0},{"id":184,"time":42,"name":"Rapel220","marginal_cost":162.0773882648,"value":162.0773882648,"DemBarE":0,"DemBarP":0,"BarRetP":0},{"id":184,"time":43,"name":"Rapel220","marginal_cost":159.0503677963,"value":159.0503677963,"DemBarE":0,"DemBarP":0,"BarRetP":0},{"id":184,"time":44,"name":"Rapel220","marginal_cost":159.0503677963,"value":159.0503677963,"DemBarE":0,"DemBarP":0,"BarRetP":0},{"id":184,"time":45,"name":"Rapel220","marginal_cost":166.2918527172,"value":166.2918527172,"DemBarE":0,"DemBarP":0,"BarRetP":0},{"id":184,"time":46,"name":"Rapel220","marginal_cost":166.1814818121,"value":166.1814818121,"DemBarE":0,"DemBarP":0,"BarRetP":0},{"id":184,"time":47,"name":"Rapel220","marginal_cost":164.5405622639,"value":164.5405622639,"DemBarE":0,"DemBarP":0,"BarRetP":0},{"id":184,"time":48,"name":"Rapel220","marginal_cost":162.8933766158,"value":162.8933766158,"DemBarE":0,"DemBarP":0,"BarRetP":0},{"id":184,"time":49,"name":"Rapel220","marginal_cost":154.2395393935,"value":154.2395393935,"DemBarE":0,"DemBarP":0,"BarRetP":0},{"id":184,"time":50,"name":"Rapel220","marginal_cost":156.8178417722,"value":156.8178417722,"DemBarE":0,"DemBarP":0,"BarRetP":0},{"id":184,"time":51,"name":"Rapel220","marginal_cost":157.5176517141,"value":157.5176517141,"DemBarE":0,"DemBarP":0,"BarRetP":0},{"id":184,"time":52,"name":"Rapel220","marginal_cost":139.1543379633,"value":139.1543379633,"DemBarE":0,"DemBarP":0,"BarRetP":0},{"id":184,"time":53,"name":"Rapel220","marginal_cost":139.1543379633,"value":139.1543379633,"DemBarE":0,"DemBarP":0,"BarRetP":0},{"id":184,"time":54,"name":"Rapel220","marginal_cost":139.080272097,"value":139.080272097,"DemBarE":0,"DemBarP":0,"BarRetP":0},{"id":184,"time":55,"name":"Rapel220","marginal_cost":140.1053491191,"value":140.1053491191,"DemBarE":0,"DemBarP":0,"BarRetP":0},{"id":184,"time":56,"name":"Rapel220","marginal_cost":140.7668901544,"value":140.7668901544,"DemBarE":0,"DemBarP":0,"BarRetP":0},{"id":184,"time":57,"name":"Rapel220","marginal_cost":127.4588322751,"value":127.4588322751,"DemBarE":0,"DemBarP":0,"BarRetP":0},{"id":184,"time":58,"name":"Rapel220","marginal_cost":141.1889723642,"value":141.1889723642,"DemBarE":0,"DemBarP":0,"BarRetP":0},{"id":184,"time":59,"name":"Rapel220","marginal_cost":110.4206818448,"value":110.4206818448,"DemBarE":0,"DemBarP":0,"BarRetP":0},{"id":184,"time":60,"name":"Rapel220","marginal_cost":139.8067397308,"value":139.8067397308,"DemBarE":0,"DemBarP":0,"BarRetP":0},{"id":184,"time":61,"name":"Rapel220","marginal_cost":138.837195424,"value":138.837195424,"DemBarE":0,"DemBarP":0,"BarRetP":0},{"id":184,"time":62,"name":"Rapel220","marginal_cost":138.837195424,"value":138.837195424,"DemBarE":0,"DemBarP":0,"BarRetP":0},{"id":184,"time":63,"name":"Rapel220","marginal_cost":121.7070959314,"value":121.7070959314,"DemBarE":0,"DemBarP":0,"BarRetP":0},{"id":184,"time":64,"name":"Rapel220","marginal_cost":138.9908400591,"value":138.9908400591,"DemBarE":0,"DemBarP":0,"BarRetP":0},{"id":184,"time":65,"name":"Rapel220","marginal_cost":139.6371276697,"value":139.6371276697,"DemBarE":0,"DemBarP":0,"BarRetP":0},{"id":184,"time":66,"name":"Rapel220","marginal_cost":139.6371276697,"value":139.6371276697,"DemBarE":0,"DemBarP":0,"BarRetP":0},{"id":184,"time":67,"name":"Rapel220","marginal_cost":161.4638156553,"value":161.4638156553,"DemBarE":0,"DemBarP":0,"BarRetP":0},{"id":184,"time":68,"name":"Rapel220","marginal_cost":160.7202004668,"value":160.7202004668,"DemBarE":0,"DemBarP":0,"BarRetP":0},{"id":184,"time":69,"name":"Rapel220","marginal_cost":160.7202004668,"value":160.7202004668,"DemBarE":0,"DemBarP":0,"BarRetP":0},{"id":184,"time":70,"name":"Rapel220","marginal_cost":168.2544177735,"value":168.2544177735,"DemBarE":0,"DemBarP":0,"BarRetP":0},{"id":184,"time":71,"name":"Rapel220","marginal_cost":160.2687572552,"value":160.2687572552,"DemBarE":0,"DemBarP":0,"BarRetP":0},{"id":184,"time":72,"name":"Rapel220","marginal_cost":158.7813845522,"value":158.7813845522,"DemBarE":0,"DemBarP":0,"BarRetP":0},{"id":184,"time":73,"name":"Rapel220","marginal_cost":158.3021240619,"value":158.3021240619,"DemBarE":0,"DemBarP":0,"BarRetP":0},{"id":184,"time":74,"name":"Rapel220","marginal_cost":155.4498654246,"value":155.4498654246,"DemBarE":0,"DemBarP":0,"BarRetP":0},{"id":184,"time":75,"name":"Rapel220","marginal_cost":140.2609126168,"value":140.2609126168,"DemBarE":0,"DemBarP":0,"BarRetP":0},{"id":184,"time":76,"name":"Rapel220","marginal_cost":140.2609126168,"value":140.2609126168,"DemBarE":0,"DemBarP":0,"BarRetP":0},{"id":184,"time":77,"name":"Rapel220","marginal_cost":140.2609126168,"value":140.2609126168,"DemBarE":0,"DemBarP":0,"BarRetP":0},{"id":184,"time":78,"name":"Rapel220","marginal_cost":140.2609126168,"value":140.2609126168,"DemBarE":0,"DemBarP":0,"BarRetP":0},{"id":184,"time":79,"name":"Rapel220","marginal_cost":140.2609126168,"value":140.2609126168,"DemBarE":0,"DemBarP":0,"BarRetP":0},{"id":184,"time":80,"name":"Rapel220","marginal_cost":130.5227535432,"value":130.5227535432,"DemBarE":0,"DemBarP":0,"BarRetP":0},{"id":184,"time":81,"name":"Rapel220","marginal_cost":130.5227535432,"value":130.5227535432,"DemBarE":0,"DemBarP":0,"BarRetP":0},{"id":184,"time":82,"name":"Rapel220","marginal_cost":99.431450054,"value":99.431450054,"DemBarE":0,"DemBarP":0,"BarRetP":0},{"id":184,"time":83,"name":"Rapel220","marginal_cost":99.431450054,"value":99.431450054,"DemBarE":0,"DemBarP":0,"BarRetP":0},{"id":184,"time":84,"name":"Rapel220","marginal_cost":127.0000296203,"value":127.0000296203,"DemBarE":0,"DemBarP":0,"BarRetP":0},{"id":184,"time":85,"name":"Rapel220","marginal_cost":127.0000296203,"value":127.0000296203,"DemBarE":0,"DemBarP":0,"BarRetP":0},{"id":184,"time":86,"name":"Rapel220","marginal_cost":137.8831425063,"value":137.8831425063,"DemBarE":0,"DemBarP":0,"BarRetP":0},{"id":184,"time":87,"name":"Rapel220","marginal_cost":137.8831425063,"value":137.8831425063,"DemBarE":0,"DemBarP":0,"BarRetP":0},{"id":184,"time":88,"name":"Rapel220","marginal_cost":137.8831425063,"value":137.8831425063,"DemBarE":0,"DemBarP":0,"BarRetP":0},{"id":184,"time":89,"name":"Rapel220","marginal_cost":137.8831425063,"value":137.8831425063,"DemBarE":0,"DemBarP":0,"BarRetP":0},{"id":184,"time":90,"name":"Rapel220","marginal_cost":137.8831425063,"value":137.8831425063,"DemBarE":0,"DemBarP":0,"BarRetP":0},{"id":184,"time":91,"name":"Rapel220","marginal_cost":162.6374224597,"value":162.6374224597,"DemBarE":0,"DemBarP":0,"BarRetP":0},{"id":184,"time":92,"name":"Rapel220","marginal_cost":162.6374224597,"value":162.6374224597,"DemBarE":0,"DemBarP":0,"BarRetP":0},{"id":184,"time":93,"name":"Rapel220","marginal_cost":165.0582402631,"value":165.0582402631,"DemBarE":0,"DemBarP":0,"BarRetP":0},{"id":184,"time":94,"name":"Rapel220","marginal_cost":161.8331661665,"value":161.8331661665,"DemBarE":0,"DemBarP":0,"BarRetP":0},{"id":184,"time":95,"name":"Rapel220","marginal_cost":159.6797783784,"value":159.6797783784,"DemBarE":0,"DemBarP":0,"BarRetP":0},{"id":184,"time":96,"name":"Rapel220","marginal_cost":159.5211241486,"value":159.5211241486,"DemBarE":0,"DemBarP":0,"BarRetP":0},{"id":184,"time":97,"name":"Rapel220","marginal_cost":159.356817352,"value":159.356817352,"DemBarE":0,"DemBarP":0,"BarRetP":0},{"id":184,"time":98,"name":"Rapel220","marginal_cost":153.4515967641,"value":153.4515967641,"DemBarE":0,"DemBarP":0,"BarRetP":0},{"id":184,"time":99,"name":"Rapel220","marginal_cost":152.7786205315,"value":152.7786205315,"DemBarE":0,"DemBarP":0,"BarRetP":0},{"id":184,"time":100,"name":"Rapel220","marginal_cost":152.7806552311,"value":152.7806552311,"DemBarE":0,"DemBarP":0,"BarRetP":0},{"id":184,"time":101,"name":"Rapel220","marginal_cost":152.7806552311,"value":152.7806552311,"DemBarE":0,"DemBarP":0,"BarRetP":0},{"id":184,"time":102,"name":"Rapel220","marginal_cost":152.7806552311,"value":152.7806552311,"DemBarE":0,"DemBarP":0,"BarRetP":0},{"id":184,"time":103,"name":"Rapel220","marginal_cost":161.0116240699,"value":161.0116240699,"DemBarE":0,"DemBarP":0,"BarRetP":0},{"id":184,"time":104,"name":"Rapel220","marginal_cost":162.2891709043,"value":162.2891709043,"DemBarE":0,"DemBarP":0,"BarRetP":0},{"id":184,"time":105,"name":"Rapel220","marginal_cost":162.2891709043,"value":162.2891709043,"DemBarE":0,"DemBarP":0,"BarRetP":0},{"id":184,"time":106,"name":"Rapel220","marginal_cost":158.6233949444,"value":158.6233949444,"DemBarE":0,"DemBarP":0,"BarRetP":0},{"id":184,"time":107,"name":"Rapel220","marginal_cost":158.4314073744,"value":158.4314073744,"DemBarE":0,"DemBarP":0,"BarRetP":0},{"id":184,"time":108,"name":"Rapel220","marginal_cost":159.1098810361,"value":159.1098810361,"DemBarE":0,"DemBarP":0,"BarRetP":0},{"id":184,"time":109,"name":"Rapel220","marginal_cost":159.1098810361,"value":159.1098810361,"DemBarE":0,"DemBarP":0,"BarRetP":0},{"id":184,"time":110,"name":"Rapel220","marginal_cost":159.46255825,"value":159.46255825,"DemBarE":0,"DemBarP":0,"BarRetP":0},{"id":184,"time":111,"name":"Rapel220","marginal_cost":159.6072011484,"value":159.6072011484,"DemBarE":0,"DemBarP":0,"BarRetP":0},{"id":184,"time":112,"name":"Rapel220","marginal_cost":159.6072011484,"value":159.6072011484,"DemBarE":0,"DemBarP":0,"BarRetP":0},{"id":184,"time":113,"name":"Rapel220","marginal_cost":164.1447150848,"value":164.1447150848,"DemBarE":0,"DemBarP":0,"BarRetP":0},{"id":184,"time":114,"name":"Rapel220","marginal_cost":164.1447150848,"value":164.1447150848,"DemBarE":0,"DemBarP":0,"BarRetP":0},{"id":184,"time":115,"name":"Rapel220","marginal_cost":164.1447150848,"value":164.1447150848,"DemBarE":0,"DemBarP":0,"BarRetP":0},{"id":184,"time":116,"name":"Rapel220","marginal_cost":161.6937731547,"value":161.6937731547,"DemBarE":0,"DemBarP":0,"BarRetP":0},{"id":184,"time":117,"name":"Rapel220","marginal_cost":161.6937731547,"value":161.6937731547,"DemBarE":0,"DemBarP":0,"BarRetP":0},{"id":184,"time":118,"name":"Rapel220","marginal_cost":161.6937731547,"value":161.6937731547,"DemBarE":0,"DemBarP":0,"BarRetP":0},{"id":184,"time":119,"name":"Rapel220","marginal_cost":168.3651749751,"value":168.3651749751,"DemBarE":0,"DemBarP":0,"BarRetP":0},{"id":184,"time":120,"name":"Rapel220","marginal_cost":165.573995405,"value":165.573995405,"DemBarE":0,"DemBarP":0,"BarRetP":0},{"id":184,"time":121,"name":"Rapel220","marginal_cost":160.7234607143,"value":160.7234607143,"DemBarE":0,"DemBarP":0,"BarRetP":0},{"id":184,"time":122,"name":"Rapel220","marginal_cost":160.1109187936,"value":160.1109187936,"DemBarE":0,"DemBarP":0,"BarRetP":0},{"id":184,"time":123,"name":"Rapel220","marginal_cost":155.2905579303,"value":155.2905579303,"DemBarE":0,"DemBarP":0,"BarRetP":0},{"id":184,"time":124,"name":"Rapel220","marginal_cost":155.2905579303,"value":155.2905579303,"DemBarE":0,"DemBarP":0,"BarRetP":0},{"id":184,"time":125,"name":"Rapel220","marginal_cost":155.2905579303,"value":155.2905579303,"DemBarE":0,"DemBarP":0,"BarRetP":0},{"id":184,"time":126,"name":"Rapel220","marginal_cost":155.2905579303,"value":155.2905579303,"DemBarE":0,"DemBarP":0,"BarRetP":0},{"id":184,"time":127,"name":"Rapel220","marginal_cost":163.3075804865,"value":163.3075804865,"DemBarE":0,"DemBarP":0,"BarRetP":0},{"id":184,"time":128,"name":"Rapel220","marginal_cost":169.1731853571,"value":169.1731853571,"DemBarE":0,"DemBarP":0,"BarRetP":0},{"id":184,"time":129,"name":"Rapel220","marginal_cost":164.097327722,"value":164.097327722,"DemBarE":0,"DemBarP":0,"BarRetP":0},{"id":184,"time":130,"name":"Rapel220","marginal_cost":166.9702661331,"value":166.9702661331,"DemBarE":0,"DemBarP":0,"BarRetP":0},{"id":184,"time":131,"name":"Rapel220","marginal_cost":166.1176322253,"value":166.1176322253,"DemBarE":0,"DemBarP":0,"BarRetP":0},{"id":184,"time":132,"name":"Rapel220","marginal_cost":167.5161538122,"value":167.5161538122,"DemBarE":0,"DemBarP":0,"BarRetP":0},{"id":184,"time":133,"name":"Rapel220","marginal_cost":166.7091504171,"value":166.7091504171,"DemBarE":0,"DemBarP":0,"BarRetP":0},{"id":184,"time":134,"name":"Rapel220","marginal_cost":166.7091504171,"value":166.7091504171,"DemBarE":0,"DemBarP":0,"BarRetP":0},{"id":184,"time":135,"name":"Rapel220","marginal_cost":166.7091504171,"value":166.7091504171,"DemBarE":0,"DemBarP":0,"BarRetP":0},{"id":184,"time":136,"name":"Rapel220","marginal_cost":166.7091504171,"value":166.7091504171,"DemBarE":0,"DemBarP":0,"BarRetP":0},{"id":184,"time":137,"name":"Rapel220","marginal_cost":159.1953812656,"value":159.1953812656,"DemBarE":0,"DemBarP":0,"BarRetP":0},{"id":184,"time":138,"name":"Rapel220","marginal_cost":159.1953812656,"value":159.1953812656,"DemBarE":0,"DemBarP":0,"BarRetP":0},{"id":184,"time":139,"name":"Rapel220","marginal_cost":159.1953812656,"value":159.1953812656,"DemBarE":0,"DemBarP":0,"BarRetP":0},{"id":184,"time":140,"name":"Rapel220","marginal_cost":159.1953812656,"value":159.1953812656,"DemBarE":0,"DemBarP":0,"BarRetP":0},{"id":184,"time":141,"name":"Rapel220","marginal_cost":159.1953812656,"value":159.1953812656,"DemBarE":0,"DemBarP":0,"BarRetP":0},{"id":184,"time":142,"name":"Rapel220","marginal_cost":159.1953812656,"value":159.1953812656,"DemBarE":0,"DemBarP":0,"BarRetP":0},{"id":184,"time":143,"name":"Rapel220","marginal_cost":165.8963798462,"value":165.8963798462,"DemBarE":0,"DemBarP":0,"BarRetP":0},{"id":184,"time":144,"name":"Rapel220","marginal_cost":168.7838816085,"value":168.7838816085,"DemBarE":0,"DemBarP":0,"BarRetP":0},{"id":184,"time":145,"name":"Rapel220","marginal_cost":165.781193946,"value":165.781193946,"DemBarE":0,"DemBarP":0,"BarRetP":0},{"id":184,"time":146,"name":"Rapel220","marginal_cost":164.3765900853,"value":164.3765900853,"DemBarE":0,"DemBarP":0,"BarRetP":0},{"id":184,"time":147,"name":"Rapel220","marginal_cost":161.371897559,"value":161.371897559,"DemBarE":0,"DemBarP":0,"BarRetP":0},{"id":184,"time":148,"name":"Rapel220","marginal_cost":161.371897559,"value":161.371897559,"DemBarE":0,"DemBarP":0,"BarRetP":0},{"id":184,"time":149,"name":"Rapel220","marginal_cost":161.371897559,"value":161.371897559,"DemBarE":0,"DemBarP":0,"BarRetP":0},{"id":184,"time":150,"name":"Rapel220","marginal_cost":161.371897559,"value":161.371897559,"DemBarE":0,"DemBarP":0,"BarRetP":0},{"id":184,"time":151,"name":"Rapel220","marginal_cost":166.1737852371,"value":166.1737852371,"DemBarE":0,"DemBarP":0,"BarRetP":0},{"id":184,"time":152,"name":"Rapel220","marginal_cost":167.0361820563,"value":167.0361820563,"DemBarE":0,"DemBarP":0,"BarRetP":0},{"id":184,"time":153,"name":"Rapel220","marginal_cost":167.0361820563,"value":167.0361820563,"DemBarE":0,"DemBarP":0,"BarRetP":0},{"id":184,"time":154,"name":"Rapel220","marginal_cost":164.5654077709,"value":164.5654077709,"DemBarE":0,"DemBarP":0,"BarRetP":0},{"id":184,"time":155,"name":"Rapel220","marginal_cost":164.5654077709,"value":164.5654077709,"DemBarE":0,"DemBarP":0,"BarRetP":0},{"id":184,"time":156,"name":"Rapel220","marginal_cost":165.4096778133,"value":165.4096778133,"DemBarE":0,"DemBarP":0,"BarRetP":0},{"id":184,"time":157,"name":"Rapel220","marginal_cost":165.4303670198,"value":165.4303670198,"DemBarE":0,"DemBarP":0,"BarRetP":0},{"id":184,"time":158,"name":"Rapel220","marginal_cost":165.4303670198,"value":165.4303670198,"DemBarE":0,"DemBarP":0,"BarRetP":0},{"id":184,"time":159,"name":"Rapel220","marginal_cost":165.4303670198,"value":165.4303670198,"DemBarE":0,"DemBarP":0,"BarRetP":0},{"id":184,"time":160,"name":"Rapel220","marginal_cost":165.9426127354,"value":165.9426127354,"DemBarE":0,"DemBarP":0,"BarRetP":0},{"id":184,"time":161,"name":"Rapel220","marginal_cost":165.9426127354,"value":165.9426127354,"DemBarE":0,"DemBarP":0,"BarRetP":0},{"id":184,"time":162,"name":"Rapel220","marginal_cost":167.4031787585,"value":167.4031787585,"DemBarE":0,"DemBarP":0,"BarRetP":0},{"id":184,"time":163,"name":"Rapel220","marginal_cost":158.5292461077,"value":158.5292461077,"DemBarE":0,"DemBarP":0,"BarRetP":0},{"id":184,"time":164,"name":"Rapel220","marginal_cost":158.5292461077,"value":158.5292461077,"DemBarE":0,"DemBarP":0,"BarRetP":0},{"id":184,"time":165,"name":"Rapel220","marginal_cost":158.5292461077,"value":158.5292461077,"DemBarE":0,"DemBarP":0,"BarRetP":0},{"id":184,"time":166,"name":"Rapel220","marginal_cost":158.5292461077,"value":158.5292461077,"DemBarE":0,"DemBarP":0,"BarRetP":0},{"id":184,"time":167,"name":"Rapel220","marginal_cost":156.7691563453,"value":156.7691563453,"DemBarE":0,"DemBarP":0,"BarRetP":0},{"id":184,"time":168,"name":"Rapel220","marginal_cost":162.2888122976,"value":162.2888122976,"DemBarE":0,"DemBarP":0,"BarRetP":0}]