[{"id":151,"time":1,"name":"LVegas110","marginal_cost":157.8104386399,"value":157.8104386399,"DemBarE":0,"DemBarP":0,"BarRetP":0},{"id":151,"time":2,"name":"LVegas110","marginal_cost":157.9141203949,"value":157.9141203949,"DemBarE":0,"DemBarP":0,"BarRetP":0},{"id":151,"time":3,"name":"LVegas110","marginal_cost":156.7864996399,"value":156.7864996399,"DemBarE":0,"DemBarP":0,"BarRetP":0},{"id":151,"time":4,"name":"LVegas110","marginal_cost":155.8003382316,"value":155.8003382316,"DemBarE":0,"DemBarP":0,"BarRetP":0},{"id":151,"time":5,"name":"LVegas110","marginal_cost":138.0319949636,"value":138.0319949636,"DemBarE":0,"DemBarP":0,"BarRetP":0},{"id":151,"time":6,"name":"LVegas110","marginal_cost":120.7487512915,"value":120.7487512915,"DemBarE":0,"DemBarP":0,"BarRetP":0},{"id":151,"time":7,"name":"LVegas110","marginal_cost":164.8979742739,"value":164.8979742739,"DemBarE":0,"DemBarP":0,"BarRetP":0},{"id":151,"time":8,"name":"LVegas110","marginal_cost":168.3722547624,"value":168.3722547624,"DemBarE":0,"DemBarP":0,"BarRetP":0},{"id":151,"time":9,"name":"LVegas110","marginal_cost":157.9171262848,"value":157.9171262848,"DemBarE":0,"DemBarP":0,"BarRetP":0},{"id":151,"time":10,"name":"LVegas110","marginal_cost":156.3252956808,"value":156.3252956808,"DemBarE":0,"DemBarP":0,"BarRetP":0},{"id":151,"time":11,"name":"LVegas110","marginal_cost":156.2101530568,"value":156.2101530568,"DemBarE":0,"DemBarP":0,"BarRetP":0},{"id":151,"time":12,"name":"LVegas110","marginal_cost":156.5861554964,"value":156.5861554964,"DemBarE":0,"DemBarP":0,"BarRetP":0},{"id":151,"time":13,"name":"LVegas110","marginal_cost":156.1088096063,"value":156.1088096063,"DemBarE":0,"DemBarP":0,"BarRetP":0},{"id":151,"time":14,"name":"LVegas110","marginal_cost":155.5483325228,"value":155.5483325228,"DemBarE":0,"DemBarP":0,"BarRetP":0},{"id":151,"time":15,"name":"LVegas110","marginal_cost":155.9379976483,"value":155.9379976483,"DemBarE":0,"DemBarP":0,"BarRetP":0},{"id":151,"time":16,"name":"LVegas110","marginal_cost":155.5717043752,"value":155.5717043752,"DemBarE":0,"DemBarP":0,"BarRetP":0},{"id":151,"time":17,"name":"LVegas110","marginal_cost":156.7205451948,"value":156.7205451948,"DemBarE":0,"DemBarP":0,"BarRetP":0},{"id":151,"time":18,"name":"LVegas110","marginal_cost":158.5208922154,"value":158.5208922154,"DemBarE":0,"DemBarP":0,"BarRetP":0},{"id":151,"time":19,"name":"LVegas110","marginal_cost":178.6363469134,"value":178.6363469134,"DemBarE":0,"DemBarP":0,"BarRetP":0},{"id":151,"time":20,"name":"LVegas110","marginal_cost":180.4776079633,"value":180.4776079633,"DemBarE":0,"DemBarP":0,"BarRetP":0},{"id":151,"time":21,"name":"LVegas110","marginal_cost":171.2843869432,"value":171.2843869432,"DemBarE":0,"DemBarP":0,"BarRetP":0},{"id":151,"time":22,"name":"LVegas110","marginal_cost":169.3574052086,"value":169.3574052086,"DemBarE":0,"DemBarP":0,"BarRetP":0},{"id":151,"time":23,"name":"LVegas110","marginal_cost":167.0001083419,"value":167.0001083419,"DemBarE":0,"DemBarP":0,"BarRetP":0},{"id":151,"time":24,"name":"LVegas110","marginal_cost":166.550053251,"value":166.550053251,"DemBarE":0,"DemBarP":0,"BarRetP":0},{"id":151,"time":25,"name":"LVegas110","marginal_cost":157.1000747082,"value":157.1000747082,"DemBarE":0,"DemBarP":0,"BarRetP":0},{"id":151,"time":26,"name":"LVegas110","marginal_cost":156.8970942922,"value":156.8970942922,"DemBarE":0,"DemBarP":0,"BarRetP":0},{"id":151,"time":27,"name":"LVegas110","marginal_cost":156.7309179898,"value":156.7309179898,"DemBarE":0,"DemBarP":0,"BarRetP":0},{"id":151,"time":28,"name":"LVegas110","marginal_cost":156.656735219,"value":156.656735219,"DemBarE":0,"DemBarP":0,"BarRetP":0},{"id":151,"time":29,"name":"LVegas110","marginal_cost":155.6560345544,"value":155.6560345544,"DemBarE":0,"DemBarP":0,"BarRetP":0},{"id":151,"time":30,"name":"LVegas110","marginal_cost":157.1092667765,"value":157.1092667765,"DemBarE":0,"DemBarP":0,"BarRetP":0},{"id":151,"time":31,"name":"LVegas110","marginal_cost":162.923797365,"value":162.923797365,"DemBarE":0,"DemBarP":0,"BarRetP":0},{"id":151,"time":32,"name":"LVegas110","marginal_cost":168.4435485529,"value":168.4435485529,"DemBarE":0,"DemBarP":0,"BarRetP":0},{"id":151,"time":33,"name":"LVegas110","marginal_cost":157.0805879606,"value":157.0805879606,"DemBarE":0,"DemBarP":0,"BarRetP":0},{"id":151,"time":34,"name":"LVegas110","marginal_cost":157.5439859584,"value":157.5439859584,"DemBarE":0,"DemBarP":0,"BarRetP":0},{"id":151,"time":35,"name":"LVegas110","marginal_cost":157.5679214263,"value":157.5679214263,"DemBarE":0,"DemBarP":0,"BarRetP":0},{"id":151,"time":36,"name":"LVegas110","marginal_cost":157.3395605514,"value":157.3395605514,"DemBarE":0,"DemBarP":0,"BarRetP":0},{"id":151,"time":37,"name":"LVegas110","marginal_cost":156.9137016044,"value":156.9137016044,"DemBarE":0,"DemBarP":0,"BarRetP":0},{"id":151,"time":38,"name":"LVegas110","marginal_cost":156.9137016044,"value":156.9137016044,"DemBarE":0,"DemBarP":0,"BarRetP":0},{"id":151,"time":39,"name":"LVegas110","marginal_cost":156.9137016044,"value":156.9137016044,"DemBarE":0,"DemBarP":0,"BarRetP":0},{"id":151,"time":40,"name":"LVegas110","marginal_cost":156.9137016044,"value":156.9137016044,"DemBarE":0,"DemBarP":0,"BarRetP":0},{"id":151,"time":41,"name":"LVegas110","marginal_cost":157.2829754643,"value":157.2829754643,"DemBarE":0,"DemBarP":0,"BarRetP":0},{"id":151,"time":42,"name":"LVegas110","marginal_cost":157.2967314228,"value":157.2967314228,"DemBarE":0,"DemBarP":0,"BarRetP":0},{"id":151,"time":43,"name":"LVegas110","marginal_cost":162.8844046986,"value":162.8844046986,"DemBarE":0,"DemBarP":0,"BarRetP":0},{"id":151,"time":44,"name":"LVegas110","marginal_cost":162.8844046986,"value":162.8844046986,"DemBarE":0,"DemBarP":0,"BarRetP":0},{"id":151,"time":45,"name":"LVegas110","marginal_cost":162.6983845956,"value":162.6983845956,"DemBarE":0,"DemBarP":0,"BarRetP":0},{"id":151,"time":46,"name":"LVegas110","marginal_cost":161.7420884477,"value":161.7420884477,"DemBarE":0,"DemBarP":0,"BarRetP":0},{"id":151,"time":47,"name":"LVegas110","marginal_cost":159.445979352,"value":159.445979352,"DemBarE":0,"DemBarP":0,"BarRetP":0},{"id":151,"time":48,"name":"LVegas110","marginal_cost":157.4740144969,"value":157.4740144969,"DemBarE":0,"DemBarP":0,"BarRetP":0},{"id":151,"time":49,"name":"LVegas110","marginal_cost":149.6343896301,"value":149.6343896301,"DemBarE":0,"DemBarP":0,"BarRetP":0},{"id":151,"time":50,"name":"LVegas110","marginal_cost":152.2864890712,"value":152.2864890712,"DemBarE":0,"DemBarP":0,"BarRetP":0},{"id":151,"time":51,"name":"LVegas110","marginal_cost":153.2284657377,"value":153.2284657377,"DemBarE":0,"DemBarP":0,"BarRetP":0},{"id":151,"time":52,"name":"LVegas110","marginal_cost":135.5421451893,"value":135.5421451893,"DemBarE":0,"DemBarP":0,"BarRetP":0},{"id":151,"time":53,"name":"LVegas110","marginal_cost":135.5421451893,"value":135.5421451893,"DemBarE":0,"DemBarP":0,"BarRetP":0},{"id":151,"time":54,"name":"LVegas110","marginal_cost":135.6786911343,"value":135.6786911343,"DemBarE":0,"DemBarP":0,"BarRetP":0},{"id":151,"time":55,"name":"LVegas110","marginal_cost":136.3636453871,"value":136.3636453871,"DemBarE":0,"DemBarP":0,"BarRetP":0},{"id":151,"time":56,"name":"LVegas110","marginal_cost":136.2721261218,"value":136.2721261218,"DemBarE":0,"DemBarP":0,"BarRetP":0},{"id":151,"time":57,"name":"LVegas110","marginal_cost":124.0667303371,"value":124.0667303371,"DemBarE":0,"DemBarP":0,"BarRetP":0},{"id":151,"time":58,"name":"LVegas110","marginal_cost":137.4625760129,"value":137.4625760129,"DemBarE":0,"DemBarP":0,"BarRetP":0},{"id":151,"time":59,"name":"LVegas110","marginal_cost":107.0184369218,"value":107.0184369218,"DemBarE":0,"DemBarP":0,"BarRetP":0},{"id":151,"time":60,"name":"LVegas110","marginal_cost":135.0744701531,"value":135.0744701531,"DemBarE":0,"DemBarP":0,"BarRetP":0},{"id":151,"time":61,"name":"LVegas110","marginal_cost":134.1932452116,"value":134.1932452116,"DemBarE":0,"DemBarP":0,"BarRetP":0},{"id":151,"time":62,"name":"LVegas110","marginal_cost":134.1932452116,"value":134.1932452116,"DemBarE":0,"DemBarP":0,"BarRetP":0},{"id":151,"time":63,"name":"LVegas110","marginal_cost":118.0161744065,"value":118.0161744065,"DemBarE":0,"DemBarP":0,"BarRetP":0},{"id":151,"time":64,"name":"LVegas110","marginal_cost":135.1229424677,"value":135.1229424677,"DemBarE":0,"DemBarP":0,"BarRetP":0},{"id":151,"time":65,"name":"LVegas110","marginal_cost":135.7469607566,"value":135.7469607566,"DemBarE":0,"DemBarP":0,"BarRetP":0},{"id":151,"time":66,"name":"LVegas110","marginal_cost":135.7469607566,"value":135.7469607566,"DemBarE":0,"DemBarP":0,"BarRetP":0},{"id":151,"time":67,"name":"LVegas110","marginal_cost":168.8930694264,"value":168.8930694264,"DemBarE":0,"DemBarP":0,"BarRetP":0},{"id":151,"time":68,"name":"LVegas110","marginal_cost":162.8955334187,"value":162.8955334187,"DemBarE":0,"DemBarP":0,"BarRetP":0},{"id":151,"time":69,"name":"LVegas110","marginal_cost":162.8955334187,"value":162.8955334187,"DemBarE":0,"DemBarP":0,"BarRetP":0},{"id":151,"time":70,"name":"LVegas110","marginal_cost":162.4733676492,"value":162.4733676492,"DemBarE":0,"DemBarP":0,"BarRetP":0},{"id":151,"time":71,"name":"LVegas110","marginal_cost":154.8881988041,"value":154.8881988041,"DemBarE":0,"DemBarP":0,"BarRetP":0},{"id":151,"time":72,"name":"LVegas110","marginal_cost":153.5105294856,"value":153.5105294856,"DemBarE":0,"DemBarP":0,"BarRetP":0},{"id":151,"time":73,"name":"LVegas110","marginal_cost":153.7258407827,"value":153.7258407827,"DemBarE":0,"DemBarP":0,"BarRetP":0},{"id":151,"time":74,"name":"LVegas110","marginal_cost":152.2359718194,"value":152.2359718194,"DemBarE":0,"DemBarP":0,"BarRetP":0},{"id":151,"time":75,"name":"LVegas110","marginal_cost":136.697063806,"value":136.697063806,"DemBarE":0,"DemBarP":0,"BarRetP":0},{"id":151,"time":76,"name":"LVegas110","marginal_cost":136.697063806,"value":136.697063806,"DemBarE":0,"DemBarP":0,"BarRetP":0},{"id":151,"time":77,"name":"LVegas110","marginal_cost":136.697063806,"value":136.697063806,"DemBarE":0,"DemBarP":0,"BarRetP":0},{"id":151,"time":78,"name":"LVegas110","marginal_cost":136.697063806,"value":136.697063806,"DemBarE":0,"DemBarP":0,"BarRetP":0},{"id":151,"time":79,"name":"LVegas110","marginal_cost":136.697063806,"value":136.697063806,"DemBarE":0,"DemBarP":0,"BarRetP":0},{"id":151,"time":80,"name":"LVegas110","marginal_cost":126.7600092108,"value":126.7600092108,"DemBarE":0,"DemBarP":0,"BarRetP":0},{"id":151,"time":81,"name":"LVegas110","marginal_cost":126.7600092108,"value":126.7600092108,"DemBarE":0,"DemBarP":0,"BarRetP":0},{"id":151,"time":82,"name":"LVegas110","marginal_cost":98.6640905438,"value":98.6640905438,"DemBarE":0,"DemBarP":0,"BarRetP":0},{"id":151,"time":83,"name":"LVegas110","marginal_cost":98.6640905438,"value":98.6640905438,"DemBarE":0,"DemBarP":0,"BarRetP":0},{"id":151,"time":84,"name":"LVegas110","marginal_cost":123.7857093035,"value":123.7857093035,"DemBarE":0,"DemBarP":0,"BarRetP":0},{"id":151,"time":85,"name":"LVegas110","marginal_cost":123.7857093035,"value":123.7857093035,"DemBarE":0,"DemBarP":0,"BarRetP":0},{"id":151,"time":86,"name":"LVegas110","marginal_cost":134.0152000654,"value":134.0152000654,"DemBarE":0,"DemBarP":0,"BarRetP":0},{"id":151,"time":87,"name":"LVegas110","marginal_cost":134.0152000654,"value":134.0152000654,"DemBarE":0,"DemBarP":0,"BarRetP":0},{"id":151,"time":88,"name":"LVegas110","marginal_cost":134.0152000654,"value":134.0152000654,"DemBarE":0,"DemBarP":0,"BarRetP":0},{"id":151,"time":89,"name":"LVegas110","marginal_cost":134.0152000654,"value":134.0152000654,"DemBarE":0,"DemBarP":0,"BarRetP":0},{"id":151,"time":90,"name":"LVegas110","marginal_cost":134.0152000654,"value":134.0152000654,"DemBarE":0,"DemBarP":0,"BarRetP":0},{"id":151,"time":91,"name":"LVegas110","marginal_cost":156.8227257524,"value":156.8227257524,"DemBarE":0,"DemBarP":0,"BarRetP":0},{"id":151,"time":92,"name":"LVegas110","marginal_cost":156.8227257524,"value":156.8227257524,"DemBarE":0,"DemBarP":0,"BarRetP":0},{"id":151,"time":93,"name":"LVegas110","marginal_cost":159.3638639961,"value":159.3638639961,"DemBarE":0,"DemBarP":0,"BarRetP":0},{"id":151,"time":94,"name":"LVegas110","marginal_cost":156.2928747214,"value":156.2928747214,"DemBarE":0,"DemBarP":0,"BarRetP":0},{"id":151,"time":95,"name":"LVegas110","marginal_cost":154.6449925623,"value":154.6449925623,"DemBarE":0,"DemBarP":0,"BarRetP":0},{"id":151,"time":96,"name":"LVegas110","marginal_cost":154.599972709,"value":154.599972709,"DemBarE":0,"DemBarP":0,"BarRetP":0},{"id":151,"time":97,"name":"LVegas110","marginal_cost":154.5523914341,"value":154.5523914341,"DemBarE":0,"DemBarP":0,"BarRetP":0},{"id":151,"time":98,"name":"LVegas110","marginal_cost":149.1074765874,"value":149.1074765874,"DemBarE":0,"DemBarP":0,"BarRetP":0},{"id":151,"time":99,"name":"LVegas110","marginal_cost":148.6580459453,"value":148.6580459453,"DemBarE":0,"DemBarP":0,"BarRetP":0},{"id":151,"time":100,"name":"LVegas110","marginal_cost":148.8717697843,"value":148.8717697843,"DemBarE":0,"DemBarP":0,"BarRetP":0},{"id":151,"time":101,"name":"LVegas110","marginal_cost":148.8717697843,"value":148.8717697843,"DemBarE":0,"DemBarP":0,"BarRetP":0},{"id":151,"time":102,"name":"LVegas110","marginal_cost":148.8717697843,"value":148.8717697843,"DemBarE":0,"DemBarP":0,"BarRetP":0},{"id":151,"time":103,"name":"LVegas110","marginal_cost":156.6802092107,"value":156.6802092107,"DemBarE":0,"DemBarP":0,"BarRetP":0},{"id":151,"time":104,"name":"LVegas110","marginal_cost":156.5967127788,"value":156.5967127788,"DemBarE":0,"DemBarP":0,"BarRetP":0},{"id":151,"time":105,"name":"LVegas110","marginal_cost":156.5967127788,"value":156.5967127788,"DemBarE":0,"DemBarP":0,"BarRetP":0},{"id":151,"time":106,"name":"LVegas110","marginal_cost":153.7506668413,"value":153.7506668413,"DemBarE":0,"DemBarP":0,"BarRetP":0},{"id":151,"time":107,"name":"LVegas110","marginal_cost":153.7736557001,"value":153.7736557001,"DemBarE":0,"DemBarP":0,"BarRetP":0},{"id":151,"time":108,"name":"LVegas110","marginal_cost":154.1883902486,"value":154.1883902486,"DemBarE":0,"DemBarP":0,"BarRetP":0},{"id":151,"time":109,"name":"LVegas110","marginal_cost":154.1883902486,"value":154.1883902486,"DemBarE":0,"DemBarP":0,"BarRetP":0},{"id":151,"time":110,"name":"LVegas110","marginal_cost":154.511107151,"value":154.511107151,"DemBarE":0,"DemBarP":0,"BarRetP":0},{"id":151,"time":111,"name":"LVegas110","marginal_cost":154.4722769167,"value":154.4722769167,"DemBarE":0,"DemBarP":0,"BarRetP":0},{"id":151,"time":112,"name":"LVegas110","marginal_cost":154.4722769167,"value":154.4722769167,"DemBarE":0,"DemBarP":0,"BarRetP":0},{"id":151,"time":113,"name":"LVegas110","marginal_cost":158.3042551538,"value":158.3042551538,"DemBarE":0,"DemBarP":0,"BarRetP":0},{"id":151,"time":114,"name":"LVegas110","marginal_cost":158.3042551538,"value":158.3042551538,"DemBarE":0,"DemBarP":0,"BarRetP":0},{"id":151,"time":115,"name":"LVegas110","marginal_cost":158.3042551538,"value":158.3042551538,"DemBarE":0,"DemBarP":0,"BarRetP":0},{"id":151,"time":116,"name":"LVegas110","marginal_cost":162.0016404994,"value":162.0016404994,"DemBarE":0,"DemBarP":0,"BarRetP":0},{"id":151,"time":117,"name":"LVegas110","marginal_cost":162.0016404994,"value":162.0016404994,"DemBarE":0,"DemBarP":0,"BarRetP":0},{"id":151,"time":118,"name":"LVegas110","marginal_cost":162.0016404994,"value":162.0016404994,"DemBarE":0,"DemBarP":0,"BarRetP":0},{"id":151,"time":119,"name":"LVegas110","marginal_cost":161.8366541993,"value":161.8366541993,"DemBarE":0,"DemBarP":0,"BarRetP":0},{"id":151,"time":120,"name":"LVegas110","marginal_cost":159.6434111031,"value":159.6434111031,"DemBarE":0,"DemBarP":0,"BarRetP":0},{"id":151,"time":121,"name":"LVegas110","marginal_cost":155.4817088303,"value":155.4817088303,"DemBarE":0,"DemBarP":0,"BarRetP":0},{"id":151,"time":122,"name":"LVegas110","marginal_cost":155.0949144731,"value":155.0949144731,"DemBarE":0,"DemBarP":0,"BarRetP":0},{"id":151,"time":123,"name":"LVegas110","marginal_cost":150.8094223829,"value":150.8094223829,"DemBarE":0,"DemBarP":0,"BarRetP":0},{"id":151,"time":124,"name":"LVegas110","marginal_cost":150.8094223829,"value":150.8094223829,"DemBarE":0,"DemBarP":0,"BarRetP":0},{"id":151,"time":125,"name":"LVegas110","marginal_cost":150.8094223829,"value":150.8094223829,"DemBarE":0,"DemBarP":0,"BarRetP":0},{"id":151,"time":126,"name":"LVegas110","marginal_cost":150.8094223829,"value":150.8094223829,"DemBarE":0,"DemBarP":0,"BarRetP":0},{"id":151,"time":127,"name":"LVegas110","marginal_cost":157.6921467671,"value":157.6921467671,"DemBarE":0,"DemBarP":0,"BarRetP":0},{"id":151,"time":128,"name":"LVegas110","marginal_cost":161.9919451062,"value":161.9919451062,"DemBarE":0,"DemBarP":0,"BarRetP":0},{"id":151,"time":129,"name":"LVegas110","marginal_cost":157.6413814841,"value":157.6413814841,"DemBarE":0,"DemBarP":0,"BarRetP":0},{"id":151,"time":130,"name":"LVegas110","marginal_cost":160.4377900053,"value":160.4377900053,"DemBarE":0,"DemBarP":0,"BarRetP":0},{"id":151,"time":131,"name":"LVegas110","marginal_cost":159.5325153671,"value":159.5325153671,"DemBarE":0,"DemBarP":0,"BarRetP":0},{"id":151,"time":132,"name":"LVegas110","marginal_cost":161.1307854217,"value":161.1307854217,"DemBarE":0,"DemBarP":0,"BarRetP":0},{"id":151,"time":133,"name":"LVegas110","marginal_cost":160.3966864125,"value":160.3966864125,"DemBarE":0,"DemBarP":0,"BarRetP":0},{"id":151,"time":134,"name":"LVegas110","marginal_cost":160.3966864125,"value":160.3966864125,"DemBarE":0,"DemBarP":0,"BarRetP":0},{"id":151,"time":135,"name":"LVegas110","marginal_cost":160.3966864125,"value":160.3966864125,"DemBarE":0,"DemBarP":0,"BarRetP":0},{"id":151,"time":136,"name":"LVegas110","marginal_cost":160.3966864125,"value":160.3966864125,"DemBarE":0,"DemBarP":0,"BarRetP":0},{"id":151,"time":137,"name":"LVegas110","marginal_cost":162.8654666612,"value":162.8654666612,"DemBarE":0,"DemBarP":0,"BarRetP":0},{"id":151,"time":138,"name":"LVegas110","marginal_cost":162.8654666612,"value":162.8654666612,"DemBarE":0,"DemBarP":0,"BarRetP":0},{"id":151,"time":139,"name":"LVegas110","marginal_cost":162.8654666612,"value":162.8654666612,"DemBarE":0,"DemBarP":0,"BarRetP":0},{"id":151,"time":140,"name":"LVegas110","marginal_cost":162.8654666612,"value":162.8654666612,"DemBarE":0,"DemBarP":0,"BarRetP":0},{"id":151,"time":141,"name":"LVegas110","marginal_cost":162.8654666612,"value":162.8654666612,"DemBarE":0,"DemBarP":0,"BarRetP":0},{"id":151,"time":142,"name":"LVegas110","marginal_cost":162.8654666612,"value":162.8654666612,"DemBarE":0,"DemBarP":0,"BarRetP":0},{"id":151,"time":143,"name":"LVegas110","marginal_cost":161.9788677509,"value":161.9788677509,"DemBarE":0,"DemBarP":0,"BarRetP":0},{"id":151,"time":144,"name":"LVegas110","marginal_cost":161.948022051,"value":161.948022051,"DemBarE":0,"DemBarP":0,"BarRetP":0},{"id":151,"time":145,"name":"LVegas110","marginal_cost":159.5189578854,"value":159.5189578854,"DemBarE":0,"DemBarP":0,"BarRetP":0},{"id":151,"time":146,"name":"LVegas110","marginal_cost":158.9594179627,"value":158.9594179627,"DemBarE":0,"DemBarP":0,"BarRetP":0},{"id":151,"time":147,"name":"LVegas110","marginal_cost":156.2469497534,"value":156.2469497534,"DemBarE":0,"DemBarP":0,"BarRetP":0},{"id":151,"time":148,"name":"LVegas110","marginal_cost":156.2469497534,"value":156.2469497534,"DemBarE":0,"DemBarP":0,"BarRetP":0},{"id":151,"time":149,"name":"LVegas110","marginal_cost":156.2469497534,"value":156.2469497534,"DemBarE":0,"DemBarP":0,"BarRetP":0},{"id":151,"time":150,"name":"LVegas110","marginal_cost":156.2469497534,"value":156.2469497534,"DemBarE":0,"DemBarP":0,"BarRetP":0},{"id":151,"time":151,"name":"LVegas110","marginal_cost":160.2855100034,"value":160.2855100034,"DemBarE":0,"DemBarP":0,"BarRetP":0},{"id":151,"time":152,"name":"LVegas110","marginal_cost":159.9780609856,"value":159.9780609856,"DemBarE":0,"DemBarP":0,"BarRetP":0},{"id":151,"time":153,"name":"LVegas110","marginal_cost":159.9780609856,"value":159.9780609856,"DemBarE":0,"DemBarP":0,"BarRetP":0},{"id":151,"time":154,"name":"LVegas110","marginal_cost":158.7113184088,"value":158.7113184088,"DemBarE":0,"DemBarP":0,"BarRetP":0},{"id":151,"time":155,"name":"LVegas110","marginal_cost":158.7113184088,"value":158.7113184088,"DemBarE":0,"DemBarP":0,"BarRetP":0},{"id":151,"time":156,"name":"LVegas110","marginal_cost":159.1866631025,"value":159.1866631025,"DemBarE":0,"DemBarP":0,"BarRetP":0},{"id":151,"time":157,"name":"LVegas110","marginal_cost":159.5161144612,"value":159.5161144612,"DemBarE":0,"DemBarP":0,"BarRetP":0},{"id":151,"time":158,"name":"LVegas110","marginal_cost":159.5161144612,"value":159.5161144612,"DemBarE":0,"DemBarP":0,"BarRetP":0},{"id":151,"time":159,"name":"LVegas110","marginal_cost":159.5161144612,"value":159.5161144612,"DemBarE":0,"DemBarP":0,"BarRetP":0},{"id":151,"time":160,"name":"LVegas110","marginal_cost":159.7945635595,"value":159.7945635595,"DemBarE":0,"DemBarP":0,"BarRetP":0},{"id":151,"time":161,"name":"LVegas110","marginal_cost":159.7945635595,"value":159.7945635595,"DemBarE":0,"DemBarP":0,"BarRetP":0},{"id":151,"time":162,"name":"LVegas110","marginal_cost":161.6711071849,"value":161.6711071849,"DemBarE":0,"DemBarP":0,"BarRetP":0},{"id":151,"time":163,"name":"LVegas110","marginal_cost":164.3701092979,"value":164.3701092979,"DemBarE":0,"DemBarP":0,"BarRetP":0},{"id":151,"time":164,"name":"LVegas110","marginal_cost":164.3701092979,"value":164.3701092979,"DemBarE":0,"DemBarP":0,"BarRetP":0},{"id":151,"time":165,"name":"LVegas110","marginal_cost":164.3701092979,"value":164.3701092979,"DemBarE":0,"DemBarP":0,"BarRetP":0},{"id":151,"time":166,"name":"LVegas110","marginal_cost":164.3701092979,"value":164.3701092979,"DemBarE":0,"DemBarP":0,"BarRetP":0},{"id":151,"time":167,"name":"LVegas110","marginal_cost":162.9087802829,"value":162.9087802829,"DemBarE":0,"DemBarP":0,"BarRetP":0},{"id":151,"time":168,"name":"LVegas110","marginal_cost":162.6120872486,"value":162.6120872486,"DemBarE":0,"DemBarP":0,"BarRetP":0}]