[{"id":24,"time":1,"name":"DAlmagro110","marginal_cost":130.5528987134,"value":130.5528987134,"DemBarE":0,"DemBarP":0,"BarRetP":0},{"id":24,"time":2,"name":"DAlmagro110","marginal_cost":127.0670505994,"value":127.0670505994,"DemBarE":0,"DemBarP":0,"BarRetP":0},{"id":24,"time":3,"name":"DAlmagro110","marginal_cost":128.2790248858,"value":128.2790248858,"DemBarE":0,"DemBarP":0,"BarRetP":0},{"id":24,"time":4,"name":"DAlmagro110","marginal_cost":128.657492519,"value":128.657492519,"DemBarE":0,"DemBarP":0,"BarRetP":0},{"id":24,"time":5,"name":"DAlmagro110","marginal_cost":130.4746461907,"value":130.4746461907,"DemBarE":0,"DemBarP":0,"BarRetP":0},{"id":24,"time":6,"name":"DAlmagro110","marginal_cost":97.2969927752,"value":97.2969927752,"DemBarE":0,"DemBarP":0,"BarRetP":0},{"id":24,"time":7,"name":"DAlmagro110","marginal_cost":132.7138925825,"value":132.7138925825,"DemBarE":0,"DemBarP":0,"BarRetP":0},{"id":24,"time":8,"name":"DAlmagro110","marginal_cost":160.6844378481,"value":160.6844378481,"DemBarE":0,"DemBarP":0,"BarRetP":0},{"id":24,"time":9,"name":"DAlmagro110","marginal_cost":116.3678629865,"value":116.3678629865,"DemBarE":0,"DemBarP":0,"BarRetP":0},{"id":24,"time":10,"name":"DAlmagro110","marginal_cost":76.9557782572,"value":76.9557782572,"DemBarE":0,"DemBarP":0,"BarRetP":0},{"id":24,"time":11,"name":"DAlmagro110","marginal_cost":72.3870466934,"value":72.3870466934,"DemBarE":0,"DemBarP":0,"BarRetP":0},{"id":24,"time":12,"name":"DAlmagro110","marginal_cost":63.8669805431,"value":63.8669805431,"DemBarE":0,"DemBarP":0,"BarRetP":0},{"id":24,"time":13,"name":"DAlmagro110","marginal_cost":43.68915444,"value":43.68915444,"DemBarE":0,"DemBarP":0,"BarRetP":0},{"id":24,"time":14,"name":"DAlmagro110","marginal_cost":-1.7421535781,"value":-1.7421535781,"DemBarE":0,"DemBarP":0,"BarRetP":0},{"id":24,"time":15,"name":"DAlmagro110","marginal_cost":-1.4390026521,"value":-1.4390026521,"DemBarE":0,"DemBarP":0,"BarRetP":0},{"id":24,"time":16,"name":"DAlmagro110","marginal_cost":-1.4319806984,"value":-1.4319806984,"DemBarE":0,"DemBarP":0,"BarRetP":0},{"id":24,"time":17,"name":"DAlmagro110","marginal_cost":95.6431077202,"value":95.6431077202,"DemBarE":0,"DemBarP":0,"BarRetP":0},{"id":24,"time":18,"name":"DAlmagro110","marginal_cost":139.7072005033,"value":139.7072005033,"DemBarE":0,"DemBarP":0,"BarRetP":0},{"id":24,"time":19,"name":"DAlmagro110","marginal_cost":171.7136384273,"value":171.7136384273,"DemBarE":0,"DemBarP":0,"BarRetP":0},{"id":24,"time":20,"name":"DAlmagro110","marginal_cost":173.200422054,"value":173.200422054,"DemBarE":0,"DemBarP":0,"BarRetP":0},{"id":24,"time":21,"name":"DAlmagro110","marginal_cost":165.6774957445,"value":165.6774957445,"DemBarE":0,"DemBarP":0,"BarRetP":0},{"id":24,"time":22,"name":"DAlmagro110","marginal_cost":160.9574378812,"value":160.9574378812,"DemBarE":0,"DemBarP":0,"BarRetP":0},{"id":24,"time":23,"name":"DAlmagro110","marginal_cost":158.3701087665,"value":158.3701087665,"DemBarE":0,"DemBarP":0,"BarRetP":0},{"id":24,"time":24,"name":"DAlmagro110","marginal_cost":157.8350395239,"value":157.8350395239,"DemBarE":0,"DemBarP":0,"BarRetP":0},{"id":24,"time":25,"name":"DAlmagro110","marginal_cost":154.2997726473,"value":154.2997726473,"DemBarE":0,"DemBarP":0,"BarRetP":0},{"id":24,"time":26,"name":"DAlmagro110","marginal_cost":153.1335227309,"value":153.1335227309,"DemBarE":0,"DemBarP":0,"BarRetP":0},{"id":24,"time":27,"name":"DAlmagro110","marginal_cost":153.4634182297,"value":153.4634182297,"DemBarE":0,"DemBarP":0,"BarRetP":0},{"id":24,"time":28,"name":"DAlmagro110","marginal_cost":153.2756092416,"value":153.2756092416,"DemBarE":0,"DemBarP":0,"BarRetP":0},{"id":24,"time":29,"name":"DAlmagro110","marginal_cost":152.1973172127,"value":152.1973172127,"DemBarE":0,"DemBarP":0,"BarRetP":0},{"id":24,"time":30,"name":"DAlmagro110","marginal_cost":154.0344808955,"value":154.0344808955,"DemBarE":0,"DemBarP":0,"BarRetP":0},{"id":24,"time":31,"name":"DAlmagro110","marginal_cost":161.0432003809,"value":161.0432003809,"DemBarE":0,"DemBarP":0,"BarRetP":0},{"id":24,"time":32,"name":"DAlmagro110","marginal_cost":160.010182676,"value":160.010182676,"DemBarE":0,"DemBarP":0,"BarRetP":0},{"id":24,"time":33,"name":"DAlmagro110","marginal_cost":130.6959014261,"value":130.6959014261,"DemBarE":0,"DemBarP":0,"BarRetP":0},{"id":24,"time":34,"name":"DAlmagro110","marginal_cost":82.9875487581,"value":82.9875487581,"DemBarE":0,"DemBarP":0,"BarRetP":0},{"id":24,"time":35,"name":"DAlmagro110","marginal_cost":78.4356835426,"value":78.4356835426,"DemBarE":0,"DemBarP":0,"BarRetP":0},{"id":24,"time":36,"name":"DAlmagro110","marginal_cost":78.4371576508,"value":78.4371576508,"DemBarE":0,"DemBarP":0,"BarRetP":0},{"id":24,"time":37,"name":"DAlmagro110","marginal_cost":77.4137928028,"value":77.4137928028,"DemBarE":0,"DemBarP":0,"BarRetP":0},{"id":24,"time":38,"name":"DAlmagro110","marginal_cost":77.4137928028,"value":77.4137928028,"DemBarE":0,"DemBarP":0,"BarRetP":0},{"id":24,"time":39,"name":"DAlmagro110","marginal_cost":77.4137928028,"value":77.4137928028,"DemBarE":0,"DemBarP":0,"BarRetP":0},{"id":24,"time":40,"name":"DAlmagro110","marginal_cost":77.4137928028,"value":77.4137928028,"DemBarE":0,"DemBarP":0,"BarRetP":0},{"id":24,"time":41,"name":"DAlmagro110","marginal_cost":98.0687486657,"value":98.0687486657,"DemBarE":0,"DemBarP":0,"BarRetP":0},{"id":24,"time":42,"name":"DAlmagro110","marginal_cost":141.1447273979,"value":141.1447273979,"DemBarE":0,"DemBarP":0,"BarRetP":0},{"id":24,"time":43,"name":"DAlmagro110","marginal_cost":160.4561121678,"value":160.4561121678,"DemBarE":0,"DemBarP":0,"BarRetP":0},{"id":24,"time":44,"name":"DAlmagro110","marginal_cost":160.4561121678,"value":160.4561121678,"DemBarE":0,"DemBarP":0,"BarRetP":0},{"id":24,"time":45,"name":"DAlmagro110","marginal_cost":160.1934208446,"value":160.1934208446,"DemBarE":0,"DemBarP":0,"BarRetP":0},{"id":24,"time":46,"name":"DAlmagro110","marginal_cost":159.1781200436,"value":159.1781200436,"DemBarE":0,"DemBarP":0,"BarRetP":0},{"id":24,"time":47,"name":"DAlmagro110","marginal_cost":156.2239821559,"value":156.2239821559,"DemBarE":0,"DemBarP":0,"BarRetP":0},{"id":24,"time":48,"name":"DAlmagro110","marginal_cost":153.9851342309,"value":153.9851342309,"DemBarE":0,"DemBarP":0,"BarRetP":0},{"id":24,"time":49,"name":"DAlmagro110","marginal_cost":146.9221586826,"value":146.9221586826,"DemBarE":0,"DemBarP":0,"BarRetP":0},{"id":24,"time":50,"name":"DAlmagro110","marginal_cost":149.6279044791,"value":149.6279044791,"DemBarE":0,"DemBarP":0,"BarRetP":0},{"id":24,"time":51,"name":"DAlmagro110","marginal_cost":151.0660011413,"value":151.0660011413,"DemBarE":0,"DemBarP":0,"BarRetP":0},{"id":24,"time":52,"name":"DAlmagro110","marginal_cost":134.7591623395,"value":134.7591623395,"DemBarE":0,"DemBarP":0,"BarRetP":0},{"id":24,"time":53,"name":"DAlmagro110","marginal_cost":134.7591623395,"value":134.7591623395,"DemBarE":0,"DemBarP":0,"BarRetP":0},{"id":24,"time":54,"name":"DAlmagro110","marginal_cost":134.7922362614,"value":134.7922362614,"DemBarE":0,"DemBarP":0,"BarRetP":0},{"id":24,"time":55,"name":"DAlmagro110","marginal_cost":134.7288724347,"value":134.7288724347,"DemBarE":0,"DemBarP":0,"BarRetP":0},{"id":24,"time":56,"name":"DAlmagro110","marginal_cost":131.4220975641,"value":131.4220975641,"DemBarE":0,"DemBarP":0,"BarRetP":0},{"id":24,"time":57,"name":"DAlmagro110","marginal_cost":105.3459612524,"value":105.3459612524,"DemBarE":0,"DemBarP":0,"BarRetP":0},{"id":24,"time":58,"name":"DAlmagro110","marginal_cost":79.1987276431,"value":79.1987276431,"DemBarE":0,"DemBarP":0,"BarRetP":0},{"id":24,"time":59,"name":"DAlmagro110","marginal_cost":77.117288593,"value":77.117288593,"DemBarE":0,"DemBarP":0,"BarRetP":0},{"id":24,"time":60,"name":"DAlmagro110","marginal_cost":76.3577198044,"value":76.3577198044,"DemBarE":0,"DemBarP":0,"BarRetP":0},{"id":24,"time":61,"name":"DAlmagro110","marginal_cost":-2.0048415076,"value":-2.0048415076,"DemBarE":0,"DemBarP":0,"BarRetP":0},{"id":24,"time":62,"name":"DAlmagro110","marginal_cost":-2.0048415076,"value":-2.0048415076,"DemBarE":0,"DemBarP":0,"BarRetP":0},{"id":24,"time":63,"name":"DAlmagro110","marginal_cost":-1.7058762401,"value":-1.7058762401,"DemBarE":0,"DemBarP":0,"BarRetP":0},{"id":24,"time":64,"name":"DAlmagro110","marginal_cost":-1.1536605906,"value":-1.1536605906,"DemBarE":0,"DemBarP":0,"BarRetP":0},{"id":24,"time":65,"name":"DAlmagro110","marginal_cost":112.3032107234,"value":112.3032107234,"DemBarE":0,"DemBarP":0,"BarRetP":0},{"id":24,"time":66,"name":"DAlmagro110","marginal_cost":112.3032107234,"value":112.3032107234,"DemBarE":0,"DemBarP":0,"BarRetP":0},{"id":24,"time":67,"name":"DAlmagro110","marginal_cost":161.4734069102,"value":161.4734069102,"DemBarE":0,"DemBarP":0,"BarRetP":0},{"id":24,"time":68,"name":"DAlmagro110","marginal_cost":156.5387342202,"value":156.5387342202,"DemBarE":0,"DemBarP":0,"BarRetP":0},{"id":24,"time":69,"name":"DAlmagro110","marginal_cost":156.5387342202,"value":156.5387342202,"DemBarE":0,"DemBarP":0,"BarRetP":0},{"id":24,"time":70,"name":"DAlmagro110","marginal_cost":156.5101569636,"value":156.5101569636,"DemBarE":0,"DemBarP":0,"BarRetP":0},{"id":24,"time":71,"name":"DAlmagro110","marginal_cost":149.2129317673,"value":149.2129317673,"DemBarE":0,"DemBarP":0,"BarRetP":0},{"id":24,"time":72,"name":"DAlmagro110","marginal_cost":147.8451808958,"value":147.8451808958,"DemBarE":0,"DemBarP":0,"BarRetP":0},{"id":24,"time":73,"name":"DAlmagro110","marginal_cost":147.0864826841,"value":147.0864826841,"DemBarE":0,"DemBarP":0,"BarRetP":0},{"id":24,"time":74,"name":"DAlmagro110","marginal_cost":146.5694250144,"value":146.5694250144,"DemBarE":0,"DemBarP":0,"BarRetP":0},{"id":24,"time":75,"name":"DAlmagro110","marginal_cost":133.5997688695,"value":133.5997688695,"DemBarE":0,"DemBarP":0,"BarRetP":0},{"id":24,"time":76,"name":"DAlmagro110","marginal_cost":133.5997688695,"value":133.5997688695,"DemBarE":0,"DemBarP":0,"BarRetP":0},{"id":24,"time":77,"name":"DAlmagro110","marginal_cost":133.5997688695,"value":133.5997688695,"DemBarE":0,"DemBarP":0,"BarRetP":0},{"id":24,"time":78,"name":"DAlmagro110","marginal_cost":133.5997688695,"value":133.5997688695,"DemBarE":0,"DemBarP":0,"BarRetP":0},{"id":24,"time":79,"name":"DAlmagro110","marginal_cost":133.5997688695,"value":133.5997688695,"DemBarE":0,"DemBarP":0,"BarRetP":0},{"id":24,"time":80,"name":"DAlmagro110","marginal_cost":119.3506553985,"value":119.3506553985,"DemBarE":0,"DemBarP":0,"BarRetP":0},{"id":24,"time":81,"name":"DAlmagro110","marginal_cost":119.3506553985,"value":119.3506553985,"DemBarE":0,"DemBarP":0,"BarRetP":0},{"id":24,"time":82,"name":"DAlmagro110","marginal_cost":77.6263417321,"value":77.6263417321,"DemBarE":0,"DemBarP":0,"BarRetP":0},{"id":24,"time":83,"name":"DAlmagro110","marginal_cost":77.6263417321,"value":77.6263417321,"DemBarE":0,"DemBarP":0,"BarRetP":0},{"id":24,"time":84,"name":"DAlmagro110","marginal_cost":73.5158488664,"value":73.5158488664,"DemBarE":0,"DemBarP":0,"BarRetP":0},{"id":24,"time":85,"name":"DAlmagro110","marginal_cost":73.5158488664,"value":73.5158488664,"DemBarE":0,"DemBarP":0,"BarRetP":0},{"id":24,"time":86,"name":"DAlmagro110","marginal_cost":77.1032620141,"value":77.1032620141,"DemBarE":0,"DemBarP":0,"BarRetP":0},{"id":24,"time":87,"name":"DAlmagro110","marginal_cost":77.1032620141,"value":77.1032620141,"DemBarE":0,"DemBarP":0,"BarRetP":0},{"id":24,"time":88,"name":"DAlmagro110","marginal_cost":77.1032620141,"value":77.1032620141,"DemBarE":0,"DemBarP":0,"BarRetP":0},{"id":24,"time":89,"name":"DAlmagro110","marginal_cost":77.1032620141,"value":77.1032620141,"DemBarE":0,"DemBarP":0,"BarRetP":0},{"id":24,"time":90,"name":"DAlmagro110","marginal_cost":77.1032620141,"value":77.1032620141,"DemBarE":0,"DemBarP":0,"BarRetP":0},{"id":24,"time":91,"name":"DAlmagro110","marginal_cost":147.3131407678,"value":147.3131407678,"DemBarE":0,"DemBarP":0,"BarRetP":0},{"id":24,"time":92,"name":"DAlmagro110","marginal_cost":147.3131407678,"value":147.3131407678,"DemBarE":0,"DemBarP":0,"BarRetP":0},{"id":24,"time":93,"name":"DAlmagro110","marginal_cost":149.684143803,"value":149.684143803,"DemBarE":0,"DemBarP":0,"BarRetP":0},{"id":24,"time":94,"name":"DAlmagro110","marginal_cost":147.7515345621,"value":147.7515345621,"DemBarE":0,"DemBarP":0,"BarRetP":0},{"id":24,"time":95,"name":"DAlmagro110","marginal_cost":146.5953804018,"value":146.5953804018,"DemBarE":0,"DemBarP":0,"BarRetP":0},{"id":24,"time":96,"name":"DAlmagro110","marginal_cost":147.1303081789,"value":147.1303081789,"DemBarE":0,"DemBarP":0,"BarRetP":0},{"id":24,"time":97,"name":"DAlmagro110","marginal_cost":147.5040167141,"value":147.5040167141,"DemBarE":0,"DemBarP":0,"BarRetP":0},{"id":24,"time":98,"name":"DAlmagro110","marginal_cost":143.6423687896,"value":143.6423687896,"DemBarE":0,"DemBarP":0,"BarRetP":0},{"id":24,"time":99,"name":"DAlmagro110","marginal_cost":144.9884424319,"value":144.9884424319,"DemBarE":0,"DemBarP":0,"BarRetP":0},{"id":24,"time":100,"name":"DAlmagro110","marginal_cost":146.0613020857,"value":146.0613020857,"DemBarE":0,"DemBarP":0,"BarRetP":0},{"id":24,"time":101,"name":"DAlmagro110","marginal_cost":146.0613020857,"value":146.0613020857,"DemBarE":0,"DemBarP":0,"BarRetP":0},{"id":24,"time":102,"name":"DAlmagro110","marginal_cost":146.0613020857,"value":146.0613020857,"DemBarE":0,"DemBarP":0,"BarRetP":0},{"id":24,"time":103,"name":"DAlmagro110","marginal_cost":150.4343585455,"value":150.4343585455,"DemBarE":0,"DemBarP":0,"BarRetP":0},{"id":24,"time":104,"name":"DAlmagro110","marginal_cost":134.0267343211,"value":134.0267343211,"DemBarE":0,"DemBarP":0,"BarRetP":0},{"id":24,"time":105,"name":"DAlmagro110","marginal_cost":134.0267343211,"value":134.0267343211,"DemBarE":0,"DemBarP":0,"BarRetP":0},{"id":24,"time":106,"name":"DAlmagro110","marginal_cost":79.6910284441,"value":79.6910284441,"DemBarE":0,"DemBarP":0,"BarRetP":0},{"id":24,"time":107,"name":"DAlmagro110","marginal_cost":78.7706029559,"value":78.7706029559,"DemBarE":0,"DemBarP":0,"BarRetP":0},{"id":24,"time":108,"name":"DAlmagro110","marginal_cost":78.3854529274,"value":78.3854529274,"DemBarE":0,"DemBarP":0,"BarRetP":0},{"id":24,"time":109,"name":"DAlmagro110","marginal_cost":78.3854529274,"value":78.3854529274,"DemBarE":0,"DemBarP":0,"BarRetP":0},{"id":24,"time":110,"name":"DAlmagro110","marginal_cost":79.0474340953,"value":79.0474340953,"DemBarE":0,"DemBarP":0,"BarRetP":0},{"id":24,"time":111,"name":"DAlmagro110","marginal_cost":78.9500189673,"value":78.9500189673,"DemBarE":0,"DemBarP":0,"BarRetP":0},{"id":24,"time":112,"name":"DAlmagro110","marginal_cost":78.9500189673,"value":78.9500189673,"DemBarE":0,"DemBarP":0,"BarRetP":0},{"id":24,"time":113,"name":"DAlmagro110","marginal_cost":135.6413030606,"value":135.6413030606,"DemBarE":0,"DemBarP":0,"BarRetP":0},{"id":24,"time":114,"name":"DAlmagro110","marginal_cost":135.6413030606,"value":135.6413030606,"DemBarE":0,"DemBarP":0,"BarRetP":0},{"id":24,"time":115,"name":"DAlmagro110","marginal_cost":135.6413030606,"value":135.6413030606,"DemBarE":0,"DemBarP":0,"BarRetP":0},{"id":24,"time":116,"name":"DAlmagro110","marginal_cost":153.673963924,"value":153.673963924,"DemBarE":0,"DemBarP":0,"BarRetP":0},{"id":24,"time":117,"name":"DAlmagro110","marginal_cost":153.673963924,"value":153.673963924,"DemBarE":0,"DemBarP":0,"BarRetP":0},{"id":24,"time":118,"name":"DAlmagro110","marginal_cost":153.673963924,"value":153.673963924,"DemBarE":0,"DemBarP":0,"BarRetP":0},{"id":24,"time":119,"name":"DAlmagro110","marginal_cost":153.3856066953,"value":153.3856066953,"DemBarE":0,"DemBarP":0,"BarRetP":0},{"id":24,"time":120,"name":"DAlmagro110","marginal_cost":150.5559981392,"value":150.5559981392,"DemBarE":0,"DemBarP":0,"BarRetP":0},{"id":24,"time":121,"name":"DAlmagro110","marginal_cost":149.2119590362,"value":149.2119590362,"DemBarE":0,"DemBarP":0,"BarRetP":0},{"id":24,"time":122,"name":"DAlmagro110","marginal_cost":149.3939755617,"value":149.3939755617,"DemBarE":0,"DemBarP":0,"BarRetP":0},{"id":24,"time":123,"name":"DAlmagro110","marginal_cost":143.7063820519,"value":143.7063820519,"DemBarE":0,"DemBarP":0,"BarRetP":0},{"id":24,"time":124,"name":"DAlmagro110","marginal_cost":143.7063820519,"value":143.7063820519,"DemBarE":0,"DemBarP":0,"BarRetP":0},{"id":24,"time":125,"name":"DAlmagro110","marginal_cost":143.7063820519,"value":143.7063820519,"DemBarE":0,"DemBarP":0,"BarRetP":0},{"id":24,"time":126,"name":"DAlmagro110","marginal_cost":143.7063820519,"value":143.7063820519,"DemBarE":0,"DemBarP":0,"BarRetP":0},{"id":24,"time":127,"name":"DAlmagro110","marginal_cost":147.9742627506,"value":147.9742627506,"DemBarE":0,"DemBarP":0,"BarRetP":0},{"id":24,"time":128,"name":"DAlmagro110","marginal_cost":148.623318247,"value":148.623318247,"DemBarE":0,"DemBarP":0,"BarRetP":0},{"id":24,"time":129,"name":"DAlmagro110","marginal_cost":124.6933106113,"value":124.6933106113,"DemBarE":0,"DemBarP":0,"BarRetP":0},{"id":24,"time":130,"name":"DAlmagro110","marginal_cost":94.1687411123,"value":94.1687411123,"DemBarE":0,"DemBarP":0,"BarRetP":0},{"id":24,"time":131,"name":"DAlmagro110","marginal_cost":77.0251810638,"value":77.0251810638,"DemBarE":0,"DemBarP":0,"BarRetP":0},{"id":24,"time":132,"name":"DAlmagro110","marginal_cost":78.6758252906,"value":78.6758252906,"DemBarE":0,"DemBarP":0,"BarRetP":0},{"id":24,"time":133,"name":"DAlmagro110","marginal_cost":79.0003749087,"value":79.0003749087,"DemBarE":0,"DemBarP":0,"BarRetP":0},{"id":24,"time":134,"name":"DAlmagro110","marginal_cost":79.0003749087,"value":79.0003749087,"DemBarE":0,"DemBarP":0,"BarRetP":0},{"id":24,"time":135,"name":"DAlmagro110","marginal_cost":79.0003749087,"value":79.0003749087,"DemBarE":0,"DemBarP":0,"BarRetP":0},{"id":24,"time":136,"name":"DAlmagro110","marginal_cost":79.0003749087,"value":79.0003749087,"DemBarE":0,"DemBarP":0,"BarRetP":0},{"id":24,"time":137,"name":"DAlmagro110","marginal_cost":148.1161673156,"value":148.1161673156,"DemBarE":0,"DemBarP":0,"BarRetP":0},{"id":24,"time":138,"name":"DAlmagro110","marginal_cost":148.1161673156,"value":148.1161673156,"DemBarE":0,"DemBarP":0,"BarRetP":0},{"id":24,"time":139,"name":"DAlmagro110","marginal_cost":148.1161673156,"value":148.1161673156,"DemBarE":0,"DemBarP":0,"BarRetP":0},{"id":24,"time":140,"name":"DAlmagro110","marginal_cost":148.1161673156,"value":148.1161673156,"DemBarE":0,"DemBarP":0,"BarRetP":0},{"id":24,"time":141,"name":"DAlmagro110","marginal_cost":148.1161673156,"value":148.1161673156,"DemBarE":0,"DemBarP":0,"BarRetP":0},{"id":24,"time":142,"name":"DAlmagro110","marginal_cost":148.1161673156,"value":148.1161673156,"DemBarE":0,"DemBarP":0,"BarRetP":0},{"id":24,"time":143,"name":"DAlmagro110","marginal_cost":151.1818338473,"value":151.1818338473,"DemBarE":0,"DemBarP":0,"BarRetP":0},{"id":24,"time":144,"name":"DAlmagro110","marginal_cost":150.9072888674,"value":150.9072888674,"DemBarE":0,"DemBarP":0,"BarRetP":0},{"id":24,"time":145,"name":"DAlmagro110","marginal_cost":150.5815249169,"value":150.5815249169,"DemBarE":0,"DemBarP":0,"BarRetP":0},{"id":24,"time":146,"name":"DAlmagro110","marginal_cost":148.1881094483,"value":148.1881094483,"DemBarE":0,"DemBarP":0,"BarRetP":0},{"id":24,"time":147,"name":"DAlmagro110","marginal_cost":147.1565862368,"value":147.1565862368,"DemBarE":0,"DemBarP":0,"BarRetP":0},{"id":24,"time":148,"name":"DAlmagro110","marginal_cost":147.1565862368,"value":147.1565862368,"DemBarE":0,"DemBarP":0,"BarRetP":0},{"id":24,"time":149,"name":"DAlmagro110","marginal_cost":147.1565862368,"value":147.1565862368,"DemBarE":0,"DemBarP":0,"BarRetP":0},{"id":24,"time":150,"name":"DAlmagro110","marginal_cost":147.1565862368,"value":147.1565862368,"DemBarE":0,"DemBarP":0,"BarRetP":0},{"id":24,"time":151,"name":"DAlmagro110","marginal_cost":149.1980364307,"value":149.1980364307,"DemBarE":0,"DemBarP":0,"BarRetP":0},{"id":24,"time":152,"name":"DAlmagro110","marginal_cost":136.0252757671,"value":136.0252757671,"DemBarE":0,"DemBarP":0,"BarRetP":0},{"id":24,"time":153,"name":"DAlmagro110","marginal_cost":136.0252757671,"value":136.0252757671,"DemBarE":0,"DemBarP":0,"BarRetP":0},{"id":24,"time":154,"name":"DAlmagro110","marginal_cost":94.1405646373,"value":94.1405646373,"DemBarE":0,"DemBarP":0,"BarRetP":0},{"id":24,"time":155,"name":"DAlmagro110","marginal_cost":94.1405646373,"value":94.1405646373,"DemBarE":0,"DemBarP":0,"BarRetP":0},{"id":24,"time":156,"name":"DAlmagro110","marginal_cost":93.525935343,"value":93.525935343,"DemBarE":0,"DemBarP":0,"BarRetP":0},{"id":24,"time":157,"name":"DAlmagro110","marginal_cost":80.3931728169,"value":80.3931728169,"DemBarE":0,"DemBarP":0,"BarRetP":0},{"id":24,"time":158,"name":"DAlmagro110","marginal_cost":80.3931728169,"value":80.3931728169,"DemBarE":0,"DemBarP":0,"BarRetP":0},{"id":24,"time":159,"name":"DAlmagro110","marginal_cost":80.3931728169,"value":80.3931728169,"DemBarE":0,"DemBarP":0,"BarRetP":0},{"id":24,"time":160,"name":"DAlmagro110","marginal_cost":96.7544000839,"value":96.7544000839,"DemBarE":0,"DemBarP":0,"BarRetP":0},{"id":24,"time":161,"name":"DAlmagro110","marginal_cost":96.7544000839,"value":96.7544000839,"DemBarE":0,"DemBarP":0,"BarRetP":0},{"id":24,"time":162,"name":"DAlmagro110","marginal_cost":138.6455113366,"value":138.6455113366,"DemBarE":0,"DemBarP":0,"BarRetP":0},{"id":24,"time":163,"name":"DAlmagro110","marginal_cost":152.9456534726,"value":152.9456534726,"DemBarE":0,"DemBarP":0,"BarRetP":0},{"id":24,"time":164,"name":"DAlmagro110","marginal_cost":152.9456534726,"value":152.9456534726,"DemBarE":0,"DemBarP":0,"BarRetP":0},{"id":24,"time":165,"name":"DAlmagro110","marginal_cost":152.9456534726,"value":152.9456534726,"DemBarE":0,"DemBarP":0,"BarRetP":0},{"id":24,"time":166,"name":"DAlmagro110","marginal_cost":152.9456534726,"value":152.9456534726,"DemBarE":0,"DemBarP":0,"BarRetP":0},{"id":24,"time":167,"name":"DAlmagro110","marginal_cost":150.5742291201,"value":150.5742291201,"DemBarE":0,"DemBarP":0,"BarRetP":0},{"id":24,"time":168,"name":"DAlmagro110","marginal_cost":150.3565200415,"value":150.3565200415,"DemBarE":0,"DemBarP":0,"BarRetP":0}]