[{"id":205,"time":1,"name":"Tilcoco154","marginal_cost":162.4110583127,"value":162.4110583127,"DemBarE":0,"DemBarP":0,"BarRetP":0},{"id":205,"time":2,"name":"Tilcoco154","marginal_cost":164.1259501673,"value":164.1259501673,"DemBarE":0,"DemBarP":0,"BarRetP":0},{"id":205,"time":3,"name":"Tilcoco154","marginal_cost":162.6875675127,"value":162.6875675127,"DemBarE":0,"DemBarP":0,"BarRetP":0},{"id":205,"time":4,"name":"Tilcoco154","marginal_cost":161.4764032432,"value":161.4764032432,"DemBarE":0,"DemBarP":0,"BarRetP":0},{"id":205,"time":5,"name":"Tilcoco154","marginal_cost":143.2636082518,"value":143.2636082518,"DemBarE":0,"DemBarP":0,"BarRetP":0},{"id":205,"time":6,"name":"Tilcoco154","marginal_cost":125.7049037391,"value":125.7049037391,"DemBarE":0,"DemBarP":0,"BarRetP":0},{"id":205,"time":7,"name":"Tilcoco154","marginal_cost":171.5397995492,"value":171.5397995492,"DemBarE":0,"DemBarP":0,"BarRetP":0},{"id":205,"time":8,"name":"Tilcoco154","marginal_cost":177.0440818067,"value":177.0440818067,"DemBarE":0,"DemBarP":0,"BarRetP":0},{"id":205,"time":9,"name":"Tilcoco154","marginal_cost":166.714504213,"value":166.714504213,"DemBarE":0,"DemBarP":0,"BarRetP":0},{"id":205,"time":10,"name":"Tilcoco154","marginal_cost":165.4177369653,"value":165.4177369653,"DemBarE":0,"DemBarP":0,"BarRetP":0},{"id":205,"time":11,"name":"Tilcoco154","marginal_cost":165.6289112006,"value":165.6289112006,"DemBarE":0,"DemBarP":0,"BarRetP":0},{"id":205,"time":12,"name":"Tilcoco154","marginal_cost":165.4233269671,"value":165.4233269671,"DemBarE":0,"DemBarP":0,"BarRetP":0},{"id":205,"time":13,"name":"Tilcoco154","marginal_cost":164.3784543947,"value":164.3784543947,"DemBarE":0,"DemBarP":0,"BarRetP":0},{"id":205,"time":14,"name":"Tilcoco154","marginal_cost":163.4943857577,"value":163.4943857577,"DemBarE":0,"DemBarP":0,"BarRetP":0},{"id":205,"time":15,"name":"Tilcoco154","marginal_cost":163.8419668355,"value":163.8419668355,"DemBarE":0,"DemBarP":0,"BarRetP":0},{"id":205,"time":16,"name":"Tilcoco154","marginal_cost":163.4072863889,"value":163.4072863889,"DemBarE":0,"DemBarP":0,"BarRetP":0},{"id":205,"time":17,"name":"Tilcoco154","marginal_cost":162.0538094894,"value":162.0538094894,"DemBarE":0,"DemBarP":0,"BarRetP":0},{"id":205,"time":18,"name":"Tilcoco154","marginal_cost":159.4052892162,"value":159.4052892162,"DemBarE":0,"DemBarP":0,"BarRetP":0},{"id":205,"time":19,"name":"Tilcoco154","marginal_cost":179.6944960821,"value":179.6944960821,"DemBarE":0,"DemBarP":0,"BarRetP":0},{"id":205,"time":20,"name":"Tilcoco154","marginal_cost":183.7902616959,"value":183.7902616959,"DemBarE":0,"DemBarP":0,"BarRetP":0},{"id":205,"time":21,"name":"Tilcoco154","marginal_cost":173.4231049455,"value":173.4231049455,"DemBarE":0,"DemBarP":0,"BarRetP":0},{"id":205,"time":22,"name":"Tilcoco154","marginal_cost":171.6968468476,"value":171.6968468476,"DemBarE":0,"DemBarP":0,"BarRetP":0},{"id":205,"time":23,"name":"Tilcoco154","marginal_cost":169.4579822861,"value":169.4579822861,"DemBarE":0,"DemBarP":0,"BarRetP":0},{"id":205,"time":24,"name":"Tilcoco154","marginal_cost":170.0357971476,"value":170.0357971476,"DemBarE":0,"DemBarP":0,"BarRetP":0},{"id":205,"time":25,"name":"Tilcoco154","marginal_cost":161.0834184557,"value":161.0834184557,"DemBarE":0,"DemBarP":0,"BarRetP":0},{"id":205,"time":26,"name":"Tilcoco154","marginal_cost":162.5064959055,"value":162.5064959055,"DemBarE":0,"DemBarP":0,"BarRetP":0},{"id":205,"time":27,"name":"Tilcoco154","marginal_cost":162.1416760672,"value":162.1416760672,"DemBarE":0,"DemBarP":0,"BarRetP":0},{"id":205,"time":28,"name":"Tilcoco154","marginal_cost":162.1919334044,"value":162.1919334044,"DemBarE":0,"DemBarP":0,"BarRetP":0},{"id":205,"time":29,"name":"Tilcoco154","marginal_cost":161.0832804432,"value":161.0832804432,"DemBarE":0,"DemBarP":0,"BarRetP":0},{"id":205,"time":30,"name":"Tilcoco154","marginal_cost":163.1710844547,"value":163.1710844547,"DemBarE":0,"DemBarP":0,"BarRetP":0},{"id":205,"time":31,"name":"Tilcoco154","marginal_cost":169.9324378548,"value":169.9324378548,"DemBarE":0,"DemBarP":0,"BarRetP":0},{"id":205,"time":32,"name":"Tilcoco154","marginal_cost":177.9734650285,"value":177.9734650285,"DemBarE":0,"DemBarP":0,"BarRetP":0},{"id":205,"time":33,"name":"Tilcoco154","marginal_cost":165.8715836153,"value":165.8715836153,"DemBarE":0,"DemBarP":0,"BarRetP":0},{"id":205,"time":34,"name":"Tilcoco154","marginal_cost":166.1838919647,"value":166.1838919647,"DemBarE":0,"DemBarP":0,"BarRetP":0},{"id":205,"time":35,"name":"Tilcoco154","marginal_cost":166.1850270483,"value":166.1850270483,"DemBarE":0,"DemBarP":0,"BarRetP":0},{"id":205,"time":36,"name":"Tilcoco154","marginal_cost":166.0186653005,"value":166.0186653005,"DemBarE":0,"DemBarP":0,"BarRetP":0},{"id":205,"time":37,"name":"Tilcoco154","marginal_cost":164.685638658,"value":164.685638658,"DemBarE":0,"DemBarP":0,"BarRetP":0},{"id":205,"time":38,"name":"Tilcoco154","marginal_cost":164.685638658,"value":164.685638658,"DemBarE":0,"DemBarP":0,"BarRetP":0},{"id":205,"time":39,"name":"Tilcoco154","marginal_cost":164.685638658,"value":164.685638658,"DemBarE":0,"DemBarP":0,"BarRetP":0},{"id":205,"time":40,"name":"Tilcoco154","marginal_cost":164.685638658,"value":164.685638658,"DemBarE":0,"DemBarP":0,"BarRetP":0},{"id":205,"time":41,"name":"Tilcoco154","marginal_cost":162.4727062178,"value":162.4727062178,"DemBarE":0,"DemBarP":0,"BarRetP":0},{"id":205,"time":42,"name":"Tilcoco154","marginal_cost":157.2523776707,"value":157.2523776707,"DemBarE":0,"DemBarP":0,"BarRetP":0},{"id":205,"time":43,"name":"Tilcoco154","marginal_cost":164.0981519676,"value":164.0981519676,"DemBarE":0,"DemBarP":0,"BarRetP":0},{"id":205,"time":44,"name":"Tilcoco154","marginal_cost":164.0981519676,"value":164.0981519676,"DemBarE":0,"DemBarP":0,"BarRetP":0},{"id":205,"time":45,"name":"Tilcoco154","marginal_cost":164.1679612027,"value":164.1679612027,"DemBarE":0,"DemBarP":0,"BarRetP":0},{"id":205,"time":46,"name":"Tilcoco154","marginal_cost":162.791388079,"value":162.791388079,"DemBarE":0,"DemBarP":0,"BarRetP":0},{"id":205,"time":47,"name":"Tilcoco154","marginal_cost":159.9071350234,"value":159.9071350234,"DemBarE":0,"DemBarP":0,"BarRetP":0},{"id":205,"time":48,"name":"Tilcoco154","marginal_cost":159.4211637125,"value":159.4211637125,"DemBarE":0,"DemBarP":0,"BarRetP":0},{"id":205,"time":49,"name":"Tilcoco154","marginal_cost":152.6124939599,"value":152.6124939599,"DemBarE":0,"DemBarP":0,"BarRetP":0},{"id":205,"time":50,"name":"Tilcoco154","marginal_cost":157.5381486776,"value":157.5381486776,"DemBarE":0,"DemBarP":0,"BarRetP":0},{"id":205,"time":51,"name":"Tilcoco154","marginal_cost":158.1789012188,"value":158.1789012188,"DemBarE":0,"DemBarP":0,"BarRetP":0},{"id":205,"time":52,"name":"Tilcoco154","marginal_cost":139.5456964991,"value":139.5456964991,"DemBarE":0,"DemBarP":0,"BarRetP":0},{"id":205,"time":53,"name":"Tilcoco154","marginal_cost":139.5456964991,"value":139.5456964991,"DemBarE":0,"DemBarP":0,"BarRetP":0},{"id":205,"time":54,"name":"Tilcoco154","marginal_cost":139.6122514699,"value":139.6122514699,"DemBarE":0,"DemBarP":0,"BarRetP":0},{"id":205,"time":55,"name":"Tilcoco154","marginal_cost":140.9000768321,"value":140.9000768321,"DemBarE":0,"DemBarP":0,"BarRetP":0},{"id":205,"time":56,"name":"Tilcoco154","marginal_cost":142.4109902685,"value":142.4109902685,"DemBarE":0,"DemBarP":0,"BarRetP":0},{"id":205,"time":57,"name":"Tilcoco154","marginal_cost":129.6977362968,"value":129.6977362968,"DemBarE":0,"DemBarP":0,"BarRetP":0},{"id":205,"time":58,"name":"Tilcoco154","marginal_cost":144.1310132525,"value":144.1310132525,"DemBarE":0,"DemBarP":0,"BarRetP":0},{"id":205,"time":59,"name":"Tilcoco154","marginal_cost":112.5471111946,"value":112.5471111946,"DemBarE":0,"DemBarP":0,"BarRetP":0},{"id":205,"time":60,"name":"Tilcoco154","marginal_cost":142.1503120946,"value":142.1503120946,"DemBarE":0,"DemBarP":0,"BarRetP":0},{"id":205,"time":61,"name":"Tilcoco154","marginal_cost":141.5260346676,"value":141.5260346676,"DemBarE":0,"DemBarP":0,"BarRetP":0},{"id":205,"time":62,"name":"Tilcoco154","marginal_cost":141.5260346676,"value":141.5260346676,"DemBarE":0,"DemBarP":0,"BarRetP":0},{"id":205,"time":63,"name":"Tilcoco154","marginal_cost":123.6078239444,"value":123.6078239444,"DemBarE":0,"DemBarP":0,"BarRetP":0},{"id":205,"time":64,"name":"Tilcoco154","marginal_cost":141.410490448,"value":141.410490448,"DemBarE":0,"DemBarP":0,"BarRetP":0},{"id":205,"time":65,"name":"Tilcoco154","marginal_cost":140.8051503187,"value":140.8051503187,"DemBarE":0,"DemBarP":0,"BarRetP":0},{"id":205,"time":66,"name":"Tilcoco154","marginal_cost":140.8051503187,"value":140.8051503187,"DemBarE":0,"DemBarP":0,"BarRetP":0},{"id":205,"time":67,"name":"Tilcoco154","marginal_cost":175.502436268,"value":175.502436268,"DemBarE":0,"DemBarP":0,"BarRetP":0},{"id":205,"time":68,"name":"Tilcoco154","marginal_cost":169.3627912614,"value":169.3627912614,"DemBarE":0,"DemBarP":0,"BarRetP":0},{"id":205,"time":69,"name":"Tilcoco154","marginal_cost":169.3627912614,"value":169.3627912614,"DemBarE":0,"DemBarP":0,"BarRetP":0},{"id":205,"time":70,"name":"Tilcoco154","marginal_cost":164.7901824817,"value":164.7901824817,"DemBarE":0,"DemBarP":0,"BarRetP":0},{"id":205,"time":71,"name":"Tilcoco154","marginal_cost":157.4032479505,"value":157.4032479505,"DemBarE":0,"DemBarP":0,"BarRetP":0},{"id":205,"time":72,"name":"Tilcoco154","marginal_cost":157.5372242535,"value":157.5372242535,"DemBarE":0,"DemBarP":0,"BarRetP":0},{"id":205,"time":73,"name":"Tilcoco154","marginal_cost":158.4863998772,"value":158.4863998772,"DemBarE":0,"DemBarP":0,"BarRetP":0},{"id":205,"time":74,"name":"Tilcoco154","marginal_cost":154.8548660503,"value":154.8548660503,"DemBarE":0,"DemBarP":0,"BarRetP":0},{"id":205,"time":75,"name":"Tilcoco154","marginal_cost":140.0942095351,"value":140.0942095351,"DemBarE":0,"DemBarP":0,"BarRetP":0},{"id":205,"time":76,"name":"Tilcoco154","marginal_cost":140.0942095351,"value":140.0942095351,"DemBarE":0,"DemBarP":0,"BarRetP":0},{"id":205,"time":77,"name":"Tilcoco154","marginal_cost":140.0942095351,"value":140.0942095351,"DemBarE":0,"DemBarP":0,"BarRetP":0},{"id":205,"time":78,"name":"Tilcoco154","marginal_cost":140.0942095351,"value":140.0942095351,"DemBarE":0,"DemBarP":0,"BarRetP":0},{"id":205,"time":79,"name":"Tilcoco154","marginal_cost":140.0942095351,"value":140.0942095351,"DemBarE":0,"DemBarP":0,"BarRetP":0},{"id":205,"time":80,"name":"Tilcoco154","marginal_cost":131.6198731485,"value":131.6198731485,"DemBarE":0,"DemBarP":0,"BarRetP":0},{"id":205,"time":81,"name":"Tilcoco154","marginal_cost":131.6198731485,"value":131.6198731485,"DemBarE":0,"DemBarP":0,"BarRetP":0},{"id":205,"time":82,"name":"Tilcoco154","marginal_cost":100.14407483,"value":100.14407483,"DemBarE":0,"DemBarP":0,"BarRetP":0},{"id":205,"time":83,"name":"Tilcoco154","marginal_cost":100.14407483,"value":100.14407483,"DemBarE":0,"DemBarP":0,"BarRetP":0},{"id":205,"time":84,"name":"Tilcoco154","marginal_cost":128.0186195175,"value":128.0186195175,"DemBarE":0,"DemBarP":0,"BarRetP":0},{"id":205,"time":85,"name":"Tilcoco154","marginal_cost":128.0186195175,"value":128.0186195175,"DemBarE":0,"DemBarP":0,"BarRetP":0},{"id":205,"time":86,"name":"Tilcoco154","marginal_cost":139.2411707412,"value":139.2411707412,"DemBarE":0,"DemBarP":0,"BarRetP":0},{"id":205,"time":87,"name":"Tilcoco154","marginal_cost":139.2411707412,"value":139.2411707412,"DemBarE":0,"DemBarP":0,"BarRetP":0},{"id":205,"time":88,"name":"Tilcoco154","marginal_cost":139.2411707412,"value":139.2411707412,"DemBarE":0,"DemBarP":0,"BarRetP":0},{"id":205,"time":89,"name":"Tilcoco154","marginal_cost":139.2411707412,"value":139.2411707412,"DemBarE":0,"DemBarP":0,"BarRetP":0},{"id":205,"time":90,"name":"Tilcoco154","marginal_cost":139.2411707412,"value":139.2411707412,"DemBarE":0,"DemBarP":0,"BarRetP":0},{"id":205,"time":91,"name":"Tilcoco154","marginal_cost":162.225528228,"value":162.225528228,"DemBarE":0,"DemBarP":0,"BarRetP":0},{"id":205,"time":92,"name":"Tilcoco154","marginal_cost":162.225528228,"value":162.225528228,"DemBarE":0,"DemBarP":0,"BarRetP":0},{"id":205,"time":93,"name":"Tilcoco154","marginal_cost":164.5098859676,"value":164.5098859676,"DemBarE":0,"DemBarP":0,"BarRetP":0},{"id":205,"time":94,"name":"Tilcoco154","marginal_cost":161.3730472856,"value":161.3730472856,"DemBarE":0,"DemBarP":0,"BarRetP":0},{"id":205,"time":95,"name":"Tilcoco154","marginal_cost":159.7443308091,"value":159.7443308091,"DemBarE":0,"DemBarP":0,"BarRetP":0},{"id":205,"time":96,"name":"Tilcoco154","marginal_cost":160.0499633966,"value":160.0499633966,"DemBarE":0,"DemBarP":0,"BarRetP":0},{"id":205,"time":97,"name":"Tilcoco154","marginal_cost":160.300934433,"value":160.300934433,"DemBarE":0,"DemBarP":0,"BarRetP":0},{"id":205,"time":98,"name":"Tilcoco154","marginal_cost":154.2782665056,"value":154.2782665056,"DemBarE":0,"DemBarP":0,"BarRetP":0},{"id":205,"time":99,"name":"Tilcoco154","marginal_cost":153.5413975356,"value":153.5413975356,"DemBarE":0,"DemBarP":0,"BarRetP":0},{"id":205,"time":100,"name":"Tilcoco154","marginal_cost":153.2431854452,"value":153.2431854452,"DemBarE":0,"DemBarP":0,"BarRetP":0},{"id":205,"time":101,"name":"Tilcoco154","marginal_cost":153.2431854452,"value":153.2431854452,"DemBarE":0,"DemBarP":0,"BarRetP":0},{"id":205,"time":102,"name":"Tilcoco154","marginal_cost":153.2431854452,"value":153.2431854452,"DemBarE":0,"DemBarP":0,"BarRetP":0},{"id":205,"time":103,"name":"Tilcoco154","marginal_cost":161.1139797389,"value":161.1139797389,"DemBarE":0,"DemBarP":0,"BarRetP":0},{"id":205,"time":104,"name":"Tilcoco154","marginal_cost":164.7595206294,"value":164.7595206294,"DemBarE":0,"DemBarP":0,"BarRetP":0},{"id":205,"time":105,"name":"Tilcoco154","marginal_cost":164.7595206294,"value":164.7595206294,"DemBarE":0,"DemBarP":0,"BarRetP":0},{"id":205,"time":106,"name":"Tilcoco154","marginal_cost":160.2586299746,"value":160.2586299746,"DemBarE":0,"DemBarP":0,"BarRetP":0},{"id":205,"time":107,"name":"Tilcoco154","marginal_cost":160.2089983024,"value":160.2089983024,"DemBarE":0,"DemBarP":0,"BarRetP":0},{"id":205,"time":108,"name":"Tilcoco154","marginal_cost":160.183335095,"value":160.183335095,"DemBarE":0,"DemBarP":0,"BarRetP":0},{"id":205,"time":109,"name":"Tilcoco154","marginal_cost":160.183335095,"value":160.183335095,"DemBarE":0,"DemBarP":0,"BarRetP":0},{"id":205,"time":110,"name":"Tilcoco154","marginal_cost":160.3224366255,"value":160.3224366255,"DemBarE":0,"DemBarP":0,"BarRetP":0},{"id":205,"time":111,"name":"Tilcoco154","marginal_cost":160.8930245224,"value":160.8930245224,"DemBarE":0,"DemBarP":0,"BarRetP":0},{"id":205,"time":112,"name":"Tilcoco154","marginal_cost":160.8930245224,"value":160.8930245224,"DemBarE":0,"DemBarP":0,"BarRetP":0},{"id":205,"time":113,"name":"Tilcoco154","marginal_cost":163.9757344832,"value":163.9757344832,"DemBarE":0,"DemBarP":0,"BarRetP":0},{"id":205,"time":114,"name":"Tilcoco154","marginal_cost":163.9757344832,"value":163.9757344832,"DemBarE":0,"DemBarP":0,"BarRetP":0},{"id":205,"time":115,"name":"Tilcoco154","marginal_cost":163.9757344832,"value":163.9757344832,"DemBarE":0,"DemBarP":0,"BarRetP":0},{"id":205,"time":116,"name":"Tilcoco154","marginal_cost":167.9488683284,"value":167.9488683284,"DemBarE":0,"DemBarP":0,"BarRetP":0},{"id":205,"time":117,"name":"Tilcoco154","marginal_cost":167.9488683284,"value":167.9488683284,"DemBarE":0,"DemBarP":0,"BarRetP":0},{"id":205,"time":118,"name":"Tilcoco154","marginal_cost":167.9488683284,"value":167.9488683284,"DemBarE":0,"DemBarP":0,"BarRetP":0},{"id":205,"time":119,"name":"Tilcoco154","marginal_cost":167.927991571,"value":167.927991571,"DemBarE":0,"DemBarP":0,"BarRetP":0},{"id":205,"time":120,"name":"Tilcoco154","marginal_cost":165.3334393289,"value":165.3334393289,"DemBarE":0,"DemBarP":0,"BarRetP":0},{"id":205,"time":121,"name":"Tilcoco154","marginal_cost":160.521004017,"value":160.521004017,"DemBarE":0,"DemBarP":0,"BarRetP":0},{"id":205,"time":122,"name":"Tilcoco154","marginal_cost":159.8708872714,"value":159.8708872714,"DemBarE":0,"DemBarP":0,"BarRetP":0},{"id":205,"time":123,"name":"Tilcoco154","marginal_cost":155.3074371457,"value":155.3074371457,"DemBarE":0,"DemBarP":0,"BarRetP":0},{"id":205,"time":124,"name":"Tilcoco154","marginal_cost":155.3074371457,"value":155.3074371457,"DemBarE":0,"DemBarP":0,"BarRetP":0},{"id":205,"time":125,"name":"Tilcoco154","marginal_cost":155.3074371457,"value":155.3074371457,"DemBarE":0,"DemBarP":0,"BarRetP":0},{"id":205,"time":126,"name":"Tilcoco154","marginal_cost":155.3074371457,"value":155.3074371457,"DemBarE":0,"DemBarP":0,"BarRetP":0},{"id":205,"time":127,"name":"Tilcoco154","marginal_cost":163.5422977921,"value":163.5422977921,"DemBarE":0,"DemBarP":0,"BarRetP":0},{"id":205,"time":128,"name":"Tilcoco154","marginal_cost":170.6758068731,"value":170.6758068731,"DemBarE":0,"DemBarP":0,"BarRetP":0},{"id":205,"time":129,"name":"Tilcoco154","marginal_cost":165.7013836022,"value":165.7013836022,"DemBarE":0,"DemBarP":0,"BarRetP":0},{"id":205,"time":130,"name":"Tilcoco154","marginal_cost":168.5903982914,"value":168.5903982914,"DemBarE":0,"DemBarP":0,"BarRetP":0},{"id":205,"time":131,"name":"Tilcoco154","marginal_cost":168.0259031604,"value":168.0259031604,"DemBarE":0,"DemBarP":0,"BarRetP":0},{"id":205,"time":132,"name":"Tilcoco154","marginal_cost":169.1901096084,"value":169.1901096084,"DemBarE":0,"DemBarP":0,"BarRetP":0},{"id":205,"time":133,"name":"Tilcoco154","marginal_cost":168.0066573098,"value":168.0066573098,"DemBarE":0,"DemBarP":0,"BarRetP":0},{"id":205,"time":134,"name":"Tilcoco154","marginal_cost":168.0066573098,"value":168.0066573098,"DemBarE":0,"DemBarP":0,"BarRetP":0},{"id":205,"time":135,"name":"Tilcoco154","marginal_cost":168.0066573098,"value":168.0066573098,"DemBarE":0,"DemBarP":0,"BarRetP":0},{"id":205,"time":136,"name":"Tilcoco154","marginal_cost":168.0066573098,"value":168.0066573098,"DemBarE":0,"DemBarP":0,"BarRetP":0},{"id":205,"time":137,"name":"Tilcoco154","marginal_cost":168.7567263034,"value":168.7567263034,"DemBarE":0,"DemBarP":0,"BarRetP":0},{"id":205,"time":138,"name":"Tilcoco154","marginal_cost":168.7567263034,"value":168.7567263034,"DemBarE":0,"DemBarP":0,"BarRetP":0},{"id":205,"time":139,"name":"Tilcoco154","marginal_cost":168.7567263034,"value":168.7567263034,"DemBarE":0,"DemBarP":0,"BarRetP":0},{"id":205,"time":140,"name":"Tilcoco154","marginal_cost":168.7567263034,"value":168.7567263034,"DemBarE":0,"DemBarP":0,"BarRetP":0},{"id":205,"time":141,"name":"Tilcoco154","marginal_cost":168.7567263034,"value":168.7567263034,"DemBarE":0,"DemBarP":0,"BarRetP":0},{"id":205,"time":142,"name":"Tilcoco154","marginal_cost":168.7567263034,"value":168.7567263034,"DemBarE":0,"DemBarP":0,"BarRetP":0},{"id":205,"time":143,"name":"Tilcoco154","marginal_cost":167.7279315604,"value":167.7279315604,"DemBarE":0,"DemBarP":0,"BarRetP":0},{"id":205,"time":144,"name":"Tilcoco154","marginal_cost":169.0858188682,"value":169.0858188682,"DemBarE":0,"DemBarP":0,"BarRetP":0},{"id":205,"time":145,"name":"Tilcoco154","marginal_cost":166.1616636093,"value":166.1616636093,"DemBarE":0,"DemBarP":0,"BarRetP":0},{"id":205,"time":146,"name":"Tilcoco154","marginal_cost":164.6688324709,"value":164.6688324709,"DemBarE":0,"DemBarP":0,"BarRetP":0},{"id":205,"time":147,"name":"Tilcoco154","marginal_cost":161.4880041458,"value":161.4880041458,"DemBarE":0,"DemBarP":0,"BarRetP":0},{"id":205,"time":148,"name":"Tilcoco154","marginal_cost":161.4880041458,"value":161.4880041458,"DemBarE":0,"DemBarP":0,"BarRetP":0},{"id":205,"time":149,"name":"Tilcoco154","marginal_cost":161.4880041458,"value":161.4880041458,"DemBarE":0,"DemBarP":0,"BarRetP":0},{"id":205,"time":150,"name":"Tilcoco154","marginal_cost":161.4880041458,"value":161.4880041458,"DemBarE":0,"DemBarP":0,"BarRetP":0},{"id":205,"time":151,"name":"Tilcoco154","marginal_cost":166.5373424582,"value":166.5373424582,"DemBarE":0,"DemBarP":0,"BarRetP":0},{"id":205,"time":152,"name":"Tilcoco154","marginal_cost":169.2674580274,"value":169.2674580274,"DemBarE":0,"DemBarP":0,"BarRetP":0},{"id":205,"time":153,"name":"Tilcoco154","marginal_cost":169.2674580274,"value":169.2674580274,"DemBarE":0,"DemBarP":0,"BarRetP":0},{"id":205,"time":154,"name":"Tilcoco154","marginal_cost":167.0581248518,"value":167.0581248518,"DemBarE":0,"DemBarP":0,"BarRetP":0},{"id":205,"time":155,"name":"Tilcoco154","marginal_cost":167.0581248518,"value":167.0581248518,"DemBarE":0,"DemBarP":0,"BarRetP":0},{"id":205,"time":156,"name":"Tilcoco154","marginal_cost":167.7248317712,"value":167.7248317712,"DemBarE":0,"DemBarP":0,"BarRetP":0},{"id":205,"time":157,"name":"Tilcoco154","marginal_cost":166.9922604938,"value":166.9922604938,"DemBarE":0,"DemBarP":0,"BarRetP":0},{"id":205,"time":158,"name":"Tilcoco154","marginal_cost":166.9922604938,"value":166.9922604938,"DemBarE":0,"DemBarP":0,"BarRetP":0},{"id":205,"time":159,"name":"Tilcoco154","marginal_cost":166.9922604938,"value":166.9922604938,"DemBarE":0,"DemBarP":0,"BarRetP":0},{"id":205,"time":160,"name":"Tilcoco154","marginal_cost":166.6430592248,"value":166.6430592248,"DemBarE":0,"DemBarP":0,"BarRetP":0},{"id":205,"time":161,"name":"Tilcoco154","marginal_cost":166.6430592248,"value":166.6430592248,"DemBarE":0,"DemBarP":0,"BarRetP":0},{"id":205,"time":162,"name":"Tilcoco154","marginal_cost":166.2950543269,"value":166.2950543269,"DemBarE":0,"DemBarP":0,"BarRetP":0},{"id":205,"time":163,"name":"Tilcoco154","marginal_cost":170.8142775781,"value":170.8142775781,"DemBarE":0,"DemBarP":0,"BarRetP":0},{"id":205,"time":164,"name":"Tilcoco154","marginal_cost":170.8142775781,"value":170.8142775781,"DemBarE":0,"DemBarP":0,"BarRetP":0},{"id":205,"time":165,"name":"Tilcoco154","marginal_cost":170.8142775781,"value":170.8142775781,"DemBarE":0,"DemBarP":0,"BarRetP":0},{"id":205,"time":166,"name":"Tilcoco154","marginal_cost":170.8142775781,"value":170.8142775781,"DemBarE":0,"DemBarP":0,"BarRetP":0},{"id":205,"time":167,"name":"Tilcoco154","marginal_cost":169.6493879237,"value":169.6493879237,"DemBarE":0,"DemBarP":0,"BarRetP":0},{"id":205,"time":168,"name":"Tilcoco154","marginal_cost":170.1105981309,"value":170.1105981309,"DemBarE":0,"DemBarP":0,"BarRetP":0}]