[{"id":196,"time":1,"name":"SFcoMost066","marginal_cost":161.8443580273,"value":161.8443580273,"DemBarE":0,"DemBarP":0,"BarRetP":0},{"id":196,"time":2,"name":"SFcoMost066","marginal_cost":162.1824725142,"value":162.1824725142,"DemBarE":0,"DemBarP":0,"BarRetP":0},{"id":196,"time":3,"name":"SFcoMost066","marginal_cost":160.691969533,"value":160.691969533,"DemBarE":0,"DemBarP":0,"BarRetP":0},{"id":196,"time":4,"name":"SFcoMost066","marginal_cost":159.6481776708,"value":159.6481776708,"DemBarE":0,"DemBarP":0,"BarRetP":0},{"id":196,"time":5,"name":"SFcoMost066","marginal_cost":141.619701118,"value":141.619701118,"DemBarE":0,"DemBarP":0,"BarRetP":0},{"id":196,"time":6,"name":"SFcoMost066","marginal_cost":124.2011423222,"value":124.2011423222,"DemBarE":0,"DemBarP":0,"BarRetP":0},{"id":196,"time":7,"name":"SFcoMost066","marginal_cost":169.8395480406,"value":169.8395480406,"DemBarE":0,"DemBarP":0,"BarRetP":0},{"id":196,"time":8,"name":"SFcoMost066","marginal_cost":174.5874473385,"value":174.5874473385,"DemBarE":0,"DemBarP":0,"BarRetP":0},{"id":196,"time":9,"name":"SFcoMost066","marginal_cost":162.8924549237,"value":162.8924549237,"DemBarE":0,"DemBarP":0,"BarRetP":0},{"id":196,"time":10,"name":"SFcoMost066","marginal_cost":158.5209988144,"value":158.5209988144,"DemBarE":0,"DemBarP":0,"BarRetP":0},{"id":196,"time":11,"name":"SFcoMost066","marginal_cost":158.1707529377,"value":158.1707529377,"DemBarE":0,"DemBarP":0,"BarRetP":0},{"id":196,"time":12,"name":"SFcoMost066","marginal_cost":156.54307747,"value":156.54307747,"DemBarE":0,"DemBarP":0,"BarRetP":0},{"id":196,"time":13,"name":"SFcoMost066","marginal_cost":154.9071530692,"value":154.9071530692,"DemBarE":0,"DemBarP":0,"BarRetP":0},{"id":196,"time":14,"name":"SFcoMost066","marginal_cost":154.5942780658,"value":154.5942780658,"DemBarE":0,"DemBarP":0,"BarRetP":0},{"id":196,"time":15,"name":"SFcoMost066","marginal_cost":154.6177711797,"value":154.6177711797,"DemBarE":0,"DemBarP":0,"BarRetP":0},{"id":196,"time":16,"name":"SFcoMost066","marginal_cost":154.7516320025,"value":154.7516320025,"DemBarE":0,"DemBarP":0,"BarRetP":0},{"id":196,"time":17,"name":"SFcoMost066","marginal_cost":157.8345904581,"value":157.8345904581,"DemBarE":0,"DemBarP":0,"BarRetP":0},{"id":196,"time":18,"name":"SFcoMost066","marginal_cost":159.9923471867,"value":159.9923471867,"DemBarE":0,"DemBarP":0,"BarRetP":0},{"id":196,"time":19,"name":"SFcoMost066","marginal_cost":181.0932211456,"value":181.0932211456,"DemBarE":0,"DemBarP":0,"BarRetP":0},{"id":196,"time":20,"name":"SFcoMost066","marginal_cost":184.5483092677,"value":184.5483092677,"DemBarE":0,"DemBarP":0,"BarRetP":0},{"id":196,"time":21,"name":"SFcoMost066","marginal_cost":174.3306281817,"value":174.3306281817,"DemBarE":0,"DemBarP":0,"BarRetP":0},{"id":196,"time":22,"name":"SFcoMost066","marginal_cost":172.5186243025,"value":172.5186243025,"DemBarE":0,"DemBarP":0,"BarRetP":0},{"id":196,"time":23,"name":"SFcoMost066","marginal_cost":170.0926422647,"value":170.0926422647,"DemBarE":0,"DemBarP":0,"BarRetP":0},{"id":196,"time":24,"name":"SFcoMost066","marginal_cost":170.3232238722,"value":170.3232238722,"DemBarE":0,"DemBarP":0,"BarRetP":0},{"id":196,"time":25,"name":"SFcoMost066","marginal_cost":160.6299319877,"value":160.6299319877,"DemBarE":0,"DemBarP":0,"BarRetP":0},{"id":196,"time":26,"name":"SFcoMost066","marginal_cost":160.6936188551,"value":160.6936188551,"DemBarE":0,"DemBarP":0,"BarRetP":0},{"id":196,"time":27,"name":"SFcoMost066","marginal_cost":160.3305520241,"value":160.3305520241,"DemBarE":0,"DemBarP":0,"BarRetP":0},{"id":196,"time":28,"name":"SFcoMost066","marginal_cost":160.3531212825,"value":160.3531212825,"DemBarE":0,"DemBarP":0,"BarRetP":0},{"id":196,"time":29,"name":"SFcoMost066","marginal_cost":159.2813302763,"value":159.2813302763,"DemBarE":0,"DemBarP":0,"BarRetP":0},{"id":196,"time":30,"name":"SFcoMost066","marginal_cost":161.245275592,"value":161.245275592,"DemBarE":0,"DemBarP":0,"BarRetP":0},{"id":196,"time":31,"name":"SFcoMost066","marginal_cost":168.1781198013,"value":168.1781198013,"DemBarE":0,"DemBarP":0,"BarRetP":0},{"id":196,"time":32,"name":"SFcoMost066","marginal_cost":175.531162799,"value":175.531162799,"DemBarE":0,"DemBarP":0,"BarRetP":0},{"id":196,"time":33,"name":"SFcoMost066","marginal_cost":162.536590272,"value":162.536590272,"DemBarE":0,"DemBarP":0,"BarRetP":0},{"id":196,"time":34,"name":"SFcoMost066","marginal_cost":161.9129012091,"value":161.9129012091,"DemBarE":0,"DemBarP":0,"BarRetP":0},{"id":196,"time":35,"name":"SFcoMost066","marginal_cost":161.4032090794,"value":161.4032090794,"DemBarE":0,"DemBarP":0,"BarRetP":0},{"id":196,"time":36,"name":"SFcoMost066","marginal_cost":159.8587969063,"value":159.8587969063,"DemBarE":0,"DemBarP":0,"BarRetP":0},{"id":196,"time":37,"name":"SFcoMost066","marginal_cost":157.5896160222,"value":157.5896160222,"DemBarE":0,"DemBarP":0,"BarRetP":0},{"id":196,"time":38,"name":"SFcoMost066","marginal_cost":157.5896160222,"value":157.5896160222,"DemBarE":0,"DemBarP":0,"BarRetP":0},{"id":196,"time":39,"name":"SFcoMost066","marginal_cost":157.5896160222,"value":157.5896160222,"DemBarE":0,"DemBarP":0,"BarRetP":0},{"id":196,"time":40,"name":"SFcoMost066","marginal_cost":157.5896160222,"value":157.5896160222,"DemBarE":0,"DemBarP":0,"BarRetP":0},{"id":196,"time":41,"name":"SFcoMost066","marginal_cost":159.4154796465,"value":159.4154796465,"DemBarE":0,"DemBarP":0,"BarRetP":0},{"id":196,"time":42,"name":"SFcoMost066","marginal_cost":157.9424789306,"value":157.9424789306,"DemBarE":0,"DemBarP":0,"BarRetP":0},{"id":196,"time":43,"name":"SFcoMost066","marginal_cost":165.0341976918,"value":165.0341976918,"DemBarE":0,"DemBarP":0,"BarRetP":0},{"id":196,"time":44,"name":"SFcoMost066","marginal_cost":165.0341976918,"value":165.0341976918,"DemBarE":0,"DemBarP":0,"BarRetP":0},{"id":196,"time":45,"name":"SFcoMost066","marginal_cost":165.0526102706,"value":165.0526102706,"DemBarE":0,"DemBarP":0,"BarRetP":0},{"id":196,"time":46,"name":"SFcoMost066","marginal_cost":163.7176882369,"value":163.7176882369,"DemBarE":0,"DemBarP":0,"BarRetP":0},{"id":196,"time":47,"name":"SFcoMost066","marginal_cost":160.910367314,"value":160.910367314,"DemBarE":0,"DemBarP":0,"BarRetP":0},{"id":196,"time":48,"name":"SFcoMost066","marginal_cost":160.2091595827,"value":160.2091595827,"DemBarE":0,"DemBarP":0,"BarRetP":0},{"id":196,"time":49,"name":"SFcoMost066","marginal_cost":152.6022342374,"value":152.6022342374,"DemBarE":0,"DemBarP":0,"BarRetP":0},{"id":196,"time":50,"name":"SFcoMost066","marginal_cost":156.0273993281,"value":156.0273993281,"DemBarE":0,"DemBarP":0,"BarRetP":0},{"id":196,"time":51,"name":"SFcoMost066","marginal_cost":156.633532742,"value":156.633532742,"DemBarE":0,"DemBarP":0,"BarRetP":0},{"id":196,"time":52,"name":"SFcoMost066","marginal_cost":138.1934165466,"value":138.1934165466,"DemBarE":0,"DemBarP":0,"BarRetP":0},{"id":196,"time":53,"name":"SFcoMost066","marginal_cost":138.1934165466,"value":138.1934165466,"DemBarE":0,"DemBarP":0,"BarRetP":0},{"id":196,"time":54,"name":"SFcoMost066","marginal_cost":138.237594416,"value":138.237594416,"DemBarE":0,"DemBarP":0,"BarRetP":0},{"id":196,"time":55,"name":"SFcoMost066","marginal_cost":139.5144834351,"value":139.5144834351,"DemBarE":0,"DemBarP":0,"BarRetP":0},{"id":196,"time":56,"name":"SFcoMost066","marginal_cost":140.8125670219,"value":140.8125670219,"DemBarE":0,"DemBarP":0,"BarRetP":0},{"id":196,"time":57,"name":"SFcoMost066","marginal_cost":127.3304154239,"value":127.3304154239,"DemBarE":0,"DemBarP":0,"BarRetP":0},{"id":196,"time":58,"name":"SFcoMost066","marginal_cost":140.3590414935,"value":140.3590414935,"DemBarE":0,"DemBarP":0,"BarRetP":0},{"id":196,"time":59,"name":"SFcoMost066","marginal_cost":109.205083926,"value":109.205083926,"DemBarE":0,"DemBarP":0,"BarRetP":0},{"id":196,"time":60,"name":"SFcoMost066","marginal_cost":136.8188110511,"value":136.8188110511,"DemBarE":0,"DemBarP":0,"BarRetP":0},{"id":196,"time":61,"name":"SFcoMost066","marginal_cost":136.9802761174,"value":136.9802761174,"DemBarE":0,"DemBarP":0,"BarRetP":0},{"id":196,"time":62,"name":"SFcoMost066","marginal_cost":136.9802761174,"value":136.9802761174,"DemBarE":0,"DemBarP":0,"BarRetP":0},{"id":196,"time":63,"name":"SFcoMost066","marginal_cost":119.5507423401,"value":119.5507423401,"DemBarE":0,"DemBarP":0,"BarRetP":0},{"id":196,"time":64,"name":"SFcoMost066","marginal_cost":137.2833921709,"value":137.2833921709,"DemBarE":0,"DemBarP":0,"BarRetP":0},{"id":196,"time":65,"name":"SFcoMost066","marginal_cost":138.4797633773,"value":138.4797633773,"DemBarE":0,"DemBarP":0,"BarRetP":0},{"id":196,"time":66,"name":"SFcoMost066","marginal_cost":138.4797633773,"value":138.4797633773,"DemBarE":0,"DemBarP":0,"BarRetP":0},{"id":196,"time":67,"name":"SFcoMost066","marginal_cost":174.1241067888,"value":174.1241067888,"DemBarE":0,"DemBarP":0,"BarRetP":0},{"id":196,"time":68,"name":"SFcoMost066","marginal_cost":168.1191737806,"value":168.1191737806,"DemBarE":0,"DemBarP":0,"BarRetP":0},{"id":196,"time":69,"name":"SFcoMost066","marginal_cost":168.1191737806,"value":168.1191737806,"DemBarE":0,"DemBarP":0,"BarRetP":0},{"id":196,"time":70,"name":"SFcoMost066","marginal_cost":165.64047741,"value":165.64047741,"DemBarE":0,"DemBarP":0,"BarRetP":0},{"id":196,"time":71,"name":"SFcoMost066","marginal_cost":158.009983049,"value":158.009983049,"DemBarE":0,"DemBarP":0,"BarRetP":0},{"id":196,"time":72,"name":"SFcoMost066","marginal_cost":157.004055717,"value":157.004055717,"DemBarE":0,"DemBarP":0,"BarRetP":0},{"id":196,"time":73,"name":"SFcoMost066","marginal_cost":157.0221460584,"value":157.0221460584,"DemBarE":0,"DemBarP":0,"BarRetP":0},{"id":196,"time":74,"name":"SFcoMost066","marginal_cost":153.8932992223,"value":153.8932992223,"DemBarE":0,"DemBarP":0,"BarRetP":0},{"id":196,"time":75,"name":"SFcoMost066","marginal_cost":139.1725106129,"value":139.1725106129,"DemBarE":0,"DemBarP":0,"BarRetP":0},{"id":196,"time":76,"name":"SFcoMost066","marginal_cost":139.1725106129,"value":139.1725106129,"DemBarE":0,"DemBarP":0,"BarRetP":0},{"id":196,"time":77,"name":"SFcoMost066","marginal_cost":139.1725106129,"value":139.1725106129,"DemBarE":0,"DemBarP":0,"BarRetP":0},{"id":196,"time":78,"name":"SFcoMost066","marginal_cost":139.1725106129,"value":139.1725106129,"DemBarE":0,"DemBarP":0,"BarRetP":0},{"id":196,"time":79,"name":"SFcoMost066","marginal_cost":139.1725106129,"value":139.1725106129,"DemBarE":0,"DemBarP":0,"BarRetP":0},{"id":196,"time":80,"name":"SFcoMost066","marginal_cost":129.7609686574,"value":129.7609686574,"DemBarE":0,"DemBarP":0,"BarRetP":0},{"id":196,"time":81,"name":"SFcoMost066","marginal_cost":129.7609686574,"value":129.7609686574,"DemBarE":0,"DemBarP":0,"BarRetP":0},{"id":196,"time":82,"name":"SFcoMost066","marginal_cost":96.412746526,"value":96.412746526,"DemBarE":0,"DemBarP":0,"BarRetP":0},{"id":196,"time":83,"name":"SFcoMost066","marginal_cost":96.412746526,"value":96.412746526,"DemBarE":0,"DemBarP":0,"BarRetP":0},{"id":196,"time":84,"name":"SFcoMost066","marginal_cost":122.4840282434,"value":122.4840282434,"DemBarE":0,"DemBarP":0,"BarRetP":0},{"id":196,"time":85,"name":"SFcoMost066","marginal_cost":122.4840282434,"value":122.4840282434,"DemBarE":0,"DemBarP":0,"BarRetP":0},{"id":196,"time":86,"name":"SFcoMost066","marginal_cost":134.0138786407,"value":134.0138786407,"DemBarE":0,"DemBarP":0,"BarRetP":0},{"id":196,"time":87,"name":"SFcoMost066","marginal_cost":134.0138786407,"value":134.0138786407,"DemBarE":0,"DemBarP":0,"BarRetP":0},{"id":196,"time":88,"name":"SFcoMost066","marginal_cost":134.0138786407,"value":134.0138786407,"DemBarE":0,"DemBarP":0,"BarRetP":0},{"id":196,"time":89,"name":"SFcoMost066","marginal_cost":134.0138786407,"value":134.0138786407,"DemBarE":0,"DemBarP":0,"BarRetP":0},{"id":196,"time":90,"name":"SFcoMost066","marginal_cost":134.0138786407,"value":134.0138786407,"DemBarE":0,"DemBarP":0,"BarRetP":0},{"id":196,"time":91,"name":"SFcoMost066","marginal_cost":160.8317680384,"value":160.8317680384,"DemBarE":0,"DemBarP":0,"BarRetP":0},{"id":196,"time":92,"name":"SFcoMost066","marginal_cost":160.8317680384,"value":160.8317680384,"DemBarE":0,"DemBarP":0,"BarRetP":0},{"id":196,"time":93,"name":"SFcoMost066","marginal_cost":163.1791961939,"value":163.1791961939,"DemBarE":0,"DemBarP":0,"BarRetP":0},{"id":196,"time":94,"name":"SFcoMost066","marginal_cost":159.8974460345,"value":159.8974460345,"DemBarE":0,"DemBarP":0,"BarRetP":0},{"id":196,"time":95,"name":"SFcoMost066","marginal_cost":158.0249578322,"value":158.0249578322,"DemBarE":0,"DemBarP":0,"BarRetP":0},{"id":196,"time":96,"name":"SFcoMost066","marginal_cost":158.3228066109,"value":158.3228066109,"DemBarE":0,"DemBarP":0,"BarRetP":0},{"id":196,"time":97,"name":"SFcoMost066","marginal_cost":158.5572947789,"value":158.5572947789,"DemBarE":0,"DemBarP":0,"BarRetP":0},{"id":196,"time":98,"name":"SFcoMost066","marginal_cost":152.6678728089,"value":152.6678728089,"DemBarE":0,"DemBarP":0,"BarRetP":0},{"id":196,"time":99,"name":"SFcoMost066","marginal_cost":152.0453722654,"value":152.0453722654,"DemBarE":0,"DemBarP":0,"BarRetP":0},{"id":196,"time":100,"name":"SFcoMost066","marginal_cost":151.7387543119,"value":151.7387543119,"DemBarE":0,"DemBarP":0,"BarRetP":0},{"id":196,"time":101,"name":"SFcoMost066","marginal_cost":151.7387543119,"value":151.7387543119,"DemBarE":0,"DemBarP":0,"BarRetP":0},{"id":196,"time":102,"name":"SFcoMost066","marginal_cost":151.7387543119,"value":151.7387543119,"DemBarE":0,"DemBarP":0,"BarRetP":0},{"id":196,"time":103,"name":"SFcoMost066","marginal_cost":159.9708285304,"value":159.9708285304,"DemBarE":0,"DemBarP":0,"BarRetP":0},{"id":196,"time":104,"name":"SFcoMost066","marginal_cost":161.763554767,"value":161.763554767,"DemBarE":0,"DemBarP":0,"BarRetP":0},{"id":196,"time":105,"name":"SFcoMost066","marginal_cost":161.763554767,"value":161.763554767,"DemBarE":0,"DemBarP":0,"BarRetP":0},{"id":196,"time":106,"name":"SFcoMost066","marginal_cost":154.0790752827,"value":154.0790752827,"DemBarE":0,"DemBarP":0,"BarRetP":0},{"id":196,"time":107,"name":"SFcoMost066","marginal_cost":152.0901164008,"value":152.0901164008,"DemBarE":0,"DemBarP":0,"BarRetP":0},{"id":196,"time":108,"name":"SFcoMost066","marginal_cost":152.3041519357,"value":152.3041519357,"DemBarE":0,"DemBarP":0,"BarRetP":0},{"id":196,"time":109,"name":"SFcoMost066","marginal_cost":152.3041519357,"value":152.3041519357,"DemBarE":0,"DemBarP":0,"BarRetP":0},{"id":196,"time":110,"name":"SFcoMost066","marginal_cost":152.577293628,"value":152.577293628,"DemBarE":0,"DemBarP":0,"BarRetP":0},{"id":196,"time":111,"name":"SFcoMost066","marginal_cost":153.2631464397,"value":153.2631464397,"DemBarE":0,"DemBarP":0,"BarRetP":0},{"id":196,"time":112,"name":"SFcoMost066","marginal_cost":153.2631464397,"value":153.2631464397,"DemBarE":0,"DemBarP":0,"BarRetP":0},{"id":196,"time":113,"name":"SFcoMost066","marginal_cost":161.9250020395,"value":161.9250020395,"DemBarE":0,"DemBarP":0,"BarRetP":0},{"id":196,"time":114,"name":"SFcoMost066","marginal_cost":161.9250020395,"value":161.9250020395,"DemBarE":0,"DemBarP":0,"BarRetP":0},{"id":196,"time":115,"name":"SFcoMost066","marginal_cost":161.9250020395,"value":161.9250020395,"DemBarE":0,"DemBarP":0,"BarRetP":0},{"id":196,"time":116,"name":"SFcoMost066","marginal_cost":166.6422201916,"value":166.6422201916,"DemBarE":0,"DemBarP":0,"BarRetP":0},{"id":196,"time":117,"name":"SFcoMost066","marginal_cost":166.6422201916,"value":166.6422201916,"DemBarE":0,"DemBarP":0,"BarRetP":0},{"id":196,"time":118,"name":"SFcoMost066","marginal_cost":166.6422201916,"value":166.6422201916,"DemBarE":0,"DemBarP":0,"BarRetP":0},{"id":196,"time":119,"name":"SFcoMost066","marginal_cost":166.716999896,"value":166.716999896,"DemBarE":0,"DemBarP":0,"BarRetP":0},{"id":196,"time":120,"name":"SFcoMost066","marginal_cost":164.0752182906,"value":164.0752182906,"DemBarE":0,"DemBarP":0,"BarRetP":0},{"id":196,"time":121,"name":"SFcoMost066","marginal_cost":159.2813953766,"value":159.2813953766,"DemBarE":0,"DemBarP":0,"BarRetP":0},{"id":196,"time":122,"name":"SFcoMost066","marginal_cost":158.5755998562,"value":158.5755998562,"DemBarE":0,"DemBarP":0,"BarRetP":0},{"id":196,"time":123,"name":"SFcoMost066","marginal_cost":154.0099585135,"value":154.0099585135,"DemBarE":0,"DemBarP":0,"BarRetP":0},{"id":196,"time":124,"name":"SFcoMost066","marginal_cost":154.0099585135,"value":154.0099585135,"DemBarE":0,"DemBarP":0,"BarRetP":0},{"id":196,"time":125,"name":"SFcoMost066","marginal_cost":154.0099585135,"value":154.0099585135,"DemBarE":0,"DemBarP":0,"BarRetP":0},{"id":196,"time":126,"name":"SFcoMost066","marginal_cost":154.0099585135,"value":154.0099585135,"DemBarE":0,"DemBarP":0,"BarRetP":0},{"id":196,"time":127,"name":"SFcoMost066","marginal_cost":162.4106140244,"value":162.4106140244,"DemBarE":0,"DemBarP":0,"BarRetP":0},{"id":196,"time":128,"name":"SFcoMost066","marginal_cost":168.7388015404,"value":168.7388015404,"DemBarE":0,"DemBarP":0,"BarRetP":0},{"id":196,"time":129,"name":"SFcoMost066","marginal_cost":162.6572632939,"value":162.6572632939,"DemBarE":0,"DemBarP":0,"BarRetP":0},{"id":196,"time":130,"name":"SFcoMost066","marginal_cost":163.6221714114,"value":163.6221714114,"DemBarE":0,"DemBarP":0,"BarRetP":0},{"id":196,"time":131,"name":"SFcoMost066","marginal_cost":162.4619665866,"value":162.4619665866,"DemBarE":0,"DemBarP":0,"BarRetP":0},{"id":196,"time":132,"name":"SFcoMost066","marginal_cost":163.4440059327,"value":163.4440059327,"DemBarE":0,"DemBarP":0,"BarRetP":0},{"id":196,"time":133,"name":"SFcoMost066","marginal_cost":162.9480507675,"value":162.9480507675,"DemBarE":0,"DemBarP":0,"BarRetP":0},{"id":196,"time":134,"name":"SFcoMost066","marginal_cost":162.9480507675,"value":162.9480507675,"DemBarE":0,"DemBarP":0,"BarRetP":0},{"id":196,"time":135,"name":"SFcoMost066","marginal_cost":162.9480507675,"value":162.9480507675,"DemBarE":0,"DemBarP":0,"BarRetP":0},{"id":196,"time":136,"name":"SFcoMost066","marginal_cost":162.9480507675,"value":162.9480507675,"DemBarE":0,"DemBarP":0,"BarRetP":0},{"id":196,"time":137,"name":"SFcoMost066","marginal_cost":167.337664927,"value":167.337664927,"DemBarE":0,"DemBarP":0,"BarRetP":0},{"id":196,"time":138,"name":"SFcoMost066","marginal_cost":167.337664927,"value":167.337664927,"DemBarE":0,"DemBarP":0,"BarRetP":0},{"id":196,"time":139,"name":"SFcoMost066","marginal_cost":167.337664927,"value":167.337664927,"DemBarE":0,"DemBarP":0,"BarRetP":0},{"id":196,"time":140,"name":"SFcoMost066","marginal_cost":167.337664927,"value":167.337664927,"DemBarE":0,"DemBarP":0,"BarRetP":0},{"id":196,"time":141,"name":"SFcoMost066","marginal_cost":167.337664927,"value":167.337664927,"DemBarE":0,"DemBarP":0,"BarRetP":0},{"id":196,"time":142,"name":"SFcoMost066","marginal_cost":167.337664927,"value":167.337664927,"DemBarE":0,"DemBarP":0,"BarRetP":0},{"id":196,"time":143,"name":"SFcoMost066","marginal_cost":166.5040367745,"value":166.5040367745,"DemBarE":0,"DemBarP":0,"BarRetP":0},{"id":196,"time":144,"name":"SFcoMost066","marginal_cost":167.6295277907,"value":167.6295277907,"DemBarE":0,"DemBarP":0,"BarRetP":0},{"id":196,"time":145,"name":"SFcoMost066","marginal_cost":164.6799003736,"value":164.6799003736,"DemBarE":0,"DemBarP":0,"BarRetP":0},{"id":196,"time":146,"name":"SFcoMost066","marginal_cost":163.0866980395,"value":163.0866980395,"DemBarE":0,"DemBarP":0,"BarRetP":0},{"id":196,"time":147,"name":"SFcoMost066","marginal_cost":160.148713901,"value":160.148713901,"DemBarE":0,"DemBarP":0,"BarRetP":0},{"id":196,"time":148,"name":"SFcoMost066","marginal_cost":160.148713901,"value":160.148713901,"DemBarE":0,"DemBarP":0,"BarRetP":0},{"id":196,"time":149,"name":"SFcoMost066","marginal_cost":160.148713901,"value":160.148713901,"DemBarE":0,"DemBarP":0,"BarRetP":0},{"id":196,"time":150,"name":"SFcoMost066","marginal_cost":160.148713901,"value":160.148713901,"DemBarE":0,"DemBarP":0,"BarRetP":0},{"id":196,"time":151,"name":"SFcoMost066","marginal_cost":165.2777023503,"value":165.2777023503,"DemBarE":0,"DemBarP":0,"BarRetP":0},{"id":196,"time":152,"name":"SFcoMost066","marginal_cost":166.3430676297,"value":166.3430676297,"DemBarE":0,"DemBarP":0,"BarRetP":0},{"id":196,"time":153,"name":"SFcoMost066","marginal_cost":166.3430676297,"value":166.3430676297,"DemBarE":0,"DemBarP":0,"BarRetP":0},{"id":196,"time":154,"name":"SFcoMost066","marginal_cost":160.4105148247,"value":160.4105148247,"DemBarE":0,"DemBarP":0,"BarRetP":0},{"id":196,"time":155,"name":"SFcoMost066","marginal_cost":160.4105148247,"value":160.4105148247,"DemBarE":0,"DemBarP":0,"BarRetP":0},{"id":196,"time":156,"name":"SFcoMost066","marginal_cost":158.4168783302,"value":158.4168783302,"DemBarE":0,"DemBarP":0,"BarRetP":0},{"id":196,"time":157,"name":"SFcoMost066","marginal_cost":158.1282713271,"value":158.1282713271,"DemBarE":0,"DemBarP":0,"BarRetP":0},{"id":196,"time":158,"name":"SFcoMost066","marginal_cost":158.1282713271,"value":158.1282713271,"DemBarE":0,"DemBarP":0,"BarRetP":0},{"id":196,"time":159,"name":"SFcoMost066","marginal_cost":158.1282713271,"value":158.1282713271,"DemBarE":0,"DemBarP":0,"BarRetP":0},{"id":196,"time":160,"name":"SFcoMost066","marginal_cost":160.5251976418,"value":160.5251976418,"DemBarE":0,"DemBarP":0,"BarRetP":0},{"id":196,"time":161,"name":"SFcoMost066","marginal_cost":160.5251976418,"value":160.5251976418,"DemBarE":0,"DemBarP":0,"BarRetP":0},{"id":196,"time":162,"name":"SFcoMost066","marginal_cost":164.8739227797,"value":164.8739227797,"DemBarE":0,"DemBarP":0,"BarRetP":0},{"id":196,"time":163,"name":"SFcoMost066","marginal_cost":169.491033784,"value":169.491033784,"DemBarE":0,"DemBarP":0,"BarRetP":0},{"id":196,"time":164,"name":"SFcoMost066","marginal_cost":169.491033784,"value":169.491033784,"DemBarE":0,"DemBarP":0,"BarRetP":0},{"id":196,"time":165,"name":"SFcoMost066","marginal_cost":169.491033784,"value":169.491033784,"DemBarE":0,"DemBarP":0,"BarRetP":0},{"id":196,"time":166,"name":"SFcoMost066","marginal_cost":169.491033784,"value":169.491033784,"DemBarE":0,"DemBarP":0,"BarRetP":0},{"id":196,"time":167,"name":"SFcoMost066","marginal_cost":168.1662688329,"value":168.1662688329,"DemBarE":0,"DemBarP":0,"BarRetP":0},{"id":196,"time":168,"name":"SFcoMost066","marginal_cost":168.4479500611,"value":168.4479500611,"DemBarE":0,"DemBarP":0,"BarRetP":0}]