[{"id":39,"time":1,"name":"Esperanza220","marginal_cost":135.7663638223,"value":135.7663638223,"DemBarE":0,"DemBarP":0,"BarRetP":0},{"id":39,"time":2,"name":"Esperanza220","marginal_cost":132.2233340162,"value":132.2233340162,"DemBarE":0,"DemBarP":0,"BarRetP":0},{"id":39,"time":3,"name":"Esperanza220","marginal_cost":133.286991912,"value":133.286991912,"DemBarE":0,"DemBarP":0,"BarRetP":0},{"id":39,"time":4,"name":"Esperanza220","marginal_cost":133.9347632096,"value":133.9347632096,"DemBarE":0,"DemBarP":0,"BarRetP":0},{"id":39,"time":5,"name":"Esperanza220","marginal_cost":134.1287630531,"value":134.1287630531,"DemBarE":0,"DemBarP":0,"BarRetP":0},{"id":39,"time":6,"name":"Esperanza220","marginal_cost":99.240472363,"value":99.240472363,"DemBarE":0,"DemBarP":0,"BarRetP":0},{"id":39,"time":7,"name":"Esperanza220","marginal_cost":135.0987334547,"value":135.0987334547,"DemBarE":0,"DemBarP":0,"BarRetP":0},{"id":39,"time":8,"name":"Esperanza220","marginal_cost":161.1525415072,"value":161.1525415072,"DemBarE":0,"DemBarP":0,"BarRetP":0},{"id":39,"time":9,"name":"Esperanza220","marginal_cost":115.483151079,"value":115.483151079,"DemBarE":0,"DemBarP":0,"BarRetP":0},{"id":39,"time":10,"name":"Esperanza220","marginal_cost":80.1534881593,"value":80.1534881593,"DemBarE":0,"DemBarP":0,"BarRetP":0},{"id":39,"time":11,"name":"Esperanza220","marginal_cost":77.386519859,"value":77.386519859,"DemBarE":0,"DemBarP":0,"BarRetP":0},{"id":39,"time":12,"name":"Esperanza220","marginal_cost":68.2742443307,"value":68.2742443307,"DemBarE":0,"DemBarP":0,"BarRetP":0},{"id":39,"time":13,"name":"Esperanza220","marginal_cost":46.7607496834,"value":46.7607496834,"DemBarE":0,"DemBarP":0,"BarRetP":0},{"id":39,"time":14,"name":"Esperanza220","marginal_cost":-1.867576314,"value":-1.867576314,"DemBarE":0,"DemBarP":0,"BarRetP":0},{"id":39,"time":15,"name":"Esperanza220","marginal_cost":-1.5347205341,"value":-1.5347205341,"DemBarE":0,"DemBarP":0,"BarRetP":0},{"id":39,"time":16,"name":"Esperanza220","marginal_cost":-1.5367527142,"value":-1.5367527142,"DemBarE":0,"DemBarP":0,"BarRetP":0},{"id":39,"time":17,"name":"Esperanza220","marginal_cost":98.6551817125,"value":98.6551817125,"DemBarE":0,"DemBarP":0,"BarRetP":0},{"id":39,"time":18,"name":"Esperanza220","marginal_cost":136.4115892421,"value":136.4115892421,"DemBarE":0,"DemBarP":0,"BarRetP":0},{"id":39,"time":19,"name":"Esperanza220","marginal_cost":172.5229658239,"value":172.5229658239,"DemBarE":0,"DemBarP":0,"BarRetP":0},{"id":39,"time":20,"name":"Esperanza220","marginal_cost":173.0082559328,"value":173.0082559328,"DemBarE":0,"DemBarP":0,"BarRetP":0},{"id":39,"time":21,"name":"Esperanza220","marginal_cost":168.1892674406,"value":168.1892674406,"DemBarE":0,"DemBarP":0,"BarRetP":0},{"id":39,"time":22,"name":"Esperanza220","marginal_cost":162.0343184425,"value":162.0343184425,"DemBarE":0,"DemBarP":0,"BarRetP":0},{"id":39,"time":23,"name":"Esperanza220","marginal_cost":158.8679744544,"value":158.8679744544,"DemBarE":0,"DemBarP":0,"BarRetP":0},{"id":39,"time":24,"name":"Esperanza220","marginal_cost":158.0078552509,"value":158.0078552509,"DemBarE":0,"DemBarP":0,"BarRetP":0},{"id":39,"time":25,"name":"Esperanza220","marginal_cost":157.8246973751,"value":157.8246973751,"DemBarE":0,"DemBarP":0,"BarRetP":0},{"id":39,"time":26,"name":"Esperanza220","marginal_cost":155.8182684521,"value":155.8182684521,"DemBarE":0,"DemBarP":0,"BarRetP":0},{"id":39,"time":27,"name":"Esperanza220","marginal_cost":156.7944527074,"value":156.7944527074,"DemBarE":0,"DemBarP":0,"BarRetP":0},{"id":39,"time":28,"name":"Esperanza220","marginal_cost":156.5229419141,"value":156.5229419141,"DemBarE":0,"DemBarP":0,"BarRetP":0},{"id":39,"time":29,"name":"Esperanza220","marginal_cost":155.2067314002,"value":155.2067314002,"DemBarE":0,"DemBarP":0,"BarRetP":0},{"id":39,"time":30,"name":"Esperanza220","marginal_cost":156.0346262579,"value":156.0346262579,"DemBarE":0,"DemBarP":0,"BarRetP":0},{"id":39,"time":31,"name":"Esperanza220","marginal_cost":163.583964432,"value":163.583964432,"DemBarE":0,"DemBarP":0,"BarRetP":0},{"id":39,"time":32,"name":"Esperanza220","marginal_cost":159.1915680197,"value":159.1915680197,"DemBarE":0,"DemBarP":0,"BarRetP":0},{"id":39,"time":33,"name":"Esperanza220","marginal_cost":128.716057012,"value":128.716057012,"DemBarE":0,"DemBarP":0,"BarRetP":0},{"id":39,"time":34,"name":"Esperanza220","marginal_cost":87.1011182161,"value":87.1011182161,"DemBarE":0,"DemBarP":0,"BarRetP":0},{"id":39,"time":35,"name":"Esperanza220","marginal_cost":83.3593456205,"value":83.3593456205,"DemBarE":0,"DemBarP":0,"BarRetP":0},{"id":39,"time":36,"name":"Esperanza220","marginal_cost":83.3180179582,"value":83.3180179582,"DemBarE":0,"DemBarP":0,"BarRetP":0},{"id":39,"time":37,"name":"Esperanza220","marginal_cost":81.799480302,"value":81.799480302,"DemBarE":0,"DemBarP":0,"BarRetP":0},{"id":39,"time":38,"name":"Esperanza220","marginal_cost":81.799480302,"value":81.799480302,"DemBarE":0,"DemBarP":0,"BarRetP":0},{"id":39,"time":39,"name":"Esperanza220","marginal_cost":81.799480302,"value":81.799480302,"DemBarE":0,"DemBarP":0,"BarRetP":0},{"id":39,"time":40,"name":"Esperanza220","marginal_cost":81.799480302,"value":81.799480302,"DemBarE":0,"DemBarP":0,"BarRetP":0},{"id":39,"time":41,"name":"Esperanza220","marginal_cost":101.5240168205,"value":101.5240168205,"DemBarE":0,"DemBarP":0,"BarRetP":0},{"id":39,"time":42,"name":"Esperanza220","marginal_cost":140.0582144792,"value":140.0582144792,"DemBarE":0,"DemBarP":0,"BarRetP":0},{"id":39,"time":43,"name":"Esperanza220","marginal_cost":163.7843811417,"value":163.7843811417,"DemBarE":0,"DemBarP":0,"BarRetP":0},{"id":39,"time":44,"name":"Esperanza220","marginal_cost":163.7843811417,"value":163.7843811417,"DemBarE":0,"DemBarP":0,"BarRetP":0},{"id":39,"time":45,"name":"Esperanza220","marginal_cost":165.3142086247,"value":165.3142086247,"DemBarE":0,"DemBarP":0,"BarRetP":0},{"id":39,"time":46,"name":"Esperanza220","marginal_cost":164.4338114595,"value":164.4338114595,"DemBarE":0,"DemBarP":0,"BarRetP":0},{"id":39,"time":47,"name":"Esperanza220","marginal_cost":160.9122419305,"value":160.9122419305,"DemBarE":0,"DemBarP":0,"BarRetP":0},{"id":39,"time":48,"name":"Esperanza220","marginal_cost":157.939003051,"value":157.939003051,"DemBarE":0,"DemBarP":0,"BarRetP":0},{"id":39,"time":49,"name":"Esperanza220","marginal_cost":150.9867676335,"value":150.9867676335,"DemBarE":0,"DemBarP":0,"BarRetP":0},{"id":39,"time":50,"name":"Esperanza220","marginal_cost":153.6821862922,"value":153.6821862922,"DemBarE":0,"DemBarP":0,"BarRetP":0},{"id":39,"time":51,"name":"Esperanza220","marginal_cost":155.9192691389,"value":155.9192691389,"DemBarE":0,"DemBarP":0,"BarRetP":0},{"id":39,"time":52,"name":"Esperanza220","marginal_cost":140.0524028138,"value":140.0524028138,"DemBarE":0,"DemBarP":0,"BarRetP":0},{"id":39,"time":53,"name":"Esperanza220","marginal_cost":140.0524028138,"value":140.0524028138,"DemBarE":0,"DemBarP":0,"BarRetP":0},{"id":39,"time":54,"name":"Esperanza220","marginal_cost":138.84328979,"value":138.84328979,"DemBarE":0,"DemBarP":0,"BarRetP":0},{"id":39,"time":55,"name":"Esperanza220","marginal_cost":138.1715339642,"value":138.1715339642,"DemBarE":0,"DemBarP":0,"BarRetP":0},{"id":39,"time":56,"name":"Esperanza220","marginal_cost":134.1181012119,"value":134.1181012119,"DemBarE":0,"DemBarP":0,"BarRetP":0},{"id":39,"time":57,"name":"Esperanza220","marginal_cost":106.9634541855,"value":106.9634541855,"DemBarE":0,"DemBarP":0,"BarRetP":0},{"id":39,"time":58,"name":"Esperanza220","marginal_cost":84.5677240488,"value":84.5677240488,"DemBarE":0,"DemBarP":0,"BarRetP":0},{"id":39,"time":59,"name":"Esperanza220","marginal_cost":82.997957901,"value":82.997957901,"DemBarE":0,"DemBarP":0,"BarRetP":0},{"id":39,"time":60,"name":"Esperanza220","marginal_cost":82.1953586696,"value":82.1953586696,"DemBarE":0,"DemBarP":0,"BarRetP":0},{"id":39,"time":61,"name":"Esperanza220","marginal_cost":-2.1889215205,"value":-2.1889215205,"DemBarE":0,"DemBarP":0,"BarRetP":0},{"id":39,"time":62,"name":"Esperanza220","marginal_cost":-2.1889215205,"value":-2.1889215205,"DemBarE":0,"DemBarP":0,"BarRetP":0},{"id":39,"time":63,"name":"Esperanza220","marginal_cost":-1.865836428,"value":-1.865836428,"DemBarE":0,"DemBarP":0,"BarRetP":0},{"id":39,"time":64,"name":"Esperanza220","marginal_cost":-1.2695404103,"value":-1.2695404103,"DemBarE":0,"DemBarP":0,"BarRetP":0},{"id":39,"time":65,"name":"Esperanza220","marginal_cost":117.0378494443,"value":117.0378494443,"DemBarE":0,"DemBarP":0,"BarRetP":0},{"id":39,"time":66,"name":"Esperanza220","marginal_cost":117.0378494443,"value":117.0378494443,"DemBarE":0,"DemBarP":0,"BarRetP":0},{"id":39,"time":67,"name":"Esperanza220","marginal_cost":164.8076909281,"value":164.8076909281,"DemBarE":0,"DemBarP":0,"BarRetP":0},{"id":39,"time":68,"name":"Esperanza220","marginal_cost":160.9621879011,"value":160.9621879011,"DemBarE":0,"DemBarP":0,"BarRetP":0},{"id":39,"time":69,"name":"Esperanza220","marginal_cost":160.9621879011,"value":160.9621879011,"DemBarE":0,"DemBarP":0,"BarRetP":0},{"id":39,"time":70,"name":"Esperanza220","marginal_cost":161.6928160129,"value":161.6928160129,"DemBarE":0,"DemBarP":0,"BarRetP":0},{"id":39,"time":71,"name":"Esperanza220","marginal_cost":153.7282015051,"value":153.7282015051,"DemBarE":0,"DemBarP":0,"BarRetP":0},{"id":39,"time":72,"name":"Esperanza220","marginal_cost":151.6345772696,"value":151.6345772696,"DemBarE":0,"DemBarP":0,"BarRetP":0},{"id":39,"time":73,"name":"Esperanza220","marginal_cost":150.0422848575,"value":150.0422848575,"DemBarE":0,"DemBarP":0,"BarRetP":0},{"id":39,"time":74,"name":"Esperanza220","marginal_cost":150.4490302312,"value":150.4490302312,"DemBarE":0,"DemBarP":0,"BarRetP":0},{"id":39,"time":75,"name":"Esperanza220","marginal_cost":137.7702987823,"value":137.7702987823,"DemBarE":0,"DemBarP":0,"BarRetP":0},{"id":39,"time":76,"name":"Esperanza220","marginal_cost":137.7702987823,"value":137.7702987823,"DemBarE":0,"DemBarP":0,"BarRetP":0},{"id":39,"time":77,"name":"Esperanza220","marginal_cost":137.7702987823,"value":137.7702987823,"DemBarE":0,"DemBarP":0,"BarRetP":0},{"id":39,"time":78,"name":"Esperanza220","marginal_cost":137.7702987823,"value":137.7702987823,"DemBarE":0,"DemBarP":0,"BarRetP":0},{"id":39,"time":79,"name":"Esperanza220","marginal_cost":137.7702987823,"value":137.7702987823,"DemBarE":0,"DemBarP":0,"BarRetP":0},{"id":39,"time":80,"name":"Esperanza220","marginal_cost":124.6236507147,"value":124.6236507147,"DemBarE":0,"DemBarP":0,"BarRetP":0},{"id":39,"time":81,"name":"Esperanza220","marginal_cost":124.6236507147,"value":124.6236507147,"DemBarE":0,"DemBarP":0,"BarRetP":0},{"id":39,"time":82,"name":"Esperanza220","marginal_cost":83.6046235672,"value":83.6046235672,"DemBarE":0,"DemBarP":0,"BarRetP":0},{"id":39,"time":83,"name":"Esperanza220","marginal_cost":83.6046235672,"value":83.6046235672,"DemBarE":0,"DemBarP":0,"BarRetP":0},{"id":39,"time":84,"name":"Esperanza220","marginal_cost":79.8048123344,"value":79.8048123344,"DemBarE":0,"DemBarP":0,"BarRetP":0},{"id":39,"time":85,"name":"Esperanza220","marginal_cost":79.8048123344,"value":79.8048123344,"DemBarE":0,"DemBarP":0,"BarRetP":0},{"id":39,"time":86,"name":"Esperanza220","marginal_cost":82.3198061461,"value":82.3198061461,"DemBarE":0,"DemBarP":0,"BarRetP":0},{"id":39,"time":87,"name":"Esperanza220","marginal_cost":82.3198061461,"value":82.3198061461,"DemBarE":0,"DemBarP":0,"BarRetP":0},{"id":39,"time":88,"name":"Esperanza220","marginal_cost":82.3198061461,"value":82.3198061461,"DemBarE":0,"DemBarP":0,"BarRetP":0},{"id":39,"time":89,"name":"Esperanza220","marginal_cost":82.3198061461,"value":82.3198061461,"DemBarE":0,"DemBarP":0,"BarRetP":0},{"id":39,"time":90,"name":"Esperanza220","marginal_cost":82.3198061461,"value":82.3198061461,"DemBarE":0,"DemBarP":0,"BarRetP":0},{"id":39,"time":91,"name":"Esperanza220","marginal_cost":148.3858204764,"value":148.3858204764,"DemBarE":0,"DemBarP":0,"BarRetP":0},{"id":39,"time":92,"name":"Esperanza220","marginal_cost":148.3858204764,"value":148.3858204764,"DemBarE":0,"DemBarP":0,"BarRetP":0},{"id":39,"time":93,"name":"Esperanza220","marginal_cost":152.3445849232,"value":152.3445849232,"DemBarE":0,"DemBarP":0,"BarRetP":0},{"id":39,"time":94,"name":"Esperanza220","marginal_cost":150.7166940037,"value":150.7166940037,"DemBarE":0,"DemBarP":0,"BarRetP":0},{"id":39,"time":95,"name":"Esperanza220","marginal_cost":149.5208965598,"value":149.5208965598,"DemBarE":0,"DemBarP":0,"BarRetP":0},{"id":39,"time":96,"name":"Esperanza220","marginal_cost":150.0881325196,"value":150.0881325196,"DemBarE":0,"DemBarP":0,"BarRetP":0},{"id":39,"time":97,"name":"Esperanza220","marginal_cost":150.2804742817,"value":150.2804742817,"DemBarE":0,"DemBarP":0,"BarRetP":0},{"id":39,"time":98,"name":"Esperanza220","marginal_cost":147.1507317206,"value":147.1507317206,"DemBarE":0,"DemBarP":0,"BarRetP":0},{"id":39,"time":99,"name":"Esperanza220","marginal_cost":149.770928531,"value":149.770928531,"DemBarE":0,"DemBarP":0,"BarRetP":0},{"id":39,"time":100,"name":"Esperanza220","marginal_cost":150.985147787,"value":150.985147787,"DemBarE":0,"DemBarP":0,"BarRetP":0},{"id":39,"time":101,"name":"Esperanza220","marginal_cost":150.985147787,"value":150.985147787,"DemBarE":0,"DemBarP":0,"BarRetP":0},{"id":39,"time":102,"name":"Esperanza220","marginal_cost":150.985147787,"value":150.985147787,"DemBarE":0,"DemBarP":0,"BarRetP":0},{"id":39,"time":103,"name":"Esperanza220","marginal_cost":151.8045392454,"value":151.8045392454,"DemBarE":0,"DemBarP":0,"BarRetP":0},{"id":39,"time":104,"name":"Esperanza220","marginal_cost":131.1872695491,"value":131.1872695491,"DemBarE":0,"DemBarP":0,"BarRetP":0},{"id":39,"time":105,"name":"Esperanza220","marginal_cost":131.1872695491,"value":131.1872695491,"DemBarE":0,"DemBarP":0,"BarRetP":0},{"id":39,"time":106,"name":"Esperanza220","marginal_cost":85.5998103685,"value":85.5998103685,"DemBarE":0,"DemBarP":0,"BarRetP":0},{"id":39,"time":107,"name":"Esperanza220","marginal_cost":85.3819120014,"value":85.3819120014,"DemBarE":0,"DemBarP":0,"BarRetP":0},{"id":39,"time":108,"name":"Esperanza220","marginal_cost":84.5933151789,"value":84.5933151789,"DemBarE":0,"DemBarP":0,"BarRetP":0},{"id":39,"time":109,"name":"Esperanza220","marginal_cost":84.5933151789,"value":84.5933151789,"DemBarE":0,"DemBarP":0,"BarRetP":0},{"id":39,"time":110,"name":"Esperanza220","marginal_cost":84.7153459517,"value":84.7153459517,"DemBarE":0,"DemBarP":0,"BarRetP":0},{"id":39,"time":111,"name":"Esperanza220","marginal_cost":84.5425774177,"value":84.5425774177,"DemBarE":0,"DemBarP":0,"BarRetP":0},{"id":39,"time":112,"name":"Esperanza220","marginal_cost":84.5425774177,"value":84.5425774177,"DemBarE":0,"DemBarP":0,"BarRetP":0},{"id":39,"time":113,"name":"Esperanza220","marginal_cost":133.1582657903,"value":133.1582657903,"DemBarE":0,"DemBarP":0,"BarRetP":0},{"id":39,"time":114,"name":"Esperanza220","marginal_cost":133.1582657903,"value":133.1582657903,"DemBarE":0,"DemBarP":0,"BarRetP":0},{"id":39,"time":115,"name":"Esperanza220","marginal_cost":133.1582657903,"value":133.1582657903,"DemBarE":0,"DemBarP":0,"BarRetP":0},{"id":39,"time":116,"name":"Esperanza220","marginal_cost":155.711260581,"value":155.711260581,"DemBarE":0,"DemBarP":0,"BarRetP":0},{"id":39,"time":117,"name":"Esperanza220","marginal_cost":155.711260581,"value":155.711260581,"DemBarE":0,"DemBarP":0,"BarRetP":0},{"id":39,"time":118,"name":"Esperanza220","marginal_cost":155.711260581,"value":155.711260581,"DemBarE":0,"DemBarP":0,"BarRetP":0},{"id":39,"time":119,"name":"Esperanza220","marginal_cost":156.0244342845,"value":156.0244342845,"DemBarE":0,"DemBarP":0,"BarRetP":0},{"id":39,"time":120,"name":"Esperanza220","marginal_cost":152.7936708049,"value":152.7936708049,"DemBarE":0,"DemBarP":0,"BarRetP":0},{"id":39,"time":121,"name":"Esperanza220","marginal_cost":152.955805981,"value":152.955805981,"DemBarE":0,"DemBarP":0,"BarRetP":0},{"id":39,"time":122,"name":"Esperanza220","marginal_cost":153.3290008901,"value":153.3290008901,"DemBarE":0,"DemBarP":0,"BarRetP":0},{"id":39,"time":123,"name":"Esperanza220","marginal_cost":146.3004509365,"value":146.3004509365,"DemBarE":0,"DemBarP":0,"BarRetP":0},{"id":39,"time":124,"name":"Esperanza220","marginal_cost":146.3004509365,"value":146.3004509365,"DemBarE":0,"DemBarP":0,"BarRetP":0},{"id":39,"time":125,"name":"Esperanza220","marginal_cost":146.3004509365,"value":146.3004509365,"DemBarE":0,"DemBarP":0,"BarRetP":0},{"id":39,"time":126,"name":"Esperanza220","marginal_cost":146.3004509365,"value":146.3004509365,"DemBarE":0,"DemBarP":0,"BarRetP":0},{"id":39,"time":127,"name":"Esperanza220","marginal_cost":147.611981692,"value":147.611981692,"DemBarE":0,"DemBarP":0,"BarRetP":0},{"id":39,"time":128,"name":"Esperanza220","marginal_cost":146.6499155877,"value":146.6499155877,"DemBarE":0,"DemBarP":0,"BarRetP":0},{"id":39,"time":129,"name":"Esperanza220","marginal_cost":127.2813500535,"value":127.2813500535,"DemBarE":0,"DemBarP":0,"BarRetP":0},{"id":39,"time":130,"name":"Esperanza220","marginal_cost":100.7918945021,"value":100.7918945021,"DemBarE":0,"DemBarP":0,"BarRetP":0},{"id":39,"time":131,"name":"Esperanza220","marginal_cost":83.8151999863,"value":83.8151999863,"DemBarE":0,"DemBarP":0,"BarRetP":0},{"id":39,"time":132,"name":"Esperanza220","marginal_cost":85.3992306804,"value":85.3992306804,"DemBarE":0,"DemBarP":0,"BarRetP":0},{"id":39,"time":133,"name":"Esperanza220","marginal_cost":85.162568342,"value":85.162568342,"DemBarE":0,"DemBarP":0,"BarRetP":0},{"id":39,"time":134,"name":"Esperanza220","marginal_cost":85.162568342,"value":85.162568342,"DemBarE":0,"DemBarP":0,"BarRetP":0},{"id":39,"time":135,"name":"Esperanza220","marginal_cost":85.162568342,"value":85.162568342,"DemBarE":0,"DemBarP":0,"BarRetP":0},{"id":39,"time":136,"name":"Esperanza220","marginal_cost":85.162568342,"value":85.162568342,"DemBarE":0,"DemBarP":0,"BarRetP":0},{"id":39,"time":137,"name":"Esperanza220","marginal_cost":146.586805443,"value":146.586805443,"DemBarE":0,"DemBarP":0,"BarRetP":0},{"id":39,"time":138,"name":"Esperanza220","marginal_cost":146.586805443,"value":146.586805443,"DemBarE":0,"DemBarP":0,"BarRetP":0},{"id":39,"time":139,"name":"Esperanza220","marginal_cost":146.586805443,"value":146.586805443,"DemBarE":0,"DemBarP":0,"BarRetP":0},{"id":39,"time":140,"name":"Esperanza220","marginal_cost":146.586805443,"value":146.586805443,"DemBarE":0,"DemBarP":0,"BarRetP":0},{"id":39,"time":141,"name":"Esperanza220","marginal_cost":146.586805443,"value":146.586805443,"DemBarE":0,"DemBarP":0,"BarRetP":0},{"id":39,"time":142,"name":"Esperanza220","marginal_cost":146.586805443,"value":146.586805443,"DemBarE":0,"DemBarP":0,"BarRetP":0},{"id":39,"time":143,"name":"Esperanza220","marginal_cost":152.8308024521,"value":152.8308024521,"DemBarE":0,"DemBarP":0,"BarRetP":0},{"id":39,"time":144,"name":"Esperanza220","marginal_cost":152.1272743106,"value":152.1272743106,"DemBarE":0,"DemBarP":0,"BarRetP":0},{"id":39,"time":145,"name":"Esperanza220","marginal_cost":153.1141240514,"value":153.1141240514,"DemBarE":0,"DemBarP":0,"BarRetP":0},{"id":39,"time":146,"name":"Esperanza220","marginal_cost":149.8139320099,"value":149.8139320099,"DemBarE":0,"DemBarP":0,"BarRetP":0},{"id":39,"time":147,"name":"Esperanza220","marginal_cost":149.3713538885,"value":149.3713538885,"DemBarE":0,"DemBarP":0,"BarRetP":0},{"id":39,"time":148,"name":"Esperanza220","marginal_cost":149.3713538885,"value":149.3713538885,"DemBarE":0,"DemBarP":0,"BarRetP":0},{"id":39,"time":149,"name":"Esperanza220","marginal_cost":149.3713538885,"value":149.3713538885,"DemBarE":0,"DemBarP":0,"BarRetP":0},{"id":39,"time":150,"name":"Esperanza220","marginal_cost":149.3713538885,"value":149.3713538885,"DemBarE":0,"DemBarP":0,"BarRetP":0},{"id":39,"time":151,"name":"Esperanza220","marginal_cost":149.368105135,"value":149.368105135,"DemBarE":0,"DemBarP":0,"BarRetP":0},{"id":39,"time":152,"name":"Esperanza220","marginal_cost":132.2721615986,"value":132.2721615986,"DemBarE":0,"DemBarP":0,"BarRetP":0},{"id":39,"time":153,"name":"Esperanza220","marginal_cost":132.2721615986,"value":132.2721615986,"DemBarE":0,"DemBarP":0,"BarRetP":0},{"id":39,"time":154,"name":"Esperanza220","marginal_cost":100.2819802314,"value":100.2819802314,"DemBarE":0,"DemBarP":0,"BarRetP":0},{"id":39,"time":155,"name":"Esperanza220","marginal_cost":100.2819802314,"value":100.2819802314,"DemBarE":0,"DemBarP":0,"BarRetP":0},{"id":39,"time":156,"name":"Esperanza220","marginal_cost":100.029397448,"value":100.029397448,"DemBarE":0,"DemBarP":0,"BarRetP":0},{"id":39,"time":157,"name":"Esperanza220","marginal_cost":85.7183702152,"value":85.7183702152,"DemBarE":0,"DemBarP":0,"BarRetP":0},{"id":39,"time":158,"name":"Esperanza220","marginal_cost":85.7183702152,"value":85.7183702152,"DemBarE":0,"DemBarP":0,"BarRetP":0},{"id":39,"time":159,"name":"Esperanza220","marginal_cost":85.7183702152,"value":85.7183702152,"DemBarE":0,"DemBarP":0,"BarRetP":0},{"id":39,"time":160,"name":"Esperanza220","marginal_cost":101.0688336727,"value":101.0688336727,"DemBarE":0,"DemBarP":0,"BarRetP":0},{"id":39,"time":161,"name":"Esperanza220","marginal_cost":101.0688336727,"value":101.0688336727,"DemBarE":0,"DemBarP":0,"BarRetP":0},{"id":39,"time":162,"name":"Esperanza220","marginal_cost":134.1103155793,"value":134.1103155793,"DemBarE":0,"DemBarP":0,"BarRetP":0},{"id":39,"time":163,"name":"Esperanza220","marginal_cost":153.2282161235,"value":153.2282161235,"DemBarE":0,"DemBarP":0,"BarRetP":0},{"id":39,"time":164,"name":"Esperanza220","marginal_cost":153.2282161235,"value":153.2282161235,"DemBarE":0,"DemBarP":0,"BarRetP":0},{"id":39,"time":165,"name":"Esperanza220","marginal_cost":153.2282161235,"value":153.2282161235,"DemBarE":0,"DemBarP":0,"BarRetP":0},{"id":39,"time":166,"name":"Esperanza220","marginal_cost":153.2282161235,"value":153.2282161235,"DemBarE":0,"DemBarP":0,"BarRetP":0},{"id":39,"time":167,"name":"Esperanza220","marginal_cost":151.9329957319,"value":151.9329957319,"DemBarE":0,"DemBarP":0,"BarRetP":0},{"id":39,"time":168,"name":"Esperanza220","marginal_cost":151.678979466,"value":151.678979466,"DemBarE":0,"DemBarP":0,"BarRetP":0}]