[{"id":84,"time":1,"name":"Talinay220","marginal_cost":150.8496278524,"value":150.8496278524,"DemBarE":0,"DemBarP":0,"BarRetP":0},{"id":84,"time":2,"name":"Talinay220","marginal_cost":151.3730718751,"value":151.3730718751,"DemBarE":0,"DemBarP":0,"BarRetP":0},{"id":84,"time":3,"name":"Talinay220","marginal_cost":150.2127288399,"value":150.2127288399,"DemBarE":0,"DemBarP":0,"BarRetP":0},{"id":84,"time":4,"name":"Talinay220","marginal_cost":149.7557473209,"value":149.7557473209,"DemBarE":0,"DemBarP":0,"BarRetP":0},{"id":84,"time":5,"name":"Talinay220","marginal_cost":132.3273969157,"value":132.3273969157,"DemBarE":0,"DemBarP":0,"BarRetP":0},{"id":84,"time":6,"name":"Talinay220","marginal_cost":115.0102485248,"value":115.0102485248,"DemBarE":0,"DemBarP":0,"BarRetP":0},{"id":84,"time":7,"name":"Talinay220","marginal_cost":157.3153291152,"value":157.3153291152,"DemBarE":0,"DemBarP":0,"BarRetP":0},{"id":84,"time":8,"name":"Talinay220","marginal_cost":160.7191734553,"value":160.7191734553,"DemBarE":0,"DemBarP":0,"BarRetP":0},{"id":84,"time":9,"name":"Talinay220","marginal_cost":127.4502097119,"value":127.4502097119,"DemBarE":0,"DemBarP":0,"BarRetP":0},{"id":84,"time":10,"name":"Talinay220","marginal_cost":88.7385705342,"value":88.7385705342,"DemBarE":0,"DemBarP":0,"BarRetP":0},{"id":84,"time":11,"name":"Talinay220","marginal_cost":84.1024749058,"value":84.1024749058,"DemBarE":0,"DemBarP":0,"BarRetP":0},{"id":84,"time":12,"name":"Talinay220","marginal_cost":73.8548381119,"value":73.8548381119,"DemBarE":0,"DemBarP":0,"BarRetP":0},{"id":84,"time":13,"name":"Talinay220","marginal_cost":50.0064037941,"value":50.0064037941,"DemBarE":0,"DemBarP":0,"BarRetP":0},{"id":84,"time":14,"name":"Talinay220","marginal_cost":-2.0062215671,"value":-2.0062215671,"DemBarE":0,"DemBarP":0,"BarRetP":0},{"id":84,"time":15,"name":"Talinay220","marginal_cost":-1.6517414759,"value":-1.6517414759,"DemBarE":0,"DemBarP":0,"BarRetP":0},{"id":84,"time":16,"name":"Talinay220","marginal_cost":-1.6351800229,"value":-1.6351800229,"DemBarE":0,"DemBarP":0,"BarRetP":0},{"id":84,"time":17,"name":"Talinay220","marginal_cost":105.9240246396,"value":105.9240246396,"DemBarE":0,"DemBarP":0,"BarRetP":0},{"id":84,"time":18,"name":"Talinay220","marginal_cost":145.4020515973,"value":145.4020515973,"DemBarE":0,"DemBarP":0,"BarRetP":0},{"id":84,"time":19,"name":"Talinay220","marginal_cost":170.7682557761,"value":170.7682557761,"DemBarE":0,"DemBarP":0,"BarRetP":0},{"id":84,"time":20,"name":"Talinay220","marginal_cost":173.1926363179,"value":173.1926363179,"DemBarE":0,"DemBarP":0,"BarRetP":0},{"id":84,"time":21,"name":"Talinay220","marginal_cost":166.0379519475,"value":166.0379519475,"DemBarE":0,"DemBarP":0,"BarRetP":0},{"id":84,"time":22,"name":"Talinay220","marginal_cost":163.4466861621,"value":163.4466861621,"DemBarE":0,"DemBarP":0,"BarRetP":0},{"id":84,"time":23,"name":"Talinay220","marginal_cost":161.5039267147,"value":161.5039267147,"DemBarE":0,"DemBarP":0,"BarRetP":0},{"id":84,"time":24,"name":"Talinay220","marginal_cost":161.3598590673,"value":161.3598590673,"DemBarE":0,"DemBarP":0,"BarRetP":0},{"id":84,"time":25,"name":"Talinay220","marginal_cost":154.9846266164,"value":154.9846266164,"DemBarE":0,"DemBarP":0,"BarRetP":0},{"id":84,"time":26,"name":"Talinay220","marginal_cost":154.5691341079,"value":154.5691341079,"DemBarE":0,"DemBarP":0,"BarRetP":0},{"id":84,"time":27,"name":"Talinay220","marginal_cost":154.7268822377,"value":154.7268822377,"DemBarE":0,"DemBarP":0,"BarRetP":0},{"id":84,"time":28,"name":"Talinay220","marginal_cost":154.6383017407,"value":154.6383017407,"DemBarE":0,"DemBarP":0,"BarRetP":0},{"id":84,"time":29,"name":"Talinay220","marginal_cost":153.5462964445,"value":153.5462964445,"DemBarE":0,"DemBarP":0,"BarRetP":0},{"id":84,"time":30,"name":"Talinay220","marginal_cost":154.9444090039,"value":154.9444090039,"DemBarE":0,"DemBarP":0,"BarRetP":0},{"id":84,"time":31,"name":"Talinay220","marginal_cost":161.2863272838,"value":161.2863272838,"DemBarE":0,"DemBarP":0,"BarRetP":0},{"id":84,"time":32,"name":"Talinay220","marginal_cost":164.193424124,"value":164.193424124,"DemBarE":0,"DemBarP":0,"BarRetP":0},{"id":84,"time":33,"name":"Talinay220","marginal_cost":146.1171668046,"value":146.1171668046,"DemBarE":0,"DemBarP":0,"BarRetP":0},{"id":84,"time":34,"name":"Talinay220","marginal_cost":96.3519961377,"value":96.3519961377,"DemBarE":0,"DemBarP":0,"BarRetP":0},{"id":84,"time":35,"name":"Talinay220","marginal_cost":92.054139175,"value":92.054139175,"DemBarE":0,"DemBarP":0,"BarRetP":0},{"id":84,"time":36,"name":"Talinay220","marginal_cost":92.0116647442,"value":92.0116647442,"DemBarE":0,"DemBarP":0,"BarRetP":0},{"id":84,"time":37,"name":"Talinay220","marginal_cost":91.0699428758,"value":91.0699428758,"DemBarE":0,"DemBarP":0,"BarRetP":0},{"id":84,"time":38,"name":"Talinay220","marginal_cost":91.0699428758,"value":91.0699428758,"DemBarE":0,"DemBarP":0,"BarRetP":0},{"id":84,"time":39,"name":"Talinay220","marginal_cost":91.0699428758,"value":91.0699428758,"DemBarE":0,"DemBarP":0,"BarRetP":0},{"id":84,"time":40,"name":"Talinay220","marginal_cost":91.0699428758,"value":91.0699428758,"DemBarE":0,"DemBarP":0,"BarRetP":0},{"id":84,"time":41,"name":"Talinay220","marginal_cost":112.0174991791,"value":112.0174991791,"DemBarE":0,"DemBarP":0,"BarRetP":0},{"id":84,"time":42,"name":"Talinay220","marginal_cost":148.9018598145,"value":148.9018598145,"DemBarE":0,"DemBarP":0,"BarRetP":0},{"id":84,"time":43,"name":"Talinay220","marginal_cost":160.1484060883,"value":160.1484060883,"DemBarE":0,"DemBarP":0,"BarRetP":0},{"id":84,"time":44,"name":"Talinay220","marginal_cost":160.1484060883,"value":160.1484060883,"DemBarE":0,"DemBarP":0,"BarRetP":0},{"id":84,"time":45,"name":"Talinay220","marginal_cost":160.4773507654,"value":160.4773507654,"DemBarE":0,"DemBarP":0,"BarRetP":0},{"id":84,"time":46,"name":"Talinay220","marginal_cost":159.294462329,"value":159.294462329,"DemBarE":0,"DemBarP":0,"BarRetP":0},{"id":84,"time":47,"name":"Talinay220","marginal_cost":156.6098407292,"value":156.6098407292,"DemBarE":0,"DemBarP":0,"BarRetP":0},{"id":84,"time":48,"name":"Talinay220","marginal_cost":154.692416854,"value":154.692416854,"DemBarE":0,"DemBarP":0,"BarRetP":0},{"id":84,"time":49,"name":"Talinay220","marginal_cost":147.3793026072,"value":147.3793026072,"DemBarE":0,"DemBarP":0,"BarRetP":0},{"id":84,"time":50,"name":"Talinay220","marginal_cost":150.0982602624,"value":150.0982602624,"DemBarE":0,"DemBarP":0,"BarRetP":0},{"id":84,"time":51,"name":"Talinay220","marginal_cost":151.0589426069,"value":151.0589426069,"DemBarE":0,"DemBarP":0,"BarRetP":0},{"id":84,"time":52,"name":"Talinay220","marginal_cost":134.0511289681,"value":134.0511289681,"DemBarE":0,"DemBarP":0,"BarRetP":0},{"id":84,"time":53,"name":"Talinay220","marginal_cost":134.0511289681,"value":134.0511289681,"DemBarE":0,"DemBarP":0,"BarRetP":0},{"id":84,"time":54,"name":"Talinay220","marginal_cost":133.7845624767,"value":133.7845624767,"DemBarE":0,"DemBarP":0,"BarRetP":0},{"id":84,"time":55,"name":"Talinay220","marginal_cost":134.06247754,"value":134.06247754,"DemBarE":0,"DemBarP":0,"BarRetP":0},{"id":84,"time":56,"name":"Talinay220","marginal_cost":132.6070249575,"value":132.6070249575,"DemBarE":0,"DemBarP":0,"BarRetP":0},{"id":84,"time":57,"name":"Talinay220","marginal_cost":115.1617027069,"value":115.1617027069,"DemBarE":0,"DemBarP":0,"BarRetP":0},{"id":84,"time":58,"name":"Talinay220","marginal_cost":91.2087746278,"value":91.2087746278,"DemBarE":0,"DemBarP":0,"BarRetP":0},{"id":84,"time":59,"name":"Talinay220","marginal_cost":89.733408611,"value":89.733408611,"DemBarE":0,"DemBarP":0,"BarRetP":0},{"id":84,"time":60,"name":"Talinay220","marginal_cost":88.347449059,"value":88.347449059,"DemBarE":0,"DemBarP":0,"BarRetP":0},{"id":84,"time":61,"name":"Talinay220","marginal_cost":-2.2861879794,"value":-2.2861879794,"DemBarE":0,"DemBarP":0,"BarRetP":0},{"id":84,"time":62,"name":"Talinay220","marginal_cost":-2.2861879794,"value":-2.2861879794,"DemBarE":0,"DemBarP":0,"BarRetP":0},{"id":84,"time":63,"name":"Talinay220","marginal_cost":-1.9370789373,"value":-1.9370789373,"DemBarE":0,"DemBarP":0,"BarRetP":0},{"id":84,"time":64,"name":"Talinay220","marginal_cost":-1.3073607554,"value":-1.3073607554,"DemBarE":0,"DemBarP":0,"BarRetP":0},{"id":84,"time":65,"name":"Talinay220","marginal_cost":119.41438185,"value":119.41438185,"DemBarE":0,"DemBarP":0,"BarRetP":0},{"id":84,"time":66,"name":"Talinay220","marginal_cost":119.41438185,"value":119.41438185,"DemBarE":0,"DemBarP":0,"BarRetP":0},{"id":84,"time":67,"name":"Talinay220","marginal_cost":159.198791195,"value":159.198791195,"DemBarE":0,"DemBarP":0,"BarRetP":0},{"id":84,"time":68,"name":"Talinay220","marginal_cost":154.0372928723,"value":154.0372928723,"DemBarE":0,"DemBarP":0,"BarRetP":0},{"id":84,"time":69,"name":"Talinay220","marginal_cost":154.0372928723,"value":154.0372928723,"DemBarE":0,"DemBarP":0,"BarRetP":0},{"id":84,"time":70,"name":"Talinay220","marginal_cost":154.3645157355,"value":154.3645157355,"DemBarE":0,"DemBarP":0,"BarRetP":0},{"id":84,"time":71,"name":"Talinay220","marginal_cost":147.280159945,"value":147.280159945,"DemBarE":0,"DemBarP":0,"BarRetP":0},{"id":84,"time":72,"name":"Talinay220","marginal_cost":146.2015582624,"value":146.2015582624,"DemBarE":0,"DemBarP":0,"BarRetP":0},{"id":84,"time":73,"name":"Talinay220","marginal_cost":146.187874187,"value":146.187874187,"DemBarE":0,"DemBarP":0,"BarRetP":0},{"id":84,"time":74,"name":"Talinay220","marginal_cost":144.8932609479,"value":144.8932609479,"DemBarE":0,"DemBarP":0,"BarRetP":0},{"id":84,"time":75,"name":"Talinay220","marginal_cost":131.1712995816,"value":131.1712995816,"DemBarE":0,"DemBarP":0,"BarRetP":0},{"id":84,"time":76,"name":"Talinay220","marginal_cost":131.1712995816,"value":131.1712995816,"DemBarE":0,"DemBarP":0,"BarRetP":0},{"id":84,"time":77,"name":"Talinay220","marginal_cost":131.1712995816,"value":131.1712995816,"DemBarE":0,"DemBarP":0,"BarRetP":0},{"id":84,"time":78,"name":"Talinay220","marginal_cost":131.1712995816,"value":131.1712995816,"DemBarE":0,"DemBarP":0,"BarRetP":0},{"id":84,"time":79,"name":"Talinay220","marginal_cost":131.1712995816,"value":131.1712995816,"DemBarE":0,"DemBarP":0,"BarRetP":0},{"id":84,"time":80,"name":"Talinay220","marginal_cost":119.9913264455,"value":119.9913264455,"DemBarE":0,"DemBarP":0,"BarRetP":0},{"id":84,"time":81,"name":"Talinay220","marginal_cost":119.9913264455,"value":119.9913264455,"DemBarE":0,"DemBarP":0,"BarRetP":0},{"id":84,"time":82,"name":"Talinay220","marginal_cost":87.8042704534,"value":87.8042704534,"DemBarE":0,"DemBarP":0,"BarRetP":0},{"id":84,"time":83,"name":"Talinay220","marginal_cost":87.8042704534,"value":87.8042704534,"DemBarE":0,"DemBarP":0,"BarRetP":0},{"id":84,"time":84,"name":"Talinay220","marginal_cost":82.289497348,"value":82.289497348,"DemBarE":0,"DemBarP":0,"BarRetP":0},{"id":84,"time":85,"name":"Talinay220","marginal_cost":82.289497348,"value":82.289497348,"DemBarE":0,"DemBarP":0,"BarRetP":0},{"id":84,"time":86,"name":"Talinay220","marginal_cost":82.6197988056,"value":82.6197988056,"DemBarE":0,"DemBarP":0,"BarRetP":0},{"id":84,"time":87,"name":"Talinay220","marginal_cost":82.6197988056,"value":82.6197988056,"DemBarE":0,"DemBarP":0,"BarRetP":0},{"id":84,"time":88,"name":"Talinay220","marginal_cost":82.6197988056,"value":82.6197988056,"DemBarE":0,"DemBarP":0,"BarRetP":0},{"id":84,"time":89,"name":"Talinay220","marginal_cost":82.6197988056,"value":82.6197988056,"DemBarE":0,"DemBarP":0,"BarRetP":0},{"id":84,"time":90,"name":"Talinay220","marginal_cost":82.6197988056,"value":82.6197988056,"DemBarE":0,"DemBarP":0,"BarRetP":0},{"id":84,"time":91,"name":"Talinay220","marginal_cost":143.4303142031,"value":143.4303142031,"DemBarE":0,"DemBarP":0,"BarRetP":0},{"id":84,"time":92,"name":"Talinay220","marginal_cost":143.4303142031,"value":143.4303142031,"DemBarE":0,"DemBarP":0,"BarRetP":0},{"id":84,"time":93,"name":"Talinay220","marginal_cost":146.4658077108,"value":146.4658077108,"DemBarE":0,"DemBarP":0,"BarRetP":0},{"id":84,"time":94,"name":"Talinay220","marginal_cost":144.4170530322,"value":144.4170530322,"DemBarE":0,"DemBarP":0,"BarRetP":0},{"id":84,"time":95,"name":"Talinay220","marginal_cost":143.3957062736,"value":143.3957062736,"DemBarE":0,"DemBarP":0,"BarRetP":0},{"id":84,"time":96,"name":"Talinay220","marginal_cost":144.0632835455,"value":144.0632835455,"DemBarE":0,"DemBarP":0,"BarRetP":0},{"id":84,"time":97,"name":"Talinay220","marginal_cost":144.5337539027,"value":144.5337539027,"DemBarE":0,"DemBarP":0,"BarRetP":0},{"id":84,"time":98,"name":"Talinay220","marginal_cost":140.3737987126,"value":140.3737987126,"DemBarE":0,"DemBarP":0,"BarRetP":0},{"id":84,"time":99,"name":"Talinay220","marginal_cost":141.204670877,"value":141.204670877,"DemBarE":0,"DemBarP":0,"BarRetP":0},{"id":84,"time":100,"name":"Talinay220","marginal_cost":142.2549082976,"value":142.2549082976,"DemBarE":0,"DemBarP":0,"BarRetP":0},{"id":84,"time":101,"name":"Talinay220","marginal_cost":142.2549082976,"value":142.2549082976,"DemBarE":0,"DemBarP":0,"BarRetP":0},{"id":84,"time":102,"name":"Talinay220","marginal_cost":142.2549082976,"value":142.2549082976,"DemBarE":0,"DemBarP":0,"BarRetP":0},{"id":84,"time":103,"name":"Talinay220","marginal_cost":148.5363919975,"value":148.5363919975,"DemBarE":0,"DemBarP":0,"BarRetP":0},{"id":84,"time":104,"name":"Talinay220","marginal_cost":143.0034093349,"value":143.0034093349,"DemBarE":0,"DemBarP":0,"BarRetP":0},{"id":84,"time":105,"name":"Talinay220","marginal_cost":143.0034093349,"value":143.0034093349,"DemBarE":0,"DemBarP":0,"BarRetP":0},{"id":84,"time":106,"name":"Talinay220","marginal_cost":90.2454465511,"value":90.2454465511,"DemBarE":0,"DemBarP":0,"BarRetP":0},{"id":84,"time":107,"name":"Talinay220","marginal_cost":90.2580794511,"value":90.2580794511,"DemBarE":0,"DemBarP":0,"BarRetP":0},{"id":84,"time":108,"name":"Talinay220","marginal_cost":89.3938525233,"value":89.3938525233,"DemBarE":0,"DemBarP":0,"BarRetP":0},{"id":84,"time":109,"name":"Talinay220","marginal_cost":89.3938525233,"value":89.3938525233,"DemBarE":0,"DemBarP":0,"BarRetP":0},{"id":84,"time":110,"name":"Talinay220","marginal_cost":89.848407578,"value":89.848407578,"DemBarE":0,"DemBarP":0,"BarRetP":0},{"id":84,"time":111,"name":"Talinay220","marginal_cost":89.7481288362,"value":89.7481288362,"DemBarE":0,"DemBarP":0,"BarRetP":0},{"id":84,"time":112,"name":"Talinay220","marginal_cost":89.7481288362,"value":89.7481288362,"DemBarE":0,"DemBarP":0,"BarRetP":0},{"id":84,"time":113,"name":"Talinay220","marginal_cost":143.4794271471,"value":143.4794271471,"DemBarE":0,"DemBarP":0,"BarRetP":0},{"id":84,"time":114,"name":"Talinay220","marginal_cost":143.4794271471,"value":143.4794271471,"DemBarE":0,"DemBarP":0,"BarRetP":0},{"id":84,"time":115,"name":"Talinay220","marginal_cost":143.4794271471,"value":143.4794271471,"DemBarE":0,"DemBarP":0,"BarRetP":0},{"id":84,"time":116,"name":"Talinay220","marginal_cost":154.4993408579,"value":154.4993408579,"DemBarE":0,"DemBarP":0,"BarRetP":0},{"id":84,"time":117,"name":"Talinay220","marginal_cost":154.4993408579,"value":154.4993408579,"DemBarE":0,"DemBarP":0,"BarRetP":0},{"id":84,"time":118,"name":"Talinay220","marginal_cost":154.4993408579,"value":154.4993408579,"DemBarE":0,"DemBarP":0,"BarRetP":0},{"id":84,"time":119,"name":"Talinay220","marginal_cost":155.2283855788,"value":155.2283855788,"DemBarE":0,"DemBarP":0,"BarRetP":0},{"id":84,"time":120,"name":"Talinay220","marginal_cost":152.85427966,"value":152.85427966,"DemBarE":0,"DemBarP":0,"BarRetP":0},{"id":84,"time":121,"name":"Talinay220","marginal_cost":150.2968645183,"value":150.2968645183,"DemBarE":0,"DemBarP":0,"BarRetP":0},{"id":84,"time":122,"name":"Talinay220","marginal_cost":150.4120927791,"value":150.4120927791,"DemBarE":0,"DemBarP":0,"BarRetP":0},{"id":84,"time":123,"name":"Talinay220","marginal_cost":145.5197131952,"value":145.5197131952,"DemBarE":0,"DemBarP":0,"BarRetP":0},{"id":84,"time":124,"name":"Talinay220","marginal_cost":145.5197131952,"value":145.5197131952,"DemBarE":0,"DemBarP":0,"BarRetP":0},{"id":84,"time":125,"name":"Talinay220","marginal_cost":145.5197131952,"value":145.5197131952,"DemBarE":0,"DemBarP":0,"BarRetP":0},{"id":84,"time":126,"name":"Talinay220","marginal_cost":145.5197131952,"value":145.5197131952,"DemBarE":0,"DemBarP":0,"BarRetP":0},{"id":84,"time":127,"name":"Talinay220","marginal_cost":150.9257014387,"value":150.9257014387,"DemBarE":0,"DemBarP":0,"BarRetP":0},{"id":84,"time":128,"name":"Talinay220","marginal_cost":154.0992881104,"value":154.0992881104,"DemBarE":0,"DemBarP":0,"BarRetP":0},{"id":84,"time":129,"name":"Talinay220","marginal_cost":138.369194906,"value":138.369194906,"DemBarE":0,"DemBarP":0,"BarRetP":0},{"id":84,"time":130,"name":"Talinay220","marginal_cost":108.8183905518,"value":108.8183905518,"DemBarE":0,"DemBarP":0,"BarRetP":0},{"id":84,"time":131,"name":"Talinay220","marginal_cost":89.4196660707,"value":89.4196660707,"DemBarE":0,"DemBarP":0,"BarRetP":0},{"id":84,"time":132,"name":"Talinay220","marginal_cost":91.1777046387,"value":91.1777046387,"DemBarE":0,"DemBarP":0,"BarRetP":0},{"id":84,"time":133,"name":"Talinay220","marginal_cost":91.2787107295,"value":91.2787107295,"DemBarE":0,"DemBarP":0,"BarRetP":0},{"id":84,"time":134,"name":"Talinay220","marginal_cost":91.2787107295,"value":91.2787107295,"DemBarE":0,"DemBarP":0,"BarRetP":0},{"id":84,"time":135,"name":"Talinay220","marginal_cost":91.2787107295,"value":91.2787107295,"DemBarE":0,"DemBarP":0,"BarRetP":0},{"id":84,"time":136,"name":"Talinay220","marginal_cost":91.2787107295,"value":91.2787107295,"DemBarE":0,"DemBarP":0,"BarRetP":0},{"id":84,"time":137,"name":"Talinay220","marginal_cost":153.5745254446,"value":153.5745254446,"DemBarE":0,"DemBarP":0,"BarRetP":0},{"id":84,"time":138,"name":"Talinay220","marginal_cost":153.5745254446,"value":153.5745254446,"DemBarE":0,"DemBarP":0,"BarRetP":0},{"id":84,"time":139,"name":"Talinay220","marginal_cost":153.5745254446,"value":153.5745254446,"DemBarE":0,"DemBarP":0,"BarRetP":0},{"id":84,"time":140,"name":"Talinay220","marginal_cost":153.5745254446,"value":153.5745254446,"DemBarE":0,"DemBarP":0,"BarRetP":0},{"id":84,"time":141,"name":"Talinay220","marginal_cost":153.5745254446,"value":153.5745254446,"DemBarE":0,"DemBarP":0,"BarRetP":0},{"id":84,"time":142,"name":"Talinay220","marginal_cost":153.5745254446,"value":153.5745254446,"DemBarE":0,"DemBarP":0,"BarRetP":0},{"id":84,"time":143,"name":"Talinay220","marginal_cost":155.4123909605,"value":155.4123909605,"DemBarE":0,"DemBarP":0,"BarRetP":0},{"id":84,"time":144,"name":"Talinay220","marginal_cost":155.5992349674,"value":155.5992349674,"DemBarE":0,"DemBarP":0,"BarRetP":0},{"id":84,"time":145,"name":"Talinay220","marginal_cost":154.2918876385,"value":154.2918876385,"DemBarE":0,"DemBarP":0,"BarRetP":0},{"id":84,"time":146,"name":"Talinay220","marginal_cost":152.7850369254,"value":152.7850369254,"DemBarE":0,"DemBarP":0,"BarRetP":0},{"id":84,"time":147,"name":"Talinay220","marginal_cost":150.8109528621,"value":150.8109528621,"DemBarE":0,"DemBarP":0,"BarRetP":0},{"id":84,"time":148,"name":"Talinay220","marginal_cost":150.8109528621,"value":150.8109528621,"DemBarE":0,"DemBarP":0,"BarRetP":0},{"id":84,"time":149,"name":"Talinay220","marginal_cost":150.8109528621,"value":150.8109528621,"DemBarE":0,"DemBarP":0,"BarRetP":0},{"id":84,"time":150,"name":"Talinay220","marginal_cost":150.8109528621,"value":150.8109528621,"DemBarE":0,"DemBarP":0,"BarRetP":0},{"id":84,"time":151,"name":"Talinay220","marginal_cost":153.4910923662,"value":153.4910923662,"DemBarE":0,"DemBarP":0,"BarRetP":0},{"id":84,"time":152,"name":"Talinay220","marginal_cost":148.7055342382,"value":148.7055342382,"DemBarE":0,"DemBarP":0,"BarRetP":0},{"id":84,"time":153,"name":"Talinay220","marginal_cost":148.7055342382,"value":148.7055342382,"DemBarE":0,"DemBarP":0,"BarRetP":0},{"id":84,"time":154,"name":"Talinay220","marginal_cost":108.8774731878,"value":108.8774731878,"DemBarE":0,"DemBarP":0,"BarRetP":0},{"id":84,"time":155,"name":"Talinay220","marginal_cost":108.8774731878,"value":108.8774731878,"DemBarE":0,"DemBarP":0,"BarRetP":0},{"id":84,"time":156,"name":"Talinay220","marginal_cost":108.0792203036,"value":108.0792203036,"DemBarE":0,"DemBarP":0,"BarRetP":0},{"id":84,"time":157,"name":"Talinay220","marginal_cost":92.7031819789,"value":92.7031819789,"DemBarE":0,"DemBarP":0,"BarRetP":0},{"id":84,"time":158,"name":"Talinay220","marginal_cost":92.7031819789,"value":92.7031819789,"DemBarE":0,"DemBarP":0,"BarRetP":0},{"id":84,"time":159,"name":"Talinay220","marginal_cost":92.7031819789,"value":92.7031819789,"DemBarE":0,"DemBarP":0,"BarRetP":0},{"id":84,"time":160,"name":"Talinay220","marginal_cost":109.7906622394,"value":109.7906622394,"DemBarE":0,"DemBarP":0,"BarRetP":0},{"id":84,"time":161,"name":"Talinay220","marginal_cost":109.7906622394,"value":109.7906622394,"DemBarE":0,"DemBarP":0,"BarRetP":0},{"id":84,"time":162,"name":"Talinay220","marginal_cost":149.3937794756,"value":149.3937794756,"DemBarE":0,"DemBarP":0,"BarRetP":0},{"id":84,"time":163,"name":"Talinay220","marginal_cost":157.3498611775,"value":157.3498611775,"DemBarE":0,"DemBarP":0,"BarRetP":0},{"id":84,"time":164,"name":"Talinay220","marginal_cost":157.3498611775,"value":157.3498611775,"DemBarE":0,"DemBarP":0,"BarRetP":0},{"id":84,"time":165,"name":"Talinay220","marginal_cost":157.3498611775,"value":157.3498611775,"DemBarE":0,"DemBarP":0,"BarRetP":0},{"id":84,"time":166,"name":"Talinay220","marginal_cost":157.3498611775,"value":157.3498611775,"DemBarE":0,"DemBarP":0,"BarRetP":0},{"id":84,"time":167,"name":"Talinay220","marginal_cost":156.1688119865,"value":156.1688119865,"DemBarE":0,"DemBarP":0,"BarRetP":0},{"id":84,"time":168,"name":"Talinay220","marginal_cost":155.9211254913,"value":155.9211254913,"DemBarE":0,"DemBarP":0,"BarRetP":0}]