[{"id":204,"time":1,"name":"Teno154","marginal_cost":161.1685993513,"value":161.1685993513,"DemBarE":0,"DemBarP":0,"BarRetP":0},{"id":204,"time":2,"name":"Teno154","marginal_cost":162.6649643295,"value":162.6649643295,"DemBarE":0,"DemBarP":0,"BarRetP":0},{"id":204,"time":3,"name":"Teno154","marginal_cost":161.4258833384,"value":161.4258833384,"DemBarE":0,"DemBarP":0,"BarRetP":0},{"id":204,"time":4,"name":"Teno154","marginal_cost":160.2108500622,"value":160.2108500622,"DemBarE":0,"DemBarP":0,"BarRetP":0},{"id":204,"time":5,"name":"Teno154","marginal_cost":142.0948580235,"value":142.0948580235,"DemBarE":0,"DemBarP":0,"BarRetP":0},{"id":204,"time":6,"name":"Teno154","marginal_cost":124.5472961076,"value":124.5472961076,"DemBarE":0,"DemBarP":0,"BarRetP":0},{"id":204,"time":7,"name":"Teno154","marginal_cost":169.6850681391,"value":169.6850681391,"DemBarE":0,"DemBarP":0,"BarRetP":0},{"id":204,"time":8,"name":"Teno154","marginal_cost":175.4171321279,"value":175.4171321279,"DemBarE":0,"DemBarP":0,"BarRetP":0},{"id":204,"time":9,"name":"Teno154","marginal_cost":165.6105116303,"value":165.6105116303,"DemBarE":0,"DemBarP":0,"BarRetP":0},{"id":204,"time":10,"name":"Teno154","marginal_cost":164.5183831144,"value":164.5183831144,"DemBarE":0,"DemBarP":0,"BarRetP":0},{"id":204,"time":11,"name":"Teno154","marginal_cost":164.6349927774,"value":164.6349927774,"DemBarE":0,"DemBarP":0,"BarRetP":0},{"id":204,"time":12,"name":"Teno154","marginal_cost":164.4334587694,"value":164.4334587694,"DemBarE":0,"DemBarP":0,"BarRetP":0},{"id":204,"time":13,"name":"Teno154","marginal_cost":163.2217541304,"value":163.2217541304,"DemBarE":0,"DemBarP":0,"BarRetP":0},{"id":204,"time":14,"name":"Teno154","marginal_cost":162.3562747772,"value":162.3562747772,"DemBarE":0,"DemBarP":0,"BarRetP":0},{"id":204,"time":15,"name":"Teno154","marginal_cost":162.7277997259,"value":162.7277997259,"DemBarE":0,"DemBarP":0,"BarRetP":0},{"id":204,"time":16,"name":"Teno154","marginal_cost":162.2148584901,"value":162.2148584901,"DemBarE":0,"DemBarP":0,"BarRetP":0},{"id":204,"time":17,"name":"Teno154","marginal_cost":160.7727961912,"value":160.7727961912,"DemBarE":0,"DemBarP":0,"BarRetP":0},{"id":204,"time":18,"name":"Teno154","marginal_cost":158.2776713767,"value":158.2776713767,"DemBarE":0,"DemBarP":0,"BarRetP":0},{"id":204,"time":19,"name":"Teno154","marginal_cost":178.325888784,"value":178.325888784,"DemBarE":0,"DemBarP":0,"BarRetP":0},{"id":204,"time":20,"name":"Teno154","marginal_cost":182.5744482353,"value":182.5744482353,"DemBarE":0,"DemBarP":0,"BarRetP":0},{"id":204,"time":21,"name":"Teno154","marginal_cost":172.1793126886,"value":172.1793126886,"DemBarE":0,"DemBarP":0,"BarRetP":0},{"id":204,"time":22,"name":"Teno154","marginal_cost":170.4110341847,"value":170.4110341847,"DemBarE":0,"DemBarP":0,"BarRetP":0},{"id":204,"time":23,"name":"Teno154","marginal_cost":168.2972786339,"value":168.2972786339,"DemBarE":0,"DemBarP":0,"BarRetP":0},{"id":204,"time":24,"name":"Teno154","marginal_cost":169.077217576,"value":169.077217576,"DemBarE":0,"DemBarP":0,"BarRetP":0},{"id":204,"time":25,"name":"Teno154","marginal_cost":159.7833828096,"value":159.7833828096,"DemBarE":0,"DemBarP":0,"BarRetP":0},{"id":204,"time":26,"name":"Teno154","marginal_cost":160.9692537757,"value":160.9692537757,"DemBarE":0,"DemBarP":0,"BarRetP":0},{"id":204,"time":27,"name":"Teno154","marginal_cost":160.723144274,"value":160.723144274,"DemBarE":0,"DemBarP":0,"BarRetP":0},{"id":204,"time":28,"name":"Teno154","marginal_cost":160.9375058324,"value":160.9375058324,"DemBarE":0,"DemBarP":0,"BarRetP":0},{"id":204,"time":29,"name":"Teno154","marginal_cost":159.7734242071,"value":159.7734242071,"DemBarE":0,"DemBarP":0,"BarRetP":0},{"id":204,"time":30,"name":"Teno154","marginal_cost":161.6869762874,"value":161.6869762874,"DemBarE":0,"DemBarP":0,"BarRetP":0},{"id":204,"time":31,"name":"Teno154","marginal_cost":167.989021099,"value":167.989021099,"DemBarE":0,"DemBarP":0,"BarRetP":0},{"id":204,"time":32,"name":"Teno154","marginal_cost":176.1545782372,"value":176.1545782372,"DemBarE":0,"DemBarP":0,"BarRetP":0},{"id":204,"time":33,"name":"Teno154","marginal_cost":164.6378947003,"value":164.6378947003,"DemBarE":0,"DemBarP":0,"BarRetP":0},{"id":204,"time":34,"name":"Teno154","marginal_cost":164.7031314999,"value":164.7031314999,"DemBarE":0,"DemBarP":0,"BarRetP":0},{"id":204,"time":35,"name":"Teno154","marginal_cost":164.4073064389,"value":164.4073064389,"DemBarE":0,"DemBarP":0,"BarRetP":0},{"id":204,"time":36,"name":"Teno154","marginal_cost":164.5305316369,"value":164.5305316369,"DemBarE":0,"DemBarP":0,"BarRetP":0},{"id":204,"time":37,"name":"Teno154","marginal_cost":163.2337942144,"value":163.2337942144,"DemBarE":0,"DemBarP":0,"BarRetP":0},{"id":204,"time":38,"name":"Teno154","marginal_cost":163.2337942144,"value":163.2337942144,"DemBarE":0,"DemBarP":0,"BarRetP":0},{"id":204,"time":39,"name":"Teno154","marginal_cost":163.2337942144,"value":163.2337942144,"DemBarE":0,"DemBarP":0,"BarRetP":0},{"id":204,"time":40,"name":"Teno154","marginal_cost":163.2337942144,"value":163.2337942144,"DemBarE":0,"DemBarP":0,"BarRetP":0},{"id":204,"time":41,"name":"Teno154","marginal_cost":161.0939479108,"value":161.0939479108,"DemBarE":0,"DemBarP":0,"BarRetP":0},{"id":204,"time":42,"name":"Teno154","marginal_cost":156.0782352906,"value":156.0782352906,"DemBarE":0,"DemBarP":0,"BarRetP":0},{"id":204,"time":43,"name":"Teno154","marginal_cost":162.8057225943,"value":162.8057225943,"DemBarE":0,"DemBarP":0,"BarRetP":0},{"id":204,"time":44,"name":"Teno154","marginal_cost":162.8057225943,"value":162.8057225943,"DemBarE":0,"DemBarP":0,"BarRetP":0},{"id":204,"time":45,"name":"Teno154","marginal_cost":162.8116375415,"value":162.8116375415,"DemBarE":0,"DemBarP":0,"BarRetP":0},{"id":204,"time":46,"name":"Teno154","marginal_cost":161.3542279949,"value":161.3542279949,"DemBarE":0,"DemBarP":0,"BarRetP":0},{"id":204,"time":47,"name":"Teno154","marginal_cost":158.560535468,"value":158.560535468,"DemBarE":0,"DemBarP":0,"BarRetP":0},{"id":204,"time":48,"name":"Teno154","marginal_cost":158.1589196423,"value":158.1589196423,"DemBarE":0,"DemBarP":0,"BarRetP":0},{"id":204,"time":49,"name":"Teno154","marginal_cost":151.484803881,"value":151.484803881,"DemBarE":0,"DemBarP":0,"BarRetP":0},{"id":204,"time":50,"name":"Teno154","marginal_cost":156.2085579325,"value":156.2085579325,"DemBarE":0,"DemBarP":0,"BarRetP":0},{"id":204,"time":51,"name":"Teno154","marginal_cost":156.7913735845,"value":156.7913735845,"DemBarE":0,"DemBarP":0,"BarRetP":0},{"id":204,"time":52,"name":"Teno154","marginal_cost":138.313681224,"value":138.313681224,"DemBarE":0,"DemBarP":0,"BarRetP":0},{"id":204,"time":53,"name":"Teno154","marginal_cost":138.313681224,"value":138.313681224,"DemBarE":0,"DemBarP":0,"BarRetP":0},{"id":204,"time":54,"name":"Teno154","marginal_cost":138.3106451103,"value":138.3106451103,"DemBarE":0,"DemBarP":0,"BarRetP":0},{"id":204,"time":55,"name":"Teno154","marginal_cost":139.6794445785,"value":139.6794445785,"DemBarE":0,"DemBarP":0,"BarRetP":0},{"id":204,"time":56,"name":"Teno154","marginal_cost":141.3589531768,"value":141.3589531768,"DemBarE":0,"DemBarP":0,"BarRetP":0},{"id":204,"time":57,"name":"Teno154","marginal_cost":128.8899018817,"value":128.8899018817,"DemBarE":0,"DemBarP":0,"BarRetP":0},{"id":204,"time":58,"name":"Teno154","marginal_cost":143.8431330886,"value":143.8431330886,"DemBarE":0,"DemBarP":0,"BarRetP":0},{"id":204,"time":59,"name":"Teno154","marginal_cost":111.8680073863,"value":111.8680073863,"DemBarE":0,"DemBarP":0,"BarRetP":0},{"id":204,"time":60,"name":"Teno154","marginal_cost":141.0158202742,"value":141.0158202742,"DemBarE":0,"DemBarP":0,"BarRetP":0},{"id":204,"time":61,"name":"Teno154","marginal_cost":140.9115108062,"value":140.9115108062,"DemBarE":0,"DemBarP":0,"BarRetP":0},{"id":204,"time":62,"name":"Teno154","marginal_cost":140.9115108062,"value":140.9115108062,"DemBarE":0,"DemBarP":0,"BarRetP":0},{"id":204,"time":63,"name":"Teno154","marginal_cost":122.6633938953,"value":122.6633938953,"DemBarE":0,"DemBarP":0,"BarRetP":0},{"id":204,"time":64,"name":"Teno154","marginal_cost":140.4313618556,"value":140.4313618556,"DemBarE":0,"DemBarP":0,"BarRetP":0},{"id":204,"time":65,"name":"Teno154","marginal_cost":139.7939387405,"value":139.7939387405,"DemBarE":0,"DemBarP":0,"BarRetP":0},{"id":204,"time":66,"name":"Teno154","marginal_cost":139.7939387405,"value":139.7939387405,"DemBarE":0,"DemBarP":0,"BarRetP":0},{"id":204,"time":67,"name":"Teno154","marginal_cost":173.8461257625,"value":173.8461257625,"DemBarE":0,"DemBarP":0,"BarRetP":0},{"id":204,"time":68,"name":"Teno154","marginal_cost":167.7354417277,"value":167.7354417277,"DemBarE":0,"DemBarP":0,"BarRetP":0},{"id":204,"time":69,"name":"Teno154","marginal_cost":167.7354417277,"value":167.7354417277,"DemBarE":0,"DemBarP":0,"BarRetP":0},{"id":204,"time":70,"name":"Teno154","marginal_cost":163.7172822521,"value":163.7172822521,"DemBarE":0,"DemBarP":0,"BarRetP":0},{"id":204,"time":71,"name":"Teno154","marginal_cost":156.5680377423,"value":156.5680377423,"DemBarE":0,"DemBarP":0,"BarRetP":0},{"id":204,"time":72,"name":"Teno154","marginal_cost":156.6715970531,"value":156.6715970531,"DemBarE":0,"DemBarP":0,"BarRetP":0},{"id":204,"time":73,"name":"Teno154","marginal_cost":157.783678683,"value":157.783678683,"DemBarE":0,"DemBarP":0,"BarRetP":0},{"id":204,"time":74,"name":"Teno154","marginal_cost":154.0976620727,"value":154.0976620727,"DemBarE":0,"DemBarP":0,"BarRetP":0},{"id":204,"time":75,"name":"Teno154","marginal_cost":139.5445725632,"value":139.5445725632,"DemBarE":0,"DemBarP":0,"BarRetP":0},{"id":204,"time":76,"name":"Teno154","marginal_cost":139.5445725632,"value":139.5445725632,"DemBarE":0,"DemBarP":0,"BarRetP":0},{"id":204,"time":77,"name":"Teno154","marginal_cost":139.5445725632,"value":139.5445725632,"DemBarE":0,"DemBarP":0,"BarRetP":0},{"id":204,"time":78,"name":"Teno154","marginal_cost":139.5445725632,"value":139.5445725632,"DemBarE":0,"DemBarP":0,"BarRetP":0},{"id":204,"time":79,"name":"Teno154","marginal_cost":139.5445725632,"value":139.5445725632,"DemBarE":0,"DemBarP":0,"BarRetP":0},{"id":204,"time":80,"name":"Teno154","marginal_cost":131.7617742547,"value":131.7617742547,"DemBarE":0,"DemBarP":0,"BarRetP":0},{"id":204,"time":81,"name":"Teno154","marginal_cost":131.7617742547,"value":131.7617742547,"DemBarE":0,"DemBarP":0,"BarRetP":0},{"id":204,"time":82,"name":"Teno154","marginal_cost":100.3257434134,"value":100.3257434134,"DemBarE":0,"DemBarP":0,"BarRetP":0},{"id":204,"time":83,"name":"Teno154","marginal_cost":100.3257434134,"value":100.3257434134,"DemBarE":0,"DemBarP":0,"BarRetP":0},{"id":204,"time":84,"name":"Teno154","marginal_cost":128.2424988728,"value":128.2424988728,"DemBarE":0,"DemBarP":0,"BarRetP":0},{"id":204,"time":85,"name":"Teno154","marginal_cost":128.2424988728,"value":128.2424988728,"DemBarE":0,"DemBarP":0,"BarRetP":0},{"id":204,"time":86,"name":"Teno154","marginal_cost":139.3606275403,"value":139.3606275403,"DemBarE":0,"DemBarP":0,"BarRetP":0},{"id":204,"time":87,"name":"Teno154","marginal_cost":139.3606275403,"value":139.3606275403,"DemBarE":0,"DemBarP":0,"BarRetP":0},{"id":204,"time":88,"name":"Teno154","marginal_cost":139.3606275403,"value":139.3606275403,"DemBarE":0,"DemBarP":0,"BarRetP":0},{"id":204,"time":89,"name":"Teno154","marginal_cost":139.3606275403,"value":139.3606275403,"DemBarE":0,"DemBarP":0,"BarRetP":0},{"id":204,"time":90,"name":"Teno154","marginal_cost":139.3606275403,"value":139.3606275403,"DemBarE":0,"DemBarP":0,"BarRetP":0},{"id":204,"time":91,"name":"Teno154","marginal_cost":161.1219102755,"value":161.1219102755,"DemBarE":0,"DemBarP":0,"BarRetP":0},{"id":204,"time":92,"name":"Teno154","marginal_cost":161.1219102755,"value":161.1219102755,"DemBarE":0,"DemBarP":0,"BarRetP":0},{"id":204,"time":93,"name":"Teno154","marginal_cost":163.1627737179,"value":163.1627737179,"DemBarE":0,"DemBarP":0,"BarRetP":0},{"id":204,"time":94,"name":"Teno154","marginal_cost":159.9577216079,"value":159.9577216079,"DemBarE":0,"DemBarP":0,"BarRetP":0},{"id":204,"time":95,"name":"Teno154","marginal_cost":158.9034784416,"value":158.9034784416,"DemBarE":0,"DemBarP":0,"BarRetP":0},{"id":204,"time":96,"name":"Teno154","marginal_cost":159.2627796452,"value":159.2627796452,"DemBarE":0,"DemBarP":0,"BarRetP":0},{"id":204,"time":97,"name":"Teno154","marginal_cost":159.5164484736,"value":159.5164484736,"DemBarE":0,"DemBarP":0,"BarRetP":0},{"id":204,"time":98,"name":"Teno154","marginal_cost":153.5890819091,"value":153.5890819091,"DemBarE":0,"DemBarP":0,"BarRetP":0},{"id":204,"time":99,"name":"Teno154","marginal_cost":152.7948467192,"value":152.7948467192,"DemBarE":0,"DemBarP":0,"BarRetP":0},{"id":204,"time":100,"name":"Teno154","marginal_cost":152.3753739292,"value":152.3753739292,"DemBarE":0,"DemBarP":0,"BarRetP":0},{"id":204,"time":101,"name":"Teno154","marginal_cost":152.3753739292,"value":152.3753739292,"DemBarE":0,"DemBarP":0,"BarRetP":0},{"id":204,"time":102,"name":"Teno154","marginal_cost":152.3753739292,"value":152.3753739292,"DemBarE":0,"DemBarP":0,"BarRetP":0},{"id":204,"time":103,"name":"Teno154","marginal_cost":159.6890041245,"value":159.6890041245,"DemBarE":0,"DemBarP":0,"BarRetP":0},{"id":204,"time":104,"name":"Teno154","marginal_cost":164.0202143983,"value":164.0202143983,"DemBarE":0,"DemBarP":0,"BarRetP":0},{"id":204,"time":105,"name":"Teno154","marginal_cost":164.0202143983,"value":164.0202143983,"DemBarE":0,"DemBarP":0,"BarRetP":0},{"id":204,"time":106,"name":"Teno154","marginal_cost":159.0968718773,"value":159.0968718773,"DemBarE":0,"DemBarP":0,"BarRetP":0},{"id":204,"time":107,"name":"Teno154","marginal_cost":159.1923017104,"value":159.1923017104,"DemBarE":0,"DemBarP":0,"BarRetP":0},{"id":204,"time":108,"name":"Teno154","marginal_cost":158.7266564187,"value":158.7266564187,"DemBarE":0,"DemBarP":0,"BarRetP":0},{"id":204,"time":109,"name":"Teno154","marginal_cost":158.7266564187,"value":158.7266564187,"DemBarE":0,"DemBarP":0,"BarRetP":0},{"id":204,"time":110,"name":"Teno154","marginal_cost":158.8391007866,"value":158.8391007866,"DemBarE":0,"DemBarP":0,"BarRetP":0},{"id":204,"time":111,"name":"Teno154","marginal_cost":159.4822708537,"value":159.4822708537,"DemBarE":0,"DemBarP":0,"BarRetP":0},{"id":204,"time":112,"name":"Teno154","marginal_cost":159.4822708537,"value":159.4822708537,"DemBarE":0,"DemBarP":0,"BarRetP":0},{"id":204,"time":113,"name":"Teno154","marginal_cost":162.6426652925,"value":162.6426652925,"DemBarE":0,"DemBarP":0,"BarRetP":0},{"id":204,"time":114,"name":"Teno154","marginal_cost":162.6426652925,"value":162.6426652925,"DemBarE":0,"DemBarP":0,"BarRetP":0},{"id":204,"time":115,"name":"Teno154","marginal_cost":162.6426652925,"value":162.6426652925,"DemBarE":0,"DemBarP":0,"BarRetP":0},{"id":204,"time":116,"name":"Teno154","marginal_cost":166.1963926738,"value":166.1963926738,"DemBarE":0,"DemBarP":0,"BarRetP":0},{"id":204,"time":117,"name":"Teno154","marginal_cost":166.1963926738,"value":166.1963926738,"DemBarE":0,"DemBarP":0,"BarRetP":0},{"id":204,"time":118,"name":"Teno154","marginal_cost":166.1963926738,"value":166.1963926738,"DemBarE":0,"DemBarP":0,"BarRetP":0},{"id":204,"time":119,"name":"Teno154","marginal_cost":166.1876775478,"value":166.1876775478,"DemBarE":0,"DemBarP":0,"BarRetP":0},{"id":204,"time":120,"name":"Teno154","marginal_cost":163.7538504077,"value":163.7538504077,"DemBarE":0,"DemBarP":0,"BarRetP":0},{"id":204,"time":121,"name":"Teno154","marginal_cost":159.1938217939,"value":159.1938217939,"DemBarE":0,"DemBarP":0,"BarRetP":0},{"id":204,"time":122,"name":"Teno154","marginal_cost":158.7037587286,"value":158.7037587286,"DemBarE":0,"DemBarP":0,"BarRetP":0},{"id":204,"time":123,"name":"Teno154","marginal_cost":154.367087175,"value":154.367087175,"DemBarE":0,"DemBarP":0,"BarRetP":0},{"id":204,"time":124,"name":"Teno154","marginal_cost":154.367087175,"value":154.367087175,"DemBarE":0,"DemBarP":0,"BarRetP":0},{"id":204,"time":125,"name":"Teno154","marginal_cost":154.367087175,"value":154.367087175,"DemBarE":0,"DemBarP":0,"BarRetP":0},{"id":204,"time":126,"name":"Teno154","marginal_cost":154.367087175,"value":154.367087175,"DemBarE":0,"DemBarP":0,"BarRetP":0},{"id":204,"time":127,"name":"Teno154","marginal_cost":161.9883393462,"value":161.9883393462,"DemBarE":0,"DemBarP":0,"BarRetP":0},{"id":204,"time":128,"name":"Teno154","marginal_cost":169.3291057831,"value":169.3291057831,"DemBarE":0,"DemBarP":0,"BarRetP":0},{"id":204,"time":129,"name":"Teno154","marginal_cost":164.7778690634,"value":164.7778690634,"DemBarE":0,"DemBarP":0,"BarRetP":0},{"id":204,"time":130,"name":"Teno154","marginal_cost":167.4192184179,"value":167.4192184179,"DemBarE":0,"DemBarP":0,"BarRetP":0},{"id":204,"time":131,"name":"Teno154","marginal_cost":166.8786222272,"value":166.8786222272,"DemBarE":0,"DemBarP":0,"BarRetP":0},{"id":204,"time":132,"name":"Teno154","marginal_cost":167.7231236752,"value":167.7231236752,"DemBarE":0,"DemBarP":0,"BarRetP":0},{"id":204,"time":133,"name":"Teno154","marginal_cost":166.4307080222,"value":166.4307080222,"DemBarE":0,"DemBarP":0,"BarRetP":0},{"id":204,"time":134,"name":"Teno154","marginal_cost":166.4307080222,"value":166.4307080222,"DemBarE":0,"DemBarP":0,"BarRetP":0},{"id":204,"time":135,"name":"Teno154","marginal_cost":166.4307080222,"value":166.4307080222,"DemBarE":0,"DemBarP":0,"BarRetP":0},{"id":204,"time":136,"name":"Teno154","marginal_cost":166.4307080222,"value":166.4307080222,"DemBarE":0,"DemBarP":0,"BarRetP":0},{"id":204,"time":137,"name":"Teno154","marginal_cost":167.1890545624,"value":167.1890545624,"DemBarE":0,"DemBarP":0,"BarRetP":0},{"id":204,"time":138,"name":"Teno154","marginal_cost":167.1890545624,"value":167.1890545624,"DemBarE":0,"DemBarP":0,"BarRetP":0},{"id":204,"time":139,"name":"Teno154","marginal_cost":167.1890545624,"value":167.1890545624,"DemBarE":0,"DemBarP":0,"BarRetP":0},{"id":204,"time":140,"name":"Teno154","marginal_cost":167.1890545624,"value":167.1890545624,"DemBarE":0,"DemBarP":0,"BarRetP":0},{"id":204,"time":141,"name":"Teno154","marginal_cost":167.1890545624,"value":167.1890545624,"DemBarE":0,"DemBarP":0,"BarRetP":0},{"id":204,"time":142,"name":"Teno154","marginal_cost":167.1890545624,"value":167.1890545624,"DemBarE":0,"DemBarP":0,"BarRetP":0},{"id":204,"time":143,"name":"Teno154","marginal_cost":166.0490886088,"value":166.0490886088,"DemBarE":0,"DemBarP":0,"BarRetP":0},{"id":204,"time":144,"name":"Teno154","marginal_cost":167.6044193239,"value":167.6044193239,"DemBarE":0,"DemBarP":0,"BarRetP":0},{"id":204,"time":145,"name":"Teno154","marginal_cost":164.9909515605,"value":164.9909515605,"DemBarE":0,"DemBarP":0,"BarRetP":0},{"id":204,"time":146,"name":"Teno154","marginal_cost":163.7158071152,"value":163.7158071152,"DemBarE":0,"DemBarP":0,"BarRetP":0},{"id":204,"time":147,"name":"Teno154","marginal_cost":160.4967269067,"value":160.4967269067,"DemBarE":0,"DemBarP":0,"BarRetP":0},{"id":204,"time":148,"name":"Teno154","marginal_cost":160.4967269067,"value":160.4967269067,"DemBarE":0,"DemBarP":0,"BarRetP":0},{"id":204,"time":149,"name":"Teno154","marginal_cost":160.4967269067,"value":160.4967269067,"DemBarE":0,"DemBarP":0,"BarRetP":0},{"id":204,"time":150,"name":"Teno154","marginal_cost":160.4967269067,"value":160.4967269067,"DemBarE":0,"DemBarP":0,"BarRetP":0},{"id":204,"time":151,"name":"Teno154","marginal_cost":165.0548211832,"value":165.0548211832,"DemBarE":0,"DemBarP":0,"BarRetP":0},{"id":204,"time":152,"name":"Teno154","marginal_cost":168.4443846458,"value":168.4443846458,"DemBarE":0,"DemBarP":0,"BarRetP":0},{"id":204,"time":153,"name":"Teno154","marginal_cost":168.4443846458,"value":168.4443846458,"DemBarE":0,"DemBarP":0,"BarRetP":0},{"id":204,"time":154,"name":"Teno154","marginal_cost":166.3153707648,"value":166.3153707648,"DemBarE":0,"DemBarP":0,"BarRetP":0},{"id":204,"time":155,"name":"Teno154","marginal_cost":166.3153707648,"value":166.3153707648,"DemBarE":0,"DemBarP":0,"BarRetP":0},{"id":204,"time":156,"name":"Teno154","marginal_cost":166.9166439711,"value":166.9166439711,"DemBarE":0,"DemBarP":0,"BarRetP":0},{"id":204,"time":157,"name":"Teno154","marginal_cost":165.910538418,"value":165.910538418,"DemBarE":0,"DemBarP":0,"BarRetP":0},{"id":204,"time":158,"name":"Teno154","marginal_cost":165.910538418,"value":165.910538418,"DemBarE":0,"DemBarP":0,"BarRetP":0},{"id":204,"time":159,"name":"Teno154","marginal_cost":165.910538418,"value":165.910538418,"DemBarE":0,"DemBarP":0,"BarRetP":0},{"id":204,"time":160,"name":"Teno154","marginal_cost":165.3325717973,"value":165.3325717973,"DemBarE":0,"DemBarP":0,"BarRetP":0},{"id":204,"time":161,"name":"Teno154","marginal_cost":165.3325717973,"value":165.3325717973,"DemBarE":0,"DemBarP":0,"BarRetP":0},{"id":204,"time":162,"name":"Teno154","marginal_cost":164.9346223874,"value":164.9346223874,"DemBarE":0,"DemBarP":0,"BarRetP":0},{"id":204,"time":163,"name":"Teno154","marginal_cost":169.1496710375,"value":169.1496710375,"DemBarE":0,"DemBarP":0,"BarRetP":0},{"id":204,"time":164,"name":"Teno154","marginal_cost":169.1496710375,"value":169.1496710375,"DemBarE":0,"DemBarP":0,"BarRetP":0},{"id":204,"time":165,"name":"Teno154","marginal_cost":169.1496710375,"value":169.1496710375,"DemBarE":0,"DemBarP":0,"BarRetP":0},{"id":204,"time":166,"name":"Teno154","marginal_cost":169.1496710375,"value":169.1496710375,"DemBarE":0,"DemBarP":0,"BarRetP":0},{"id":204,"time":167,"name":"Teno154","marginal_cost":168.2071868723,"value":168.2071868723,"DemBarE":0,"DemBarP":0,"BarRetP":0},{"id":204,"time":168,"name":"Teno154","marginal_cost":168.74330146,"value":168.74330146,"DemBarE":0,"DemBarP":0,"BarRetP":0}]