[{"id":61,"time":1,"name":"Norgener220","marginal_cost":136.4185180132,"value":136.4185180132,"DemBarE":0,"DemBarP":0,"BarRetP":0},{"id":61,"time":2,"name":"Norgener220","marginal_cost":132.9379472448,"value":132.9379472448,"DemBarE":0,"DemBarP":0,"BarRetP":0},{"id":61,"time":3,"name":"Norgener220","marginal_cost":133.7268746761,"value":133.7268746761,"DemBarE":0,"DemBarP":0,"BarRetP":0},{"id":61,"time":4,"name":"Norgener220","marginal_cost":134.1499439346,"value":134.1499439346,"DemBarE":0,"DemBarP":0,"BarRetP":0},{"id":61,"time":5,"name":"Norgener220","marginal_cost":134.2438491734,"value":134.2438491734,"DemBarE":0,"DemBarP":0,"BarRetP":0},{"id":61,"time":6,"name":"Norgener220","marginal_cost":99.3754734404,"value":99.3754734404,"DemBarE":0,"DemBarP":0,"BarRetP":0},{"id":61,"time":7,"name":"Norgener220","marginal_cost":135.1857576266,"value":135.1857576266,"DemBarE":0,"DemBarP":0,"BarRetP":0},{"id":61,"time":8,"name":"Norgener220","marginal_cost":157.7338961269,"value":157.7338961269,"DemBarE":0,"DemBarP":0,"BarRetP":0},{"id":61,"time":9,"name":"Norgener220","marginal_cost":108.2012809852,"value":108.2012809852,"DemBarE":0,"DemBarP":0,"BarRetP":0},{"id":61,"time":10,"name":"Norgener220","marginal_cost":74.4652074579,"value":74.4652074579,"DemBarE":0,"DemBarP":0,"BarRetP":0},{"id":61,"time":11,"name":"Norgener220","marginal_cost":73.0539916092,"value":73.0539916092,"DemBarE":0,"DemBarP":0,"BarRetP":0},{"id":61,"time":12,"name":"Norgener220","marginal_cost":64.5032513467,"value":64.5032513467,"DemBarE":0,"DemBarP":0,"BarRetP":0},{"id":61,"time":13,"name":"Norgener220","marginal_cost":44.3697532874,"value":44.3697532874,"DemBarE":0,"DemBarP":0,"BarRetP":0},{"id":61,"time":14,"name":"Norgener220","marginal_cost":-1.7738089883,"value":-1.7738089883,"DemBarE":0,"DemBarP":0,"BarRetP":0},{"id":61,"time":15,"name":"Norgener220","marginal_cost":-1.4591279412,"value":-1.4591279412,"DemBarE":0,"DemBarP":0,"BarRetP":0},{"id":61,"time":16,"name":"Norgener220","marginal_cost":-1.465506607,"value":-1.465506607,"DemBarE":0,"DemBarP":0,"BarRetP":0},{"id":61,"time":17,"name":"Norgener220","marginal_cost":92.8854466949,"value":92.8854466949,"DemBarE":0,"DemBarP":0,"BarRetP":0},{"id":61,"time":18,"name":"Norgener220","marginal_cost":133.4203150534,"value":133.4203150534,"DemBarE":0,"DemBarP":0,"BarRetP":0},{"id":61,"time":19,"name":"Norgener220","marginal_cost":172.0869586371,"value":172.0869586371,"DemBarE":0,"DemBarP":0,"BarRetP":0},{"id":61,"time":20,"name":"Norgener220","marginal_cost":171.9486880384,"value":171.9486880384,"DemBarE":0,"DemBarP":0,"BarRetP":0},{"id":61,"time":21,"name":"Norgener220","marginal_cost":166.5294220547,"value":166.5294220547,"DemBarE":0,"DemBarP":0,"BarRetP":0},{"id":61,"time":22,"name":"Norgener220","marginal_cost":161.150758204,"value":161.150758204,"DemBarE":0,"DemBarP":0,"BarRetP":0},{"id":61,"time":23,"name":"Norgener220","marginal_cost":157.1093077351,"value":157.1093077351,"DemBarE":0,"DemBarP":0,"BarRetP":0},{"id":61,"time":24,"name":"Norgener220","marginal_cost":156.0223545998,"value":156.0223545998,"DemBarE":0,"DemBarP":0,"BarRetP":0},{"id":61,"time":25,"name":"Norgener220","marginal_cost":156.0343352659,"value":156.0343352659,"DemBarE":0,"DemBarP":0,"BarRetP":0},{"id":61,"time":26,"name":"Norgener220","marginal_cost":153.8218401025,"value":153.8218401025,"DemBarE":0,"DemBarP":0,"BarRetP":0},{"id":61,"time":27,"name":"Norgener220","marginal_cost":155.1379349382,"value":155.1379349382,"DemBarE":0,"DemBarP":0,"BarRetP":0},{"id":61,"time":28,"name":"Norgener220","marginal_cost":154.3923988735,"value":154.3923988735,"DemBarE":0,"DemBarP":0,"BarRetP":0},{"id":61,"time":29,"name":"Norgener220","marginal_cost":153.040753984,"value":153.040753984,"DemBarE":0,"DemBarP":0,"BarRetP":0},{"id":61,"time":30,"name":"Norgener220","marginal_cost":153.8777881907,"value":153.8777881907,"DemBarE":0,"DemBarP":0,"BarRetP":0},{"id":61,"time":31,"name":"Norgener220","marginal_cost":161.0200226025,"value":161.0200226025,"DemBarE":0,"DemBarP":0,"BarRetP":0},{"id":61,"time":32,"name":"Norgener220","marginal_cost":155.1199633495,"value":155.1199633495,"DemBarE":0,"DemBarP":0,"BarRetP":0},{"id":61,"time":33,"name":"Norgener220","marginal_cost":121.6342762341,"value":121.6342762341,"DemBarE":0,"DemBarP":0,"BarRetP":0},{"id":61,"time":34,"name":"Norgener220","marginal_cost":81.5646888528,"value":81.5646888528,"DemBarE":0,"DemBarP":0,"BarRetP":0},{"id":61,"time":35,"name":"Norgener220","marginal_cost":78.0270316494,"value":78.0270316494,"DemBarE":0,"DemBarP":0,"BarRetP":0},{"id":61,"time":36,"name":"Norgener220","marginal_cost":77.9621990558,"value":77.9621990558,"DemBarE":0,"DemBarP":0,"BarRetP":0},{"id":61,"time":37,"name":"Norgener220","marginal_cost":76.4300727854,"value":76.4300727854,"DemBarE":0,"DemBarP":0,"BarRetP":0},{"id":61,"time":38,"name":"Norgener220","marginal_cost":76.4300727854,"value":76.4300727854,"DemBarE":0,"DemBarP":0,"BarRetP":0},{"id":61,"time":39,"name":"Norgener220","marginal_cost":76.4300727854,"value":76.4300727854,"DemBarE":0,"DemBarP":0,"BarRetP":0},{"id":61,"time":40,"name":"Norgener220","marginal_cost":76.4300727854,"value":76.4300727854,"DemBarE":0,"DemBarP":0,"BarRetP":0},{"id":61,"time":41,"name":"Norgener220","marginal_cost":96.3477124684,"value":96.3477124684,"DemBarE":0,"DemBarP":0,"BarRetP":0},{"id":61,"time":42,"name":"Norgener220","marginal_cost":139.1113850782,"value":139.1113850782,"DemBarE":0,"DemBarP":0,"BarRetP":0},{"id":61,"time":43,"name":"Norgener220","marginal_cost":165.4250546361,"value":165.4250546361,"DemBarE":0,"DemBarP":0,"BarRetP":0},{"id":61,"time":44,"name":"Norgener220","marginal_cost":165.4250546361,"value":165.4250546361,"DemBarE":0,"DemBarP":0,"BarRetP":0},{"id":61,"time":45,"name":"Norgener220","marginal_cost":167.0152359706,"value":167.0152359706,"DemBarE":0,"DemBarP":0,"BarRetP":0},{"id":61,"time":46,"name":"Norgener220","marginal_cost":165.993654008,"value":165.993654008,"DemBarE":0,"DemBarP":0,"BarRetP":0},{"id":61,"time":47,"name":"Norgener220","marginal_cost":162.0557580263,"value":162.0557580263,"DemBarE":0,"DemBarP":0,"BarRetP":0},{"id":61,"time":48,"name":"Norgener220","marginal_cost":158.7067820276,"value":158.7067820276,"DemBarE":0,"DemBarP":0,"BarRetP":0},{"id":61,"time":49,"name":"Norgener220","marginal_cost":151.7673859543,"value":151.7673859543,"DemBarE":0,"DemBarP":0,"BarRetP":0},{"id":61,"time":50,"name":"Norgener220","marginal_cost":154.4968031134,"value":154.4968031134,"DemBarE":0,"DemBarP":0,"BarRetP":0},{"id":61,"time":51,"name":"Norgener220","marginal_cost":156.9831554644,"value":156.9831554644,"DemBarE":0,"DemBarP":0,"BarRetP":0},{"id":61,"time":52,"name":"Norgener220","marginal_cost":141.4359117157,"value":141.4359117157,"DemBarE":0,"DemBarP":0,"BarRetP":0},{"id":61,"time":53,"name":"Norgener220","marginal_cost":141.4359117157,"value":141.4359117157,"DemBarE":0,"DemBarP":0,"BarRetP":0},{"id":61,"time":54,"name":"Norgener220","marginal_cost":140.1444969655,"value":140.1444969655,"DemBarE":0,"DemBarP":0,"BarRetP":0},{"id":61,"time":55,"name":"Norgener220","marginal_cost":139.1262766599,"value":139.1262766599,"DemBarE":0,"DemBarP":0,"BarRetP":0},{"id":61,"time":56,"name":"Norgener220","marginal_cost":134.428490218,"value":134.428490218,"DemBarE":0,"DemBarP":0,"BarRetP":0},{"id":61,"time":57,"name":"Norgener220","marginal_cost":101.0179728687,"value":101.0179728687,"DemBarE":0,"DemBarP":0,"BarRetP":0},{"id":61,"time":58,"name":"Norgener220","marginal_cost":79.1151285358,"value":79.1151285358,"DemBarE":0,"DemBarP":0,"BarRetP":0},{"id":61,"time":59,"name":"Norgener220","marginal_cost":77.8143144524,"value":77.8143144524,"DemBarE":0,"DemBarP":0,"BarRetP":0},{"id":61,"time":60,"name":"Norgener220","marginal_cost":77.168579163,"value":77.168579163,"DemBarE":0,"DemBarP":0,"BarRetP":0},{"id":61,"time":61,"name":"Norgener220","marginal_cost":-2.0839490315,"value":-2.0839490315,"DemBarE":0,"DemBarP":0,"BarRetP":0},{"id":61,"time":62,"name":"Norgener220","marginal_cost":-2.0839490315,"value":-2.0839490315,"DemBarE":0,"DemBarP":0,"BarRetP":0},{"id":61,"time":63,"name":"Norgener220","marginal_cost":-1.7898995962,"value":-1.7898995962,"DemBarE":0,"DemBarP":0,"BarRetP":0},{"id":61,"time":64,"name":"Norgener220","marginal_cost":-1.2201992006,"value":-1.2201992006,"DemBarE":0,"DemBarP":0,"BarRetP":0},{"id":61,"time":65,"name":"Norgener220","marginal_cost":113.500957225,"value":113.500957225,"DemBarE":0,"DemBarP":0,"BarRetP":0},{"id":61,"time":66,"name":"Norgener220","marginal_cost":113.500957225,"value":113.500957225,"DemBarE":0,"DemBarP":0,"BarRetP":0},{"id":61,"time":67,"name":"Norgener220","marginal_cost":166.3239360384,"value":166.3239360384,"DemBarE":0,"DemBarP":0,"BarRetP":0},{"id":61,"time":68,"name":"Norgener220","marginal_cost":162.6197060529,"value":162.6197060529,"DemBarE":0,"DemBarP":0,"BarRetP":0},{"id":61,"time":69,"name":"Norgener220","marginal_cost":162.6197060529,"value":162.6197060529,"DemBarE":0,"DemBarP":0,"BarRetP":0},{"id":61,"time":70,"name":"Norgener220","marginal_cost":163.5214278023,"value":163.5214278023,"DemBarE":0,"DemBarP":0,"BarRetP":0},{"id":61,"time":71,"name":"Norgener220","marginal_cost":155.2931952419,"value":155.2931952419,"DemBarE":0,"DemBarP":0,"BarRetP":0},{"id":61,"time":72,"name":"Norgener220","marginal_cost":152.9144226694,"value":152.9144226694,"DemBarE":0,"DemBarP":0,"BarRetP":0},{"id":61,"time":73,"name":"Norgener220","marginal_cost":151.0073955105,"value":151.0073955105,"DemBarE":0,"DemBarP":0,"BarRetP":0},{"id":61,"time":74,"name":"Norgener220","marginal_cost":151.5950767647,"value":151.5950767647,"DemBarE":0,"DemBarP":0,"BarRetP":0},{"id":61,"time":75,"name":"Norgener220","marginal_cost":139.3278048685,"value":139.3278048685,"DemBarE":0,"DemBarP":0,"BarRetP":0},{"id":61,"time":76,"name":"Norgener220","marginal_cost":139.3278048685,"value":139.3278048685,"DemBarE":0,"DemBarP":0,"BarRetP":0},{"id":61,"time":77,"name":"Norgener220","marginal_cost":139.3278048685,"value":139.3278048685,"DemBarE":0,"DemBarP":0,"BarRetP":0},{"id":61,"time":78,"name":"Norgener220","marginal_cost":139.3278048685,"value":139.3278048685,"DemBarE":0,"DemBarP":0,"BarRetP":0},{"id":61,"time":79,"name":"Norgener220","marginal_cost":139.3278048685,"value":139.3278048685,"DemBarE":0,"DemBarP":0,"BarRetP":0},{"id":61,"time":80,"name":"Norgener220","marginal_cost":121.4654797793,"value":121.4654797793,"DemBarE":0,"DemBarP":0,"BarRetP":0},{"id":61,"time":81,"name":"Norgener220","marginal_cost":121.4654797793,"value":121.4654797793,"DemBarE":0,"DemBarP":0,"BarRetP":0},{"id":61,"time":82,"name":"Norgener220","marginal_cost":78.6003468168,"value":78.6003468168,"DemBarE":0,"DemBarP":0,"BarRetP":0},{"id":61,"time":83,"name":"Norgener220","marginal_cost":78.6003468168,"value":78.6003468168,"DemBarE":0,"DemBarP":0,"BarRetP":0},{"id":61,"time":84,"name":"Norgener220","marginal_cost":75.576268292,"value":75.576268292,"DemBarE":0,"DemBarP":0,"BarRetP":0},{"id":61,"time":85,"name":"Norgener220","marginal_cost":75.576268292,"value":75.576268292,"DemBarE":0,"DemBarP":0,"BarRetP":0},{"id":61,"time":86,"name":"Norgener220","marginal_cost":78.1520871014,"value":78.1520871014,"DemBarE":0,"DemBarP":0,"BarRetP":0},{"id":61,"time":87,"name":"Norgener220","marginal_cost":78.1520871014,"value":78.1520871014,"DemBarE":0,"DemBarP":0,"BarRetP":0},{"id":61,"time":88,"name":"Norgener220","marginal_cost":78.1520871014,"value":78.1520871014,"DemBarE":0,"DemBarP":0,"BarRetP":0},{"id":61,"time":89,"name":"Norgener220","marginal_cost":78.1520871014,"value":78.1520871014,"DemBarE":0,"DemBarP":0,"BarRetP":0},{"id":61,"time":90,"name":"Norgener220","marginal_cost":78.1520871014,"value":78.1520871014,"DemBarE":0,"DemBarP":0,"BarRetP":0},{"id":61,"time":91,"name":"Norgener220","marginal_cost":147.3266858696,"value":147.3266858696,"DemBarE":0,"DemBarP":0,"BarRetP":0},{"id":61,"time":92,"name":"Norgener220","marginal_cost":147.3266858696,"value":147.3266858696,"DemBarE":0,"DemBarP":0,"BarRetP":0},{"id":61,"time":93,"name":"Norgener220","marginal_cost":151.4476049217,"value":151.4476049217,"DemBarE":0,"DemBarP":0,"BarRetP":0},{"id":61,"time":94,"name":"Norgener220","marginal_cost":149.8320387687,"value":149.8320387687,"DemBarE":0,"DemBarP":0,"BarRetP":0},{"id":61,"time":95,"name":"Norgener220","marginal_cost":148.5506355548,"value":148.5506355548,"DemBarE":0,"DemBarP":0,"BarRetP":0},{"id":61,"time":96,"name":"Norgener220","marginal_cost":149.7963748529,"value":149.7963748529,"DemBarE":0,"DemBarP":0,"BarRetP":0},{"id":61,"time":97,"name":"Norgener220","marginal_cost":148.9305205147,"value":148.9305205147,"DemBarE":0,"DemBarP":0,"BarRetP":0},{"id":61,"time":98,"name":"Norgener220","marginal_cost":146.2598631589,"value":146.2598631589,"DemBarE":0,"DemBarP":0,"BarRetP":0},{"id":61,"time":99,"name":"Norgener220","marginal_cost":149.9524864151,"value":149.9524864151,"DemBarE":0,"DemBarP":0,"BarRetP":0},{"id":61,"time":100,"name":"Norgener220","marginal_cost":152.0397869552,"value":152.0397869552,"DemBarE":0,"DemBarP":0,"BarRetP":0},{"id":61,"time":101,"name":"Norgener220","marginal_cost":152.0397869552,"value":152.0397869552,"DemBarE":0,"DemBarP":0,"BarRetP":0},{"id":61,"time":102,"name":"Norgener220","marginal_cost":152.0397869552,"value":152.0397869552,"DemBarE":0,"DemBarP":0,"BarRetP":0},{"id":61,"time":103,"name":"Norgener220","marginal_cost":149.8400799921,"value":149.8400799921,"DemBarE":0,"DemBarP":0,"BarRetP":0},{"id":61,"time":104,"name":"Norgener220","marginal_cost":125.9646221622,"value":125.9646221622,"DemBarE":0,"DemBarP":0,"BarRetP":0},{"id":61,"time":105,"name":"Norgener220","marginal_cost":125.9646221622,"value":125.9646221622,"DemBarE":0,"DemBarP":0,"BarRetP":0},{"id":61,"time":106,"name":"Norgener220","marginal_cost":80.3259003591,"value":80.3259003591,"DemBarE":0,"DemBarP":0,"BarRetP":0},{"id":61,"time":107,"name":"Norgener220","marginal_cost":79.7965525408,"value":79.7965525408,"DemBarE":0,"DemBarP":0,"BarRetP":0},{"id":61,"time":108,"name":"Norgener220","marginal_cost":78.9102361159,"value":78.9102361159,"DemBarE":0,"DemBarP":0,"BarRetP":0},{"id":61,"time":109,"name":"Norgener220","marginal_cost":78.9102361159,"value":78.9102361159,"DemBarE":0,"DemBarP":0,"BarRetP":0},{"id":61,"time":110,"name":"Norgener220","marginal_cost":78.6576725868,"value":78.6576725868,"DemBarE":0,"DemBarP":0,"BarRetP":0},{"id":61,"time":111,"name":"Norgener220","marginal_cost":78.6806823342,"value":78.6806823342,"DemBarE":0,"DemBarP":0,"BarRetP":0},{"id":61,"time":112,"name":"Norgener220","marginal_cost":78.6806823342,"value":78.6806823342,"DemBarE":0,"DemBarP":0,"BarRetP":0},{"id":61,"time":113,"name":"Norgener220","marginal_cost":128.9551642693,"value":128.9551642693,"DemBarE":0,"DemBarP":0,"BarRetP":0},{"id":61,"time":114,"name":"Norgener220","marginal_cost":128.9551642693,"value":128.9551642693,"DemBarE":0,"DemBarP":0,"BarRetP":0},{"id":61,"time":115,"name":"Norgener220","marginal_cost":128.9551642693,"value":128.9551642693,"DemBarE":0,"DemBarP":0,"BarRetP":0},{"id":61,"time":116,"name":"Norgener220","marginal_cost":154.6179103154,"value":154.6179103154,"DemBarE":0,"DemBarP":0,"BarRetP":0},{"id":61,"time":117,"name":"Norgener220","marginal_cost":154.6179103154,"value":154.6179103154,"DemBarE":0,"DemBarP":0,"BarRetP":0},{"id":61,"time":118,"name":"Norgener220","marginal_cost":154.6179103154,"value":154.6179103154,"DemBarE":0,"DemBarP":0,"BarRetP":0},{"id":61,"time":119,"name":"Norgener220","marginal_cost":154.7127252119,"value":154.7127252119,"DemBarE":0,"DemBarP":0,"BarRetP":0},{"id":61,"time":120,"name":"Norgener220","marginal_cost":151.1894937952,"value":151.1894937952,"DemBarE":0,"DemBarP":0,"BarRetP":0},{"id":61,"time":121,"name":"Norgener220","marginal_cost":151.3671235475,"value":151.3671235475,"DemBarE":0,"DemBarP":0,"BarRetP":0},{"id":61,"time":122,"name":"Norgener220","marginal_cost":151.6487802349,"value":151.6487802349,"DemBarE":0,"DemBarP":0,"BarRetP":0},{"id":61,"time":123,"name":"Norgener220","marginal_cost":143.9887387507,"value":143.9887387507,"DemBarE":0,"DemBarP":0,"BarRetP":0},{"id":61,"time":124,"name":"Norgener220","marginal_cost":143.9887387507,"value":143.9887387507,"DemBarE":0,"DemBarP":0,"BarRetP":0},{"id":61,"time":125,"name":"Norgener220","marginal_cost":143.9887387507,"value":143.9887387507,"DemBarE":0,"DemBarP":0,"BarRetP":0},{"id":61,"time":126,"name":"Norgener220","marginal_cost":143.9887387507,"value":143.9887387507,"DemBarE":0,"DemBarP":0,"BarRetP":0},{"id":61,"time":127,"name":"Norgener220","marginal_cost":143.0368497064,"value":143.0368497064,"DemBarE":0,"DemBarP":0,"BarRetP":0},{"id":61,"time":128,"name":"Norgener220","marginal_cost":140.6503964041,"value":140.6503964041,"DemBarE":0,"DemBarP":0,"BarRetP":0},{"id":61,"time":129,"name":"Norgener220","marginal_cost":123.9477908854,"value":123.9477908854,"DemBarE":0,"DemBarP":0,"BarRetP":0},{"id":61,"time":130,"name":"Norgener220","marginal_cost":94.6181111908,"value":94.6181111908,"DemBarE":0,"DemBarP":0,"BarRetP":0},{"id":61,"time":131,"name":"Norgener220","marginal_cost":78.6475514663,"value":78.6475514663,"DemBarE":0,"DemBarP":0,"BarRetP":0},{"id":61,"time":132,"name":"Norgener220","marginal_cost":80.0186480583,"value":80.0186480583,"DemBarE":0,"DemBarP":0,"BarRetP":0},{"id":61,"time":133,"name":"Norgener220","marginal_cost":79.3967636581,"value":79.3967636581,"DemBarE":0,"DemBarP":0,"BarRetP":0},{"id":61,"time":134,"name":"Norgener220","marginal_cost":79.3967636581,"value":79.3967636581,"DemBarE":0,"DemBarP":0,"BarRetP":0},{"id":61,"time":135,"name":"Norgener220","marginal_cost":79.3967636581,"value":79.3967636581,"DemBarE":0,"DemBarP":0,"BarRetP":0},{"id":61,"time":136,"name":"Norgener220","marginal_cost":79.3967636581,"value":79.3967636581,"DemBarE":0,"DemBarP":0,"BarRetP":0},{"id":61,"time":137,"name":"Norgener220","marginal_cost":141.9857902445,"value":141.9857902445,"DemBarE":0,"DemBarP":0,"BarRetP":0},{"id":61,"time":138,"name":"Norgener220","marginal_cost":141.9857902445,"value":141.9857902445,"DemBarE":0,"DemBarP":0,"BarRetP":0},{"id":61,"time":139,"name":"Norgener220","marginal_cost":141.9857902445,"value":141.9857902445,"DemBarE":0,"DemBarP":0,"BarRetP":0},{"id":61,"time":140,"name":"Norgener220","marginal_cost":141.9857902445,"value":141.9857902445,"DemBarE":0,"DemBarP":0,"BarRetP":0},{"id":61,"time":141,"name":"Norgener220","marginal_cost":141.9857902445,"value":141.9857902445,"DemBarE":0,"DemBarP":0,"BarRetP":0},{"id":61,"time":142,"name":"Norgener220","marginal_cost":141.9857902445,"value":141.9857902445,"DemBarE":0,"DemBarP":0,"BarRetP":0},{"id":61,"time":143,"name":"Norgener220","marginal_cost":149.0839555087,"value":149.0839555087,"DemBarE":0,"DemBarP":0,"BarRetP":0},{"id":61,"time":144,"name":"Norgener220","marginal_cost":148.1150048734,"value":148.1150048734,"DemBarE":0,"DemBarP":0,"BarRetP":0},{"id":61,"time":145,"name":"Norgener220","marginal_cost":149.3985902017,"value":149.3985902017,"DemBarE":0,"DemBarP":0,"BarRetP":0},{"id":61,"time":146,"name":"Norgener220","marginal_cost":145.9384827982,"value":145.9384827982,"DemBarE":0,"DemBarP":0,"BarRetP":0},{"id":61,"time":147,"name":"Norgener220","marginal_cost":145.3146787071,"value":145.3146787071,"DemBarE":0,"DemBarP":0,"BarRetP":0},{"id":61,"time":148,"name":"Norgener220","marginal_cost":145.3146787071,"value":145.3146787071,"DemBarE":0,"DemBarP":0,"BarRetP":0},{"id":61,"time":149,"name":"Norgener220","marginal_cost":145.3146787071,"value":145.3146787071,"DemBarE":0,"DemBarP":0,"BarRetP":0},{"id":61,"time":150,"name":"Norgener220","marginal_cost":145.3146787071,"value":145.3146787071,"DemBarE":0,"DemBarP":0,"BarRetP":0},{"id":61,"time":151,"name":"Norgener220","marginal_cost":144.9137825722,"value":144.9137825722,"DemBarE":0,"DemBarP":0,"BarRetP":0},{"id":61,"time":152,"name":"Norgener220","marginal_cost":124.2180024502,"value":124.2180024502,"DemBarE":0,"DemBarP":0,"BarRetP":0},{"id":61,"time":153,"name":"Norgener220","marginal_cost":124.2180024502,"value":124.2180024502,"DemBarE":0,"DemBarP":0,"BarRetP":0},{"id":61,"time":154,"name":"Norgener220","marginal_cost":94.2724980854,"value":94.2724980854,"DemBarE":0,"DemBarP":0,"BarRetP":0},{"id":61,"time":155,"name":"Norgener220","marginal_cost":94.2724980854,"value":94.2724980854,"DemBarE":0,"DemBarP":0,"BarRetP":0},{"id":61,"time":156,"name":"Norgener220","marginal_cost":93.492020918,"value":93.492020918,"DemBarE":0,"DemBarP":0,"BarRetP":0},{"id":61,"time":157,"name":"Norgener220","marginal_cost":79.5934556551,"value":79.5934556551,"DemBarE":0,"DemBarP":0,"BarRetP":0},{"id":61,"time":158,"name":"Norgener220","marginal_cost":79.5934556551,"value":79.5934556551,"DemBarE":0,"DemBarP":0,"BarRetP":0},{"id":61,"time":159,"name":"Norgener220","marginal_cost":79.5934556551,"value":79.5934556551,"DemBarE":0,"DemBarP":0,"BarRetP":0},{"id":61,"time":160,"name":"Norgener220","marginal_cost":94.9473611535,"value":94.9473611535,"DemBarE":0,"DemBarP":0,"BarRetP":0},{"id":61,"time":161,"name":"Norgener220","marginal_cost":94.9473611535,"value":94.9473611535,"DemBarE":0,"DemBarP":0,"BarRetP":0},{"id":61,"time":162,"name":"Norgener220","marginal_cost":127.140320674,"value":127.140320674,"DemBarE":0,"DemBarP":0,"BarRetP":0},{"id":61,"time":163,"name":"Norgener220","marginal_cost":149.4073375857,"value":149.4073375857,"DemBarE":0,"DemBarP":0,"BarRetP":0},{"id":61,"time":164,"name":"Norgener220","marginal_cost":149.4073375857,"value":149.4073375857,"DemBarE":0,"DemBarP":0,"BarRetP":0},{"id":61,"time":165,"name":"Norgener220","marginal_cost":149.4073375857,"value":149.4073375857,"DemBarE":0,"DemBarP":0,"BarRetP":0},{"id":61,"time":166,"name":"Norgener220","marginal_cost":149.4073375857,"value":149.4073375857,"DemBarE":0,"DemBarP":0,"BarRetP":0},{"id":61,"time":167,"name":"Norgener220","marginal_cost":148.1864377527,"value":148.1864377527,"DemBarE":0,"DemBarP":0,"BarRetP":0},{"id":61,"time":168,"name":"Norgener220","marginal_cost":147.8515380792,"value":147.8515380792,"DemBarE":0,"DemBarP":0,"BarRetP":0}]