[{"id":69,"time":1,"name":"Palestina220","marginal_cost":128.0617663014,"value":128.0617663014,"DemBarE":0,"DemBarP":0,"BarRetP":0},{"id":69,"time":2,"name":"Palestina220","marginal_cost":124.7244742917,"value":124.7244742917,"DemBarE":0,"DemBarP":0,"BarRetP":0},{"id":69,"time":3,"name":"Palestina220","marginal_cost":125.7878112623,"value":125.7878112623,"DemBarE":0,"DemBarP":0,"BarRetP":0},{"id":69,"time":4,"name":"Palestina220","marginal_cost":126.5729701645,"value":126.5729701645,"DemBarE":0,"DemBarP":0,"BarRetP":0},{"id":69,"time":5,"name":"Palestina220","marginal_cost":126.758213018,"value":126.758213018,"DemBarE":0,"DemBarP":0,"BarRetP":0},{"id":69,"time":6,"name":"Palestina220","marginal_cost":93.6952113571,"value":93.6952113571,"DemBarE":0,"DemBarP":0,"BarRetP":0},{"id":69,"time":7,"name":"Palestina220","marginal_cost":127.614790016,"value":127.614790016,"DemBarE":0,"DemBarP":0,"BarRetP":0},{"id":69,"time":8,"name":"Palestina220","marginal_cost":153.8135693339,"value":153.8135693339,"DemBarE":0,"DemBarP":0,"BarRetP":0},{"id":69,"time":9,"name":"Palestina220","marginal_cost":114.2527543113,"value":114.2527543113,"DemBarE":0,"DemBarP":0,"BarRetP":0},{"id":69,"time":10,"name":"Palestina220","marginal_cost":80.9648061326,"value":80.9648061326,"DemBarE":0,"DemBarP":0,"BarRetP":0},{"id":69,"time":11,"name":"Palestina220","marginal_cost":77.5347799112,"value":77.5347799112,"DemBarE":0,"DemBarP":0,"BarRetP":0},{"id":69,"time":12,"name":"Palestina220","marginal_cost":68.4473689928,"value":68.4473689928,"DemBarE":0,"DemBarP":0,"BarRetP":0},{"id":69,"time":13,"name":"Palestina220","marginal_cost":46.8051165691,"value":46.8051165691,"DemBarE":0,"DemBarP":0,"BarRetP":0},{"id":69,"time":14,"name":"Palestina220","marginal_cost":-1.8651309801,"value":-1.8651309801,"DemBarE":0,"DemBarP":0,"BarRetP":0},{"id":69,"time":15,"name":"Palestina220","marginal_cost":-1.5294187872,"value":-1.5294187872,"DemBarE":0,"DemBarP":0,"BarRetP":0},{"id":69,"time":16,"name":"Palestina220","marginal_cost":-1.5278385161,"value":-1.5278385161,"DemBarE":0,"DemBarP":0,"BarRetP":0},{"id":69,"time":17,"name":"Palestina220","marginal_cost":98.7512650482,"value":98.7512650482,"DemBarE":0,"DemBarP":0,"BarRetP":0},{"id":69,"time":18,"name":"Palestina220","marginal_cost":130.1250148163,"value":130.1250148163,"DemBarE":0,"DemBarP":0,"BarRetP":0},{"id":69,"time":19,"name":"Palestina220","marginal_cost":163.9907079157,"value":163.9907079157,"DemBarE":0,"DemBarP":0,"BarRetP":0},{"id":69,"time":20,"name":"Palestina220","marginal_cost":164.8647299415,"value":164.8647299415,"DemBarE":0,"DemBarP":0,"BarRetP":0},{"id":69,"time":21,"name":"Palestina220","marginal_cost":160.8422428481,"value":160.8422428481,"DemBarE":0,"DemBarP":0,"BarRetP":0},{"id":69,"time":22,"name":"Palestina220","marginal_cost":153.7635634958,"value":153.7635634958,"DemBarE":0,"DemBarP":0,"BarRetP":0},{"id":69,"time":23,"name":"Palestina220","marginal_cost":151.4257097383,"value":151.4257097383,"DemBarE":0,"DemBarP":0,"BarRetP":0},{"id":69,"time":24,"name":"Palestina220","marginal_cost":150.5988510099,"value":150.5988510099,"DemBarE":0,"DemBarP":0,"BarRetP":0},{"id":69,"time":25,"name":"Palestina220","marginal_cost":151.0714175878,"value":151.0714175878,"DemBarE":0,"DemBarP":0,"BarRetP":0},{"id":69,"time":26,"name":"Palestina220","marginal_cost":148.9056834124,"value":148.9056834124,"DemBarE":0,"DemBarP":0,"BarRetP":0},{"id":69,"time":27,"name":"Palestina220","marginal_cost":149.6184140393,"value":149.6184140393,"DemBarE":0,"DemBarP":0,"BarRetP":0},{"id":69,"time":28,"name":"Palestina220","marginal_cost":149.9246252041,"value":149.9246252041,"DemBarE":0,"DemBarP":0,"BarRetP":0},{"id":69,"time":29,"name":"Palestina220","marginal_cost":148.6284136213,"value":148.6284136213,"DemBarE":0,"DemBarP":0,"BarRetP":0},{"id":69,"time":30,"name":"Palestina220","marginal_cost":149.1039043487,"value":149.1039043487,"DemBarE":0,"DemBarP":0,"BarRetP":0},{"id":69,"time":31,"name":"Palestina220","marginal_cost":157.2022428858,"value":157.2022428858,"DemBarE":0,"DemBarP":0,"BarRetP":0},{"id":69,"time":32,"name":"Palestina220","marginal_cost":153.5311209835,"value":153.5311209835,"DemBarE":0,"DemBarP":0,"BarRetP":0},{"id":69,"time":33,"name":"Palestina220","marginal_cost":125.9828218379,"value":125.9828218379,"DemBarE":0,"DemBarP":0,"BarRetP":0},{"id":69,"time":34,"name":"Palestina220","marginal_cost":87.8498258981,"value":87.8498258981,"DemBarE":0,"DemBarP":0,"BarRetP":0},{"id":69,"time":35,"name":"Palestina220","marginal_cost":84.1997953258,"value":84.1997953258,"DemBarE":0,"DemBarP":0,"BarRetP":0},{"id":69,"time":36,"name":"Palestina220","marginal_cost":84.2748340966,"value":84.2748340966,"DemBarE":0,"DemBarP":0,"BarRetP":0},{"id":69,"time":37,"name":"Palestina220","marginal_cost":82.6520440749,"value":82.6520440749,"DemBarE":0,"DemBarP":0,"BarRetP":0},{"id":69,"time":38,"name":"Palestina220","marginal_cost":82.6520440749,"value":82.6520440749,"DemBarE":0,"DemBarP":0,"BarRetP":0},{"id":69,"time":39,"name":"Palestina220","marginal_cost":82.6520440749,"value":82.6520440749,"DemBarE":0,"DemBarP":0,"BarRetP":0},{"id":69,"time":40,"name":"Palestina220","marginal_cost":82.6520440749,"value":82.6520440749,"DemBarE":0,"DemBarP":0,"BarRetP":0},{"id":69,"time":41,"name":"Palestina220","marginal_cost":101.4129822271,"value":101.4129822271,"DemBarE":0,"DemBarP":0,"BarRetP":0},{"id":69,"time":42,"name":"Palestina220","marginal_cost":132.3965658343,"value":132.3965658343,"DemBarE":0,"DemBarP":0,"BarRetP":0},{"id":69,"time":43,"name":"Palestina220","marginal_cost":154.5704354045,"value":154.5704354045,"DemBarE":0,"DemBarP":0,"BarRetP":0},{"id":69,"time":44,"name":"Palestina220","marginal_cost":154.5704354045,"value":154.5704354045,"DemBarE":0,"DemBarP":0,"BarRetP":0},{"id":69,"time":45,"name":"Palestina220","marginal_cost":156.1550760099,"value":156.1550760099,"DemBarE":0,"DemBarP":0,"BarRetP":0},{"id":69,"time":46,"name":"Palestina220","marginal_cost":155.2963454259,"value":155.2963454259,"DemBarE":0,"DemBarP":0,"BarRetP":0},{"id":69,"time":47,"name":"Palestina220","marginal_cost":152.1424732715,"value":152.1424732715,"DemBarE":0,"DemBarP":0,"BarRetP":0},{"id":69,"time":48,"name":"Palestina220","marginal_cost":149.5414301402,"value":149.5414301402,"DemBarE":0,"DemBarP":0,"BarRetP":0},{"id":69,"time":49,"name":"Palestina220","marginal_cost":143.0411987659,"value":143.0411987659,"DemBarE":0,"DemBarP":0,"BarRetP":0},{"id":69,"time":50,"name":"Palestina220","marginal_cost":145.5969016959,"value":145.5969016959,"DemBarE":0,"DemBarP":0,"BarRetP":0},{"id":69,"time":51,"name":"Palestina220","marginal_cost":147.5425910505,"value":147.5425910505,"DemBarE":0,"DemBarP":0,"BarRetP":0},{"id":69,"time":52,"name":"Palestina220","marginal_cost":132.2592517198,"value":132.2592517198,"DemBarE":0,"DemBarP":0,"BarRetP":0},{"id":69,"time":53,"name":"Palestina220","marginal_cost":132.2592517198,"value":132.2592517198,"DemBarE":0,"DemBarP":0,"BarRetP":0},{"id":69,"time":54,"name":"Palestina220","marginal_cost":131.0287283617,"value":131.0287283617,"DemBarE":0,"DemBarP":0,"BarRetP":0},{"id":69,"time":55,"name":"Palestina220","marginal_cost":130.4856012714,"value":130.4856012714,"DemBarE":0,"DemBarP":0,"BarRetP":0},{"id":69,"time":56,"name":"Palestina220","marginal_cost":126.8031245058,"value":126.8031245058,"DemBarE":0,"DemBarP":0,"BarRetP":0},{"id":69,"time":57,"name":"Palestina220","marginal_cost":106.5154544888,"value":106.5154544888,"DemBarE":0,"DemBarP":0,"BarRetP":0},{"id":69,"time":58,"name":"Palestina220","marginal_cost":85.2784141232,"value":85.2784141232,"DemBarE":0,"DemBarP":0,"BarRetP":0},{"id":69,"time":59,"name":"Palestina220","marginal_cost":83.6707728002,"value":83.6707728002,"DemBarE":0,"DemBarP":0,"BarRetP":0},{"id":69,"time":60,"name":"Palestina220","marginal_cost":82.8737228147,"value":82.8737228147,"DemBarE":0,"DemBarP":0,"BarRetP":0},{"id":69,"time":61,"name":"Palestina220","marginal_cost":-2.1891777313,"value":-2.1891777313,"DemBarE":0,"DemBarP":0,"BarRetP":0},{"id":69,"time":62,"name":"Palestina220","marginal_cost":-2.1891777313,"value":-2.1891777313,"DemBarE":0,"DemBarP":0,"BarRetP":0},{"id":69,"time":63,"name":"Palestina220","marginal_cost":-1.8550223477,"value":-1.8550223477,"DemBarE":0,"DemBarP":0,"BarRetP":0},{"id":69,"time":64,"name":"Palestina220","marginal_cost":-1.2616512771,"value":-1.2616512771,"DemBarE":0,"DemBarP":0,"BarRetP":0},{"id":69,"time":65,"name":"Palestina220","marginal_cost":114.1255531666,"value":114.1255531666,"DemBarE":0,"DemBarP":0,"BarRetP":0},{"id":69,"time":66,"name":"Palestina220","marginal_cost":114.1255531666,"value":114.1255531666,"DemBarE":0,"DemBarP":0,"BarRetP":0},{"id":69,"time":67,"name":"Palestina220","marginal_cost":155.3379803551,"value":155.3379803551,"DemBarE":0,"DemBarP":0,"BarRetP":0},{"id":69,"time":68,"name":"Palestina220","marginal_cost":151.7273983062,"value":151.7273983062,"DemBarE":0,"DemBarP":0,"BarRetP":0},{"id":69,"time":69,"name":"Palestina220","marginal_cost":151.7273983062,"value":151.7273983062,"DemBarE":0,"DemBarP":0,"BarRetP":0},{"id":69,"time":70,"name":"Palestina220","marginal_cost":152.5698202045,"value":152.5698202045,"DemBarE":0,"DemBarP":0,"BarRetP":0},{"id":69,"time":71,"name":"Palestina220","marginal_cost":145.2512280532,"value":145.2512280532,"DemBarE":0,"DemBarP":0,"BarRetP":0},{"id":69,"time":72,"name":"Palestina220","marginal_cost":143.5424912317,"value":143.5424912317,"DemBarE":0,"DemBarP":0,"BarRetP":0},{"id":69,"time":73,"name":"Palestina220","marginal_cost":142.1564260312,"value":142.1564260312,"DemBarE":0,"DemBarP":0,"BarRetP":0},{"id":69,"time":74,"name":"Palestina220","marginal_cost":142.4545109999,"value":142.4545109999,"DemBarE":0,"DemBarP":0,"BarRetP":0},{"id":69,"time":75,"name":"Palestina220","marginal_cost":130.1467870035,"value":130.1467870035,"DemBarE":0,"DemBarP":0,"BarRetP":0},{"id":69,"time":76,"name":"Palestina220","marginal_cost":130.1467870035,"value":130.1467870035,"DemBarE":0,"DemBarP":0,"BarRetP":0},{"id":69,"time":77,"name":"Palestina220","marginal_cost":130.1467870035,"value":130.1467870035,"DemBarE":0,"DemBarP":0,"BarRetP":0},{"id":69,"time":78,"name":"Palestina220","marginal_cost":130.1467870035,"value":130.1467870035,"DemBarE":0,"DemBarP":0,"BarRetP":0},{"id":69,"time":79,"name":"Palestina220","marginal_cost":130.1467870035,"value":130.1467870035,"DemBarE":0,"DemBarP":0,"BarRetP":0},{"id":69,"time":80,"name":"Palestina220","marginal_cost":122.3884593428,"value":122.3884593428,"DemBarE":0,"DemBarP":0,"BarRetP":0},{"id":69,"time":81,"name":"Palestina220","marginal_cost":122.3884593428,"value":122.3884593428,"DemBarE":0,"DemBarP":0,"BarRetP":0},{"id":69,"time":82,"name":"Palestina220","marginal_cost":84.1614348482,"value":84.1614348482,"DemBarE":0,"DemBarP":0,"BarRetP":0},{"id":69,"time":83,"name":"Palestina220","marginal_cost":84.1614348482,"value":84.1614348482,"DemBarE":0,"DemBarP":0,"BarRetP":0},{"id":69,"time":84,"name":"Palestina220","marginal_cost":80.084772996,"value":80.084772996,"DemBarE":0,"DemBarP":0,"BarRetP":0},{"id":69,"time":85,"name":"Palestina220","marginal_cost":80.084772996,"value":80.084772996,"DemBarE":0,"DemBarP":0,"BarRetP":0},{"id":69,"time":86,"name":"Palestina220","marginal_cost":82.37202675,"value":82.37202675,"DemBarE":0,"DemBarP":0,"BarRetP":0},{"id":69,"time":87,"name":"Palestina220","marginal_cost":82.37202675,"value":82.37202675,"DemBarE":0,"DemBarP":0,"BarRetP":0},{"id":69,"time":88,"name":"Palestina220","marginal_cost":82.37202675,"value":82.37202675,"DemBarE":0,"DemBarP":0,"BarRetP":0},{"id":69,"time":89,"name":"Palestina220","marginal_cost":82.37202675,"value":82.37202675,"DemBarE":0,"DemBarP":0,"BarRetP":0},{"id":69,"time":90,"name":"Palestina220","marginal_cost":82.37202675,"value":82.37202675,"DemBarE":0,"DemBarP":0,"BarRetP":0},{"id":69,"time":91,"name":"Palestina220","marginal_cost":140.2573741093,"value":140.2573741093,"DemBarE":0,"DemBarP":0,"BarRetP":0},{"id":69,"time":92,"name":"Palestina220","marginal_cost":140.2573741093,"value":140.2573741093,"DemBarE":0,"DemBarP":0,"BarRetP":0},{"id":69,"time":93,"name":"Palestina220","marginal_cost":144.0021234942,"value":144.0021234942,"DemBarE":0,"DemBarP":0,"BarRetP":0},{"id":69,"time":94,"name":"Palestina220","marginal_cost":142.5106271356,"value":142.5106271356,"DemBarE":0,"DemBarP":0,"BarRetP":0},{"id":69,"time":95,"name":"Palestina220","marginal_cost":141.4155414768,"value":141.4155414768,"DemBarE":0,"DemBarP":0,"BarRetP":0},{"id":69,"time":96,"name":"Palestina220","marginal_cost":141.9380544827,"value":141.9380544827,"DemBarE":0,"DemBarP":0,"BarRetP":0},{"id":69,"time":97,"name":"Palestina220","marginal_cost":142.5622867677,"value":142.5622867677,"DemBarE":0,"DemBarP":0,"BarRetP":0},{"id":69,"time":98,"name":"Palestina220","marginal_cost":139.4225422193,"value":139.4225422193,"DemBarE":0,"DemBarP":0,"BarRetP":0},{"id":69,"time":99,"name":"Palestina220","marginal_cost":141.775657266,"value":141.775657266,"DemBarE":0,"DemBarP":0,"BarRetP":0},{"id":69,"time":100,"name":"Palestina220","marginal_cost":142.7112890122,"value":142.7112890122,"DemBarE":0,"DemBarP":0,"BarRetP":0},{"id":69,"time":101,"name":"Palestina220","marginal_cost":142.7112890122,"value":142.7112890122,"DemBarE":0,"DemBarP":0,"BarRetP":0},{"id":69,"time":102,"name":"Palestina220","marginal_cost":142.7112890122,"value":142.7112890122,"DemBarE":0,"DemBarP":0,"BarRetP":0},{"id":69,"time":103,"name":"Palestina220","marginal_cost":144.2223699061,"value":144.2223699061,"DemBarE":0,"DemBarP":0,"BarRetP":0},{"id":69,"time":104,"name":"Palestina220","marginal_cost":125.9195781352,"value":125.9195781352,"DemBarE":0,"DemBarP":0,"BarRetP":0},{"id":69,"time":105,"name":"Palestina220","marginal_cost":125.9195781352,"value":125.9195781352,"DemBarE":0,"DemBarP":0,"BarRetP":0},{"id":69,"time":106,"name":"Palestina220","marginal_cost":86.2242029671,"value":86.2242029671,"DemBarE":0,"DemBarP":0,"BarRetP":0},{"id":69,"time":107,"name":"Palestina220","marginal_cost":86.2571861419,"value":86.2571861419,"DemBarE":0,"DemBarP":0,"BarRetP":0},{"id":69,"time":108,"name":"Palestina220","marginal_cost":85.6178230383,"value":85.6178230383,"DemBarE":0,"DemBarP":0,"BarRetP":0},{"id":69,"time":109,"name":"Palestina220","marginal_cost":85.6178230383,"value":85.6178230383,"DemBarE":0,"DemBarP":0,"BarRetP":0},{"id":69,"time":110,"name":"Palestina220","marginal_cost":85.8473108127,"value":85.8473108127,"DemBarE":0,"DemBarP":0,"BarRetP":0},{"id":69,"time":111,"name":"Palestina220","marginal_cost":85.5194949921,"value":85.5194949921,"DemBarE":0,"DemBarP":0,"BarRetP":0},{"id":69,"time":112,"name":"Palestina220","marginal_cost":85.5194949921,"value":85.5194949921,"DemBarE":0,"DemBarP":0,"BarRetP":0},{"id":69,"time":113,"name":"Palestina220","marginal_cost":127.0191027757,"value":127.0191027757,"DemBarE":0,"DemBarP":0,"BarRetP":0},{"id":69,"time":114,"name":"Palestina220","marginal_cost":127.0191027757,"value":127.0191027757,"DemBarE":0,"DemBarP":0,"BarRetP":0},{"id":69,"time":115,"name":"Palestina220","marginal_cost":127.0191027757,"value":127.0191027757,"DemBarE":0,"DemBarP":0,"BarRetP":0},{"id":69,"time":116,"name":"Palestina220","marginal_cost":147.2408556237,"value":147.2408556237,"DemBarE":0,"DemBarP":0,"BarRetP":0},{"id":69,"time":117,"name":"Palestina220","marginal_cost":147.2408556237,"value":147.2408556237,"DemBarE":0,"DemBarP":0,"BarRetP":0},{"id":69,"time":118,"name":"Palestina220","marginal_cost":147.2408556237,"value":147.2408556237,"DemBarE":0,"DemBarP":0,"BarRetP":0},{"id":69,"time":119,"name":"Palestina220","marginal_cost":147.7282755228,"value":147.7282755228,"DemBarE":0,"DemBarP":0,"BarRetP":0},{"id":69,"time":120,"name":"Palestina220","marginal_cost":144.7757613848,"value":144.7757613848,"DemBarE":0,"DemBarP":0,"BarRetP":0},{"id":69,"time":121,"name":"Palestina220","marginal_cost":145.3332426713,"value":145.3332426713,"DemBarE":0,"DemBarP":0,"BarRetP":0},{"id":69,"time":122,"name":"Palestina220","marginal_cost":145.7568206765,"value":145.7568206765,"DemBarE":0,"DemBarP":0,"BarRetP":0},{"id":69,"time":123,"name":"Palestina220","marginal_cost":139.1451442633,"value":139.1451442633,"DemBarE":0,"DemBarP":0,"BarRetP":0},{"id":69,"time":124,"name":"Palestina220","marginal_cost":139.1451442633,"value":139.1451442633,"DemBarE":0,"DemBarP":0,"BarRetP":0},{"id":69,"time":125,"name":"Palestina220","marginal_cost":139.1451442633,"value":139.1451442633,"DemBarE":0,"DemBarP":0,"BarRetP":0},{"id":69,"time":126,"name":"Palestina220","marginal_cost":139.1451442633,"value":139.1451442633,"DemBarE":0,"DemBarP":0,"BarRetP":0},{"id":69,"time":127,"name":"Palestina220","marginal_cost":140.8101277582,"value":140.8101277582,"DemBarE":0,"DemBarP":0,"BarRetP":0},{"id":69,"time":128,"name":"Palestina220","marginal_cost":140.4132574891,"value":140.4132574891,"DemBarE":0,"DemBarP":0,"BarRetP":0},{"id":69,"time":129,"name":"Palestina220","marginal_cost":121.782114784,"value":121.782114784,"DemBarE":0,"DemBarP":0,"BarRetP":0},{"id":69,"time":130,"name":"Palestina220","marginal_cost":101.6198031195,"value":101.6198031195,"DemBarE":0,"DemBarP":0,"BarRetP":0},{"id":69,"time":131,"name":"Palestina220","marginal_cost":84.6208372441,"value":84.6208372441,"DemBarE":0,"DemBarP":0,"BarRetP":0},{"id":69,"time":132,"name":"Palestina220","marginal_cost":86.380650809,"value":86.380650809,"DemBarE":0,"DemBarP":0,"BarRetP":0},{"id":69,"time":133,"name":"Palestina220","marginal_cost":86.2985912946,"value":86.2985912946,"DemBarE":0,"DemBarP":0,"BarRetP":0},{"id":69,"time":134,"name":"Palestina220","marginal_cost":86.2985912946,"value":86.2985912946,"DemBarE":0,"DemBarP":0,"BarRetP":0},{"id":69,"time":135,"name":"Palestina220","marginal_cost":86.2985912946,"value":86.2985912946,"DemBarE":0,"DemBarP":0,"BarRetP":0},{"id":69,"time":136,"name":"Palestina220","marginal_cost":86.2985912946,"value":86.2985912946,"DemBarE":0,"DemBarP":0,"BarRetP":0},{"id":69,"time":137,"name":"Palestina220","marginal_cost":139.5631699397,"value":139.5631699397,"DemBarE":0,"DemBarP":0,"BarRetP":0},{"id":69,"time":138,"name":"Palestina220","marginal_cost":139.5631699397,"value":139.5631699397,"DemBarE":0,"DemBarP":0,"BarRetP":0},{"id":69,"time":139,"name":"Palestina220","marginal_cost":139.5631699397,"value":139.5631699397,"DemBarE":0,"DemBarP":0,"BarRetP":0},{"id":69,"time":140,"name":"Palestina220","marginal_cost":139.5631699397,"value":139.5631699397,"DemBarE":0,"DemBarP":0,"BarRetP":0},{"id":69,"time":141,"name":"Palestina220","marginal_cost":139.5631699397,"value":139.5631699397,"DemBarE":0,"DemBarP":0,"BarRetP":0},{"id":69,"time":142,"name":"Palestina220","marginal_cost":139.5631699397,"value":139.5631699397,"DemBarE":0,"DemBarP":0,"BarRetP":0},{"id":69,"time":143,"name":"Palestina220","marginal_cost":145.2104604033,"value":145.2104604033,"DemBarE":0,"DemBarP":0,"BarRetP":0},{"id":69,"time":144,"name":"Palestina220","marginal_cost":144.7070866985,"value":144.7070866985,"DemBarE":0,"DemBarP":0,"BarRetP":0},{"id":69,"time":145,"name":"Palestina220","marginal_cost":145.8394438002,"value":145.8394438002,"DemBarE":0,"DemBarP":0,"BarRetP":0},{"id":69,"time":146,"name":"Palestina220","marginal_cost":142.6111635922,"value":142.6111635922,"DemBarE":0,"DemBarP":0,"BarRetP":0},{"id":69,"time":147,"name":"Palestina220","marginal_cost":142.4179957522,"value":142.4179957522,"DemBarE":0,"DemBarP":0,"BarRetP":0},{"id":69,"time":148,"name":"Palestina220","marginal_cost":142.4179957522,"value":142.4179957522,"DemBarE":0,"DemBarP":0,"BarRetP":0},{"id":69,"time":149,"name":"Palestina220","marginal_cost":142.4179957522,"value":142.4179957522,"DemBarE":0,"DemBarP":0,"BarRetP":0},{"id":69,"time":150,"name":"Palestina220","marginal_cost":142.4179957522,"value":142.4179957522,"DemBarE":0,"DemBarP":0,"BarRetP":0},{"id":69,"time":151,"name":"Palestina220","marginal_cost":142.2932784695,"value":142.2932784695,"DemBarE":0,"DemBarP":0,"BarRetP":0},{"id":69,"time":152,"name":"Palestina220","marginal_cost":127.6256580922,"value":127.6256580922,"DemBarE":0,"DemBarP":0,"BarRetP":0},{"id":69,"time":153,"name":"Palestina220","marginal_cost":127.6256580922,"value":127.6256580922,"DemBarE":0,"DemBarP":0,"BarRetP":0},{"id":69,"time":154,"name":"Palestina220","marginal_cost":101.0448897166,"value":101.0448897166,"DemBarE":0,"DemBarP":0,"BarRetP":0},{"id":69,"time":155,"name":"Palestina220","marginal_cost":101.0448897166,"value":101.0448897166,"DemBarE":0,"DemBarP":0,"BarRetP":0},{"id":69,"time":156,"name":"Palestina220","marginal_cost":101.3052421287,"value":101.3052421287,"DemBarE":0,"DemBarP":0,"BarRetP":0},{"id":69,"time":157,"name":"Palestina220","marginal_cost":87.0791460045,"value":87.0791460045,"DemBarE":0,"DemBarP":0,"BarRetP":0},{"id":69,"time":158,"name":"Palestina220","marginal_cost":87.0791460045,"value":87.0791460045,"DemBarE":0,"DemBarP":0,"BarRetP":0},{"id":69,"time":159,"name":"Palestina220","marginal_cost":87.0791460045,"value":87.0791460045,"DemBarE":0,"DemBarP":0,"BarRetP":0},{"id":69,"time":160,"name":"Palestina220","marginal_cost":101.8932544122,"value":101.8932544122,"DemBarE":0,"DemBarP":0,"BarRetP":0},{"id":69,"time":161,"name":"Palestina220","marginal_cost":101.8932544122,"value":101.8932544122,"DemBarE":0,"DemBarP":0,"BarRetP":0},{"id":69,"time":162,"name":"Palestina220","marginal_cost":128.549565875,"value":128.549565875,"DemBarE":0,"DemBarP":0,"BarRetP":0},{"id":69,"time":163,"name":"Palestina220","marginal_cost":145.6167451245,"value":145.6167451245,"DemBarE":0,"DemBarP":0,"BarRetP":0},{"id":69,"time":164,"name":"Palestina220","marginal_cost":145.6167451245,"value":145.6167451245,"DemBarE":0,"DemBarP":0,"BarRetP":0},{"id":69,"time":165,"name":"Palestina220","marginal_cost":145.6167451245,"value":145.6167451245,"DemBarE":0,"DemBarP":0,"BarRetP":0},{"id":69,"time":166,"name":"Palestina220","marginal_cost":145.6167451245,"value":145.6167451245,"DemBarE":0,"DemBarP":0,"BarRetP":0},{"id":69,"time":167,"name":"Palestina220","marginal_cost":144.2634207287,"value":144.2634207287,"DemBarE":0,"DemBarP":0,"BarRetP":0},{"id":69,"time":168,"name":"Palestina220","marginal_cost":144.1333974532,"value":144.1333974532,"DemBarE":0,"DemBarP":0,"BarRetP":0}]