[{"id":82,"time":1,"name":"Salta345","marginal_cost":0.0,"value":0.0,"DemBarE":0,"DemBarP":0,"BarRetP":0},{"id":82,"time":2,"name":"Salta345","marginal_cost":0.0,"value":0.0,"DemBarE":0,"DemBarP":0,"BarRetP":0},{"id":82,"time":3,"name":"Salta345","marginal_cost":0.0,"value":0.0,"DemBarE":0,"DemBarP":0,"BarRetP":0},{"id":82,"time":4,"name":"Salta345","marginal_cost":0.0,"value":0.0,"DemBarE":0,"DemBarP":0,"BarRetP":0},{"id":82,"time":5,"name":"Salta345","marginal_cost":0.0,"value":0.0,"DemBarE":0,"DemBarP":0,"BarRetP":0},{"id":82,"time":6,"name":"Salta345","marginal_cost":0.0,"value":0.0,"DemBarE":0,"DemBarP":0,"BarRetP":0},{"id":82,"time":7,"name":"Salta345","marginal_cost":0.0,"value":0.0,"DemBarE":0,"DemBarP":0,"BarRetP":0},{"id":82,"time":8,"name":"Salta345","marginal_cost":0.0,"value":0.0,"DemBarE":0,"DemBarP":0,"BarRetP":0},{"id":82,"time":9,"name":"Salta345","marginal_cost":0.0,"value":0.0,"DemBarE":0,"DemBarP":0,"BarRetP":0},{"id":82,"time":10,"name":"Salta345","marginal_cost":0.0,"value":0.0,"DemBarE":0,"DemBarP":0,"BarRetP":0},{"id":82,"time":11,"name":"Salta345","marginal_cost":0.0,"value":0.0,"DemBarE":0,"DemBarP":0,"BarRetP":0},{"id":82,"time":12,"name":"Salta345","marginal_cost":0.0,"value":0.0,"DemBarE":0,"DemBarP":0,"BarRetP":0},{"id":82,"time":13,"name":"Salta345","marginal_cost":0.0,"value":0.0,"DemBarE":0,"DemBarP":0,"BarRetP":0},{"id":82,"time":14,"name":"Salta345","marginal_cost":0.0,"value":0.0,"DemBarE":0,"DemBarP":0,"BarRetP":0},{"id":82,"time":15,"name":"Salta345","marginal_cost":0.0,"value":0.0,"DemBarE":0,"DemBarP":0,"BarRetP":0},{"id":82,"time":16,"name":"Salta345","marginal_cost":0.0,"value":0.0,"DemBarE":0,"DemBarP":0,"BarRetP":0},{"id":82,"time":17,"name":"Salta345","marginal_cost":0.0,"value":0.0,"DemBarE":0,"DemBarP":0,"BarRetP":0},{"id":82,"time":18,"name":"Salta345","marginal_cost":0.0,"value":0.0,"DemBarE":0,"DemBarP":0,"BarRetP":0},{"id":82,"time":19,"name":"Salta345","marginal_cost":0.0,"value":0.0,"DemBarE":0,"DemBarP":0,"BarRetP":0},{"id":82,"time":20,"name":"Salta345","marginal_cost":0.0,"value":0.0,"DemBarE":0,"DemBarP":0,"BarRetP":0},{"id":82,"time":21,"name":"Salta345","marginal_cost":0.0,"value":0.0,"DemBarE":0,"DemBarP":0,"BarRetP":0},{"id":82,"time":22,"name":"Salta345","marginal_cost":0.0,"value":0.0,"DemBarE":0,"DemBarP":0,"BarRetP":0},{"id":82,"time":23,"name":"Salta345","marginal_cost":0.0,"value":0.0,"DemBarE":0,"DemBarP":0,"BarRetP":0},{"id":82,"time":24,"name":"Salta345","marginal_cost":0.0,"value":0.0,"DemBarE":0,"DemBarP":0,"BarRetP":0},{"id":82,"time":25,"name":"Salta345","marginal_cost":0.0,"value":0.0,"DemBarE":0,"DemBarP":0,"BarRetP":0},{"id":82,"time":26,"name":"Salta345","marginal_cost":0.0,"value":0.0,"DemBarE":0,"DemBarP":0,"BarRetP":0},{"id":82,"time":27,"name":"Salta345","marginal_cost":0.0,"value":0.0,"DemBarE":0,"DemBarP":0,"BarRetP":0},{"id":82,"time":28,"name":"Salta345","marginal_cost":0.0,"value":0.0,"DemBarE":0,"DemBarP":0,"BarRetP":0},{"id":82,"time":29,"name":"Salta345","marginal_cost":0.0,"value":0.0,"DemBarE":0,"DemBarP":0,"BarRetP":0},{"id":82,"time":30,"name":"Salta345","marginal_cost":0.0,"value":0.0,"DemBarE":0,"DemBarP":0,"BarRetP":0},{"id":82,"time":31,"name":"Salta345","marginal_cost":0.0,"value":0.0,"DemBarE":0,"DemBarP":0,"BarRetP":0},{"id":82,"time":32,"name":"Salta345","marginal_cost":0.0,"value":0.0,"DemBarE":0,"DemBarP":0,"BarRetP":0},{"id":82,"time":33,"name":"Salta345","marginal_cost":0.0,"value":0.0,"DemBarE":0,"DemBarP":0,"BarRetP":0},{"id":82,"time":34,"name":"Salta345","marginal_cost":0.0,"value":0.0,"DemBarE":0,"DemBarP":0,"BarRetP":0},{"id":82,"time":35,"name":"Salta345","marginal_cost":0.0,"value":0.0,"DemBarE":0,"DemBarP":0,"BarRetP":0},{"id":82,"time":36,"name":"Salta345","marginal_cost":0.0,"value":0.0,"DemBarE":0,"DemBarP":0,"BarRetP":0},{"id":82,"time":37,"name":"Salta345","marginal_cost":0.0,"value":0.0,"DemBarE":0,"DemBarP":0,"BarRetP":0},{"id":82,"time":38,"name":"Salta345","marginal_cost":0.0,"value":0.0,"DemBarE":0,"DemBarP":0,"BarRetP":0},{"id":82,"time":39,"name":"Salta345","marginal_cost":0.0,"value":0.0,"DemBarE":0,"DemBarP":0,"BarRetP":0},{"id":82,"time":40,"name":"Salta345","marginal_cost":0.0,"value":0.0,"DemBarE":0,"DemBarP":0,"BarRetP":0},{"id":82,"time":41,"name":"Salta345","marginal_cost":0.0,"value":0.0,"DemBarE":0,"DemBarP":0,"BarRetP":0},{"id":82,"time":42,"name":"Salta345","marginal_cost":0.0,"value":0.0,"DemBarE":0,"DemBarP":0,"BarRetP":0},{"id":82,"time":43,"name":"Salta345","marginal_cost":0.0,"value":0.0,"DemBarE":0,"DemBarP":0,"BarRetP":0},{"id":82,"time":44,"name":"Salta345","marginal_cost":0.0,"value":0.0,"DemBarE":0,"DemBarP":0,"BarRetP":0},{"id":82,"time":45,"name":"Salta345","marginal_cost":0.0,"value":0.0,"DemBarE":0,"DemBarP":0,"BarRetP":0},{"id":82,"time":46,"name":"Salta345","marginal_cost":0.0,"value":0.0,"DemBarE":0,"DemBarP":0,"BarRetP":0},{"id":82,"time":47,"name":"Salta345","marginal_cost":0.0,"value":0.0,"DemBarE":0,"DemBarP":0,"BarRetP":0},{"id":82,"time":48,"name":"Salta345","marginal_cost":0.0,"value":0.0,"DemBarE":0,"DemBarP":0,"BarRetP":0},{"id":82,"time":49,"name":"Salta345","marginal_cost":0.0,"value":0.0,"DemBarE":0,"DemBarP":0,"BarRetP":0},{"id":82,"time":50,"name":"Salta345","marginal_cost":0.0,"value":0.0,"DemBarE":0,"DemBarP":0,"BarRetP":0},{"id":82,"time":51,"name":"Salta345","marginal_cost":0.0,"value":0.0,"DemBarE":0,"DemBarP":0,"BarRetP":0},{"id":82,"time":52,"name":"Salta345","marginal_cost":0.0,"value":0.0,"DemBarE":0,"DemBarP":0,"BarRetP":0},{"id":82,"time":53,"name":"Salta345","marginal_cost":0.0,"value":0.0,"DemBarE":0,"DemBarP":0,"BarRetP":0},{"id":82,"time":54,"name":"Salta345","marginal_cost":0.0,"value":0.0,"DemBarE":0,"DemBarP":0,"BarRetP":0},{"id":82,"time":55,"name":"Salta345","marginal_cost":0.0,"value":0.0,"DemBarE":0,"DemBarP":0,"BarRetP":0},{"id":82,"time":56,"name":"Salta345","marginal_cost":0.0,"value":0.0,"DemBarE":0,"DemBarP":0,"BarRetP":0},{"id":82,"time":57,"name":"Salta345","marginal_cost":0.0,"value":0.0,"DemBarE":0,"DemBarP":0,"BarRetP":0},{"id":82,"time":58,"name":"Salta345","marginal_cost":0.0,"value":0.0,"DemBarE":0,"DemBarP":0,"BarRetP":0},{"id":82,"time":59,"name":"Salta345","marginal_cost":0.0,"value":0.0,"DemBarE":0,"DemBarP":0,"BarRetP":0},{"id":82,"time":60,"name":"Salta345","marginal_cost":0.0,"value":0.0,"DemBarE":0,"DemBarP":0,"BarRetP":0},{"id":82,"time":61,"name":"Salta345","marginal_cost":0.0,"value":0.0,"DemBarE":0,"DemBarP":0,"BarRetP":0},{"id":82,"time":62,"name":"Salta345","marginal_cost":0.0,"value":0.0,"DemBarE":0,"DemBarP":0,"BarRetP":0},{"id":82,"time":63,"name":"Salta345","marginal_cost":0.0,"value":0.0,"DemBarE":0,"DemBarP":0,"BarRetP":0},{"id":82,"time":64,"name":"Salta345","marginal_cost":0.0,"value":0.0,"DemBarE":0,"DemBarP":0,"BarRetP":0},{"id":82,"time":65,"name":"Salta345","marginal_cost":0.0,"value":0.0,"DemBarE":0,"DemBarP":0,"BarRetP":0},{"id":82,"time":66,"name":"Salta345","marginal_cost":0.0,"value":0.0,"DemBarE":0,"DemBarP":0,"BarRetP":0},{"id":82,"time":67,"name":"Salta345","marginal_cost":0.0,"value":0.0,"DemBarE":0,"DemBarP":0,"BarRetP":0},{"id":82,"time":68,"name":"Salta345","marginal_cost":0.0,"value":0.0,"DemBarE":0,"DemBarP":0,"BarRetP":0},{"id":82,"time":69,"name":"Salta345","marginal_cost":0.0,"value":0.0,"DemBarE":0,"DemBarP":0,"BarRetP":0},{"id":82,"time":70,"name":"Salta345","marginal_cost":0.0,"value":0.0,"DemBarE":0,"DemBarP":0,"BarRetP":0},{"id":82,"time":71,"name":"Salta345","marginal_cost":0.0,"value":0.0,"DemBarE":0,"DemBarP":0,"BarRetP":0},{"id":82,"time":72,"name":"Salta345","marginal_cost":0.0,"value":0.0,"DemBarE":0,"DemBarP":0,"BarRetP":0},{"id":82,"time":73,"name":"Salta345","marginal_cost":0.0,"value":0.0,"DemBarE":0,"DemBarP":0,"BarRetP":0},{"id":82,"time":74,"name":"Salta345","marginal_cost":0.0,"value":0.0,"DemBarE":0,"DemBarP":0,"BarRetP":0},{"id":82,"time":75,"name":"Salta345","marginal_cost":0.0,"value":0.0,"DemBarE":0,"DemBarP":0,"BarRetP":0},{"id":82,"time":76,"name":"Salta345","marginal_cost":0.0,"value":0.0,"DemBarE":0,"DemBarP":0,"BarRetP":0},{"id":82,"time":77,"name":"Salta345","marginal_cost":0.0,"value":0.0,"DemBarE":0,"DemBarP":0,"BarRetP":0},{"id":82,"time":78,"name":"Salta345","marginal_cost":0.0,"value":0.0,"DemBarE":0,"DemBarP":0,"BarRetP":0},{"id":82,"time":79,"name":"Salta345","marginal_cost":0.0,"value":0.0,"DemBarE":0,"DemBarP":0,"BarRetP":0},{"id":82,"time":80,"name":"Salta345","marginal_cost":0.0,"value":0.0,"DemBarE":0,"DemBarP":0,"BarRetP":0},{"id":82,"time":81,"name":"Salta345","marginal_cost":0.0,"value":0.0,"DemBarE":0,"DemBarP":0,"BarRetP":0},{"id":82,"time":82,"name":"Salta345","marginal_cost":0.0,"value":0.0,"DemBarE":0,"DemBarP":0,"BarRetP":0},{"id":82,"time":83,"name":"Salta345","marginal_cost":0.0,"value":0.0,"DemBarE":0,"DemBarP":0,"BarRetP":0},{"id":82,"time":84,"name":"Salta345","marginal_cost":0.0,"value":0.0,"DemBarE":0,"DemBarP":0,"BarRetP":0},{"id":82,"time":85,"name":"Salta345","marginal_cost":0.0,"value":0.0,"DemBarE":0,"DemBarP":0,"BarRetP":0},{"id":82,"time":86,"name":"Salta345","marginal_cost":0.0,"value":0.0,"DemBarE":0,"DemBarP":0,"BarRetP":0},{"id":82,"time":87,"name":"Salta345","marginal_cost":0.0,"value":0.0,"DemBarE":0,"DemBarP":0,"BarRetP":0},{"id":82,"time":88,"name":"Salta345","marginal_cost":0.0,"value":0.0,"DemBarE":0,"DemBarP":0,"BarRetP":0},{"id":82,"time":89,"name":"Salta345","marginal_cost":0.0,"value":0.0,"DemBarE":0,"DemBarP":0,"BarRetP":0},{"id":82,"time":90,"name":"Salta345","marginal_cost":0.0,"value":0.0,"DemBarE":0,"DemBarP":0,"BarRetP":0},{"id":82,"time":91,"name":"Salta345","marginal_cost":0.0,"value":0.0,"DemBarE":0,"DemBarP":0,"BarRetP":0},{"id":82,"time":92,"name":"Salta345","marginal_cost":0.0,"value":0.0,"DemBarE":0,"DemBarP":0,"BarRetP":0},{"id":82,"time":93,"name":"Salta345","marginal_cost":0.0,"value":0.0,"DemBarE":0,"DemBarP":0,"BarRetP":0},{"id":82,"time":94,"name":"Salta345","marginal_cost":0.0,"value":0.0,"DemBarE":0,"DemBarP":0,"BarRetP":0},{"id":82,"time":95,"name":"Salta345","marginal_cost":0.0,"value":0.0,"DemBarE":0,"DemBarP":0,"BarRetP":0},{"id":82,"time":96,"name":"Salta345","marginal_cost":0.0,"value":0.0,"DemBarE":0,"DemBarP":0,"BarRetP":0},{"id":82,"time":97,"name":"Salta345","marginal_cost":0.0,"value":0.0,"DemBarE":0,"DemBarP":0,"BarRetP":0},{"id":82,"time":98,"name":"Salta345","marginal_cost":0.0,"value":0.0,"DemBarE":0,"DemBarP":0,"BarRetP":0},{"id":82,"time":99,"name":"Salta345","marginal_cost":0.0,"value":0.0,"DemBarE":0,"DemBarP":0,"BarRetP":0},{"id":82,"time":100,"name":"Salta345","marginal_cost":0.0,"value":0.0,"DemBarE":0,"DemBarP":0,"BarRetP":0},{"id":82,"time":101,"name":"Salta345","marginal_cost":0.0,"value":0.0,"DemBarE":0,"DemBarP":0,"BarRetP":0},{"id":82,"time":102,"name":"Salta345","marginal_cost":0.0,"value":0.0,"DemBarE":0,"DemBarP":0,"BarRetP":0},{"id":82,"time":103,"name":"Salta345","marginal_cost":0.0,"value":0.0,"DemBarE":0,"DemBarP":0,"BarRetP":0},{"id":82,"time":104,"name":"Salta345","marginal_cost":0.0,"value":0.0,"DemBarE":0,"DemBarP":0,"BarRetP":0},{"id":82,"time":105,"name":"Salta345","marginal_cost":0.0,"value":0.0,"DemBarE":0,"DemBarP":0,"BarRetP":0},{"id":82,"time":106,"name":"Salta345","marginal_cost":0.0,"value":0.0,"DemBarE":0,"DemBarP":0,"BarRetP":0},{"id":82,"time":107,"name":"Salta345","marginal_cost":0.0,"value":0.0,"DemBarE":0,"DemBarP":0,"BarRetP":0},{"id":82,"time":108,"name":"Salta345","marginal_cost":0.0,"value":0.0,"DemBarE":0,"DemBarP":0,"BarRetP":0},{"id":82,"time":109,"name":"Salta345","marginal_cost":0.0,"value":0.0,"DemBarE":0,"DemBarP":0,"BarRetP":0},{"id":82,"time":110,"name":"Salta345","marginal_cost":0.0,"value":0.0,"DemBarE":0,"DemBarP":0,"BarRetP":0},{"id":82,"time":111,"name":"Salta345","marginal_cost":0.0,"value":0.0,"DemBarE":0,"DemBarP":0,"BarRetP":0},{"id":82,"time":112,"name":"Salta345","marginal_cost":0.0,"value":0.0,"DemBarE":0,"DemBarP":0,"BarRetP":0},{"id":82,"time":113,"name":"Salta345","marginal_cost":0.0,"value":0.0,"DemBarE":0,"DemBarP":0,"BarRetP":0},{"id":82,"time":114,"name":"Salta345","marginal_cost":0.0,"value":0.0,"DemBarE":0,"DemBarP":0,"BarRetP":0},{"id":82,"time":115,"name":"Salta345","marginal_cost":0.0,"value":0.0,"DemBarE":0,"DemBarP":0,"BarRetP":0},{"id":82,"time":116,"name":"Salta345","marginal_cost":0.0,"value":0.0,"DemBarE":0,"DemBarP":0,"BarRetP":0},{"id":82,"time":117,"name":"Salta345","marginal_cost":0.0,"value":0.0,"DemBarE":0,"DemBarP":0,"BarRetP":0},{"id":82,"time":118,"name":"Salta345","marginal_cost":0.0,"value":0.0,"DemBarE":0,"DemBarP":0,"BarRetP":0},{"id":82,"time":119,"name":"Salta345","marginal_cost":0.0,"value":0.0,"DemBarE":0,"DemBarP":0,"BarRetP":0},{"id":82,"time":120,"name":"Salta345","marginal_cost":0.0,"value":0.0,"DemBarE":0,"DemBarP":0,"BarRetP":0},{"id":82,"time":121,"name":"Salta345","marginal_cost":0.0,"value":0.0,"DemBarE":0,"DemBarP":0,"BarRetP":0},{"id":82,"time":122,"name":"Salta345","marginal_cost":0.0,"value":0.0,"DemBarE":0,"DemBarP":0,"BarRetP":0},{"id":82,"time":123,"name":"Salta345","marginal_cost":0.0,"value":0.0,"DemBarE":0,"DemBarP":0,"BarRetP":0},{"id":82,"time":124,"name":"Salta345","marginal_cost":0.0,"value":0.0,"DemBarE":0,"DemBarP":0,"BarRetP":0},{"id":82,"time":125,"name":"Salta345","marginal_cost":0.0,"value":0.0,"DemBarE":0,"DemBarP":0,"BarRetP":0},{"id":82,"time":126,"name":"Salta345","marginal_cost":0.0,"value":0.0,"DemBarE":0,"DemBarP":0,"BarRetP":0},{"id":82,"time":127,"name":"Salta345","marginal_cost":0.0,"value":0.0,"DemBarE":0,"DemBarP":0,"BarRetP":0},{"id":82,"time":128,"name":"Salta345","marginal_cost":0.0,"value":0.0,"DemBarE":0,"DemBarP":0,"BarRetP":0},{"id":82,"time":129,"name":"Salta345","marginal_cost":0.0,"value":0.0,"DemBarE":0,"DemBarP":0,"BarRetP":0},{"id":82,"time":130,"name":"Salta345","marginal_cost":0.0,"value":0.0,"DemBarE":0,"DemBarP":0,"BarRetP":0},{"id":82,"time":131,"name":"Salta345","marginal_cost":0.0,"value":0.0,"DemBarE":0,"DemBarP":0,"BarRetP":0},{"id":82,"time":132,"name":"Salta345","marginal_cost":0.0,"value":0.0,"DemBarE":0,"DemBarP":0,"BarRetP":0},{"id":82,"time":133,"name":"Salta345","marginal_cost":0.0,"value":0.0,"DemBarE":0,"DemBarP":0,"BarRetP":0},{"id":82,"time":134,"name":"Salta345","marginal_cost":0.0,"value":0.0,"DemBarE":0,"DemBarP":0,"BarRetP":0},{"id":82,"time":135,"name":"Salta345","marginal_cost":0.0,"value":0.0,"DemBarE":0,"DemBarP":0,"BarRetP":0},{"id":82,"time":136,"name":"Salta345","marginal_cost":0.0,"value":0.0,"DemBarE":0,"DemBarP":0,"BarRetP":0},{"id":82,"time":137,"name":"Salta345","marginal_cost":0.0,"value":0.0,"DemBarE":0,"DemBarP":0,"BarRetP":0},{"id":82,"time":138,"name":"Salta345","marginal_cost":0.0,"value":0.0,"DemBarE":0,"DemBarP":0,"BarRetP":0},{"id":82,"time":139,"name":"Salta345","marginal_cost":0.0,"value":0.0,"DemBarE":0,"DemBarP":0,"BarRetP":0},{"id":82,"time":140,"name":"Salta345","marginal_cost":0.0,"value":0.0,"DemBarE":0,"DemBarP":0,"BarRetP":0},{"id":82,"time":141,"name":"Salta345","marginal_cost":0.0,"value":0.0,"DemBarE":0,"DemBarP":0,"BarRetP":0},{"id":82,"time":142,"name":"Salta345","marginal_cost":0.0,"value":0.0,"DemBarE":0,"DemBarP":0,"BarRetP":0},{"id":82,"time":143,"name":"Salta345","marginal_cost":0.0,"value":0.0,"DemBarE":0,"DemBarP":0,"BarRetP":0},{"id":82,"time":144,"name":"Salta345","marginal_cost":0.0,"value":0.0,"DemBarE":0,"DemBarP":0,"BarRetP":0},{"id":82,"time":145,"name":"Salta345","marginal_cost":0.0,"value":0.0,"DemBarE":0,"DemBarP":0,"BarRetP":0},{"id":82,"time":146,"name":"Salta345","marginal_cost":0.0,"value":0.0,"DemBarE":0,"DemBarP":0,"BarRetP":0},{"id":82,"time":147,"name":"Salta345","marginal_cost":0.0,"value":0.0,"DemBarE":0,"DemBarP":0,"BarRetP":0},{"id":82,"time":148,"name":"Salta345","marginal_cost":0.0,"value":0.0,"DemBarE":0,"DemBarP":0,"BarRetP":0},{"id":82,"time":149,"name":"Salta345","marginal_cost":0.0,"value":0.0,"DemBarE":0,"DemBarP":0,"BarRetP":0},{"id":82,"time":150,"name":"Salta345","marginal_cost":0.0,"value":0.0,"DemBarE":0,"DemBarP":0,"BarRetP":0},{"id":82,"time":151,"name":"Salta345","marginal_cost":0.0,"value":0.0,"DemBarE":0,"DemBarP":0,"BarRetP":0},{"id":82,"time":152,"name":"Salta345","marginal_cost":0.0,"value":0.0,"DemBarE":0,"DemBarP":0,"BarRetP":0},{"id":82,"time":153,"name":"Salta345","marginal_cost":0.0,"value":0.0,"DemBarE":0,"DemBarP":0,"BarRetP":0},{"id":82,"time":154,"name":"Salta345","marginal_cost":0.0,"value":0.0,"DemBarE":0,"DemBarP":0,"BarRetP":0},{"id":82,"time":155,"name":"Salta345","marginal_cost":0.0,"value":0.0,"DemBarE":0,"DemBarP":0,"BarRetP":0},{"id":82,"time":156,"name":"Salta345","marginal_cost":0.0,"value":0.0,"DemBarE":0,"DemBarP":0,"BarRetP":0},{"id":82,"time":157,"name":"Salta345","marginal_cost":0.0,"value":0.0,"DemBarE":0,"DemBarP":0,"BarRetP":0},{"id":82,"time":158,"name":"Salta345","marginal_cost":0.0,"value":0.0,"DemBarE":0,"DemBarP":0,"BarRetP":0},{"id":82,"time":159,"name":"Salta345","marginal_cost":0.0,"value":0.0,"DemBarE":0,"DemBarP":0,"BarRetP":0},{"id":82,"time":160,"name":"Salta345","marginal_cost":0.0,"value":0.0,"DemBarE":0,"DemBarP":0,"BarRetP":0},{"id":82,"time":161,"name":"Salta345","marginal_cost":0.0,"value":0.0,"DemBarE":0,"DemBarP":0,"BarRetP":0},{"id":82,"time":162,"name":"Salta345","marginal_cost":0.0,"value":0.0,"DemBarE":0,"DemBarP":0,"BarRetP":0},{"id":82,"time":163,"name":"Salta345","marginal_cost":0.0,"value":0.0,"DemBarE":0,"DemBarP":0,"BarRetP":0},{"id":82,"time":164,"name":"Salta345","marginal_cost":0.0,"value":0.0,"DemBarE":0,"DemBarP":0,"BarRetP":0},{"id":82,"time":165,"name":"Salta345","marginal_cost":0.0,"value":0.0,"DemBarE":0,"DemBarP":0,"BarRetP":0},{"id":82,"time":166,"name":"Salta345","marginal_cost":0.0,"value":0.0,"DemBarE":0,"DemBarP":0,"BarRetP":0},{"id":82,"time":167,"name":"Salta345","marginal_cost":0.0,"value":0.0,"DemBarE":0,"DemBarP":0,"BarRetP":0},{"id":82,"time":168,"name":"Salta345","marginal_cost":0.0,"value":0.0,"DemBarE":0,"DemBarP":0,"BarRetP":0}]