[{"id":202,"time":1,"name":"Temuco066","marginal_cost":152.0083150771,"value":152.0083150771,"DemBarE":0,"DemBarP":0,"BarRetP":0},{"id":202,"time":2,"name":"Temuco066","marginal_cost":152.4397716753,"value":152.4397716753,"DemBarE":0,"DemBarP":0,"BarRetP":0},{"id":202,"time":3,"name":"Temuco066","marginal_cost":151.3054278186,"value":151.3054278186,"DemBarE":0,"DemBarP":0,"BarRetP":0},{"id":202,"time":4,"name":"Temuco066","marginal_cost":149.8037093194,"value":149.8037093194,"DemBarE":0,"DemBarP":0,"BarRetP":0},{"id":202,"time":5,"name":"Temuco066","marginal_cost":133.9266393004,"value":133.9266393004,"DemBarE":0,"DemBarP":0,"BarRetP":0},{"id":202,"time":6,"name":"Temuco066","marginal_cost":117.4807221946,"value":117.4807221946,"DemBarE":0,"DemBarP":0,"BarRetP":0},{"id":202,"time":7,"name":"Temuco066","marginal_cost":160.0332352115,"value":160.0332352115,"DemBarE":0,"DemBarP":0,"BarRetP":0},{"id":202,"time":8,"name":"Temuco066","marginal_cost":167.455234732,"value":167.455234732,"DemBarE":0,"DemBarP":0,"BarRetP":0},{"id":202,"time":9,"name":"Temuco066","marginal_cost":161.5934851308,"value":161.5934851308,"DemBarE":0,"DemBarP":0,"BarRetP":0},{"id":202,"time":10,"name":"Temuco066","marginal_cost":161.7297247738,"value":161.7297247738,"DemBarE":0,"DemBarP":0,"BarRetP":0},{"id":202,"time":11,"name":"Temuco066","marginal_cost":162.6125326695,"value":162.6125326695,"DemBarE":0,"DemBarP":0,"BarRetP":0},{"id":202,"time":12,"name":"Temuco066","marginal_cost":163.6565102791,"value":163.6565102791,"DemBarE":0,"DemBarP":0,"BarRetP":0},{"id":202,"time":13,"name":"Temuco066","marginal_cost":163.4793289397,"value":163.4793289397,"DemBarE":0,"DemBarP":0,"BarRetP":0},{"id":202,"time":14,"name":"Temuco066","marginal_cost":163.2510750072,"value":163.2510750072,"DemBarE":0,"DemBarP":0,"BarRetP":0},{"id":202,"time":15,"name":"Temuco066","marginal_cost":164.1836037117,"value":164.1836037117,"DemBarE":0,"DemBarP":0,"BarRetP":0},{"id":202,"time":16,"name":"Temuco066","marginal_cost":163.3956215002,"value":163.3956215002,"DemBarE":0,"DemBarP":0,"BarRetP":0},{"id":202,"time":17,"name":"Temuco066","marginal_cost":161.7960342776,"value":161.7960342776,"DemBarE":0,"DemBarP":0,"BarRetP":0},{"id":202,"time":18,"name":"Temuco066","marginal_cost":161.804218025,"value":161.804218025,"DemBarE":0,"DemBarP":0,"BarRetP":0},{"id":202,"time":19,"name":"Temuco066","marginal_cost":178.6962322379,"value":178.6962322379,"DemBarE":0,"DemBarP":0,"BarRetP":0},{"id":202,"time":20,"name":"Temuco066","marginal_cost":180.8102712301,"value":180.8102712301,"DemBarE":0,"DemBarP":0,"BarRetP":0},{"id":202,"time":21,"name":"Temuco066","marginal_cost":169.3875407641,"value":169.3875407641,"DemBarE":0,"DemBarP":0,"BarRetP":0},{"id":202,"time":22,"name":"Temuco066","marginal_cost":166.8201590125,"value":166.8201590125,"DemBarE":0,"DemBarP":0,"BarRetP":0},{"id":202,"time":23,"name":"Temuco066","marginal_cost":164.6082560734,"value":164.6082560734,"DemBarE":0,"DemBarP":0,"BarRetP":0},{"id":202,"time":24,"name":"Temuco066","marginal_cost":163.4450925409,"value":163.4450925409,"DemBarE":0,"DemBarP":0,"BarRetP":0},{"id":202,"time":25,"name":"Temuco066","marginal_cost":153.2135322871,"value":153.2135322871,"DemBarE":0,"DemBarP":0,"BarRetP":0},{"id":202,"time":26,"name":"Temuco066","marginal_cost":153.2413129234,"value":153.2413129234,"DemBarE":0,"DemBarP":0,"BarRetP":0},{"id":202,"time":27,"name":"Temuco066","marginal_cost":152.2851799688,"value":152.2851799688,"DemBarE":0,"DemBarP":0,"BarRetP":0},{"id":202,"time":28,"name":"Temuco066","marginal_cost":151.6408703559,"value":151.6408703559,"DemBarE":0,"DemBarP":0,"BarRetP":0},{"id":202,"time":29,"name":"Temuco066","marginal_cost":150.7159922218,"value":150.7159922218,"DemBarE":0,"DemBarP":0,"BarRetP":0},{"id":202,"time":30,"name":"Temuco066","marginal_cost":152.0921699468,"value":152.0921699468,"DemBarE":0,"DemBarP":0,"BarRetP":0},{"id":202,"time":31,"name":"Temuco066","marginal_cost":157.838912481,"value":157.838912481,"DemBarE":0,"DemBarP":0,"BarRetP":0},{"id":202,"time":32,"name":"Temuco066","marginal_cost":166.1000019345,"value":166.1000019345,"DemBarE":0,"DemBarP":0,"BarRetP":0},{"id":202,"time":33,"name":"Temuco066","marginal_cost":158.5721292505,"value":158.5721292505,"DemBarE":0,"DemBarP":0,"BarRetP":0},{"id":202,"time":34,"name":"Temuco066","marginal_cost":158.9977167913,"value":158.9977167913,"DemBarE":0,"DemBarP":0,"BarRetP":0},{"id":202,"time":35,"name":"Temuco066","marginal_cost":158.6433975577,"value":158.6433975577,"DemBarE":0,"DemBarP":0,"BarRetP":0},{"id":202,"time":36,"name":"Temuco066","marginal_cost":158.4682229664,"value":158.4682229664,"DemBarE":0,"DemBarP":0,"BarRetP":0},{"id":202,"time":37,"name":"Temuco066","marginal_cost":155.0255795235,"value":155.0255795235,"DemBarE":0,"DemBarP":0,"BarRetP":0},{"id":202,"time":38,"name":"Temuco066","marginal_cost":155.0255795235,"value":155.0255795235,"DemBarE":0,"DemBarP":0,"BarRetP":0},{"id":202,"time":39,"name":"Temuco066","marginal_cost":155.0255795235,"value":155.0255795235,"DemBarE":0,"DemBarP":0,"BarRetP":0},{"id":202,"time":40,"name":"Temuco066","marginal_cost":155.0255795235,"value":155.0255795235,"DemBarE":0,"DemBarP":0,"BarRetP":0},{"id":202,"time":41,"name":"Temuco066","marginal_cost":152.4513857761,"value":152.4513857761,"DemBarE":0,"DemBarP":0,"BarRetP":0},{"id":202,"time":42,"name":"Temuco066","marginal_cost":148.4346053574,"value":148.4346053574,"DemBarE":0,"DemBarP":0,"BarRetP":0},{"id":202,"time":43,"name":"Temuco066","marginal_cost":150.2703706224,"value":150.2703706224,"DemBarE":0,"DemBarP":0,"BarRetP":0},{"id":202,"time":44,"name":"Temuco066","marginal_cost":150.2703706224,"value":150.2703706224,"DemBarE":0,"DemBarP":0,"BarRetP":0},{"id":202,"time":45,"name":"Temuco066","marginal_cost":148.6752772191,"value":148.6752772191,"DemBarE":0,"DemBarP":0,"BarRetP":0},{"id":202,"time":46,"name":"Temuco066","marginal_cost":146.8523364748,"value":146.8523364748,"DemBarE":0,"DemBarP":0,"BarRetP":0},{"id":202,"time":47,"name":"Temuco066","marginal_cost":107.6634300267,"value":107.6634300267,"DemBarE":0,"DemBarP":0,"BarRetP":0},{"id":202,"time":48,"name":"Temuco066","marginal_cost":129.6421474418,"value":129.6421474418,"DemBarE":0,"DemBarP":0,"BarRetP":0},{"id":202,"time":49,"name":"Temuco066","marginal_cost":108.006985312,"value":108.006985312,"DemBarE":0,"DemBarP":0,"BarRetP":0},{"id":202,"time":50,"name":"Temuco066","marginal_cost":139.9209966924,"value":139.9209966924,"DemBarE":0,"DemBarP":0,"BarRetP":0},{"id":202,"time":51,"name":"Temuco066","marginal_cost":93.965499631,"value":93.965499631,"DemBarE":0,"DemBarP":0,"BarRetP":0},{"id":202,"time":52,"name":"Temuco066","marginal_cost":64.4700177941,"value":64.4700177941,"DemBarE":0,"DemBarP":0,"BarRetP":0},{"id":202,"time":53,"name":"Temuco066","marginal_cost":64.4700177941,"value":64.4700177941,"DemBarE":0,"DemBarP":0,"BarRetP":0},{"id":202,"time":54,"name":"Temuco066","marginal_cost":39.7819693595,"value":39.7819693595,"DemBarE":0,"DemBarP":0,"BarRetP":0},{"id":202,"time":55,"name":"Temuco066","marginal_cost":64.5901952109,"value":64.5901952109,"DemBarE":0,"DemBarP":0,"BarRetP":0},{"id":202,"time":56,"name":"Temuco066","marginal_cost":126.1235575881,"value":126.1235575881,"DemBarE":0,"DemBarP":0,"BarRetP":0},{"id":202,"time":57,"name":"Temuco066","marginal_cost":117.7387954247,"value":117.7387954247,"DemBarE":0,"DemBarP":0,"BarRetP":0},{"id":202,"time":58,"name":"Temuco066","marginal_cost":133.05578467,"value":133.05578467,"DemBarE":0,"DemBarP":0,"BarRetP":0},{"id":202,"time":59,"name":"Temuco066","marginal_cost":105.5142566666,"value":105.5142566666,"DemBarE":0,"DemBarP":0,"BarRetP":0},{"id":202,"time":60,"name":"Temuco066","marginal_cost":134.6740534682,"value":134.6740534682,"DemBarE":0,"DemBarP":0,"BarRetP":0},{"id":202,"time":61,"name":"Temuco066","marginal_cost":133.7584530602,"value":133.7584530602,"DemBarE":0,"DemBarP":0,"BarRetP":0},{"id":202,"time":62,"name":"Temuco066","marginal_cost":133.7584530602,"value":133.7584530602,"DemBarE":0,"DemBarP":0,"BarRetP":0},{"id":202,"time":63,"name":"Temuco066","marginal_cost":118.0738850513,"value":118.0738850513,"DemBarE":0,"DemBarP":0,"BarRetP":0},{"id":202,"time":64,"name":"Temuco066","marginal_cost":135.0055962169,"value":135.0055962169,"DemBarE":0,"DemBarP":0,"BarRetP":0},{"id":202,"time":65,"name":"Temuco066","marginal_cost":135.0716206394,"value":135.0716206394,"DemBarE":0,"DemBarP":0,"BarRetP":0},{"id":202,"time":66,"name":"Temuco066","marginal_cost":135.0716206394,"value":135.0716206394,"DemBarE":0,"DemBarP":0,"BarRetP":0},{"id":202,"time":67,"name":"Temuco066","marginal_cost":166.3386536538,"value":166.3386536538,"DemBarE":0,"DemBarP":0,"BarRetP":0},{"id":202,"time":68,"name":"Temuco066","marginal_cost":159.2361917748,"value":159.2361917748,"DemBarE":0,"DemBarP":0,"BarRetP":0},{"id":202,"time":69,"name":"Temuco066","marginal_cost":159.2361917748,"value":159.2361917748,"DemBarE":0,"DemBarP":0,"BarRetP":0},{"id":202,"time":70,"name":"Temuco066","marginal_cost":157.6977037004,"value":157.6977037004,"DemBarE":0,"DemBarP":0,"BarRetP":0},{"id":202,"time":71,"name":"Temuco066","marginal_cost":152.0510969764,"value":152.0510969764,"DemBarE":0,"DemBarP":0,"BarRetP":0},{"id":202,"time":72,"name":"Temuco066","marginal_cost":150.0951491087,"value":150.0951491087,"DemBarE":0,"DemBarP":0,"BarRetP":0},{"id":202,"time":73,"name":"Temuco066","marginal_cost":149.3587150778,"value":149.3587150778,"DemBarE":0,"DemBarP":0,"BarRetP":0},{"id":202,"time":74,"name":"Temuco066","marginal_cost":145.3327830988,"value":145.3327830988,"DemBarE":0,"DemBarP":0,"BarRetP":0},{"id":202,"time":75,"name":"Temuco066","marginal_cost":131.1886141528,"value":131.1886141528,"DemBarE":0,"DemBarP":0,"BarRetP":0},{"id":202,"time":76,"name":"Temuco066","marginal_cost":131.1886141528,"value":131.1886141528,"DemBarE":0,"DemBarP":0,"BarRetP":0},{"id":202,"time":77,"name":"Temuco066","marginal_cost":131.1886141528,"value":131.1886141528,"DemBarE":0,"DemBarP":0,"BarRetP":0},{"id":202,"time":78,"name":"Temuco066","marginal_cost":131.1886141528,"value":131.1886141528,"DemBarE":0,"DemBarP":0,"BarRetP":0},{"id":202,"time":79,"name":"Temuco066","marginal_cost":131.1886141528,"value":131.1886141528,"DemBarE":0,"DemBarP":0,"BarRetP":0},{"id":202,"time":80,"name":"Temuco066","marginal_cost":122.2253975454,"value":122.2253975454,"DemBarE":0,"DemBarP":0,"BarRetP":0},{"id":202,"time":81,"name":"Temuco066","marginal_cost":122.2253975454,"value":122.2253975454,"DemBarE":0,"DemBarP":0,"BarRetP":0},{"id":202,"time":82,"name":"Temuco066","marginal_cost":94.8198779482,"value":94.8198779482,"DemBarE":0,"DemBarP":0,"BarRetP":0},{"id":202,"time":83,"name":"Temuco066","marginal_cost":94.8198779482,"value":94.8198779482,"DemBarE":0,"DemBarP":0,"BarRetP":0},{"id":202,"time":84,"name":"Temuco066","marginal_cost":122.4327684347,"value":122.4327684347,"DemBarE":0,"DemBarP":0,"BarRetP":0},{"id":202,"time":85,"name":"Temuco066","marginal_cost":122.4327684347,"value":122.4327684347,"DemBarE":0,"DemBarP":0,"BarRetP":0},{"id":202,"time":86,"name":"Temuco066","marginal_cost":134.8202120346,"value":134.8202120346,"DemBarE":0,"DemBarP":0,"BarRetP":0},{"id":202,"time":87,"name":"Temuco066","marginal_cost":134.8202120346,"value":134.8202120346,"DemBarE":0,"DemBarP":0,"BarRetP":0},{"id":202,"time":88,"name":"Temuco066","marginal_cost":134.8202120346,"value":134.8202120346,"DemBarE":0,"DemBarP":0,"BarRetP":0},{"id":202,"time":89,"name":"Temuco066","marginal_cost":134.8202120346,"value":134.8202120346,"DemBarE":0,"DemBarP":0,"BarRetP":0},{"id":202,"time":90,"name":"Temuco066","marginal_cost":134.8202120346,"value":134.8202120346,"DemBarE":0,"DemBarP":0,"BarRetP":0},{"id":202,"time":91,"name":"Temuco066","marginal_cost":154.1985162027,"value":154.1985162027,"DemBarE":0,"DemBarP":0,"BarRetP":0},{"id":202,"time":92,"name":"Temuco066","marginal_cost":154.1985162027,"value":154.1985162027,"DemBarE":0,"DemBarP":0,"BarRetP":0},{"id":202,"time":93,"name":"Temuco066","marginal_cost":155.0001775027,"value":155.0001775027,"DemBarE":0,"DemBarP":0,"BarRetP":0},{"id":202,"time":94,"name":"Temuco066","marginal_cost":152.8220446298,"value":152.8220446298,"DemBarE":0,"DemBarP":0,"BarRetP":0},{"id":202,"time":95,"name":"Temuco066","marginal_cost":152.0296318477,"value":152.0296318477,"DemBarE":0,"DemBarP":0,"BarRetP":0},{"id":202,"time":96,"name":"Temuco066","marginal_cost":151.801316528,"value":151.801316528,"DemBarE":0,"DemBarP":0,"BarRetP":0},{"id":202,"time":97,"name":"Temuco066","marginal_cost":150.6750714787,"value":150.6750714787,"DemBarE":0,"DemBarP":0,"BarRetP":0},{"id":202,"time":98,"name":"Temuco066","marginal_cost":145.8809728607,"value":145.8809728607,"DemBarE":0,"DemBarP":0,"BarRetP":0},{"id":202,"time":99,"name":"Temuco066","marginal_cost":145.3794789374,"value":145.3794789374,"DemBarE":0,"DemBarP":0,"BarRetP":0},{"id":202,"time":100,"name":"Temuco066","marginal_cost":145.3727045558,"value":145.3727045558,"DemBarE":0,"DemBarP":0,"BarRetP":0},{"id":202,"time":101,"name":"Temuco066","marginal_cost":145.3727045558,"value":145.3727045558,"DemBarE":0,"DemBarP":0,"BarRetP":0},{"id":202,"time":102,"name":"Temuco066","marginal_cost":145.3727045558,"value":145.3727045558,"DemBarE":0,"DemBarP":0,"BarRetP":0},{"id":202,"time":103,"name":"Temuco066","marginal_cost":153.833952021,"value":153.833952021,"DemBarE":0,"DemBarP":0,"BarRetP":0},{"id":202,"time":104,"name":"Temuco066","marginal_cost":158.0593369174,"value":158.0593369174,"DemBarE":0,"DemBarP":0,"BarRetP":0},{"id":202,"time":105,"name":"Temuco066","marginal_cost":158.0593369174,"value":158.0593369174,"DemBarE":0,"DemBarP":0,"BarRetP":0},{"id":202,"time":106,"name":"Temuco066","marginal_cost":156.8210059171,"value":156.8210059171,"DemBarE":0,"DemBarP":0,"BarRetP":0},{"id":202,"time":107,"name":"Temuco066","marginal_cost":158.084128172,"value":158.084128172,"DemBarE":0,"DemBarP":0,"BarRetP":0},{"id":202,"time":108,"name":"Temuco066","marginal_cost":157.9202753003,"value":157.9202753003,"DemBarE":0,"DemBarP":0,"BarRetP":0},{"id":202,"time":109,"name":"Temuco066","marginal_cost":157.9202753003,"value":157.9202753003,"DemBarE":0,"DemBarP":0,"BarRetP":0},{"id":202,"time":110,"name":"Temuco066","marginal_cost":157.1053474306,"value":157.1053474306,"DemBarE":0,"DemBarP":0,"BarRetP":0},{"id":202,"time":111,"name":"Temuco066","marginal_cost":157.0040555318,"value":157.0040555318,"DemBarE":0,"DemBarP":0,"BarRetP":0},{"id":202,"time":112,"name":"Temuco066","marginal_cost":157.0040555318,"value":157.0040555318,"DemBarE":0,"DemBarP":0,"BarRetP":0},{"id":202,"time":113,"name":"Temuco066","marginal_cost":157.7287280175,"value":157.7287280175,"DemBarE":0,"DemBarP":0,"BarRetP":0},{"id":202,"time":114,"name":"Temuco066","marginal_cost":157.7287280175,"value":157.7287280175,"DemBarE":0,"DemBarP":0,"BarRetP":0},{"id":202,"time":115,"name":"Temuco066","marginal_cost":157.7287280175,"value":157.7287280175,"DemBarE":0,"DemBarP":0,"BarRetP":0},{"id":202,"time":116,"name":"Temuco066","marginal_cost":156.7518426697,"value":156.7518426697,"DemBarE":0,"DemBarP":0,"BarRetP":0},{"id":202,"time":117,"name":"Temuco066","marginal_cost":156.7518426697,"value":156.7518426697,"DemBarE":0,"DemBarP":0,"BarRetP":0},{"id":202,"time":118,"name":"Temuco066","marginal_cost":156.7518426697,"value":156.7518426697,"DemBarE":0,"DemBarP":0,"BarRetP":0},{"id":202,"time":119,"name":"Temuco066","marginal_cost":155.1532446813,"value":155.1532446813,"DemBarE":0,"DemBarP":0,"BarRetP":0},{"id":202,"time":120,"name":"Temuco066","marginal_cost":151.1320171806,"value":151.1320171806,"DemBarE":0,"DemBarP":0,"BarRetP":0},{"id":202,"time":121,"name":"Temuco066","marginal_cost":147.8592980878,"value":147.8592980878,"DemBarE":0,"DemBarP":0,"BarRetP":0},{"id":202,"time":122,"name":"Temuco066","marginal_cost":148.0661157015,"value":148.0661157015,"DemBarE":0,"DemBarP":0,"BarRetP":0},{"id":202,"time":123,"name":"Temuco066","marginal_cost":143.8917572942,"value":143.8917572942,"DemBarE":0,"DemBarP":0,"BarRetP":0},{"id":202,"time":124,"name":"Temuco066","marginal_cost":143.8917572942,"value":143.8917572942,"DemBarE":0,"DemBarP":0,"BarRetP":0},{"id":202,"time":125,"name":"Temuco066","marginal_cost":143.8917572942,"value":143.8917572942,"DemBarE":0,"DemBarP":0,"BarRetP":0},{"id":202,"time":126,"name":"Temuco066","marginal_cost":143.8917572942,"value":143.8917572942,"DemBarE":0,"DemBarP":0,"BarRetP":0},{"id":202,"time":127,"name":"Temuco066","marginal_cost":153.0803691943,"value":153.0803691943,"DemBarE":0,"DemBarP":0,"BarRetP":0},{"id":202,"time":128,"name":"Temuco066","marginal_cost":161.0899589519,"value":161.0899589519,"DemBarE":0,"DemBarP":0,"BarRetP":0},{"id":202,"time":129,"name":"Temuco066","marginal_cost":159.2670761986,"value":159.2670761986,"DemBarE":0,"DemBarP":0,"BarRetP":0},{"id":202,"time":130,"name":"Temuco066","marginal_cost":164.3618722481,"value":164.3618722481,"DemBarE":0,"DemBarP":0,"BarRetP":0},{"id":202,"time":131,"name":"Temuco066","marginal_cost":164.2645009528,"value":164.2645009528,"DemBarE":0,"DemBarP":0,"BarRetP":0},{"id":202,"time":132,"name":"Temuco066","marginal_cost":166.263100031,"value":166.263100031,"DemBarE":0,"DemBarP":0,"BarRetP":0},{"id":202,"time":133,"name":"Temuco066","marginal_cost":164.2134115094,"value":164.2134115094,"DemBarE":0,"DemBarP":0,"BarRetP":0},{"id":202,"time":134,"name":"Temuco066","marginal_cost":164.2134115094,"value":164.2134115094,"DemBarE":0,"DemBarP":0,"BarRetP":0},{"id":202,"time":135,"name":"Temuco066","marginal_cost":164.2134115094,"value":164.2134115094,"DemBarE":0,"DemBarP":0,"BarRetP":0},{"id":202,"time":136,"name":"Temuco066","marginal_cost":164.2134115094,"value":164.2134115094,"DemBarE":0,"DemBarP":0,"BarRetP":0},{"id":202,"time":137,"name":"Temuco066","marginal_cost":162.7669783744,"value":162.7669783744,"DemBarE":0,"DemBarP":0,"BarRetP":0},{"id":202,"time":138,"name":"Temuco066","marginal_cost":162.7669783744,"value":162.7669783744,"DemBarE":0,"DemBarP":0,"BarRetP":0},{"id":202,"time":139,"name":"Temuco066","marginal_cost":162.7669783744,"value":162.7669783744,"DemBarE":0,"DemBarP":0,"BarRetP":0},{"id":202,"time":140,"name":"Temuco066","marginal_cost":162.7669783744,"value":162.7669783744,"DemBarE":0,"DemBarP":0,"BarRetP":0},{"id":202,"time":141,"name":"Temuco066","marginal_cost":162.7669783744,"value":162.7669783744,"DemBarE":0,"DemBarP":0,"BarRetP":0},{"id":202,"time":142,"name":"Temuco066","marginal_cost":162.7669783744,"value":162.7669783744,"DemBarE":0,"DemBarP":0,"BarRetP":0},{"id":202,"time":143,"name":"Temuco066","marginal_cost":159.6593154021,"value":159.6593154021,"DemBarE":0,"DemBarP":0,"BarRetP":0},{"id":202,"time":144,"name":"Temuco066","marginal_cost":159.8404999789,"value":159.8404999789,"DemBarE":0,"DemBarP":0,"BarRetP":0},{"id":202,"time":145,"name":"Temuco066","marginal_cost":157.8185969642,"value":157.8185969642,"DemBarE":0,"DemBarP":0,"BarRetP":0},{"id":202,"time":146,"name":"Temuco066","marginal_cost":155.9329227393,"value":155.9329227393,"DemBarE":0,"DemBarP":0,"BarRetP":0},{"id":202,"time":147,"name":"Temuco066","marginal_cost":152.4993297534,"value":152.4993297534,"DemBarE":0,"DemBarP":0,"BarRetP":0},{"id":202,"time":148,"name":"Temuco066","marginal_cost":152.4993297534,"value":152.4993297534,"DemBarE":0,"DemBarP":0,"BarRetP":0},{"id":202,"time":149,"name":"Temuco066","marginal_cost":152.4993297534,"value":152.4993297534,"DemBarE":0,"DemBarP":0,"BarRetP":0},{"id":202,"time":150,"name":"Temuco066","marginal_cost":152.4993297534,"value":152.4993297534,"DemBarE":0,"DemBarP":0,"BarRetP":0},{"id":202,"time":151,"name":"Temuco066","marginal_cost":157.4888071784,"value":157.4888071784,"DemBarE":0,"DemBarP":0,"BarRetP":0},{"id":202,"time":152,"name":"Temuco066","marginal_cost":163.8611341091,"value":163.8611341091,"DemBarE":0,"DemBarP":0,"BarRetP":0},{"id":202,"time":153,"name":"Temuco066","marginal_cost":163.8611341091,"value":163.8611341091,"DemBarE":0,"DemBarP":0,"BarRetP":0},{"id":202,"time":154,"name":"Temuco066","marginal_cost":164.8760992281,"value":164.8760992281,"DemBarE":0,"DemBarP":0,"BarRetP":0},{"id":202,"time":155,"name":"Temuco066","marginal_cost":164.8760992281,"value":164.8760992281,"DemBarE":0,"DemBarP":0,"BarRetP":0},{"id":202,"time":156,"name":"Temuco066","marginal_cost":166.964608569,"value":166.964608569,"DemBarE":0,"DemBarP":0,"BarRetP":0},{"id":202,"time":157,"name":"Temuco066","marginal_cost":166.602651874,"value":166.602651874,"DemBarE":0,"DemBarP":0,"BarRetP":0},{"id":202,"time":158,"name":"Temuco066","marginal_cost":166.602651874,"value":166.602651874,"DemBarE":0,"DemBarP":0,"BarRetP":0},{"id":202,"time":159,"name":"Temuco066","marginal_cost":166.602651874,"value":166.602651874,"DemBarE":0,"DemBarP":0,"BarRetP":0},{"id":202,"time":160,"name":"Temuco066","marginal_cost":165.691363916,"value":165.691363916,"DemBarE":0,"DemBarP":0,"BarRetP":0},{"id":202,"time":161,"name":"Temuco066","marginal_cost":165.691363916,"value":165.691363916,"DemBarE":0,"DemBarP":0,"BarRetP":0},{"id":202,"time":162,"name":"Temuco066","marginal_cost":165.1975483645,"value":165.1975483645,"DemBarE":0,"DemBarP":0,"BarRetP":0},{"id":202,"time":163,"name":"Temuco066","marginal_cost":164.2604028183,"value":164.2604028183,"DemBarE":0,"DemBarP":0,"BarRetP":0},{"id":202,"time":164,"name":"Temuco066","marginal_cost":164.2604028183,"value":164.2604028183,"DemBarE":0,"DemBarP":0,"BarRetP":0},{"id":202,"time":165,"name":"Temuco066","marginal_cost":164.2604028183,"value":164.2604028183,"DemBarE":0,"DemBarP":0,"BarRetP":0},{"id":202,"time":166,"name":"Temuco066","marginal_cost":164.2604028183,"value":164.2604028183,"DemBarE":0,"DemBarP":0,"BarRetP":0},{"id":202,"time":167,"name":"Temuco066","marginal_cost":163.8372681371,"value":163.8372681371,"DemBarE":0,"DemBarP":0,"BarRetP":0},{"id":202,"time":168,"name":"Temuco066","marginal_cost":161.4182357267,"value":161.4182357267,"DemBarE":0,"DemBarP":0,"BarRetP":0}]