[{"id":167,"time":1,"name":"Pehuenche220","marginal_cost":154.3045914595,"value":154.3045914595,"DemBarE":0,"DemBarP":0,"BarRetP":0},{"id":167,"time":2,"name":"Pehuenche220","marginal_cost":155.3286661843,"value":155.3286661843,"DemBarE":0,"DemBarP":0,"BarRetP":0},{"id":167,"time":3,"name":"Pehuenche220","marginal_cost":153.8309547373,"value":153.8309547373,"DemBarE":0,"DemBarP":0,"BarRetP":0},{"id":167,"time":4,"name":"Pehuenche220","marginal_cost":152.8752692556,"value":152.8752692556,"DemBarE":0,"DemBarP":0,"BarRetP":0},{"id":167,"time":5,"name":"Pehuenche220","marginal_cost":135.7255833445,"value":135.7255833445,"DemBarE":0,"DemBarP":0,"BarRetP":0},{"id":167,"time":6,"name":"Pehuenche220","marginal_cost":118.468222681,"value":118.468222681,"DemBarE":0,"DemBarP":0,"BarRetP":0},{"id":167,"time":7,"name":"Pehuenche220","marginal_cost":160.8166574197,"value":160.8166574197,"DemBarE":0,"DemBarP":0,"BarRetP":0},{"id":167,"time":8,"name":"Pehuenche220","marginal_cost":165.0220881506,"value":165.0220881506,"DemBarE":0,"DemBarP":0,"BarRetP":0},{"id":167,"time":9,"name":"Pehuenche220","marginal_cost":157.1586060407,"value":157.1586060407,"DemBarE":0,"DemBarP":0,"BarRetP":0},{"id":167,"time":10,"name":"Pehuenche220","marginal_cost":155.4863909599,"value":155.4863909599,"DemBarE":0,"DemBarP":0,"BarRetP":0},{"id":167,"time":11,"name":"Pehuenche220","marginal_cost":155.5636982966,"value":155.5636982966,"DemBarE":0,"DemBarP":0,"BarRetP":0},{"id":167,"time":12,"name":"Pehuenche220","marginal_cost":156.3023654875,"value":156.3023654875,"DemBarE":0,"DemBarP":0,"BarRetP":0},{"id":167,"time":13,"name":"Pehuenche220","marginal_cost":156.053845944,"value":156.053845944,"DemBarE":0,"DemBarP":0,"BarRetP":0},{"id":167,"time":14,"name":"Pehuenche220","marginal_cost":155.8664018445,"value":155.8664018445,"DemBarE":0,"DemBarP":0,"BarRetP":0},{"id":167,"time":15,"name":"Pehuenche220","marginal_cost":156.5507895586,"value":156.5507895586,"DemBarE":0,"DemBarP":0,"BarRetP":0},{"id":167,"time":16,"name":"Pehuenche220","marginal_cost":156.0048401109,"value":156.0048401109,"DemBarE":0,"DemBarP":0,"BarRetP":0},{"id":167,"time":17,"name":"Pehuenche220","marginal_cost":155.0280474228,"value":155.0280474228,"DemBarE":0,"DemBarP":0,"BarRetP":0},{"id":167,"time":18,"name":"Pehuenche220","marginal_cost":154.7099140365,"value":154.7099140365,"DemBarE":0,"DemBarP":0,"BarRetP":0},{"id":167,"time":19,"name":"Pehuenche220","marginal_cost":172.3497886722,"value":172.3497886722,"DemBarE":0,"DemBarP":0,"BarRetP":0},{"id":167,"time":20,"name":"Pehuenche220","marginal_cost":174.7911894839,"value":174.7911894839,"DemBarE":0,"DemBarP":0,"BarRetP":0},{"id":167,"time":21,"name":"Pehuenche220","marginal_cost":165.3677654378,"value":165.3677654378,"DemBarE":0,"DemBarP":0,"BarRetP":0},{"id":167,"time":22,"name":"Pehuenche220","marginal_cost":163.6647528149,"value":163.6647528149,"DemBarE":0,"DemBarP":0,"BarRetP":0},{"id":167,"time":23,"name":"Pehuenche220","marginal_cost":161.7904575105,"value":161.7904575105,"DemBarE":0,"DemBarP":0,"BarRetP":0},{"id":167,"time":24,"name":"Pehuenche220","marginal_cost":162.1936908625,"value":162.1936908625,"DemBarE":0,"DemBarP":0,"BarRetP":0},{"id":167,"time":25,"name":"Pehuenche220","marginal_cost":152.8332633828,"value":152.8332633828,"DemBarE":0,"DemBarP":0,"BarRetP":0},{"id":167,"time":26,"name":"Pehuenche220","marginal_cost":153.7086604005,"value":153.7086604005,"DemBarE":0,"DemBarP":0,"BarRetP":0},{"id":167,"time":27,"name":"Pehuenche220","marginal_cost":153.6972506043,"value":153.6972506043,"DemBarE":0,"DemBarP":0,"BarRetP":0},{"id":167,"time":28,"name":"Pehuenche220","marginal_cost":153.8792169674,"value":153.8792169674,"DemBarE":0,"DemBarP":0,"BarRetP":0},{"id":167,"time":29,"name":"Pehuenche220","marginal_cost":153.0337240707,"value":153.0337240707,"DemBarE":0,"DemBarP":0,"BarRetP":0},{"id":167,"time":30,"name":"Pehuenche220","marginal_cost":154.3338318207,"value":154.3338318207,"DemBarE":0,"DemBarP":0,"BarRetP":0},{"id":167,"time":31,"name":"Pehuenche220","marginal_cost":158.8398728137,"value":158.8398728137,"DemBarE":0,"DemBarP":0,"BarRetP":0},{"id":167,"time":32,"name":"Pehuenche220","marginal_cost":165.0444068402,"value":165.0444068402,"DemBarE":0,"DemBarP":0,"BarRetP":0},{"id":167,"time":33,"name":"Pehuenche220","marginal_cost":155.7757779727,"value":155.7757779727,"DemBarE":0,"DemBarP":0,"BarRetP":0},{"id":167,"time":34,"name":"Pehuenche220","marginal_cost":156.4532244686,"value":156.4532244686,"DemBarE":0,"DemBarP":0,"BarRetP":0},{"id":167,"time":35,"name":"Pehuenche220","marginal_cost":156.404935305,"value":156.404935305,"DemBarE":0,"DemBarP":0,"BarRetP":0},{"id":167,"time":36,"name":"Pehuenche220","marginal_cost":156.515946211,"value":156.515946211,"DemBarE":0,"DemBarP":0,"BarRetP":0},{"id":167,"time":37,"name":"Pehuenche220","marginal_cost":155.4555387633,"value":155.4555387633,"DemBarE":0,"DemBarP":0,"BarRetP":0},{"id":167,"time":38,"name":"Pehuenche220","marginal_cost":155.4555387633,"value":155.4555387633,"DemBarE":0,"DemBarP":0,"BarRetP":0},{"id":167,"time":39,"name":"Pehuenche220","marginal_cost":155.4555387633,"value":155.4555387633,"DemBarE":0,"DemBarP":0,"BarRetP":0},{"id":167,"time":40,"name":"Pehuenche220","marginal_cost":155.4555387633,"value":155.4555387633,"DemBarE":0,"DemBarP":0,"BarRetP":0},{"id":167,"time":41,"name":"Pehuenche220","marginal_cost":154.4682611168,"value":154.4682611168,"DemBarE":0,"DemBarP":0,"BarRetP":0},{"id":167,"time":42,"name":"Pehuenche220","marginal_cost":151.8889618089,"value":151.8889618089,"DemBarE":0,"DemBarP":0,"BarRetP":0},{"id":167,"time":43,"name":"Pehuenche220","marginal_cost":155.5712781558,"value":155.5712781558,"DemBarE":0,"DemBarP":0,"BarRetP":0},{"id":167,"time":44,"name":"Pehuenche220","marginal_cost":155.5712781558,"value":155.5712781558,"DemBarE":0,"DemBarP":0,"BarRetP":0},{"id":167,"time":45,"name":"Pehuenche220","marginal_cost":155.3782565074,"value":155.3782565074,"DemBarE":0,"DemBarP":0,"BarRetP":0},{"id":167,"time":46,"name":"Pehuenche220","marginal_cost":153.953495505,"value":153.953495505,"DemBarE":0,"DemBarP":0,"BarRetP":0},{"id":167,"time":47,"name":"Pehuenche220","marginal_cost":151.6642898331,"value":151.6642898331,"DemBarE":0,"DemBarP":0,"BarRetP":0},{"id":167,"time":48,"name":"Pehuenche220","marginal_cost":150.6917868219,"value":150.6917868219,"DemBarE":0,"DemBarP":0,"BarRetP":0},{"id":167,"time":49,"name":"Pehuenche220","marginal_cost":144.8820861315,"value":144.8820861315,"DemBarE":0,"DemBarP":0,"BarRetP":0},{"id":167,"time":50,"name":"Pehuenche220","marginal_cost":148.3296508896,"value":148.3296508896,"DemBarE":0,"DemBarP":0,"BarRetP":0},{"id":167,"time":51,"name":"Pehuenche220","marginal_cost":148.9573015512,"value":148.9573015512,"DemBarE":0,"DemBarP":0,"BarRetP":0},{"id":167,"time":52,"name":"Pehuenche220","marginal_cost":131.8163321953,"value":131.8163321953,"DemBarE":0,"DemBarP":0,"BarRetP":0},{"id":167,"time":53,"name":"Pehuenche220","marginal_cost":131.8163321953,"value":131.8163321953,"DemBarE":0,"DemBarP":0,"BarRetP":0},{"id":167,"time":54,"name":"Pehuenche220","marginal_cost":132.2016643727,"value":132.2016643727,"DemBarE":0,"DemBarP":0,"BarRetP":0},{"id":167,"time":55,"name":"Pehuenche220","marginal_cost":133.4245564893,"value":133.4245564893,"DemBarE":0,"DemBarP":0,"BarRetP":0},{"id":167,"time":56,"name":"Pehuenche220","marginal_cost":133.7335874646,"value":133.7335874646,"DemBarE":0,"DemBarP":0,"BarRetP":0},{"id":167,"time":57,"name":"Pehuenche220","marginal_cost":122.283244031,"value":122.283244031,"DemBarE":0,"DemBarP":0,"BarRetP":0},{"id":167,"time":58,"name":"Pehuenche220","marginal_cost":136.0560757835,"value":136.0560757835,"DemBarE":0,"DemBarP":0,"BarRetP":0},{"id":167,"time":59,"name":"Pehuenche220","marginal_cost":106.347530281,"value":106.347530281,"DemBarE":0,"DemBarP":0,"BarRetP":0},{"id":167,"time":60,"name":"Pehuenche220","marginal_cost":134.0364658798,"value":134.0364658798,"DemBarE":0,"DemBarP":0,"BarRetP":0},{"id":167,"time":61,"name":"Pehuenche220","marginal_cost":133.4881947169,"value":133.4881947169,"DemBarE":0,"DemBarP":0,"BarRetP":0},{"id":167,"time":62,"name":"Pehuenche220","marginal_cost":133.4881947169,"value":133.4881947169,"DemBarE":0,"DemBarP":0,"BarRetP":0},{"id":167,"time":63,"name":"Pehuenche220","marginal_cost":117.2669831922,"value":117.2669831922,"DemBarE":0,"DemBarP":0,"BarRetP":0},{"id":167,"time":64,"name":"Pehuenche220","marginal_cost":134.1898999171,"value":134.1898999171,"DemBarE":0,"DemBarP":0,"BarRetP":0},{"id":167,"time":65,"name":"Pehuenche220","marginal_cost":133.9173206244,"value":133.9173206244,"DemBarE":0,"DemBarP":0,"BarRetP":0},{"id":167,"time":66,"name":"Pehuenche220","marginal_cost":133.9173206244,"value":133.9173206244,"DemBarE":0,"DemBarP":0,"BarRetP":0},{"id":167,"time":67,"name":"Pehuenche220","marginal_cost":163.7238791217,"value":163.7238791217,"DemBarE":0,"DemBarP":0,"BarRetP":0},{"id":167,"time":68,"name":"Pehuenche220","marginal_cost":157.5031722665,"value":157.5031722665,"DemBarE":0,"DemBarP":0,"BarRetP":0},{"id":167,"time":69,"name":"Pehuenche220","marginal_cost":157.5031722665,"value":157.5031722665,"DemBarE":0,"DemBarP":0,"BarRetP":0},{"id":167,"time":70,"name":"Pehuenche220","marginal_cost":156.6163642139,"value":156.6163642139,"DemBarE":0,"DemBarP":0,"BarRetP":0},{"id":167,"time":71,"name":"Pehuenche220","marginal_cost":150.4333898998,"value":150.4333898998,"DemBarE":0,"DemBarP":0,"BarRetP":0},{"id":167,"time":72,"name":"Pehuenche220","marginal_cost":149.6453963782,"value":149.6453963782,"DemBarE":0,"DemBarP":0,"BarRetP":0},{"id":167,"time":73,"name":"Pehuenche220","marginal_cost":151.5802791622,"value":151.5802791622,"DemBarE":0,"DemBarP":0,"BarRetP":0},{"id":167,"time":74,"name":"Pehuenche220","marginal_cost":148.9148886284,"value":148.9148886284,"DemBarE":0,"DemBarP":0,"BarRetP":0},{"id":167,"time":75,"name":"Pehuenche220","marginal_cost":135.4928286626,"value":135.4928286626,"DemBarE":0,"DemBarP":0,"BarRetP":0},{"id":167,"time":76,"name":"Pehuenche220","marginal_cost":135.4928286626,"value":135.4928286626,"DemBarE":0,"DemBarP":0,"BarRetP":0},{"id":167,"time":77,"name":"Pehuenche220","marginal_cost":135.4928286626,"value":135.4928286626,"DemBarE":0,"DemBarP":0,"BarRetP":0},{"id":167,"time":78,"name":"Pehuenche220","marginal_cost":135.4928286626,"value":135.4928286626,"DemBarE":0,"DemBarP":0,"BarRetP":0},{"id":167,"time":79,"name":"Pehuenche220","marginal_cost":135.4928286626,"value":135.4928286626,"DemBarE":0,"DemBarP":0,"BarRetP":0},{"id":167,"time":80,"name":"Pehuenche220","marginal_cost":126.366793777,"value":126.366793777,"DemBarE":0,"DemBarP":0,"BarRetP":0},{"id":167,"time":81,"name":"Pehuenche220","marginal_cost":126.366793777,"value":126.366793777,"DemBarE":0,"DemBarP":0,"BarRetP":0},{"id":167,"time":82,"name":"Pehuenche220","marginal_cost":96.982436568,"value":96.982436568,"DemBarE":0,"DemBarP":0,"BarRetP":0},{"id":167,"time":83,"name":"Pehuenche220","marginal_cost":96.982436568,"value":96.982436568,"DemBarE":0,"DemBarP":0,"BarRetP":0},{"id":167,"time":84,"name":"Pehuenche220","marginal_cost":123.695790546,"value":123.695790546,"DemBarE":0,"DemBarP":0,"BarRetP":0},{"id":167,"time":85,"name":"Pehuenche220","marginal_cost":123.695790546,"value":123.695790546,"DemBarE":0,"DemBarP":0,"BarRetP":0},{"id":167,"time":86,"name":"Pehuenche220","marginal_cost":134.7816264313,"value":134.7816264313,"DemBarE":0,"DemBarP":0,"BarRetP":0},{"id":167,"time":87,"name":"Pehuenche220","marginal_cost":134.7816264313,"value":134.7816264313,"DemBarE":0,"DemBarP":0,"BarRetP":0},{"id":167,"time":88,"name":"Pehuenche220","marginal_cost":134.7816264313,"value":134.7816264313,"DemBarE":0,"DemBarP":0,"BarRetP":0},{"id":167,"time":89,"name":"Pehuenche220","marginal_cost":134.7816264313,"value":134.7816264313,"DemBarE":0,"DemBarP":0,"BarRetP":0},{"id":167,"time":90,"name":"Pehuenche220","marginal_cost":134.7816264313,"value":134.7816264313,"DemBarE":0,"DemBarP":0,"BarRetP":0},{"id":167,"time":91,"name":"Pehuenche220","marginal_cost":153.2728316328,"value":153.2728316328,"DemBarE":0,"DemBarP":0,"BarRetP":0},{"id":167,"time":92,"name":"Pehuenche220","marginal_cost":153.2728316328,"value":153.2728316328,"DemBarE":0,"DemBarP":0,"BarRetP":0},{"id":167,"time":93,"name":"Pehuenche220","marginal_cost":154.8612902767,"value":154.8612902767,"DemBarE":0,"DemBarP":0,"BarRetP":0},{"id":167,"time":94,"name":"Pehuenche220","marginal_cost":151.8876965556,"value":151.8876965556,"DemBarE":0,"DemBarP":0,"BarRetP":0},{"id":167,"time":95,"name":"Pehuenche220","marginal_cost":152.5484815022,"value":152.5484815022,"DemBarE":0,"DemBarP":0,"BarRetP":0},{"id":167,"time":96,"name":"Pehuenche220","marginal_cost":153.1720156127,"value":153.1720156127,"DemBarE":0,"DemBarP":0,"BarRetP":0},{"id":167,"time":97,"name":"Pehuenche220","marginal_cost":153.3418680855,"value":153.3418680855,"DemBarE":0,"DemBarP":0,"BarRetP":0},{"id":167,"time":98,"name":"Pehuenche220","marginal_cost":148.7035223662,"value":148.7035223662,"DemBarE":0,"DemBarP":0,"BarRetP":0},{"id":167,"time":99,"name":"Pehuenche220","marginal_cost":148.1619046744,"value":148.1619046744,"DemBarE":0,"DemBarP":0,"BarRetP":0},{"id":167,"time":100,"name":"Pehuenche220","marginal_cost":148.1863934208,"value":148.1863934208,"DemBarE":0,"DemBarP":0,"BarRetP":0},{"id":167,"time":101,"name":"Pehuenche220","marginal_cost":148.1863934208,"value":148.1863934208,"DemBarE":0,"DemBarP":0,"BarRetP":0},{"id":167,"time":102,"name":"Pehuenche220","marginal_cost":148.1863934208,"value":148.1863934208,"DemBarE":0,"DemBarP":0,"BarRetP":0},{"id":167,"time":103,"name":"Pehuenche220","marginal_cost":153.9155287196,"value":153.9155287196,"DemBarE":0,"DemBarP":0,"BarRetP":0},{"id":167,"time":104,"name":"Pehuenche220","marginal_cost":155.9850056684,"value":155.9850056684,"DemBarE":0,"DemBarP":0,"BarRetP":0},{"id":167,"time":105,"name":"Pehuenche220","marginal_cost":155.9850056684,"value":155.9850056684,"DemBarE":0,"DemBarP":0,"BarRetP":0},{"id":167,"time":106,"name":"Pehuenche220","marginal_cost":153.1339366639,"value":153.1339366639,"DemBarE":0,"DemBarP":0,"BarRetP":0},{"id":167,"time":107,"name":"Pehuenche220","marginal_cost":153.3088498248,"value":153.3088498248,"DemBarE":0,"DemBarP":0,"BarRetP":0},{"id":167,"time":108,"name":"Pehuenche220","marginal_cost":152.758737714,"value":152.758737714,"DemBarE":0,"DemBarP":0,"BarRetP":0},{"id":167,"time":109,"name":"Pehuenche220","marginal_cost":152.758737714,"value":152.758737714,"DemBarE":0,"DemBarP":0,"BarRetP":0},{"id":167,"time":110,"name":"Pehuenche220","marginal_cost":153.0344653405,"value":153.0344653405,"DemBarE":0,"DemBarP":0,"BarRetP":0},{"id":167,"time":111,"name":"Pehuenche220","marginal_cost":153.2655811349,"value":153.2655811349,"DemBarE":0,"DemBarP":0,"BarRetP":0},{"id":167,"time":112,"name":"Pehuenche220","marginal_cost":153.2655811349,"value":153.2655811349,"DemBarE":0,"DemBarP":0,"BarRetP":0},{"id":167,"time":113,"name":"Pehuenche220","marginal_cost":155.1978982539,"value":155.1978982539,"DemBarE":0,"DemBarP":0,"BarRetP":0},{"id":167,"time":114,"name":"Pehuenche220","marginal_cost":155.1978982539,"value":155.1978982539,"DemBarE":0,"DemBarP":0,"BarRetP":0},{"id":167,"time":115,"name":"Pehuenche220","marginal_cost":155.1978982539,"value":155.1978982539,"DemBarE":0,"DemBarP":0,"BarRetP":0},{"id":167,"time":116,"name":"Pehuenche220","marginal_cost":156.6459884355,"value":156.6459884355,"DemBarE":0,"DemBarP":0,"BarRetP":0},{"id":167,"time":117,"name":"Pehuenche220","marginal_cost":156.6459884355,"value":156.6459884355,"DemBarE":0,"DemBarP":0,"BarRetP":0},{"id":167,"time":118,"name":"Pehuenche220","marginal_cost":156.6459884355,"value":156.6459884355,"DemBarE":0,"DemBarP":0,"BarRetP":0},{"id":167,"time":119,"name":"Pehuenche220","marginal_cost":156.8157171827,"value":156.8157171827,"DemBarE":0,"DemBarP":0,"BarRetP":0},{"id":167,"time":120,"name":"Pehuenche220","marginal_cost":154.6388737267,"value":154.6388737267,"DemBarE":0,"DemBarP":0,"BarRetP":0},{"id":167,"time":121,"name":"Pehuenche220","marginal_cost":151.5497465066,"value":151.5497465066,"DemBarE":0,"DemBarP":0,"BarRetP":0},{"id":167,"time":122,"name":"Pehuenche220","marginal_cost":151.6163599976,"value":151.6163599976,"DemBarE":0,"DemBarP":0,"BarRetP":0},{"id":167,"time":123,"name":"Pehuenche220","marginal_cost":148.2978247523,"value":148.2978247523,"DemBarE":0,"DemBarP":0,"BarRetP":0},{"id":167,"time":124,"name":"Pehuenche220","marginal_cost":148.2978247523,"value":148.2978247523,"DemBarE":0,"DemBarP":0,"BarRetP":0},{"id":167,"time":125,"name":"Pehuenche220","marginal_cost":148.2978247523,"value":148.2978247523,"DemBarE":0,"DemBarP":0,"BarRetP":0},{"id":167,"time":126,"name":"Pehuenche220","marginal_cost":148.2978247523,"value":148.2978247523,"DemBarE":0,"DemBarP":0,"BarRetP":0},{"id":167,"time":127,"name":"Pehuenche220","marginal_cost":154.2861172501,"value":154.2861172501,"DemBarE":0,"DemBarP":0,"BarRetP":0},{"id":167,"time":128,"name":"Pehuenche220","marginal_cost":158.377483937,"value":158.377483937,"DemBarE":0,"DemBarP":0,"BarRetP":0},{"id":167,"time":129,"name":"Pehuenche220","marginal_cost":156.6586692769,"value":156.6586692769,"DemBarE":0,"DemBarP":0,"BarRetP":0},{"id":167,"time":130,"name":"Pehuenche220","marginal_cost":159.501948023,"value":159.501948023,"DemBarE":0,"DemBarP":0,"BarRetP":0},{"id":167,"time":131,"name":"Pehuenche220","marginal_cost":158.5642816904,"value":158.5642816904,"DemBarE":0,"DemBarP":0,"BarRetP":0},{"id":167,"time":132,"name":"Pehuenche220","marginal_cost":159.0275412168,"value":159.0275412168,"DemBarE":0,"DemBarP":0,"BarRetP":0},{"id":167,"time":133,"name":"Pehuenche220","marginal_cost":158.7755119029,"value":158.7755119029,"DemBarE":0,"DemBarP":0,"BarRetP":0},{"id":167,"time":134,"name":"Pehuenche220","marginal_cost":158.7755119029,"value":158.7755119029,"DemBarE":0,"DemBarP":0,"BarRetP":0},{"id":167,"time":135,"name":"Pehuenche220","marginal_cost":158.7755119029,"value":158.7755119029,"DemBarE":0,"DemBarP":0,"BarRetP":0},{"id":167,"time":136,"name":"Pehuenche220","marginal_cost":158.7755119029,"value":158.7755119029,"DemBarE":0,"DemBarP":0,"BarRetP":0},{"id":167,"time":137,"name":"Pehuenche220","marginal_cost":158.6267989683,"value":158.6267989683,"DemBarE":0,"DemBarP":0,"BarRetP":0},{"id":167,"time":138,"name":"Pehuenche220","marginal_cost":158.6267989683,"value":158.6267989683,"DemBarE":0,"DemBarP":0,"BarRetP":0},{"id":167,"time":139,"name":"Pehuenche220","marginal_cost":158.6267989683,"value":158.6267989683,"DemBarE":0,"DemBarP":0,"BarRetP":0},{"id":167,"time":140,"name":"Pehuenche220","marginal_cost":158.6267989683,"value":158.6267989683,"DemBarE":0,"DemBarP":0,"BarRetP":0},{"id":167,"time":141,"name":"Pehuenche220","marginal_cost":158.6267989683,"value":158.6267989683,"DemBarE":0,"DemBarP":0,"BarRetP":0},{"id":167,"time":142,"name":"Pehuenche220","marginal_cost":158.6267989683,"value":158.6267989683,"DemBarE":0,"DemBarP":0,"BarRetP":0},{"id":167,"time":143,"name":"Pehuenche220","marginal_cost":157.1875310091,"value":157.1875310091,"DemBarE":0,"DemBarP":0,"BarRetP":0},{"id":167,"time":144,"name":"Pehuenche220","marginal_cost":158.0404771685,"value":158.0404771685,"DemBarE":0,"DemBarP":0,"BarRetP":0},{"id":167,"time":145,"name":"Pehuenche220","marginal_cost":157.4523870782,"value":157.4523870782,"DemBarE":0,"DemBarP":0,"BarRetP":0},{"id":167,"time":146,"name":"Pehuenche220","marginal_cost":157.2295240336,"value":157.2295240336,"DemBarE":0,"DemBarP":0,"BarRetP":0},{"id":167,"time":147,"name":"Pehuenche220","marginal_cost":154.5271305236,"value":154.5271305236,"DemBarE":0,"DemBarP":0,"BarRetP":0},{"id":167,"time":148,"name":"Pehuenche220","marginal_cost":154.5271305236,"value":154.5271305236,"DemBarE":0,"DemBarP":0,"BarRetP":0},{"id":167,"time":149,"name":"Pehuenche220","marginal_cost":154.5271305236,"value":154.5271305236,"DemBarE":0,"DemBarP":0,"BarRetP":0},{"id":167,"time":150,"name":"Pehuenche220","marginal_cost":154.5271305236,"value":154.5271305236,"DemBarE":0,"DemBarP":0,"BarRetP":0},{"id":167,"time":151,"name":"Pehuenche220","marginal_cost":156.5548439239,"value":156.5548439239,"DemBarE":0,"DemBarP":0,"BarRetP":0},{"id":167,"time":152,"name":"Pehuenche220","marginal_cost":159.1851230139,"value":159.1851230139,"DemBarE":0,"DemBarP":0,"BarRetP":0},{"id":167,"time":153,"name":"Pehuenche220","marginal_cost":159.1851230139,"value":159.1851230139,"DemBarE":0,"DemBarP":0,"BarRetP":0},{"id":167,"time":154,"name":"Pehuenche220","marginal_cost":158.2730075848,"value":158.2730075848,"DemBarE":0,"DemBarP":0,"BarRetP":0},{"id":167,"time":155,"name":"Pehuenche220","marginal_cost":158.2730075848,"value":158.2730075848,"DemBarE":0,"DemBarP":0,"BarRetP":0},{"id":167,"time":156,"name":"Pehuenche220","marginal_cost":158.4872577565,"value":158.4872577565,"DemBarE":0,"DemBarP":0,"BarRetP":0},{"id":167,"time":157,"name":"Pehuenche220","marginal_cost":159.7132771768,"value":159.7132771768,"DemBarE":0,"DemBarP":0,"BarRetP":0},{"id":167,"time":158,"name":"Pehuenche220","marginal_cost":159.7132771768,"value":159.7132771768,"DemBarE":0,"DemBarP":0,"BarRetP":0},{"id":167,"time":159,"name":"Pehuenche220","marginal_cost":159.7132771768,"value":159.7132771768,"DemBarE":0,"DemBarP":0,"BarRetP":0},{"id":167,"time":160,"name":"Pehuenche220","marginal_cost":159.2158108036,"value":159.2158108036,"DemBarE":0,"DemBarP":0,"BarRetP":0},{"id":167,"time":161,"name":"Pehuenche220","marginal_cost":159.2158108036,"value":159.2158108036,"DemBarE":0,"DemBarP":0,"BarRetP":0},{"id":167,"time":162,"name":"Pehuenche220","marginal_cost":158.8174331981,"value":158.8174331981,"DemBarE":0,"DemBarP":0,"BarRetP":0},{"id":167,"time":163,"name":"Pehuenche220","marginal_cost":159.9048461513,"value":159.9048461513,"DemBarE":0,"DemBarP":0,"BarRetP":0},{"id":167,"time":164,"name":"Pehuenche220","marginal_cost":159.9048461513,"value":159.9048461513,"DemBarE":0,"DemBarP":0,"BarRetP":0},{"id":167,"time":165,"name":"Pehuenche220","marginal_cost":159.9048461513,"value":159.9048461513,"DemBarE":0,"DemBarP":0,"BarRetP":0},{"id":167,"time":166,"name":"Pehuenche220","marginal_cost":159.9048461513,"value":159.9048461513,"DemBarE":0,"DemBarP":0,"BarRetP":0},{"id":167,"time":167,"name":"Pehuenche220","marginal_cost":159.9598043991,"value":159.9598043991,"DemBarE":0,"DemBarP":0,"BarRetP":0},{"id":167,"time":168,"name":"Pehuenche220","marginal_cost":158.9030417225,"value":158.9030417225,"DemBarE":0,"DemBarP":0,"BarRetP":0}]