[{"id":73,"time":1,"name":"Paposo220","marginal_cost":128.8641073472,"value":128.8641073472,"DemBarE":0,"DemBarP":0,"BarRetP":0},{"id":73,"time":2,"name":"Paposo220","marginal_cost":125.2985725623,"value":125.2985725623,"DemBarE":0,"DemBarP":0,"BarRetP":0},{"id":73,"time":3,"name":"Paposo220","marginal_cost":126.4816459094,"value":126.4816459094,"DemBarE":0,"DemBarP":0,"BarRetP":0},{"id":73,"time":4,"name":"Paposo220","marginal_cost":126.8640119654,"value":126.8640119654,"DemBarE":0,"DemBarP":0,"BarRetP":0},{"id":73,"time":5,"name":"Paposo220","marginal_cost":130.3371527496,"value":130.3371527496,"DemBarE":0,"DemBarP":0,"BarRetP":0},{"id":73,"time":6,"name":"Paposo220","marginal_cost":97.1595118834,"value":97.1595118834,"DemBarE":0,"DemBarP":0,"BarRetP":0},{"id":73,"time":7,"name":"Paposo220","marginal_cost":132.5347012856,"value":132.5347012856,"DemBarE":0,"DemBarP":0,"BarRetP":0},{"id":73,"time":8,"name":"Paposo220","marginal_cost":160.3387358525,"value":160.3387358525,"DemBarE":0,"DemBarP":0,"BarRetP":0},{"id":73,"time":9,"name":"Paposo220","marginal_cost":115.2944710442,"value":115.2944710442,"DemBarE":0,"DemBarP":0,"BarRetP":0},{"id":73,"time":10,"name":"Paposo220","marginal_cost":75.6131766392,"value":75.6131766392,"DemBarE":0,"DemBarP":0,"BarRetP":0},{"id":73,"time":11,"name":"Paposo220","marginal_cost":71.0543285218,"value":71.0543285218,"DemBarE":0,"DemBarP":0,"BarRetP":0},{"id":73,"time":12,"name":"Paposo220","marginal_cost":62.7194249494,"value":62.7194249494,"DemBarE":0,"DemBarP":0,"BarRetP":0},{"id":73,"time":13,"name":"Paposo220","marginal_cost":42.9132208944,"value":42.9132208944,"DemBarE":0,"DemBarP":0,"BarRetP":0},{"id":73,"time":14,"name":"Paposo220","marginal_cost":-1.7102346249,"value":-1.7102346249,"DemBarE":0,"DemBarP":0,"BarRetP":0},{"id":73,"time":15,"name":"Paposo220","marginal_cost":-1.4174754245,"value":-1.4174754245,"DemBarE":0,"DemBarP":0,"BarRetP":0},{"id":73,"time":16,"name":"Paposo220","marginal_cost":-1.4036168563,"value":-1.4036168563,"DemBarE":0,"DemBarP":0,"BarRetP":0},{"id":73,"time":17,"name":"Paposo220","marginal_cost":94.2343089075,"value":94.2343089075,"DemBarE":0,"DemBarP":0,"BarRetP":0},{"id":73,"time":18,"name":"Paposo220","marginal_cost":139.1434693396,"value":139.1434693396,"DemBarE":0,"DemBarP":0,"BarRetP":0},{"id":73,"time":19,"name":"Paposo220","marginal_cost":171.5632247031,"value":171.5632247031,"DemBarE":0,"DemBarP":0,"BarRetP":0},{"id":73,"time":20,"name":"Paposo220","marginal_cost":173.0360368546,"value":173.0360368546,"DemBarE":0,"DemBarP":0,"BarRetP":0},{"id":73,"time":21,"name":"Paposo220","marginal_cost":165.5995592682,"value":165.5995592682,"DemBarE":0,"DemBarP":0,"BarRetP":0},{"id":73,"time":22,"name":"Paposo220","marginal_cost":160.8380243828,"value":160.8380243828,"DemBarE":0,"DemBarP":0,"BarRetP":0},{"id":73,"time":23,"name":"Paposo220","marginal_cost":158.1649992432,"value":158.1649992432,"DemBarE":0,"DemBarP":0,"BarRetP":0},{"id":73,"time":24,"name":"Paposo220","marginal_cost":157.5768786603,"value":157.5768786603,"DemBarE":0,"DemBarP":0,"BarRetP":0},{"id":73,"time":25,"name":"Paposo220","marginal_cost":154.0132222245,"value":154.0132222245,"DemBarE":0,"DemBarP":0,"BarRetP":0},{"id":73,"time":26,"name":"Paposo220","marginal_cost":152.8233949488,"value":152.8233949488,"DemBarE":0,"DemBarP":0,"BarRetP":0},{"id":73,"time":27,"name":"Paposo220","marginal_cost":153.1432832485,"value":153.1432832485,"DemBarE":0,"DemBarP":0,"BarRetP":0},{"id":73,"time":28,"name":"Paposo220","marginal_cost":152.9208263056,"value":152.9208263056,"DemBarE":0,"DemBarP":0,"BarRetP":0},{"id":73,"time":29,"name":"Paposo220","marginal_cost":151.8011968809,"value":151.8011968809,"DemBarE":0,"DemBarP":0,"BarRetP":0},{"id":73,"time":30,"name":"Paposo220","marginal_cost":153.5727309367,"value":153.5727309367,"DemBarE":0,"DemBarP":0,"BarRetP":0},{"id":73,"time":31,"name":"Paposo220","marginal_cost":160.5973878022,"value":160.5973878022,"DemBarE":0,"DemBarP":0,"BarRetP":0},{"id":73,"time":32,"name":"Paposo220","marginal_cost":159.5025325946,"value":159.5025325946,"DemBarE":0,"DemBarP":0,"BarRetP":0},{"id":73,"time":33,"name":"Paposo220","marginal_cost":129.4692938301,"value":129.4692938301,"DemBarE":0,"DemBarP":0,"BarRetP":0},{"id":73,"time":34,"name":"Paposo220","marginal_cost":81.5453634269,"value":81.5453634269,"DemBarE":0,"DemBarP":0,"BarRetP":0},{"id":73,"time":35,"name":"Paposo220","marginal_cost":76.9805054659,"value":76.9805054659,"DemBarE":0,"DemBarP":0,"BarRetP":0},{"id":73,"time":36,"name":"Paposo220","marginal_cost":77.0153912512,"value":77.0153912512,"DemBarE":0,"DemBarP":0,"BarRetP":0},{"id":73,"time":37,"name":"Paposo220","marginal_cost":75.9516078671,"value":75.9516078671,"DemBarE":0,"DemBarP":0,"BarRetP":0},{"id":73,"time":38,"name":"Paposo220","marginal_cost":75.9516078671,"value":75.9516078671,"DemBarE":0,"DemBarP":0,"BarRetP":0},{"id":73,"time":39,"name":"Paposo220","marginal_cost":75.9516078671,"value":75.9516078671,"DemBarE":0,"DemBarP":0,"BarRetP":0},{"id":73,"time":40,"name":"Paposo220","marginal_cost":75.9516078671,"value":75.9516078671,"DemBarE":0,"DemBarP":0,"BarRetP":0},{"id":73,"time":41,"name":"Paposo220","marginal_cost":96.6415856106,"value":96.6415856106,"DemBarE":0,"DemBarP":0,"BarRetP":0},{"id":73,"time":42,"name":"Paposo220","marginal_cost":140.5148425166,"value":140.5148425166,"DemBarE":0,"DemBarP":0,"BarRetP":0},{"id":73,"time":43,"name":"Paposo220","marginal_cost":160.2941196,"value":160.2941196,"DemBarE":0,"DemBarP":0,"BarRetP":0},{"id":73,"time":44,"name":"Paposo220","marginal_cost":160.2941196,"value":160.2941196,"DemBarE":0,"DemBarP":0,"BarRetP":0},{"id":73,"time":45,"name":"Paposo220","marginal_cost":160.1332851254,"value":160.1332851254,"DemBarE":0,"DemBarP":0,"BarRetP":0},{"id":73,"time":46,"name":"Paposo220","marginal_cost":159.1036229399,"value":159.1036229399,"DemBarE":0,"DemBarP":0,"BarRetP":0},{"id":73,"time":47,"name":"Paposo220","marginal_cost":156.1166603584,"value":156.1166603584,"DemBarE":0,"DemBarP":0,"BarRetP":0},{"id":73,"time":48,"name":"Paposo220","marginal_cost":153.8460852143,"value":153.8460852143,"DemBarE":0,"DemBarP":0,"BarRetP":0},{"id":73,"time":49,"name":"Paposo220","marginal_cost":146.7688491138,"value":146.7688491138,"DemBarE":0,"DemBarP":0,"BarRetP":0},{"id":73,"time":50,"name":"Paposo220","marginal_cost":149.4591315125,"value":149.4591315125,"DemBarE":0,"DemBarP":0,"BarRetP":0},{"id":73,"time":51,"name":"Paposo220","marginal_cost":150.9101126594,"value":150.9101126594,"DemBarE":0,"DemBarP":0,"BarRetP":0},{"id":73,"time":52,"name":"Paposo220","marginal_cost":134.6264060824,"value":134.6264060824,"DemBarE":0,"DemBarP":0,"BarRetP":0},{"id":73,"time":53,"name":"Paposo220","marginal_cost":134.6264060824,"value":134.6264060824,"DemBarE":0,"DemBarP":0,"BarRetP":0},{"id":73,"time":54,"name":"Paposo220","marginal_cost":134.5941078756,"value":134.5941078756,"DemBarE":0,"DemBarP":0,"BarRetP":0},{"id":73,"time":55,"name":"Paposo220","marginal_cost":134.526748246,"value":134.526748246,"DemBarE":0,"DemBarP":0,"BarRetP":0},{"id":73,"time":56,"name":"Paposo220","marginal_cost":131.0927433089,"value":131.0927433089,"DemBarE":0,"DemBarP":0,"BarRetP":0},{"id":73,"time":57,"name":"Paposo220","marginal_cost":104.3656883004,"value":104.3656883004,"DemBarE":0,"DemBarP":0,"BarRetP":0},{"id":73,"time":58,"name":"Paposo220","marginal_cost":77.8170961352,"value":77.8170961352,"DemBarE":0,"DemBarP":0,"BarRetP":0},{"id":73,"time":59,"name":"Paposo220","marginal_cost":75.6795226403,"value":75.6795226403,"DemBarE":0,"DemBarP":0,"BarRetP":0},{"id":73,"time":60,"name":"Paposo220","marginal_cost":74.9802802711,"value":74.9802802711,"DemBarE":0,"DemBarP":0,"BarRetP":0},{"id":73,"time":61,"name":"Paposo220","marginal_cost":-1.9687626036,"value":-1.9687626036,"DemBarE":0,"DemBarP":0,"BarRetP":0},{"id":73,"time":62,"name":"Paposo220","marginal_cost":-1.9687626036,"value":-1.9687626036,"DemBarE":0,"DemBarP":0,"BarRetP":0},{"id":73,"time":63,"name":"Paposo220","marginal_cost":-1.6746566966,"value":-1.6746566966,"DemBarE":0,"DemBarP":0,"BarRetP":0},{"id":73,"time":64,"name":"Paposo220","marginal_cost":-1.1304610219,"value":-1.1304610219,"DemBarE":0,"DemBarP":0,"BarRetP":0},{"id":73,"time":65,"name":"Paposo220","marginal_cost":111.1966184511,"value":111.1966184511,"DemBarE":0,"DemBarP":0,"BarRetP":0},{"id":73,"time":66,"name":"Paposo220","marginal_cost":111.1966184511,"value":111.1966184511,"DemBarE":0,"DemBarP":0,"BarRetP":0},{"id":73,"time":67,"name":"Paposo220","marginal_cost":161.2779437495,"value":161.2779437495,"DemBarE":0,"DemBarP":0,"BarRetP":0},{"id":73,"time":68,"name":"Paposo220","marginal_cost":156.428275576,"value":156.428275576,"DemBarE":0,"DemBarP":0,"BarRetP":0},{"id":73,"time":69,"name":"Paposo220","marginal_cost":156.428275576,"value":156.428275576,"DemBarE":0,"DemBarP":0,"BarRetP":0},{"id":73,"time":70,"name":"Paposo220","marginal_cost":156.4563367977,"value":156.4563367977,"DemBarE":0,"DemBarP":0,"BarRetP":0},{"id":73,"time":71,"name":"Paposo220","marginal_cost":149.1523190221,"value":149.1523190221,"DemBarE":0,"DemBarP":0,"BarRetP":0},{"id":73,"time":72,"name":"Paposo220","marginal_cost":147.7682396018,"value":147.7682396018,"DemBarE":0,"DemBarP":0,"BarRetP":0},{"id":73,"time":73,"name":"Paposo220","marginal_cost":146.986955648,"value":146.986955648,"DemBarE":0,"DemBarP":0,"BarRetP":0},{"id":73,"time":74,"name":"Paposo220","marginal_cost":146.4592454821,"value":146.4592454821,"DemBarE":0,"DemBarP":0,"BarRetP":0},{"id":73,"time":75,"name":"Paposo220","marginal_cost":133.474540226,"value":133.474540226,"DemBarE":0,"DemBarP":0,"BarRetP":0},{"id":73,"time":76,"name":"Paposo220","marginal_cost":133.474540226,"value":133.474540226,"DemBarE":0,"DemBarP":0,"BarRetP":0},{"id":73,"time":77,"name":"Paposo220","marginal_cost":133.474540226,"value":133.474540226,"DemBarE":0,"DemBarP":0,"BarRetP":0},{"id":73,"time":78,"name":"Paposo220","marginal_cost":133.474540226,"value":133.474540226,"DemBarE":0,"DemBarP":0,"BarRetP":0},{"id":73,"time":79,"name":"Paposo220","marginal_cost":133.474540226,"value":133.474540226,"DemBarE":0,"DemBarP":0,"BarRetP":0},{"id":73,"time":80,"name":"Paposo220","marginal_cost":118.731767416,"value":118.731767416,"DemBarE":0,"DemBarP":0,"BarRetP":0},{"id":73,"time":81,"name":"Paposo220","marginal_cost":118.731767416,"value":118.731767416,"DemBarE":0,"DemBarP":0,"BarRetP":0},{"id":73,"time":82,"name":"Paposo220","marginal_cost":76.1908477112,"value":76.1908477112,"DemBarE":0,"DemBarP":0,"BarRetP":0},{"id":73,"time":83,"name":"Paposo220","marginal_cost":76.1908477112,"value":76.1908477112,"DemBarE":0,"DemBarP":0,"BarRetP":0},{"id":73,"time":84,"name":"Paposo220","marginal_cost":72.1773182493,"value":72.1773182493,"DemBarE":0,"DemBarP":0,"BarRetP":0},{"id":73,"time":85,"name":"Paposo220","marginal_cost":72.1773182493,"value":72.1773182493,"DemBarE":0,"DemBarP":0,"BarRetP":0},{"id":73,"time":86,"name":"Paposo220","marginal_cost":75.9214950371,"value":75.9214950371,"DemBarE":0,"DemBarP":0,"BarRetP":0},{"id":73,"time":87,"name":"Paposo220","marginal_cost":75.9214950371,"value":75.9214950371,"DemBarE":0,"DemBarP":0,"BarRetP":0},{"id":73,"time":88,"name":"Paposo220","marginal_cost":75.9214950371,"value":75.9214950371,"DemBarE":0,"DemBarP":0,"BarRetP":0},{"id":73,"time":89,"name":"Paposo220","marginal_cost":75.9214950371,"value":75.9214950371,"DemBarE":0,"DemBarP":0,"BarRetP":0},{"id":73,"time":90,"name":"Paposo220","marginal_cost":75.9214950371,"value":75.9214950371,"DemBarE":0,"DemBarP":0,"BarRetP":0},{"id":73,"time":91,"name":"Paposo220","marginal_cost":147.1547554298,"value":147.1547554298,"DemBarE":0,"DemBarP":0,"BarRetP":0},{"id":73,"time":92,"name":"Paposo220","marginal_cost":147.1547554298,"value":147.1547554298,"DemBarE":0,"DemBarP":0,"BarRetP":0},{"id":73,"time":93,"name":"Paposo220","marginal_cost":149.6353455885,"value":149.6353455885,"DemBarE":0,"DemBarP":0,"BarRetP":0},{"id":73,"time":94,"name":"Paposo220","marginal_cost":147.6909522428,"value":147.6909522428,"DemBarE":0,"DemBarP":0,"BarRetP":0},{"id":73,"time":95,"name":"Paposo220","marginal_cost":146.4875398706,"value":146.4875398706,"DemBarE":0,"DemBarP":0,"BarRetP":0},{"id":73,"time":96,"name":"Paposo220","marginal_cost":146.9855684307,"value":146.9855684307,"DemBarE":0,"DemBarP":0,"BarRetP":0},{"id":73,"time":97,"name":"Paposo220","marginal_cost":147.3322347934,"value":147.3322347934,"DemBarE":0,"DemBarP":0,"BarRetP":0},{"id":73,"time":98,"name":"Paposo220","marginal_cost":143.4554886619,"value":143.4554886619,"DemBarE":0,"DemBarP":0,"BarRetP":0},{"id":73,"time":99,"name":"Paposo220","marginal_cost":144.7921201788,"value":144.7921201788,"DemBarE":0,"DemBarP":0,"BarRetP":0},{"id":73,"time":100,"name":"Paposo220","marginal_cost":145.8418235194,"value":145.8418235194,"DemBarE":0,"DemBarP":0,"BarRetP":0},{"id":73,"time":101,"name":"Paposo220","marginal_cost":145.8418235194,"value":145.8418235194,"DemBarE":0,"DemBarP":0,"BarRetP":0},{"id":73,"time":102,"name":"Paposo220","marginal_cost":145.8418235194,"value":145.8418235194,"DemBarE":0,"DemBarP":0,"BarRetP":0},{"id":73,"time":103,"name":"Paposo220","marginal_cost":150.1654632767,"value":150.1654632767,"DemBarE":0,"DemBarP":0,"BarRetP":0},{"id":73,"time":104,"name":"Paposo220","marginal_cost":133.1988773749,"value":133.1988773749,"DemBarE":0,"DemBarP":0,"BarRetP":0},{"id":73,"time":105,"name":"Paposo220","marginal_cost":133.1988773749,"value":133.1988773749,"DemBarE":0,"DemBarP":0,"BarRetP":0},{"id":73,"time":106,"name":"Paposo220","marginal_cost":78.2509957238,"value":78.2509957238,"DemBarE":0,"DemBarP":0,"BarRetP":0},{"id":73,"time":107,"name":"Paposo220","marginal_cost":77.2764451737,"value":77.2764451737,"DemBarE":0,"DemBarP":0,"BarRetP":0},{"id":73,"time":108,"name":"Paposo220","marginal_cost":76.9170237885,"value":76.9170237885,"DemBarE":0,"DemBarP":0,"BarRetP":0},{"id":73,"time":109,"name":"Paposo220","marginal_cost":76.9170237885,"value":76.9170237885,"DemBarE":0,"DemBarP":0,"BarRetP":0},{"id":73,"time":110,"name":"Paposo220","marginal_cost":77.562442748,"value":77.562442748,"DemBarE":0,"DemBarP":0,"BarRetP":0},{"id":73,"time":111,"name":"Paposo220","marginal_cost":77.4143618169,"value":77.4143618169,"DemBarE":0,"DemBarP":0,"BarRetP":0},{"id":73,"time":112,"name":"Paposo220","marginal_cost":77.4143618169,"value":77.4143618169,"DemBarE":0,"DemBarP":0,"BarRetP":0},{"id":73,"time":113,"name":"Paposo220","marginal_cost":134.8702611786,"value":134.8702611786,"DemBarE":0,"DemBarP":0,"BarRetP":0},{"id":73,"time":114,"name":"Paposo220","marginal_cost":134.8702611786,"value":134.8702611786,"DemBarE":0,"DemBarP":0,"BarRetP":0},{"id":73,"time":115,"name":"Paposo220","marginal_cost":134.8702611786,"value":134.8702611786,"DemBarE":0,"DemBarP":0,"BarRetP":0},{"id":73,"time":116,"name":"Paposo220","marginal_cost":153.4218846216,"value":153.4218846216,"DemBarE":0,"DemBarP":0,"BarRetP":0},{"id":73,"time":117,"name":"Paposo220","marginal_cost":153.4218846216,"value":153.4218846216,"DemBarE":0,"DemBarP":0,"BarRetP":0},{"id":73,"time":118,"name":"Paposo220","marginal_cost":153.4218846216,"value":153.4218846216,"DemBarE":0,"DemBarP":0,"BarRetP":0},{"id":73,"time":119,"name":"Paposo220","marginal_cost":152.8826551483,"value":152.8826551483,"DemBarE":0,"DemBarP":0,"BarRetP":0},{"id":73,"time":120,"name":"Paposo220","marginal_cost":149.9414525386,"value":149.9414525386,"DemBarE":0,"DemBarP":0,"BarRetP":0},{"id":73,"time":121,"name":"Paposo220","marginal_cost":148.5168627943,"value":148.5168627943,"DemBarE":0,"DemBarP":0,"BarRetP":0},{"id":73,"time":122,"name":"Paposo220","marginal_cost":148.6311106352,"value":148.6311106352,"DemBarE":0,"DemBarP":0,"BarRetP":0},{"id":73,"time":123,"name":"Paposo220","marginal_cost":142.8862594748,"value":142.8862594748,"DemBarE":0,"DemBarP":0,"BarRetP":0},{"id":73,"time":124,"name":"Paposo220","marginal_cost":142.8862594748,"value":142.8862594748,"DemBarE":0,"DemBarP":0,"BarRetP":0},{"id":73,"time":125,"name":"Paposo220","marginal_cost":142.8862594748,"value":142.8862594748,"DemBarE":0,"DemBarP":0,"BarRetP":0},{"id":73,"time":126,"name":"Paposo220","marginal_cost":142.8862594748,"value":142.8862594748,"DemBarE":0,"DemBarP":0,"BarRetP":0},{"id":73,"time":127,"name":"Paposo220","marginal_cost":147.0429700422,"value":147.0429700422,"DemBarE":0,"DemBarP":0,"BarRetP":0},{"id":73,"time":128,"name":"Paposo220","marginal_cost":147.5903652925,"value":147.5903652925,"DemBarE":0,"DemBarP":0,"BarRetP":0},{"id":73,"time":129,"name":"Paposo220","marginal_cost":122.919032366,"value":122.919032366,"DemBarE":0,"DemBarP":0,"BarRetP":0},{"id":73,"time":130,"name":"Paposo220","marginal_cost":92.064824838,"value":92.064824838,"DemBarE":0,"DemBarP":0,"BarRetP":0},{"id":73,"time":131,"name":"Paposo220","marginal_cost":75.3059824518,"value":75.3059824518,"DemBarE":0,"DemBarP":0,"BarRetP":0},{"id":73,"time":132,"name":"Paposo220","marginal_cost":76.9577593436,"value":76.9577593436,"DemBarE":0,"DemBarP":0,"BarRetP":0},{"id":73,"time":133,"name":"Paposo220","marginal_cost":77.2967776733,"value":77.2967776733,"DemBarE":0,"DemBarP":0,"BarRetP":0},{"id":73,"time":134,"name":"Paposo220","marginal_cost":77.2967776733,"value":77.2967776733,"DemBarE":0,"DemBarP":0,"BarRetP":0},{"id":73,"time":135,"name":"Paposo220","marginal_cost":77.2967776733,"value":77.2967776733,"DemBarE":0,"DemBarP":0,"BarRetP":0},{"id":73,"time":136,"name":"Paposo220","marginal_cost":77.2967776733,"value":77.2967776733,"DemBarE":0,"DemBarP":0,"BarRetP":0},{"id":73,"time":137,"name":"Paposo220","marginal_cost":147.510392521,"value":147.510392521,"DemBarE":0,"DemBarP":0,"BarRetP":0},{"id":73,"time":138,"name":"Paposo220","marginal_cost":147.510392521,"value":147.510392521,"DemBarE":0,"DemBarP":0,"BarRetP":0},{"id":73,"time":139,"name":"Paposo220","marginal_cost":147.510392521,"value":147.510392521,"DemBarE":0,"DemBarP":0,"BarRetP":0},{"id":73,"time":140,"name":"Paposo220","marginal_cost":147.510392521,"value":147.510392521,"DemBarE":0,"DemBarP":0,"BarRetP":0},{"id":73,"time":141,"name":"Paposo220","marginal_cost":147.510392521,"value":147.510392521,"DemBarE":0,"DemBarP":0,"BarRetP":0},{"id":73,"time":142,"name":"Paposo220","marginal_cost":147.510392521,"value":147.510392521,"DemBarE":0,"DemBarP":0,"BarRetP":0},{"id":73,"time":143,"name":"Paposo220","marginal_cost":150.3607660261,"value":150.3607660261,"DemBarE":0,"DemBarP":0,"BarRetP":0},{"id":73,"time":144,"name":"Paposo220","marginal_cost":149.9768453648,"value":149.9768453648,"DemBarE":0,"DemBarP":0,"BarRetP":0},{"id":73,"time":145,"name":"Paposo220","marginal_cost":149.5567013592,"value":149.5567013592,"DemBarE":0,"DemBarP":0,"BarRetP":0},{"id":73,"time":146,"name":"Paposo220","marginal_cost":147.0865444497,"value":147.0865444497,"DemBarE":0,"DemBarP":0,"BarRetP":0},{"id":73,"time":147,"name":"Paposo220","marginal_cost":146.0142323954,"value":146.0142323954,"DemBarE":0,"DemBarP":0,"BarRetP":0},{"id":73,"time":148,"name":"Paposo220","marginal_cost":146.0142323954,"value":146.0142323954,"DemBarE":0,"DemBarP":0,"BarRetP":0},{"id":73,"time":149,"name":"Paposo220","marginal_cost":146.0142323954,"value":146.0142323954,"DemBarE":0,"DemBarP":0,"BarRetP":0},{"id":73,"time":150,"name":"Paposo220","marginal_cost":146.0142323954,"value":146.0142323954,"DemBarE":0,"DemBarP":0,"BarRetP":0},{"id":73,"time":151,"name":"Paposo220","marginal_cost":147.9446835207,"value":147.9446835207,"DemBarE":0,"DemBarP":0,"BarRetP":0},{"id":73,"time":152,"name":"Paposo220","marginal_cost":134.2719285617,"value":134.2719285617,"DemBarE":0,"DemBarP":0,"BarRetP":0},{"id":73,"time":153,"name":"Paposo220","marginal_cost":134.2719285617,"value":134.2719285617,"DemBarE":0,"DemBarP":0,"BarRetP":0},{"id":73,"time":154,"name":"Paposo220","marginal_cost":91.9304201221,"value":91.9304201221,"DemBarE":0,"DemBarP":0,"BarRetP":0},{"id":73,"time":155,"name":"Paposo220","marginal_cost":91.9304201221,"value":91.9304201221,"DemBarE":0,"DemBarP":0,"BarRetP":0},{"id":73,"time":156,"name":"Paposo220","marginal_cost":91.4400269225,"value":91.4400269225,"DemBarE":0,"DemBarP":0,"BarRetP":0},{"id":73,"time":157,"name":"Paposo220","marginal_cost":78.5929747325,"value":78.5929747325,"DemBarE":0,"DemBarP":0,"BarRetP":0},{"id":73,"time":158,"name":"Paposo220","marginal_cost":78.5929747325,"value":78.5929747325,"DemBarE":0,"DemBarP":0,"BarRetP":0},{"id":73,"time":159,"name":"Paposo220","marginal_cost":78.5929747325,"value":78.5929747325,"DemBarE":0,"DemBarP":0,"BarRetP":0},{"id":73,"time":160,"name":"Paposo220","marginal_cost":95.0251784566,"value":95.0251784566,"DemBarE":0,"DemBarP":0,"BarRetP":0},{"id":73,"time":161,"name":"Paposo220","marginal_cost":95.0251784566,"value":95.0251784566,"DemBarE":0,"DemBarP":0,"BarRetP":0},{"id":73,"time":162,"name":"Paposo220","marginal_cost":137.4957054511,"value":137.4957054511,"DemBarE":0,"DemBarP":0,"BarRetP":0},{"id":73,"time":163,"name":"Paposo220","marginal_cost":152.2179821531,"value":152.2179821531,"DemBarE":0,"DemBarP":0,"BarRetP":0},{"id":73,"time":164,"name":"Paposo220","marginal_cost":152.2179821531,"value":152.2179821531,"DemBarE":0,"DemBarP":0,"BarRetP":0},{"id":73,"time":165,"name":"Paposo220","marginal_cost":152.2179821531,"value":152.2179821531,"DemBarE":0,"DemBarP":0,"BarRetP":0},{"id":73,"time":166,"name":"Paposo220","marginal_cost":152.2179821531,"value":152.2179821531,"DemBarE":0,"DemBarP":0,"BarRetP":0},{"id":73,"time":167,"name":"Paposo220","marginal_cost":149.5404092818,"value":149.5404092818,"DemBarE":0,"DemBarP":0,"BarRetP":0},{"id":73,"time":168,"name":"Paposo220","marginal_cost":149.2408544653,"value":149.2408544653,"DemBarE":0,"DemBarP":0,"BarRetP":0}]